"spot_id","Activated_Fib","Adventitial_Fib","B cells","Cycling cells","ECM_Fib","Endothelial cells","Epithelial cells","Inflammatory_Fib","Macrophages","Mast cells","Neutrophils","PI16_Fib","Pericytes","Plasma cells","T cells","pDCs"
"AAACGAGACGGTTGAT-1",1.79650698162808e-05,1.79650698162806e-05,6.59157136249486e-05,0.000140417710990835,0.126355742437392,0.0492448577280641,0.713011376967897,1.79650698162835e-05,0.0115254086248079,1.79650694501466e-05,1.79650698224146e-05,0.0565521088621182,0.0236550072002011,1.7965070534666e-05,0.0182098263219321,0.00113154801371674
"AAAGGGATGTAGCAAG-1",3.2427007059262e-05,3.24270069495373e-05,3.24270069874595e-05,3.24270069873904e-05,0.000442542163592642,3.24270069873862e-05,0.9961556529472,3.24270069817383e-05,0.00250919480496439,3.24270069656779e-05,3.24270069496581e-05,3.24270071128966e-05,0.000503486001313815,3.24270059964946e-05,3.24270069800393e-05,3.24270069715389e-05
"AAATGGTCAATGTGCC-1",0.158671395530098,5.25476950619388e-05,0.0296849329451919,5.02557070891444e-05,0.403258350311429,0.112365399385584,0.174203645214115,8.17300186719373e-05,0.021022019154784,0.00489139204095067,5.02557070891445e-05,7.19773514619791e-05,0.042099974012569,0.0375448674955524,0.0107671361844373,0.0051841212459139
"AAATTAACGGGTAGCT-1",5.04179523411642e-05,0.164488255124797,4.73745311741951e-05,4.73745311741923e-05,0.0513144260751881,0.379485459395787,0.176308924700978,0.00858593960380078,0.0293139404210114,0.00202290706504515,4.73745311741944e-05,0.0269600402837439,0.103826097946068,0.0550594735197126,0.00239461978683001,4.73745311741961e-05
"AACAACTGGTAGTTGC-1",1.59079052754477e-05,1.59079052762491e-05,9.88693582013842e-05,3.49594719598313e-05,0.00478877079813157,3.96617273650922e-05,0.98142947488004,1.59079052735493e-05,1.59079052767979e-05,0.00148873455296081,1.61317730519124e-05,0.000449252815683978,1.59079052771041e-05,0.0112799040059971,1.59079052749436e-05,0.000278793184954071
"AACAGGATGGGCCGCG-1",1.94805230930393e-05,1.94805368737718e-05,1.94805192160609e-05,1.94805230930519e-05,0.001518808697121,1.94805230930549e-05,0.994003998708898,1.94805230902362e-05,1.9480523085758e-05,1.94805230464854e-05,0.00216442819945391,1.94805231290568e-05,1.94805231169267e-05,1.94805231441082e-05,1.94805230993902e-05,0.00207899810744654
"AACGCGGTCTCCAGCC-1",5.10362303420601e-05,5.10385314757735e-05,5.10363039549642e-05,5.10363039034696e-05,5.10367889801922e-05,5.10352467586168e-05,0.988517098176885,5.10363036798035e-05,5.10363184573934e-05,5.10363041942877e-05,0.00552794780209527,5.10363005483215e-05,5.10363039120294e-05,5.1036303834574e-05,5.10363041731788e-05,0.00529148047680526
"AACGTCAGACTAGTGG-1",0.00679482650814754,1.28729345384786e-05,1.28729345385844e-05,0.0483367598297667,0.0289873646109897,0.051717680083068,0.804964145231498,1.28729345386298e-05,0.00363289658855018,0.00603829729770999,1.28729345373378e-05,0.0291971472067209,0.0124771729070606,0.00628349690956878,1.28729345386389e-05,0.00150584815422762
"AACGTGCGAAAGTCTC-1",2.79411912784635e-05,0.028304355401662,0.0172121528550652,0.000125463051983453,0.229152744750852,0.00748397449591752,0.54218358995067,0.0262470230149557,0.00756740691648114,0.00229204482928231,2.79411912736183e-05,0.110532751987827,2.79411912784669e-05,2.79411913150909e-05,0.0287587867888795,2.79411912784681e-05
"AACTCAAGTTAATTGC-1",3.94188843135443e-05,4.33469127783398e-05,3.94188843135756e-05,3.94188843135775e-05,0.729193794074568,0.0909127102474801,0.0416985750942392,0.0789962005594343,0.0172756088165829,3.94188843146301e-05,0.00174393338594455,0.035032433284097,0.00482746543479727,3.94188841960408e-05,3.94188843135751e-05,3.94188843135715e-05
"AAGACTGCAAGCTACT-1",0.0279143453140218,0.0982080554100075,3.90000389625549e-05,0.00222222143744543,0.211836053635196,0.0905177206945419,0.364728645504027,0.00824820410389052,0.0221259852704943,3.90000389625505e-05,0.00679458376431104,0.110090265299804,0.00651729333803063,0.00798932193465608,0.0426903041766869,3.90000389625455e-05
"AAGAGCTCTTTATCGG-1",2.55306523622885e-05,0.00299604877032315,2.55306523710062e-05,2.55306523710033e-05,0.0023098193628783,2.55306523710065e-05,0.985127195129438,2.55306523662829e-05,0.0023943854799356,2.55306523464088e-05,2.55306523962962e-05,0.00200789691934777,2.55306523698593e-05,2.5530652054595e-05,2.5530652371008e-05,0.00490934781469768
"AAGAGGCATGGATCGC-1",2.56016575205271e-05,2.67543316943902e-05,2.56016575216224e-05,2.56016575215893e-05,2.56023018453972e-05,2.5601657521588e-05,0.998910403149085,2.56022596019725e-05,2.56016574825668e-05,2.56016575020941e-05,2.56016575529708e-05,0.00068674563986697,6.88757432145391e-05,2.56016569405493e-05,2.56016575256665e-05,2.56016576026284e-05
"AAGCTCGTGCCAAGTC-1",0.00923120449200515,0.0560831031641933,0.0174471552913305,8.52534831614572e-05,0.0248807072688932,0.00841119626014134,0.845519785215205,1.73421449468163e-05,0.00883106129841361,1.73421440762039e-05,1.7342144936771e-05,0.0255971153131567,0.00380936534469711,1.73421449494042e-05,1.73421449468148e-05,1.73421449469158e-05
"AAGGAGCGGTTGGTGC-1",0.063533153992688,6.02859199260311e-05,6.0285919925213e-05,6.02859199251986e-05,0.072901269964891,0.0440133109294268,0.367541883130239,6.02859199252132e-05,0.0257398901464919,0.0266832834050315,6.02859199254671e-05,0.0246029796911294,0.0247702487496036,0.32688724391263,0.00940232062944769,0.0136229858487942
"AAGGCGCGTAAAGCTT-1",2.05896389384968e-05,2.05896389202907e-05,2.05896389458764e-05,2.05896389459009e-05,2.05896389044619e-05,2.05896389458961e-05,0.992828188030776,2.05896389428728e-05,2.05896389461465e-05,2.05896389073962e-05,2.05896388835293e-05,2.05896389514873e-05,2.05896389591809e-05,0.00647943782603837,2.05896388845265e-05,0.000424708837109487
"AAGGCTGTGCTCATCG-1",0.162429736559576,1.13964384106037e-05,0.0107717576114699,0.110351186940483,1.13964384106068e-05,0.00275468208851089,0.613153103739962,0.0471383866149942,0.0248873499525934,0.010282179448308,1.13964384106059e-05,0.00264377105645274,1.13964384106059e-05,0.0101680880839541,0.00536277571164292,1.1396438410606e-05
"AAGTAGAAGACCGGGT-1",6.26046205711313e-05,6.26047757421755e-05,6.26017341335374e-05,6.26047356584087e-05,0.00658924144967328,6.26047356584002e-05,0.978827121187519,6.2604735691173e-05,6.26047356812337e-05,0.0021528044621376,0.00719810706877988,6.26047357425412e-05,6.26047354236891e-05,6.26047357821295e-05,6.26047356259507e-05,0.00454407681617999
"AATCGCCTCAGCGCCA-1",3.24353413293607e-05,3.24353413589613e-05,3.24353413298082e-05,3.24353413335913e-05,0.00687017840059972,0.024015090950231,0.957713705311137,3.24353413890965e-05,3.24353413438266e-05,3.24353414134008e-05,5.89745224339915e-05,0.00392502023888242,0.00709267716320375,3.24353414191181e-05,3.24353412718354e-05,3.24353413235747e-05
"AATGACTGTCAGCCGG-1",0.0126969929244044,0.00977321893574339,0.00782232958504425,0.000251183724314784,0.0028207235532379,0.0937192216899907,0.857047894282785,1.79651607965064e-05,5.99806914530852e-05,0.0024476382803095,1.79651608094302e-05,0.000451265607602103,0.0128197249178437,1.79651640724077e-05,1.79651607965181e-05,1.79651607965129e-05
"AATGCAACCGGGTACC-1",2.72915147419113e-05,0.000436185743536224,2.7291514742251e-05,2.97778560324053e-05,0.00459857440386137,0.0035806209854263,0.990627420502758,2.72915147377039e-05,2.72915147090626e-05,2.72915148612735e-05,2.72915147619414e-05,0.000454505359767181,2.72915147383851e-05,2.72915158467692e-05,2.72915147421547e-05,2.72915147368973e-05
"ACAACAGCATGAGCTA-1",1.85941547750173e-05,0.00102852321962284,1.85941547838427e-05,4.38089036956183e-05,0.00408607658700517,1.85941547837961e-05,0.993463507659135,1.85942325447253e-05,1.85941547892521e-05,1.85941548062089e-05,1.94051847987466e-05,0.00117273682050161,1.85941547770285e-05,1.85941544278735e-05,1.85941547767389e-05,1.8594154776217e-05
"ACAAGGACAAGAGGTT-1",0.0030474819704357,1.57017271977097e-05,1.57017272038883e-05,0.00628920051503631,0.01203428693854,1.57017272038545e-05,0.950809617947187,0.00626533271063934,0.012921064843347,0.000491208784209149,0.00116557519457558,5.10331171931345e-05,1.57017272019039e-05,1.57017272009423e-05,1.57017272038537e-05,0.00683098761562497
"ACACAAAGACGGGTGG-1",0.00636520845128671,1.75651813115598e-05,1.75651813116351e-05,0.000203660319038231,1.75651813091262e-05,0.0247888664657826,0.935101757270577,1.7565181311118e-05,1.75651813153436e-05,1.75651801301527e-05,1.75651813155266e-05,0.0154702006274839,0.0133416756344254,1.75651814456313e-05,0.00280641123033941,0.00178169855161626
"ACACCCAGCATGCAGC-1",0.00699320284927895,0.0133658727425411,0.00765443723963161,0.000118567002690424,1.56402547952069e-05,0.0047677233415808,0.954700846733844,1.56402547935169e-05,0.00873593245154921,0.000488599812111819,1.56402548037006e-05,0.00168040227857654,3.6593603251029e-05,1.56402538187476e-05,1.56402547935101e-05,0.00137962067193933
"ACACCCGAGAAATCCG-1",5.38899395003784e-05,5.38900298214128e-05,5.38899395757017e-05,5.38899395757978e-05,0.0058320071867571,0.0101840596010086,0.977306834748246,5.38899396456109e-05,5.38899396484009e-05,0.000802879390761516,5.38899397110928e-05,5.38899394777294e-05,5.38899395571334e-05,5.38899394137438e-05,5.38899395124456e-05,0.00528142964778768
"ACACCTTAAGTAGGGC-1",5.93844073239992e-05,5.93844073240429e-05,0.00779495174033703,5.93844073240005e-05,0.0491053067959377,0.152149729439073,0.37126651318425,5.93844073239993e-05,0.0146312066552907,0.0184324638007167,5.93844073242351e-05,0.0280187115830509,0.111208350875225,0.24697707507485,5.93844073240012e-05,5.93844073239969e-05
"ACACGAGACTCCTTCT-1",0.0039819113410406,1.84635651976175e-05,1.84635651908889e-05,0.000101259673203535,0.00123775912349208,0.0854169978790433,0.895870785205894,1.84635651921809e-05,1.84635651948761e-05,0.000771225384293623,1.84635652020021e-05,0.00256616923935465,0.00990618363181671,1.84635655010851e-05,1.84635651908861e-05,1.84635651914886e-05
"ACACGGGAACTTAGGG-1",4.75177924330134e-05,4.75191892951952e-05,4.75181802635848e-05,4.75181801795196e-05,4.75187028744852e-05,4.75182422539815e-05,0.999211643631109,4.75325931742661e-05,4.75505383849985e-05,4.75181799421738e-05,0.000123053675755093,4.75183742242657e-05,4.75181803399825e-05,4.75181792496186e-05,4.75181802314458e-05,4.75181802889546e-05
"ACCACAAGTTTCTATC-1",0.0240801576407906,0.094630850031851,0.0224021146619919,5.46445851757693e-05,0.0654478694505923,0.182186164506436,0.273053737180508,5.46445851757714e-05,0.0226324130897617,0.00571054785446005,0.00175142310230204,5.46445851757723e-05,0.196501657760256,0.089489172348617,0.0218953140317308,5.46445851757721e-05
"ACCGACTGAGTCCCAC-1",0.00448000173366408,0.000158600645317085,1.7565483244978e-05,0.00010152353489716,1.75654832423485e-05,0.0276340372029293,0.955370765644928,0.00340975222163963,0.00146675997414161,1.75654832370941e-05,1.75654832622838e-05,0.00403510748520406,0.00322049317513586,1.75654826666025e-05,1.75654832449777e-05,1.75654832450024e-05
"ACGATCATACATAGAG-1",0.00196593719152485,2.09328717039504e-05,2.09328716891277e-05,2.09328716890575e-05,0.00681395423828681,0.0495247911647484,0.93225247180272,2.09328716658717e-05,2.09328716779294e-05,2.09328716449778e-05,2.09328716846152e-05,0.00495007335167278,0.00428344353357615,2.0932872299291e-05,2.09328716890601e-05,2.09328717274576e-05
"ACGATGCATATGTTAT-1",0.00854778389374998,6.18498503531881e-05,0.00606942128359573,4.96146645586776e-05,0.298391379976129,0.287531269116748,0.0756359325328754,0.0567926910916036,0.00161588952639566,4.96146645601029e-05,0.00261047919217651,0.0494509117965161,0.201744390898825,0.00302048137721111,4.96146645586714e-05,0.00837867547014393
"ACGCATTCGTGAGTAC-1",3.78516596855142e-05,0.0697295498088129,3.39457792809427e-05,3.39457792809314e-05,0.032142487244235,0.157928420701711,0.363279822509227,3.39457792809461e-05,0.00559547682163693,0.00709690278465239,3.39457792809417e-05,0.050386748921228,0.290749030483789,0.0228500343893366,3.39457792809392e-05,3.39457792809417e-05
"ACGCGGGCCAAGGACA-1",4.97805033348254e-05,0.0788932828622821,0.0104959347520841,4.97805033348251e-05,0.0545616886009994,0.242162243941381,0.238683646513951,0.000566176449160955,0.0204120209373886,0.0419308364615121,0.00206406212111777,0.0250958808854341,0.237137913803789,0.0477971906575604,4.97805033348277e-05,4.97805033348305e-05
"ACGTAGATTGCTGATG-1",1.86382019918155e-05,0.111731315997034,1.86382019918177e-05,1.99678450605043e-05,0.165054261602107,1.91526020939483e-05,0.498807473583054,0.000125941258298403,1.86382019918179e-05,0.0503861672972803,1.86382019918186e-05,0.109339225223783,0.039747768973518,0.0119281372344271,0.0116301264058326,0.00113590916954263
"ACTACCAGCTCTCTGG-1",0.0584541950021654,0.00290283768030159,2.55961771633583e-05,0.036433685401038,2.55961771616777e-05,0.0553427218534184,0.637953998767683,0.00116854050640104,0.00489541168409662,0.014869916896778,2.55961771621613e-05,0.00101495476463974,0.00715581685268923,0.179679939704976,2.55961771633561e-05,2.55961771633564e-05
"ACTCAATAAAGGCACG-1",6.48211864578864e-05,6.47951735704447e-05,6.47933423742615e-05,6.47927227688173e-05,0.00160494552807649,6.47927227381783e-05,0.997262317509066,6.47934879243221e-05,6.47969801238465e-05,6.47927224209195e-05,0.000290394953684958,6.47927803769579e-05,6.47927227220975e-05,6.47927227471026e-05,6.47927224806645e-05,6.47927224673249e-05
"ACTCGTCAGTAATCCC-1",0.0242269477499351,0.0100045530439534,1.78620427886057e-05,0.000130145267013442,0.00290754357680469,0.100234838257664,0.729892886747593,1.7862042788599e-05,1.78620427884447e-05,0.00266603556042943,0.000444655030183408,0.0682063117729395,0.0611789107364574,1.78620430848366e-05,1.78620427885986e-05,1.7862042787979e-05
"ACTCTTGTATAGTAAC-1",7.41331832288776e-05,0.201541753080402,0.0298494614756248,0.00923237446546932,0.190339795027996,0.170596127580364,0.249352269468077,7.41331832288769e-05,0.00504393435478249,0.00216835258077476,0.0013387433321398,0.0393187253638427,0.098174484560411,0.000244369861426625,0.00257720929900338,7.41331832288793e-05
"ACTGTACGATACACAT-1",8.63888939672003e-05,8.63872786886712e-05,8.63551018251773e-05,8.638425735771e-05,0.00123594470601369,8.63892232259807e-05,0.99310005369136,8.63892083272291e-05,8.6389141424436e-05,8.6389208594388e-05,0.0043566132013124,8.63891685262992e-05,8.63892095952707e-05,8.63892084879371e-05,8.63892086669853e-05,0.000270759292626928
"ACTGTAGCACTTTGGA-1",2.53739137269157e-05,0.00015906593334286,2.53739137261785e-05,2.95565366240909e-05,0.00357351193403171,2.53739137261788e-05,0.978776576492008,2.53739137219247e-05,2.53739137438495e-05,0.000228703987899853,2.53739137352181e-05,0.00311605054397514,2.53739137451593e-05,0.0121859259824793,2.53739137137616e-05,0.00172761727979995
"ACTGTCCAGGATTATA-1",0.0608326746839803,0.000109220098992132,0.00689018880902445,0.000439726504652299,0.568906633459408,0.0439325125537804,0.19914037110048,0.00376801315646428,0.0233720077467261,0.0112239522106691,0.0020699276030698,0.0346247832122338,0.0317690861771065,0.0123689767820642,3.68604068903492e-05,0.000515065494458866
"ACTGTCTTCTTTAGAA-1",3.07581274536919e-05,0.0308989442043483,0.00879119745568689,1.87723698692764e-05,0.236815763305199,0.0481266478232198,0.567718025632916,9.93328730644471e-05,0.0247754832047076,1.87723698692642e-05,1.87723698692767e-05,0.0529352203997943,0.0112465173877856,1.87723698690148e-05,0.0163238843086282,0.00216313579771977
"ACTTATTAGGATCGGT-1",0.00444852115673948,4.0734279592181e-05,3.73666335904753e-05,3.73666335904878e-05,0.389143278939579,0.133265274229429,0.276587079755351,3.73666335904743e-05,0.0340732376606386,3.73666335904757e-05,3.73666335904769e-05,0.0712724636635299,0.0792231234637217,0.00589917719099931,3.73666335904764e-05,0.00582290985887721
"ACTTGGGACCCGGTGG-1",0.0636615299237671,9.02373812671261e-05,0.0192338343231935,5.98125472556646e-05,0.136015506253251,0.078496438709322,0.237930304701594,5.98125472556731e-05,0.0132901618205181,0.00785525316926384,0.0012937617584508,0.0111694212415851,0.0200358584667809,0.410024832020969,5.98125472556707e-05,0.000723422588270712
"ACTTTCCTATAGCTTC-1",2.43732052883643e-05,0.00888391544476742,4.53142398357808e-05,6.27654771509063e-05,0.00625143407426669,3.85649178313612e-05,0.965869111612315,2.43732052825105e-05,0.00818552355356257,0.000309844526957862,2.43732052971109e-05,2.43732053222606e-05,0.000779327727857454,2.43732055689797e-05,0.0058502780182565,0.00360205438043878
"AGAACGTGGTACATTC-1",5.18740192840035e-05,5.18630761127391e-05,5.18586952663529e-05,5.1860811299394e-05,5.18495591607281e-05,5.18524506956453e-05,0.99808329496121,5.18616780752695e-05,5.18612849372214e-05,5.18608260001019e-05,0.0011178483140342,0.000124671022922986,5.18608254991691e-05,5.18608253727919e-05,5.18608248480317e-05,5.18608252812196e-05
"AGACCCGCCCTCCTCG-1",0.0186693395383562,0.0502199099965457,0.0152187908025102,4.87454153710756e-05,0.00606652058665776,0.0444078430307798,0.726536845702857,0.0129302867623365,0.0547569269832809,0.00748292590231897,1.25685606110042e-05,0.020466665935925,0.0170174996422518,1.25685606196941e-05,0.0256691456936851,0.00048341688589368
"AGACTAGCCTTCCAGA-1",0.140776215478095,6.08617046119956e-05,0.0110865410165566,0.000118098001625469,0.0125624243289993,0.0582077392817053,0.397991434262734,0.0261000698347486,0.00317995447714366,0.015590459717097,0.000397028022517589,6.08617046128178e-05,0.0577131030064952,0.240507716493799,0.02294741021909,0.0127000824501689
"AGATAACTTCAGGGCC-1",0.176106780220589,2.64740592341304e-05,2.64740592342102e-05,4.34754008456765e-05,0.0706308974260821,0.0492836668263221,0.510245435151965,0.104318977343026,0.0357798881424033,0.0068946174667241,2.6474059234211e-05,2.64740592342139e-05,0.00881153070782674,0.0213806393064908,0.0163717217115548,2.64740592342181e-05
"AGATCTCAGGTGTGAT-1",4.99771562183475e-05,4.99843652258878e-05,4.99850409146137e-05,4.99850408785802e-05,4.9985020453612e-05,4.99858171527686e-05,0.999250221630554,4.99920463709224e-05,4.99917914210133e-05,4.99850413291619e-05,4.99850409940171e-05,4.99818443228739e-05,4.99850403534426e-05,4.99850422273237e-05,4.99850407583953e-05,4.9985040824938e-05
"AGATGACTCGCCCACG-1",4.77700703393016e-05,4.77700703272129e-05,4.77700703005946e-05,4.77700703006195e-05,0.00994060761026674,0.00737556863582701,0.952016175194919,4.78136385070025e-05,0.0108690625141802,4.7770099554296e-05,4.777007050076e-05,0.00801283241332376,0.00983182121471092,4.77700696510016e-05,4.77700703398066e-05,0.00152395818695182
"AGATTATAGGACGTTT-1",5.44146401431519e-05,9.58938966429911e-05,0.0258079149532803,0.00301176710101518,0.623434299282708,0.0850744664802128,0.133113236944548,0.00492797642912438,0.0263057991874767,0.00417283447738466,0.00354266939064143,0.0710725913952309,0.0150925085367131,0.00306016650199659,0.00117904614273866,5.44146401431507e-05
"AGCACCAGTACTCACG-1",1.84296676392531e-05,0.00279459101379467,0.000757329856099075,5.88735113005412e-05,0.00922137765923455,0.0105373580979689,0.96689627050968,1.84296676454938e-05,9.43398930233193e-05,1.84296676404506e-05,1.84296676422732e-05,0.00649343207116901,0.00301741971534827,1.84296664756263e-05,1.84296676371448e-05,1.84296677018732e-05
"AGCACTTAAGGACGCC-1",1.68929323709968e-05,1.68929323767683e-05,1.68929323705508e-05,3.3401596060568e-05,0.00165429962503434,1.6892932370551e-05,0.98446927817693,1.68929323755123e-05,0.0051686225428127,1.68929323795731e-05,0.000137133035838365,1.6892932348039e-05,1.68929323877358e-05,1.68929324714399e-05,0.00568180393930966,0.0027034246925636
"AGCATCGTCGATAATT-1",2.32533985978129e-05,2.32547711759143e-05,2.32580412759799e-05,2.32535020290924e-05,2.32534040344916e-05,2.32535020187219e-05,0.999651191261875,2.32538210410887e-05,2.32535019868639e-05,2.32536201765669e-05,2.32535020547644e-05,2.3253664278434e-05,2.32535020334493e-05,2.32535034023914e-05,2.32535020286486e-05,2.32535019905705e-05
"AGCGACCAACGATATT-1",0.00822058146889916,0.000206156362699829,0.0143718885609372,0.000125359561066938,0.0195798510947213,0.000563142404581288,0.934149069678392,0.0106814362497793,1.63568562162748e-05,0.000519795003434649,1.63568562233339e-05,0.00802679160493156,0.00347414372953274,1.63568561565291e-05,1.63568562138793e-05,1.63568562137366e-05
"AGGCCACCCGTTATGA-1",0.0864323166671755,1.66347757614347e-05,0.0113374603585481,0.031350270013721,0.0358177366866575,0.0386250029830672,0.740208462747155,0.0122180502954361,0.0170296107681163,0.0141980914863274,1.66347757614743e-05,1.66347757614402e-05,0.00681563534773122,0.00588418876725791,1.66347757614403e-05,1.66347757614397e-05
"AGGCTATGGTTAGCTT-1",2.66576487220564e-05,2.66577327020554e-05,2.66575893852184e-05,2.66576093298564e-05,0.000405005081031045,2.66575893894241e-05,0.994130672755454,2.6657589444811e-05,2.66576488334213e-05,2.66575894219059e-05,0.00304578943735871,2.66575952143918e-05,2.66575892927328e-05,0.00209864136566662,2.66575893942916e-05,2.66575893592303e-05
"AGGGCTGCAGTTACAG-1",0.0459020889868953,0.161762276553325,0.000707409766443408,2.74827959931358e-05,0.211035156010507,0.111873078954112,0.403334160720441,2.74827959931341e-05,0.0128287398461927,2.74827959930859e-05,0.00872782825383865,2.74827959931329e-05,0.0155560871106899,0.0262628068524016,2.74827959931295e-05,0.00187295296518733
"AGGGTTTAGTTCGGGA-1",6.74720728257923e-05,0.16605555850794,4.92060318392017e-05,5.64267921187872e-05,0.0414928912897935,0.270800470856869,0.29491716745564,4.9206031839198e-05,0.0237757111709404,0.0193551771163636,4.92060318392012e-05,4.9830065737557e-05,0.126117535270188,0.044986252907881,0.0121286823663449,4.92060318392032e-05
"AGTATAATACTAGGCA-1",5.3434416349657e-05,5.34119189530507e-05,5.33944866833335e-05,5.33996508005862e-05,0.000905446527294759,5.33996508209324e-05,0.994954440646966,5.33996507241608e-05,5.3410403775347e-05,0.000645735635142391,0.000291397682193781,5.33993390528489e-05,5.33996507423124e-05,0.0026155310387637,5.33996508992687e-05,5.33996508383072e-05
"AGTCGGCCCAAACGAC-1",1.83609118799358e-05,1.83608948942245e-05,1.83609118634914e-05,1.83609118634915e-05,1.83609118316218e-05,1.83609118634853e-05,0.987840369495024,1.83609118357287e-05,1.83609118668853e-05,0.00368544884894926,1.8360911865244e-05,1.83609118692953e-05,1.83609118552509e-05,0.00823548981876875,1.83609118639801e-05,1.83609119052764e-05
"AGTCTTCTCCTCAAAT-1",5.24579425364604e-05,5.2449680340378e-05,5.24578172777523e-05,5.24578744781334e-05,5.24616103296475e-05,5.24587422186606e-05,0.996428055734316,5.24578176096895e-05,5.24588460098891e-05,5.24578178733239e-05,0.000375020632312853,0.000231725136867898,5.245781753741e-05,5.24578171122546e-05,5.24578172074131e-05,0.00233570689597207
"AGTTCCTACAGAATTA-1",0.233577883092866,3.59770395398435e-05,0.0334010758500426,3.59770395398636e-05,0.211020121906063,0.127985248874462,0.284234351270876,0.00137417668436299,0.0285555290497581,0.00166124753677688,3.59770395398358e-05,3.59770395398349e-05,0.00643957568049743,0.0586226883862691,3.59770395398356e-05,0.0129482164703265
"ATAAAGGCTCGGTCGT-1",0.125186733813007,5.64909143137883e-05,0.00797403944143545,5.01571823289201e-05,0.39928388493165,0.262834740252263,0.103239604449075,9.30794893624405e-05,0.0357094466195181,0.00590427602199235,5.01571823289225e-05,0.00655837399231271,0.0453419064147417,0.00524694641887167,5.01571823289233e-05,0.00242000569446928
"ATAACGCCGGAGGGTC-1",2.93379830456332e-05,2.93379830536841e-05,2.93379830453859e-05,2.93379830449334e-05,0.019313626215305,2.93379830449401e-05,0.976716979442529,2.93379829720385e-05,2.93379835872554e-05,2.9344696508559e-05,2.9337983118822e-05,0.00358799384950385,2.93379830284442e-05,2.93379823282309e-05,2.93379830447733e-05,2.93379828395466e-05
"ATACTAGCATGACCCT-1",0.00660546217999906,0.000108485165641743,0.000108484655483456,0.000108485115674945,0.00261429135334669,0.00010848511574174,0.966600102853083,0.000108485465684811,0.000108485115788139,0.00577388287465737,0.00944332593156953,0.000108485116117388,0.000108485115927585,0.000108485115372511,0.000108485115891189,0.00787808371002051
"ATAGACGAAGAGAAAG-1",0.079987136509318,0.0370589131681198,0.0166899731299779,2.608445802923e-05,0.141277698439026,0.0690590699164146,0.41687368962796,0.106938734625015,0.0215408764741045,0.00497895599011746,0.00184587381969286,0.00127739230003424,0.0705408510755139,0.0214185956963047,0.0104600703123436,2.60844580292313e-05
"ATAGAGTACTGGGACA-1",0.0682478736364693,0.0478635459575535,0.00198152947278294,5.22176784804767e-05,0.125234780752025,0.258014368779591,0.302189240464384,0.00688646407479687,0.0118223112950149,0.0156358122923481,0.00396190260050174,0.0124580596511032,0.121716652179522,0.0238308058084659,5.22176784804756e-05,5.22176784804762e-05
"ATAGGTTGGGCAGATG-1",0.00258576057497769,1.76285268385293e-05,0.00914851634575242,0.000164436284492356,0.00458052739955445,0.00680364482942344,0.93343392905901,1.76285268387142e-05,0.0151182788039035,0.00113390725166024,9.43163255895943e-05,0.0194967618197499,0.00295163288640675,1.76285261637334e-05,1.76285268390574e-05,0.00441777431280008
"ATATCTTAGGGCCTTC-1",3.92957816544246e-05,0.0707409279158559,0.0200787661481242,0.00731466930480373,0.0259269845003649,0.156622670772042,0.198167449778545,3.26645753697199e-05,0.0176381003883688,0.000126279094439821,0.000204960627981062,0.102004395442405,0.360288409637099,0.040749096882208,3.26645753697189e-05,3.26645753697203e-05
"ATATTTAACCCTCAAG-1",0.0104927192666776,0.0974997483221936,0.0281033751968756,0.0195989577293783,0.0852540554671349,0.217387612671235,0.268429249293278,3.42602237751081e-05,0.0120278270162422,0.00662808209724667,0.00136883517879444,3.42602237751071e-05,0.206491078534965,0.029828823947569,0.0129374373468862,0.00388367748397328
"ATCAATCTGGGCTGCA-1",5.56511015390775e-05,0.00022600476276229,5.56511015390705e-05,5.56511015390683e-05,0.437965136892118,0.0232729145335858,0.280166512756173,5.56511015390683e-05,0.0124467634174767,0.00930402351895416,5.56511015390703e-05,0.190491877616749,0.0258224435094834,0.00770950292070905,5.56511015390714e-05,0.0122609134627547
"ATCCAACGCAGTCATA-1",0.0259921659181499,2.43194159675805e-05,0.0109280249672527,0.0210125211447178,0.0123373427983336,0.0125925564153965,0.877434874083084,2.43194159758107e-05,0.0124435497471931,0.00370516149369137,2.43194159922173e-05,0.00184258599194504,0.00250018410010072,0.0164791848525055,2.43194159725692e-05,0.00263457082372209
"ATCCAGGATTCGTGAA-1",0.0366211355996565,0.00614094985957231,2.6796637679141e-05,2.67966376791366e-05,0.191159174740842,0.0641124273798408,0.408904446896062,0.0352500362682843,0.0252995403576335,0.0144722016305198,2.67966376791466e-05,0.184843289893656,0.0108023979900569,2.67966377106471e-05,2.67966376791477e-05,0.022260416195449
"ATCGACTCTTTCCGTT-1",4.36598981252251e-05,4.36651369702623e-05,4.36669339818117e-05,4.36599597166643e-05,4.3659786838154e-05,4.36600936469261e-05,0.998595767540213,4.36601589221639e-05,4.36599596115051e-05,4.36599598035366e-05,0.000597479278394752,0.000239161455800981,4.3659959748017e-05,4.3659958877791e-05,4.36599595419655e-05,4.3659959807306e-05
"ATCGCACGCCGGGAGA-1",0.0109810664274558,0.01548235063114,1.26672195488582e-05,0.000112620457217898,0.00258837017412695,0.0355052171170023,0.870305541853965,0.0175121106787037,0.00472867671343118,0.000931624844545758,0.000527721026150136,0.0227060922966899,0.0173275331538124,1.2667219136234e-05,0.00125307296752524,1.26672195488579e-05
"ATCTTGACCTGCAACG-1",0.0509022068147341,6.72147116726407e-05,0.0103036349811634,0.00695796919542235,0.0434289372501605,0.0463892929494255,0.326096603577149,6.72147116726791e-05,0.00810473172569591,0.00224521289471286,0.000845905938000718,0.0272536234113772,0.025982471804441,0.451220550611033,6.72147116671965e-05,6.72147116726558e-05
"ATGAAGCCAAGGAGCC-1",0.00365096749745581,2.86368179160031e-05,2.86368178892456e-05,2.86368178878296e-05,2.86366347115198e-05,0.000766763309102265,0.992776701598248,2.86368178825028e-05,2.86368178764835e-05,2.86368178034805e-05,2.86368178460491e-05,0.00126831489345129,0.00122224788736676,2.86368187771343e-05,2.86368178882958e-05,2.86368178974017e-05
"ATGAGGAGTGTTAATC-1",3.13370935128346e-05,3.13373061329693e-05,3.13370934944865e-05,3.13370934981615e-05,3.13371619018521e-05,3.13370934981651e-05,0.994334647841824,3.13426414727097e-05,0.00283538821528044,5.17725768394139e-05,0.000335110160832998,3.13401179824466e-05,3.13370935640881e-05,0.00209635266034801,3.13370935179132e-05,3.33487562993195e-05
"ATGCACTACCGCATTG-1",0.0448003026272613,4.21100773445581e-05,0.013155036379148,4.21100773445352e-05,0.0395703076458311,0.0423449600197419,0.409116648710566,0.015928014479974,4.21100773395265e-05,0.0102387848230013,0.000367665670452795,0.00993243386243144,0.0187208615336385,0.393759002432425,4.21100773445344e-05,0.00189754150615531
"ATGCATGATCCAGGAT-1",4.05193826376816e-05,4.05388110948975e-05,4.05225997121988e-05,4.05193930671195e-05,4.05193251009329e-05,4.05193930669157e-05,0.998992290050197,4.05238710464716e-05,4.05193930264396e-05,4.0519393170372e-05,0.000297015411539878,4.05192856405615e-05,4.05193929609677e-05,4.05193924800332e-05,4.05193930558446e-05,0.00018391551220262
"ATGCCGGTCTTGCATA-1",4.653614047757e-05,4.65365930096352e-05,0.00210005326447655,4.65363025214095e-05,0.00194019186096197,4.65363024884269e-05,0.992349431382129,4.65363026394386e-05,0.00179335536330041,4.65363021875683e-05,4.65363024087557e-05,0.00130506867425502,4.65363024955199e-05,4.65363016569294e-05,4.65363024616254e-05,4.65363025298663e-05
"ATGCGACAGTCCCATT-1",3.93505936201807e-05,6.01296883377135e-05,3.93505936201666e-05,3.93505936201916e-05,0.370348047175235,3.93505936201681e-05,0.362536507209751,4.09240764757043e-05,0.0147890418761451,0.0549759995370265,3.93505936201665e-05,0.195544040975998,3.93505936201809e-05,3.93505936290613e-05,0.00139050471206001,3.93505936201731e-05
"ATGGAGCAGGCCGTGA-1",4.81567247628295e-05,0.089631960315008,4.3302881683944e-05,3.69194083298812e-05,0.0824210769345606,0.494363730482187,0.243951443007498,3.38355493375533e-05,0.00886021901237894,3.38355493375538e-05,3.38355493375553e-05,0.0145602138198912,0.0519250808484216,0.0139887188185903,3.38355493375544e-05,3.38355493375541e-05
"ATGGATTGACCAAACG-1",2.59195666139278e-05,2.59195666107212e-05,4.84137492822632e-05,2.99773895021739e-05,0.0021655256390488,2.5919566612104e-05,0.985133059819299,2.59195666290938e-05,0.0116998981462539,2.59195666098143e-05,2.59195666127138e-05,2.59195665653624e-05,2.59195666203146e-05,2.59195673256891e-05,2.59195666121366e-05,0.0006639295898023
"ATGTGCATCCGACGCA-1",2.68005009137307e-05,2.68005008918132e-05,2.68005009022046e-05,6.79137605488867e-05,0.0105766392319296,2.68005009023611e-05,0.97248792191992,2.68105003505534e-05,2.68005008921149e-05,0.00291122430720539,2.68005009276222e-05,0.0124685378101689,0.00121974796173236,2.68005008994763e-05,2.6800500903722e-05,2.68005009111113e-05
"ATTAGATTGATAGCGG-1",3.66516466295017e-05,3.66516466308785e-05,3.66516466291569e-05,3.66516466294962e-05,0.00333237883936802,3.66516466294994e-05,0.992063474612162,3.66516466485396e-05,3.66516466170278e-05,3.66516465215898e-05,3.66516466234817e-05,0.00412767514235641,3.66516466291783e-05,3.66516466668025e-05,3.66516466288637e-05,3.66516466294985e-05
"ATTAGGCGATGCTTTC-1",0.000116085033894685,0.0436318851069194,0.0150369879851411,0.0142248563268503,0.0600149705786461,0.0981726110291278,0.693862852508437,0.0169044009368668,1.97661262556717e-05,0.00578279942144235,0.00183222823033533,0.0306354797512643,0.0023701978933933,0.00212965756519822,0.0137240796795619,0.00154114182666558
"ATTATGCCATAGGGAG-1",6.26477347897863e-05,6.26485164247669e-05,0.00815899422152614,6.2647716539696e-05,6.26672646185091e-05,6.26529201618996e-05,0.988371554181754,6.26477170693182e-05,0.00084445840293896,6.26477162577009e-05,6.26477164918433e-05,6.26475184012328e-05,6.26477170286398e-05,6.26477155264719e-05,6.26477166701033e-05,0.00187319522380045
"ATTCCTCCGCCAGTGC-1",1.96883524906932e-05,1.96883524965412e-05,1.96883524865927e-05,1.96883524864673e-05,0.00180684440305607,0.0214912254885319,0.973935892699537,1.96883524723423e-05,1.96883524617933e-05,1.96883525183707e-05,1.96883525559077e-05,0.0013670207876438,0.00118244474371668,1.96883524822138e-05,1.96883525086626e-05,1.96883525553096e-05
"ATTGAAGATCTTAGTG-1",0.242194977309352,3.60343566140799e-05,0.0183793111088813,0.00593048228046815,0.260318212997158,0.0678100893274976,0.275773896479995,0.0293141914686167,0.0120283484620507,0.0290451779672346,3.6034356614098e-05,3.60343566140971e-05,0.0134190060186812,0.0329476084858281,0.00274955035398913,0.00998104467040431
"ATTGCTGCTCCTCCAT-1",0.271549221153724,7.16347656614202e-05,0.0121233414012672,7.16347656614156e-05,0.222060831911017,0.130548026579658,0.127372548647275,0.15866482439352,0.0421209386107935,0.00958750180779038,7.16347656614165e-05,7.16347656614232e-05,0.0125909186846782,0.00309654933527758,7.16347656614174e-05,0.00992712364669333
"ATTTACAGTTTACTGG-1",2.57924062160626e-05,2.57924062078338e-05,2.57924062160623e-05,0.000540861965500559,0.00934669135017569,3.08489736334055e-05,0.96774776962364,2.57924062057332e-05,0.0202292196305962,0.000124226831252337,0.000604131352696563,2.57924062398582e-05,2.57924062496232e-05,0.000588083390687448,0.000607620038283598,2.5792406199207e-05
"CAAACGGTCGCACTTT-1",0.00449883373979616,0.000488947196633584,0.0128564345471974,0.0280092759447082,0.00812441144324378,1.64238494493011e-05,0.920536635886167,0.00612263624817227,0.00949729250337388,0.00525130080996767,1.64238494624081e-05,1.64238494500238e-05,1.64238494506939e-05,1.64238494430845e-05,0.00451568858403515,1.64238494493024e-05
"CAACGACCCGTTTACA-1",5.10231647628197e-05,5.10227209191185e-05,5.10230181322011e-05,5.10230181696421e-05,5.10300313273533e-05,5.10227248790444e-05,0.998585546189299,5.10230179269282e-05,5.10229145407268e-05,5.1023018119782e-05,5.10230178994763e-05,5.1023189632771e-05,5.10230176858514e-05,5.10230181036567e-05,5.10230182777404e-05,0.000700124920324473
"CAAGCAACGTCGGAGT-1",0.0964223866285078,1.76368174457987e-05,1.76368174457983e-05,0.038628445786073,0.014096372230028,0.0783848954416239,0.672623165316319,0.0597580656642967,0.0208206701484674,1.7636817446312e-05,0.000879847114293993,1.76368174457975e-05,0.0139293643224873,1.76368174457329e-05,1.76368174457977e-05,0.00435096644322752
"CAATTAAGGGTGATGA-1",0.0105892067560661,1.30139490633893e-05,1.3013949063466e-05,0.000100697558041058,0.0198471559573641,0.0691272521474443,0.851977814247159,1.30139490634633e-05,1.30139490655183e-05,0.0036253515895332,4.54058341633272e-05,0.0419428664146774,1.95629483669217e-05,1.3013949054791e-05,1.30139490634615e-05,0.00264660285281014
"CAATTTCGTATAAGGG-1",2.28322477137624e-05,0.0517893377972486,0.0134449924574569,6.64167029164937e-05,0.104557535053054,0.130476940587233,0.600211860802614,0.0264082947913586,0.00814874209431852,1.90104977858292e-05,1.90104977858291e-05,0.0130472237032042,0.0428066873942962,0.0089430943774419,1.90104977858289e-05,1.90104977858299e-05
"CACAGCACCCACGGCA-1",5.0955165734284e-05,0.139119727534835,5.09551657342865e-05,0.0111102062318219,0.0465990575888438,0.249066367555644,0.251133912805751,5.09551657342876e-05,0.0450625092306339,0.013765098648752,0.00124149081900597,0.00508616424537177,0.169025194035125,0.0622830694319683,0.00624574284242032,0.000108593532623222
"CACAGCTAGGGAGTGA-1",5.29715381061455e-05,5.29715379927214e-05,5.29715380421639e-05,5.297153804389e-05,0.0106949734679637,5.2971538043831e-05,0.973997271655892,5.297153804984e-05,0.00222333682862765,0.000384479712055662,5.29715379962175e-05,0.00785229761873332,5.29715380349418e-05,5.29715380756594e-05,5.29715380438319e-05,0.00431792533629859
"CACCGCCAGAAGGTTT-1",0.0508784934537297,0.051701316604267,0.0146230703424983,4.33827315311273e-05,0.000920860232665284,0.0424173876891074,0.780760651582293,0.00877132420253177,0.0162042910542585,0.00363894690326876,0.000676108627014575,0.00110963088971602,0.00958144625829163,1.30000868717979e-05,0.011874892221589,0.00678519712036657
"CACGCAGCGAGGCTTT-1",0.058705476991957,3.30159620198442e-05,3.30159620198502e-05,0.00257828734682248,0.0261112425145534,0.24592104352321,0.325580947292913,0.185196616005139,0.0693831702517727,0.00367503929105909,3.30159620198487e-05,0.00342356199672936,0.0149517419333495,0.00959605038003434,0.0510088073313862,0.00376896725501401
"CACTAAAGTTGCCTAT-1",6.08093846101585e-05,3.41327132076823e-05,0.0138999763642122,0.0138369854056199,0.642968608457057,0.070816536065486,0.0777928611206377,0.01008277907025,0.00861475426789123,3.41327132076852e-05,3.41327132076907e-05,0.0767531316187102,0.0589439509950856,0.0140873192296578,0.0120057571679512,3.41327132076876e-05
"CACTGTCCAAGTGAGA-1",5.03558697537371e-05,5.03484423932504e-05,5.03551722482052e-05,5.03541814879836e-05,0.00111523888993507,5.03549339037664e-05,0.996995650080829,5.03551721163834e-05,5.03582047596246e-05,5.03551716035487e-05,0.00123449785914994,5.03553327345403e-05,5.03551721376605e-05,5.03551721756623e-05,5.03551722465363e-05,5.03551725250792e-05
"CACTTAATCAGACGGA-1",0.247962759451921,5.03598735401831e-05,5.03598735401601e-05,5.03598735401616e-05,0.361994729466606,0.210832558381719,0.0952400839908969,0.000163675664207277,0.00270951166845288,0.00637144728529995,5.03598735401609e-05,7.11521337812076e-05,0.0521530634214589,0.00043270000548051,0.00503961235994486,0.0168272666760703
"CAGAGCATGAGCTTGC-1",7.32628835303205e-05,7.32789446392224e-05,7.32624737482006e-05,7.32624738059605e-05,7.32675804841109e-05,7.32598927242762e-05,0.99692769798258,7.32624739437006e-05,7.32634455406146e-05,7.32624734173903e-05,0.00204660702954825,7.32624516300182e-05,7.32624733752959e-05,7.32624726112741e-05,7.32624739086579e-05,7.32624745125205e-05
"CAGATACTAACATAGT-1",0.0282113026877824,6.77175013246004e-05,0.00422983789121345,0.0094686242376587,0.0590828417537386,0.0363819855088139,0.339496839513849,6.77175013195733e-05,0.0244402117119711,0.00261881947647101,6.771750135565e-05,0.00322978909280381,0.0422432742991588,0.444582544297173,6.77175013195771e-05,0.00574305952404677
"CAGCTCACTGAGACAT-1",3.38646129022377e-05,0.1421565659701,0.0152230580186947,0.00111678395662489,0.0315399068844304,0.193157333135912,0.336622774609378,3.38646129022426e-05,0.034053045223735,3.38646140198403e-05,0.000115376388689582,0.019632087727721,0.107938381765357,0.110956585856402,0.00276178816509152,0.00462471845804026
"CAGGCCGTTTGGGTGT-1",0.000197759333147825,4.31000790986215e-05,4.31000790986225e-05,4.31000790986229e-05,0.48152494825259,0.0813243216692996,0.318125614635322,0.020306022698151,0.0177347537805892,4.31000790986336e-05,0.00584074217586186,0.000302996222369099,0.0448638405827776,4.31000791491422e-05,0.0247589440408453,0.00480455621350273
"CAGTTCAAATTGACAC-1",0.148406880360725,5.08695162096257e-05,3.78562735087257e-05,3.78562735087095e-05,0.314405093659567,0.135102611706562,0.288165859750776,0.0176789732104134,0.0023197396442877,0.0101445759287937,3.78562735087125e-05,0.00604665613416321,0.0172774243478632,0.0537892089837057,0.00646068166289832,3.78562735087126e-05
"CATACTATGTAATTGT-1",0.048594493970114,5.68360102108254e-05,5.68360102108703e-05,5.68360102108826e-05,0.750544652440705,0.0682585411818044,0.0581177683925891,6.23080685324661e-05,0.0224583799673446,0.00287977751430612,5.68360102124075e-05,0.0139743936414956,0.0347118327516268,5.68360102155645e-05,5.68360102108746e-05,5.68360102108706e-05
"CATAGTAGCATAGTAG-1",7.29925545898303e-05,7.30052357057401e-05,7.30047679937307e-05,7.30045443452593e-05,0.00304147398798686,7.30045442253105e-05,0.992456444699048,7.30064913631207e-05,7.30061241859742e-05,7.30045448122388e-05,0.00171085842233695,7.30046994982624e-05,7.30045449782124e-05,7.30045443838622e-05,7.30045443231314e-05,0.0019151757502235
"CATGGTCTAGATACCG-1",4.25139881594144e-05,4.25139881820546e-05,4.25139881492563e-05,6.54592149521222e-05,0.00848866761392811,0.00888367504649596,0.971574717028586,4.25139882332891e-05,4.25139881219106e-05,4.25139881612655e-05,4.2513988191748e-05,0.00860453526581549,0.00195780594757508,4.25139891149366e-05,4.25139881495312e-05,4.25139881840164e-05
"CATTATGCTTGTTGTG-1",2.63057400792389e-05,0.0624290005573675,2.63057400792414e-05,2.63057400792492e-05,0.174929710572546,0.15844871242892,0.490008226296212,2.63057400792368e-05,0.0144715172532164,0.00709785900251329,2.63057400792413e-05,0.0479008018748694,0.00683482984107636,0.00673145337050323,0.0220497906045664,0.00896656949781233
"CCAAACAGAACCCTCG-1",2.77531401533506e-05,2.77531401598275e-05,2.77531401185254e-05,5.82390305660263e-05,0.000265841867883892,2.77531401239997e-05,0.996261192384695,2.77521977283427e-05,2.77531401545348e-05,2.77523436950343e-05,2.7753140137856e-05,0.00186211941602906,0.00124732449670778,2.77531415960941e-05,2.77531401278575e-05,2.77531401225665e-05
"CCAACGATGCACTGAT-1",0.0150005969470524,1.07306361232248e-05,0.00639660877397969,0.0146050987778901,0.0123060293475088,1.26811329318301e-05,0.875463249667557,0.0398692683475356,0.0151735604718389,0.00347487862903265,0.000165811350226131,1.0730636122127e-05,1.07306361232391e-05,1.07306361095568e-05,0.0174785633738428,1.0730636125435e-05
"CCAAGCGTAACTCGTA-1",2.36349384598644e-05,0.00773303761702154,0.000855203741824462,7.01443176691758e-05,0.00357787773272754,2.39402998876489e-05,0.974355992117273,2.3634938462745e-05,0.00632422447908922,0.000641945425426726,2.36349384713824e-05,0.00208885356523036,0.0019843150242572,2.36349384528579e-05,0.00222629098726113,2.36349384854435e-05
"CCAATAGTGCCGTCGA-1",0.111566292028941,2.0102300708076e-05,2.01023007080759e-05,2.01023007080814e-05,0.188096124931416,0.0420481686529062,0.5214740440224,2.82982812335441e-05,0.0698159031704012,0.00571464866112581,2.01023007080759e-05,2.01023007080701e-05,0.0528825004133986,0.00823330373322206,2.01023007080737e-05,2.01023007080759e-05
"CCAATGTCACAGCAAG-1",5.68325863705011e-05,5.45793477038283e-05,5.4579347703817e-05,5.45793477038082e-05,0.768132072738454,0.0380658510668338,0.0657548973727578,0.000177582559653063,0.0123497411396291,0.00143334070739491,5.4579347697806e-05,0.107968032514174,0.00567959388085854,5.45793476577186e-05,5.45793477038187e-05,5.45793477038197e-05
"CCAATTGAATGTTAAT-1",4.68834285312036e-05,4.69531785052226e-05,4.68909374855795e-05,4.68841497435907e-05,4.68838450428509e-05,4.68841156521568e-05,0.999296657844279,4.68810662658591e-05,4.68920775524373e-05,4.68841498322243e-05,4.68841498559443e-05,4.68844591943526e-05,4.68841491686825e-05,4.68841494522602e-05,4.68841499267841e-05,4.68841495118812e-05
"CCACACTGAGATATTA-1",5.60374932091225e-05,0.00636939406477537,0.00550691924352709,5.60374932090907e-05,0.252328481604585,0.171107543598209,0.283208925574805,0.0773668716018445,0.0244808939527322,0.00817781470962582,5.60374932091229e-05,0.133123324558812,0.0339475509813063,0.00185614510248207,0.00230198503445892,5.60374932091169e-05
"CCAGCCTGGACCAATA-1",1.87829190778646e-05,0.0957147720035186,1.87829190778649e-05,0.03270382139025,0.0697242217645063,0.0668100460020741,0.652930950246663,0.00880300163140364,0.00146870306298682,0.00302299087401855,1.87829190778683e-05,1.87829190778668e-05,0.0407154683062524,0.0173551202006283,0.0106569899223089,1.87829190778653e-05
"CCAGGGACGTGGCCTC-1",2.49681885687716e-05,0.0792144782566532,0.0161042920746673,2.4968188568788e-05,0.103855840019093,0.184468148224365,0.439254172647599,0.014513011473819,2.49681885687674e-05,2.49681885687701e-05,2.49681885687737e-05,0.0336549851468698,0.0602148847834937,0.0182833175539047,0.0502870606881227,2.4968188568778e-05
"CCATGCCTGTTTAGTA-1",8.04965576749938e-05,0.124837392533947,3.21824876161371e-05,3.19816741920728e-05,0.0996984183919731,0.284628110322206,0.071151876095168,0.0107582206423742,0.0438228262791306,0.00219600533366564,3.1981674192072e-05,0.0486169616553391,0.305631750863131,0.00841783214100577,3.19816741920717e-05,3.19816741920721e-05
"CCATGCTCTGCAGGAA-1",4.49989525537093e-05,4.49984193967728e-05,4.49989526517347e-05,4.49989526566852e-05,0.00953567551929972,0.0110444204766732,0.977753015294458,4.49989540778413e-05,4.49989527151199e-05,4.49989526080472e-05,8.50201312599258e-05,4.49989525849879e-05,4.49989526667694e-05,4.49989526150661e-05,0.0010868806311754,4.49989526070497e-05
"CCATTAGCGATAATCC-1",0.1327950840589,0.00979685600253471,0.00795982308480171,0.0099808441626023,2.55795303277164e-05,0.145358903018618,0.483895764328601,0.124840039881203,0.031961072640272,0.0044496875331791,0.00172231147893685,2.55795303277168e-05,0.0269942924500947,0.0120698947926049,0.00620280383101093,0.00192146367598525
"CCATTCCCTGCCCACA-1",0.0475257483005238,8.35578279829599e-06,8.35578279827933e-06,0.0234094797864268,0.0580220494014476,0.0149354232298593,0.826421004506472,0.0129609673337915,0.003156381800102,8.35578213805371e-06,0.0035468249070295,0.00394720692053378,8.35578279827959e-06,8.35578280156026e-06,8.3557827982782e-06,0.00602477911768058
"CCCGCCATGCTCCCGT-1",6.94739312320749e-05,6.94738772873806e-05,6.94735124487836e-05,6.94739103781868e-05,0.000819142350096054,6.94742203538162e-05,0.979901029604825,6.94739101693291e-05,6.94739103186653e-05,6.94739111581006e-05,0.0110276987156126,6.94739530143113e-05,6.94739103971515e-05,6.94739098868865e-05,0.00128615346951005,0.0062017629033118
"CCCGTCAGCGTCTGAC-1",1.74484738998706e-05,0.000803643301700124,1.744847389838e-05,0.000133911296406052,1.74484739110817e-05,0.00472863190034096,0.986308156516929,0.00221354334704391,1.74484739059491e-05,0.000857416301845421,1.74484739060494e-05,0.00479766106789102,1.7448473897042e-05,1.74484766340899e-05,1.74484738984035e-05,1.74484738924599e-05
"CCCTGAAATGAGTTGA-1",0.0280431665647663,7.48349155645111e-06,0.000745868717987215,0.0421401911244497,0.00107797615141052,9.02272898758802e-06,0.847542585160804,0.0374441594059915,0.0278827040917518,7.48349155707389e-06,0.000245769888092156,7.48349155665398e-06,7.48349155666143e-06,7.48349353955613e-06,0.0112791118231346,0.00355202688285851
"CCGCACAAAGACCAAC-1",2.28187879288031e-05,0.00782190769511356,0.000283429322540546,6.2772687854153e-05,2.28187879333014e-05,2.28187879310783e-05,0.972350766050021,2.28187879221728e-05,0.00603672834283727,2.28187879220488e-05,2.28187879406085e-05,0.00591963126484882,2.28187879303727e-05,2.28187873820942e-05,0.00693457107580293,0.00040764325809141
"CCGGAATGGTTTCAGT-1",2.87987644815443e-05,2.87977628867613e-05,2.87993417291677e-05,2.87993417255743e-05,2.87991361063992e-05,2.879935019772e-05,0.997528625144045,2.87993417109745e-05,2.87995491043489e-05,2.87993415939365e-05,2.87993416731986e-05,2.87993311516409e-05,2.87993416921272e-05,0.00206818622840569,2.87993417889014e-05,2.87993417074773e-05
"CCGGGCGGTCTCGTCA-1",2.84947101303307e-05,0.00137088539211003,2.84947101417739e-05,2.87065204287912e-05,0.0100111426458525,2.84947101417292e-05,0.983781890439576,2.84947101262836e-05,2.84947101393628e-05,0.000273040354368966,2.84947101640812e-05,0.0042493875462945,2.84947101600423e-05,2.84947100939257e-05,2.84947101417301e-05,2.84947101297461e-05
"CCGTAAGTTGGTCCCA-1",4.0945298636236e-05,4.09452986373405e-05,0.00064026014143762,7.97513954676459e-05,0.0236580762925416,0.0278547387286726,0.863685301767143,4.09452986187893e-05,0.0490238669199695,0.00240232335564348,4.09452986928985e-05,0.00736724611893383,0.0140213320124997,4.09452969548993e-05,0.0110214314775146,4.09452986361248e-05
"CCTACTGCTTACACTT-1",0.00465934883616862,0.0335242746639596,2.65890985340084e-05,0.0162946347648701,0.406697845588983,0.103104766325442,0.355633769063112,4.2008413901962e-05,0.0156842742672409,0.0213474418763969,2.65890985340104e-05,0.00708150144643171,2.65890985340106e-05,0.0357971892608235,2.6589098534012e-05,2.65890985340108e-05
"CCTATGGGTTACCGTC-1",2.9671773898179e-05,2.96717739506107e-05,2.96717739451034e-05,4.84991812640941e-05,0.000150224891602975,2.96717739453166e-05,0.997850441166239,2.96717739140376e-05,2.96717739080416e-05,2.96717739682258e-05,2.96717739516066e-05,0.00159477347377695,2.96717739390621e-05,2.96717737890312e-05,2.96717739452604e-05,2.9671773962121e-05
"CCTCTCTCCCATCTAG-1",0.00101495774306931,1.11567575674646e-05,0.00265421308495344,0.0267532875973634,0.0244458548757343,0.0463162156392014,0.847940071602181,0.0351968823694562,0.000632328639514887,2.51905187129374e-05,1.11567575658996e-05,1.11567575673499e-05,0.0131825684761855,1.11567576021337e-05,0.00178264566575738,1.11567575673496e-05
"CCTGCTATTTGAGAAG-1",2.89965069848576e-05,0.00315029122468091,2.44268126583472e-05,2.44268126583616e-05,0.247805341257125,0.0856240677364963,0.370059038752477,0.0752422874404594,0.0630372745255672,0.00707748053090857,2.44268126583472e-05,0.0660342340693915,0.0675801005680039,0.0142387533246135,2.44268126583455e-05,2.44268126583376e-05
"CCTGGCTAGACCCGCC-1",0.0146608580242989,1.06431437494619e-05,0.0204650091287274,4.89304996793559e-05,1.06431437483182e-05,5.14501898715806e-05,0.930118455436358,1.06431437478311e-05,0.021881225762975,1.06431437463771e-05,0.00113485527809982,1.06431437486304e-05,1.06431437479162e-05,0.0115540705300056,1.06431437479025e-05,1.06431437479025e-05
"CCTGTAAGACATGATA-1",1.66569050185729e-05,0.0310085652684111,1.56081828805977e-05,1.56081828805925e-05,0.111280353417938,0.16528843280441,0.0326198980002034,2.07255304911513e-05,0.0115885302560003,1.56081834518539e-05,1.56081828867406e-05,0.0302721498407434,0.617123477440326,1.56081768240861e-05,1.56081828805984e-05,0.000687561444653931
"CCTGTCACCCGGGCTC-1",1.80689251425668e-05,0.00744529885309915,2.01298460806361e-05,0.00012420098664755,0.0102807373551345,0.058405229602914,0.895183440767864,1.80689251438923e-05,0.00385405316812219,0.00191846735374144,1.80689251515755e-05,0.0108845466736385,0.0117754818418081,1.8068925227214e-05,1.80689251425676e-05,1.80689251425676e-05
"CCTGTCGCCCGTAAAT-1",5.01608877710728e-05,0.0851428758080021,5.01608877710908e-05,5.01608877710892e-05,0.0514560289369768,0.326652726971568,0.114816064965081,5.01608877710892e-05,0.00335713059850636,0.00132253648996878,0.00221485708321491,0.0398354260534086,0.354895899486926,0.00670766117902468,0.0133479879884669,5.01608877710894e-05
"CGAAGTTGCTCTGTGT-1",8.62537702305183e-06,8.62537703095053e-06,8.62537702333016e-06,8.62537702305623e-06,0.000891677255906537,8.6253770230537e-06,0.998987567465467,8.62537702917553e-06,8.62537702496922e-06,8.62537701054951e-06,8.62537700780938e-06,8.62537702371618e-06,8.62537702623443e-06,8.62537731796583e-06,8.6253770237525e-06,8.62537703893337e-06
"CGACAGTTCGCGTTAT-1",0.240908549033621,0.0378657055185924,5.08673227377714e-05,5.08673227377714e-05,0.161036006871979,0.241486638469758,0.0945850526701222,0.0820585569343966,0.0211218828977253,5.08673217083934e-05,0.00317087830245498,0.00479223513312396,0.111903062235386,5.08673227255496e-05,5.08673227377721e-05,0.000817095320193052
"CGAGAGATGTGAACCT-1",4.52790969630925e-05,4.52881991476333e-05,4.52795509191879e-05,4.52795509125218e-05,4.52805808905384e-05,4.52845848902723e-05,0.999068392929454,4.52797118970087e-05,4.52821826200923e-05,4.52795509374643e-05,4.52795508131025e-05,4.52781400285262e-05,4.52795509500228e-05,4.52795509240753e-05,0.000297677717642697,4.5279551009255e-05
"CGAGGCTAAATATGGC-1",2.3449828408171e-05,2.34494273382899e-05,2.34498284704258e-05,2.34498284704343e-05,2.34498285982351e-05,2.3449828470459e-05,0.999648252485509,2.34503188202819e-05,2.34498284493965e-05,2.34498284486161e-05,2.34498283799058e-05,2.34498283378171e-05,2.34498284714326e-05,2.34498269108817e-05,2.34498284711174e-05,2.34498284458748e-05
"CGAGGGACTGCGGTCG-1",2.17447639285922e-05,2.1744795986129e-05,2.17425901506687e-05,2.17447638961319e-05,2.17489759941187e-05,2.17447638792939e-05,0.999673827944214,2.1743291344432e-05,2.17447637214975e-05,2.17447638677696e-05,2.17447638744972e-05,2.17447645041119e-05,2.17447639098191e-05,2.17447630412474e-05,2.17447638710331e-05,2.17447638171648e-05
"CGATACCTCGCGGACA-1",8.05457804226567e-05,8.05457804226485e-05,0.0592135618554584,8.0545780422656e-05,0.0918041620662209,0.303117333082716,0.249434482346859,8.05457804226572e-05,8.05457804226573e-05,8.0545780422656e-05,0.00367630766449296,0.129102541138713,0.153659270364206,0.0070765769884315,8.05457804226579e-05,0.00235194402994317
"CGATCCGACCCAGTGC-1",3.82230034212403e-05,0.000293857831807436,0.00252628380098833,3.82230034212234e-05,0.733855402108918,0.0224437711142426,0.0998230522439524,3.82230034212219e-05,3.82230034212142e-05,3.82230027378226e-05,3.8223003411241e-05,0.108114922669629,0.0246664399376863,3.82230034010422e-05,3.82230034212205e-05,0.00797048626611948
"CGCAAACACGAGTTAC-1",0.0130303114584818,2.44928952850773e-05,2.44928952828314e-05,0.02767334787379,0.00632154147051692,3.67042691771539e-05,0.900084001672597,0.0105344988606085,0.0176972503149374,0.0168756649781431,0.000632221429558541,0.00132034748247846,2.44928952799703e-05,0.00567164571329706,2.44928952828295e-05,2.44928952829586e-05
"CGCAATTACTTTCGGT-1",3.94581459448215e-05,3.94732285270129e-05,3.9526187261006e-05,3.94588215034823e-05,3.94587909132129e-05,3.94590081729334e-05,0.998626343741481,3.94589469949699e-05,3.94541588042919e-05,3.94589471539026e-05,0.000821155367781262,3.94588676297765e-05,3.94589468481687e-05,3.94589469676904e-05,3.94589469793479e-05,3.94589470371476e-05
"CGCAATTAGGGTAATA-1",0.0791862366936231,0.00621126415334714,0.0540101939437976,0.0149075800718883,0.0329406975308938,0.0589892835946734,0.44950797399988,0.0625271651872378,0.0185307991872227,0.0353443816936949,0.00286909986902869,2.6090969460915e-05,0.0194302498223427,0.140802672350697,0.0186988747502493,0.00601743618196268
"CGCATTAGCTAATAGG-1",0.0281316019966885,0.0335016701931461,0.00572332193645339,7.36004748848963e-05,1.19874570790111e-05,0.0386171841806412,0.811811230362185,1.19874570786978e-05,0.0319717553112006,1.19874569114885e-05,1.19874570781663e-05,1.19874570786974e-05,0.00483434369516886,1.19874570785446e-05,0.0452513796502476,1.1987457078697e-05
"CGCCGCCCATGCCTGT-1",6.89502181000765e-05,6.89503059417961e-05,6.89502896782984e-05,6.89505892038903e-05,0.00147521800162038,6.89502333219999e-05,0.991271946436888,6.89502331261046e-05,0.000340250382569956,0.000402573436247965,0.00260851695459751,6.89502447037444e-05,6.89502332567521e-05,6.89502335228384e-05,6.89502333931508e-05,0.00321199197382805
"CGCGTTCATGAAATAC-1",0.069104719188208,0.069699055193936,0.0087438456238924,6.97241342146268e-05,0.176326855025944,0.0536593924943076,0.395438667521265,2.55150553866126e-05,2.55150553866123e-05,0.0243429627376695,2.55150553866234e-05,0.01833492385259,0.134655922090557,0.0274487738172346,0.0146129150796087,0.00748569807441206
"CGCTACGGGACATTTA-1",0.000215627280511185,0.000106385676081913,0.000399864374303693,5.09035867681335e-05,0.431361361331411,0.281250537740028,0.0836711837168598,8.52939050645466e-05,0.00169524773567897,5.09035867680563e-05,5.09035867681321e-05,0.140257172498131,0.0538462415801979,5.09035866819179e-05,5.09035867681349e-05,0.00685656622797731
"CGCTCGACATAATGAT-1",2.94188103781115e-05,2.94188103806235e-05,0.00263868886568336,2.94188103906157e-05,0.00241084328208647,2.94188103906157e-05,0.982463345268153,2.94188104090712e-05,0.0110619974466119,2.94188104235853e-05,2.94188104073793e-05,2.94188104395919e-05,2.94188103688092e-05,2.94188097331393e-05,2.94188103898491e-05,0.00110151822375409
"CGCTCTCCGTAGATTA-1",1.53436913396699e-05,1.53436913501751e-05,1.53436913397949e-05,5.96990847707673e-05,0.00179019776086077,1.53436913396717e-05,0.997945749772454,1.53436913311355e-05,1.53436913361706e-05,1.5343691191914e-05,2.02290861940595e-05,1.5343691348137e-05,1.53436913369892e-05,1.53436911351958e-05,1.53436913356244e-05,1.53436913359704e-05
"CGCTGTGACGCCGCAC-1",7.24504958171401e-05,0.0410832958941536,0.018392967003925,4.76202585633612e-05,0.260782428651978,0.135426790572365,0.396442834320371,3.92604192666915e-05,0.0351674798802659,0.0175042459486664,0.000524822097662402,0.0441272559798653,0.0310989830782143,0.0167652469397798,3.92604192666872e-05,0.00248505803983946
"CGGAGTTTGAGAGACA-1",1.84622613468579e-05,1.84622613478313e-05,1.84622613457598e-05,1.84622613468165e-05,0.000244825195208127,1.84622613468606e-05,0.95558621660479,1.84622613479881e-05,0.0419529718580295,1.84622612882586e-05,0.00199443920593803,1.84622613311489e-05,1.84622613009558e-05,1.84622613389909e-05,1.84622613486753e-05,1.8462261343997e-05
"CGGCCACGCACAAAGT-1",0.000120614261725053,0.136551368321988,0.013347775730643,0.00294459484272518,0.0356513191744693,0.138707131130102,0.117372010383358,0.00498377027212673,0.0421792798235152,0.00731554230716553,0.00232806542989144,0.0197964196468577,0.126986617148256,0.341128973459544,0.0104659038059086,0.000120614261725053
"CGGGATCAATGTAAGA-1",0.00764206545121062,4.41650011337872e-05,4.41713939185556e-05,4.41650011316094e-05,0.0239749821605175,0.0222630021585945,0.918812368033165,4.41650011854762e-05,0.00578293337128692,4.41650010957675e-05,4.41650010860503e-05,0.0158301446304433,0.00409665107911209,4.41650020340775e-05,4.41650011604331e-05,0.00124452671292398
"CGGGCAGCTAAACCGC-1",0.00014193799066185,0.0507673647755184,2.38363290448365e-05,2.38363290448401e-05,0.0844269288375895,0.105919488777079,0.336621628739126,0.00416430545680789,0.0199703332067121,0.00853177671011377,0.000745300632032183,0.0381385764790631,0.318823666851602,0.0217970793378295,2.38363290448379e-05,0.00988010321872976
"CGTATTAAGAGATCTA-1",0.130310443734625,3.52758014354786e-05,0.0237853898001536,0.00213261832198998,0.200562579746888,0.118750259050883,0.302960020843986,0.0383364419551741,0.0480067332316098,0.00538260583088786,3.52758014354754e-05,0.0305255298928931,0.0530407577492864,0.0307301169674496,0.0108968656035045,0.00450908566779855
"CGTGTCCCATTCGCGA-1",0.00811997320165498,1.65665261693389e-05,0.00146511448808118,2.47129427235204e-05,1.6566526162843e-05,2.4384074722781e-05,0.966933542172484,1.65665261648445e-05,0.0101477174041268,0.00139788175617942,1.65665261643792e-05,1.65665261566443e-05,1.65665261676833e-05,0.00959379445052182,0.00121904207388866,0.000974438278631247
"CGTTGTTTCAATTCCC-1",0.138233602746092,1.84228998150859e-05,0.00666627532440069,2.98074069326147e-05,0.0604844348771477,0.072902534008809,0.595882722381107,0.0362299472359312,0.0191795221113585,0.012854842539253,1.97530194583773e-05,0.00741470083625191,0.0205167829693902,0.0111063394952097,0.0184418892490284,1.84228998150889e-05
"CGTTTCGCTCATTACA-1",0.122051982586109,6.82497817730989e-05,3.37771058360052e-05,3.3777105836005e-05,0.228646034944117,0.212935438896359,0.0576768274144608,5.37555445278295e-05,0.0740591932143862,0.00598523349971548,0.00185955134903531,0.0240091775905805,0.252767902555193,0.0129390194196364,3.37771058360053e-05,0.00684630188659835
"CTAATTCGCACGCGCT-1",0.0552610900660367,2.463413918683e-05,2.46341391853981e-05,0.00417633262800763,0.0282036239444188,0.0182398485660625,0.829583867599649,0.0172181907825209,0.00504853220393844,0.0275978250545045,0.000446640065559207,2.46341391817204e-05,0.0134956363993017,2.46341391984327e-05,2.46341391854073e-05,0.000605241994062805
"CTACGCACGGAGTACC-1",3.7017634178097e-05,0.090469200203432,3.70176341780881e-05,3.70176341780903e-05,0.291453677610331,0.173450849236725,0.331973484618389,5.21497782538812e-05,0.0212427194432971,0.00973501847694856,0.000320927694378486,3.70176341780901e-05,0.052219959794649,0.0273734526246059,3.70176341780904e-05,0.00152347234809963
"CTACTGCCACCTGACC-1",2.62335888457891e-05,0.00497768712249072,2.62337656852341e-05,2.68002175942513e-05,2.62337656739425e-05,2.62337656852329e-05,0.990145376510686,2.62324674075093e-05,4.7718816546499e-05,2.62356660569378e-05,0.000426638935694336,0.00272305870340275,2.62337656755802e-05,2.62337647147032e-05,2.62337656802887e-05,0.00141661537816068
"CTAGCATAGTATAATG-1",0.000115918237480643,0.0739223673209862,2.62997170716952e-05,2.83622793228644e-05,0.391000182702726,0.0758421503337044,0.330777519520267,2.62997170716867e-05,0.0488729828778622,2.62997160817164e-05,2.62997170716928e-05,0.0539323825999635,0.0145516027857572,0.00766315637448436,0.00315891933580446,2.92567643444873e-05
"CTAGTCACGTCTTAAG-1",5.24327046945893e-05,0.0663137308897138,0.0146749980752703,2.7057989840682e-05,0.0401780753208337,0.0910000671530429,0.512625795222631,2.70579898406794e-05,0.0251927773921821,0.00675778971289301,2.7057989840681e-05,0.0436054017868511,0.0403215217741736,0.0122576424113163,0.145459936046348,0.00147865754052698
"CTAGTGAAGGACAGGA-1",0.107256881961708,2.10872872808396e-05,2.10872872808383e-05,0.0438165503284936,0.0740643226819599,0.0564804123734223,0.67806662688352,2.10872872808403e-05,0.0148701465834957,0.0109676633356731,8.57165094196199e-05,2.10872872808441e-05,0.0142440683313373,2.10872872855651e-05,2.10872872808395e-05,2.10872872808399e-05
"CTAGTTGGGCCCGGTA-1",5.36521945818721e-05,5.3648330359493e-05,0.00012085599673366,5.365214341272e-05,0.00375514558287885,0.00460495492606414,0.978017771085773,5.3652143340936e-05,5.36521435984472e-05,5.36521434994788e-05,0.000627452722165111,5.36521433061234e-05,0.00772632858266908,5.36521426978198e-05,0.00466462557552215,5.36521433971086e-05
"CTATCGGGTCTCAACA-1",5.7384938543658e-05,0.168226843174009,3.80294886215598e-05,3.80294886215643e-05,0.223738372716087,0.0759300960335695,0.346034469098952,3.91890328421652e-05,0.0305249467615776,0.0111892282903915,3.80294886215595e-05,0.112525888494012,0.0295809668817072,0.0019624671352006,3.802948862156e-05,3.80294886215874e-05
"CTATGTCACTAGCCCA-1",1.80285951751847e-05,0.0148269528197462,0.00501814938144455,0.000133493553128825,0.00990879185701642,0.00632634166879135,0.885566859690937,1.80285951751722e-05,0.0151549321952524,0.00303945800124283,1.80285951808482e-05,0.0262382719554436,0.0315110636742636,1.80285953591672e-05,1.80285951751865e-05,0.00218554222666778
"CTCATTTGATGGGCGG-1",7.32882685882555e-05,7.32870902286099e-05,7.32882130146084e-05,7.32882205998452e-05,0.000631423402872991,7.32881629879869e-05,0.987664613271038,7.32882125613074e-05,7.32882180812155e-05,7.32882128208099e-05,0.00751888596537855,7.32882524762908e-05,7.32882124145723e-05,7.32882125635048e-05,7.32882119830733e-05,0.00330561987239077
"CTCGAGGTCGAACAGT-1",0.0072889298461708,0.114295759252335,0.0177617948044458,2.44933745997521e-05,0.12388101187298,0.192142788611479,0.409480150169093,2.4794019201036e-05,2.4493374599751e-05,0.00531723502535656,0.000814492400276784,0.0848745338287905,0.0269305051464462,0.0115786661629212,0.00553585873670443,2.44933745997497e-05
"CTCGCACCTATATAGT-1",5.92146509889403e-05,5.92110664605549e-05,5.92133240842735e-05,5.92144637495723e-05,0.00431484307392701,5.92122811104846e-05,0.986720478706802,5.92144637116656e-05,5.92144637914289e-05,5.92144637617534e-05,0.00127466507857941,5.92147219570441e-05,0.00437782045932002,5.92144637940831e-05,5.92144638718347e-05,0.00266083985409018
"CTCGGTACCACTGCTC-1",8.3219124269587e-05,8.32191241741652e-05,8.32191241557816e-05,8.32191242883435e-05,0.00759807529662097,8.32234162615165e-05,0.973347987740946,8.32191243530329e-05,0.00226461709256341,8.32191241742969e-05,8.32191243026952e-05,8.32191243176661e-05,8.32191243409633e-05,8.32191243830903e-05,8.32191243449864e-05,0.0157906860865034
"CTCTCACAATCGATGA-1",0.0352748488272169,0.0125936991145139,0.00763344304166603,4.23732254503871e-05,0.00665249605184807,0.0596775961974752,0.815470715183341,1.79299767684364e-05,0.000830812117840804,0.00175887997884436,1.79299767691216e-05,0.0437859884419917,0.0116157894168806,1.79299767523677e-05,0.00203022036244716,0.0025793481101944
"CTCTGGACGCCTGGTG-1",3.55384956152894e-05,0.0760573359080388,3.5538495615279e-05,0.0200329743998004,0.174813866361391,0.107108477434755,0.319386325325511,4.52236331642228e-05,0.00784337704528524,0.00526718299381375,3.55384956152788e-05,0.0718928490765121,0.200973040746745,0.0126831209447177,3.55384956152797e-05,0.00375407214780354
"CTGGAAATGGATGCTT-1",0.00714977677179486,0.0846681399047071,0.000360815331998664,5.79330431155272e-05,0.0384116637714679,0.164619972764356,0.309646551509492,5.79330431155334e-05,0.0220730593789132,0.0184377567257005,5.79330431155488e-05,0.0096759545312271,0.0337856276276352,0.294942576366496,0.00511763197912886,0.0109366742077356
"CTGTTCACTGCCTGTG-1",2.36651998696243e-05,2.36658323075389e-05,2.3665643511725e-05,2.36653419073326e-05,2.36653419331261e-05,2.36656640358696e-05,0.999081254839737,2.36653419551665e-05,2.36653419306154e-05,2.36653708516713e-05,0.000213181841266643,0.000397912872741711,2.36653419086065e-05,2.36653421671123e-05,2.3665341865623e-05,2.36653420105321e-05
"CTGTTCATCTCACGGG-1",4.31287435248439e-05,4.31064358497656e-05,4.3101537429071e-05,4.31067170560702e-05,4.31065012062936e-05,4.31065185241641e-05,0.995754141019366,4.31064682572757e-05,4.31066635770826e-05,4.31064680055428e-05,0.00243939817259913,4.31064724300691e-05,4.31064681892752e-05,4.31064682264862e-05,4.31064683077751e-05,0.00124605887745139
"CTTACACGGTATTCCA-1",0.13643305358656,3.47959295381869e-05,0.024870732714283,0.00490276351495792,0.0130295132596534,0.151281646248207,0.338716962508245,0.124485137203347,0.0667125045608261,0.0122452019405211,0.00212306613352348,3.47959295381896e-05,0.0117678679770512,0.0414057959665522,0.0675751197421484,0.00438104278504753
"CTTCATTGTCAGTGGA-1",8.96085845583798e-05,0.143471508221139,0.0337623985004287,7.14520053791283e-05,0.114236284818771,0.182485988850934,0.255908401065282,0.00142062502719981,0.0325379018618196,0.00214772208186222,7.14520053791228e-05,0.0229762103420752,0.141033914811396,0.0696436278130171,7.14520053791228e-05,7.14520053791212e-05
"CTTCGTAGATAGGTGA-1",4.61819456678859e-05,6.83745381020803e-05,0.0344904674893742,2.60055128688388e-05,0.577398562751723,2.60055128688388e-05,0.11579305261107,0.129174957288784,0.0236132927075376,0.00319839159341521,2.60055128688387e-05,0.104056776168661,0.00989539509788357,2.60055128684378e-05,2.60055128688339e-05,0.00213452024343802
"CTTGTACTTGTTGACT-1",4.66724412824315e-05,4.66695566164733e-05,4.66811888783191e-05,4.66720518168091e-05,4.66676887400184e-05,4.66723793053688e-05,0.999299901079711,4.66720518729253e-05,4.66856241633742e-05,4.66720515890656e-05,4.66720515858154e-05,4.66736277549851e-05,4.66720514880267e-05,4.66720516251069e-05,4.66720516982571e-05,4.66720518718991e-05
"CTTGTTGCTGAGTCAA-1",2.64119291912684e-05,2.64109140387594e-05,2.64109635877023e-05,2.64109249572901e-05,2.6408779534279e-05,2.64109635313736e-05,0.999303245027918,2.64095298104241e-05,2.64107746326959e-05,2.64116680812747e-05,0.0003270040289238,2.64106414864104e-05,2.64109635650655e-05,2.6410963634557e-05,2.64109634983716e-05,2.64109636088003e-05
"CTTTGGCTTTAGTAAA-1",0.137359845313654,1.82524847040944e-05,0.02299827867615,0.0212130098355598,0.0748787840225134,0.0221802155057939,0.528362701539858,0.122987292649038,0.0412689564116406,0.00107491890806869,1.82524847040963e-05,1.82524847040958e-05,0.01380084097154,0.00145046855178854,1.82524847040954e-05,0.0123516776755791
"GAAAGTGACTAACTGC-1",3.79410027364586e-05,3.7941780158004e-05,3.79387452584837e-05,3.79427878983449e-05,0.000126338786794385,3.79427905505649e-05,0.993734409533732,3.79427905661165e-05,3.79427890961037e-05,3.79427904582954e-05,0.00323860951522931,3.7942773905014e-05,3.79427906210274e-05,0.00244533554178103,3.79427905621953e-05,3.7942790652175e-05
"GAAATGGCGGTGTTAG-1",0.094848239780594,0.0602347671178685,0.011685366600747,0.00856379506036152,0.0934591240514279,0.210461837754527,0.26709940298793,8.12818655628778e-05,0.0132872469252203,0.00228047348236033,8.12818655629422e-05,8.12818655628765e-05,0.10311010530628,0.127291452495848,8.12818655628789e-05,0.00735306097458433
"GAACACACATCAACCA-1",3.03614192076038e-05,3.036141927224e-05,3.03614192063535e-05,3.03614192291976e-05,3.0361419285527e-05,3.03614192064364e-05,0.997624693697294,3.03614192189649e-05,3.03614192075338e-05,3.03639186352338e-05,0.000271651742135634,0.000436580651658095,0.00130273437889402,3.03614191844235e-05,3.036141919101e-05,3.03614191737159e-05
"GAAGCGTGAGGAATTT-1",4.99917653665712e-05,0.0634979661239847,0.0120566708452298,4.9554851948371e-05,0.0466568158863469,0.250614351720047,0.285489346585933,4.95548519483654e-05,0.0179906837601414,0.0047944742794475,4.95548519483668e-05,0.0769008299417185,0.218534474547701,0.0177356170470621,4.9554851948366e-05,0.00548055808922782
"GAAGCTTGCTGACCGC-1",1.78040761823194e-05,1.78040761959699e-05,0.00684320935041324,1.78040761843332e-05,0.00352893955460225,1.78040761843336e-05,0.978020691415442,1.78040761672663e-05,0.00982255197631501,1.78040761832485e-05,0.00126229237335493,1.78040761876583e-05,1.7804076178914e-05,1.78040761890406e-05,1.78040761721864e-05,0.000344274568047778
"GAAGTGATTTATCGTG-1",5.34809741841169e-05,9.95518495376e-05,5.23447739083306e-05,5.23447739197693e-05,0.441849782170789,0.137431173208958,0.137278706131759,0.0700304366973555,0.0233289483702301,5.23447739083201e-05,0.000314276168156618,0.152501523173261,0.0268475168463854,5.23447738801513e-05,0.010002880539859,5.23447739083148e-05
"GAAGTTTCCACTCAAT-1",0.0117223515451565,3.85062278174469e-05,0.0148123077949647,3.85062278174439e-05,0.830781845659939,0.0293868205660872,0.0252719925820648,0.0179659989834458,0.0121042510064312,3.85062277956197e-05,3.85062278210721e-05,0.0407471675586527,0.0169377207086173,3.85062277547293e-05,3.85062278174458e-05,3.85062278174326e-05
"GAATCGACATGGTCAC-1",0.0491327752763887,0.0214028105499676,2.70772524096914e-05,0.012511713104236,0.0377473810766259,0.0493350400154787,0.6094637377533,3.85722237842469e-05,0.00798845585009971,0.00988355385542799,2.70772524097747e-05,2.70772524096911e-05,2.70772524096915e-05,0.199983912751011,2.70772524096892e-05,0.00237666128163219
"GAATTATAGTGAAAGG-1",3.54790415741551e-05,0.0465262147642548,3.46284159312243e-05,3.46284159312191e-05,0.0464707005415882,0.344740577819087,0.285181721357023,3.46284159312254e-05,0.036191975569861,0.00737503014130355,0.00134155986104116,0.0428359987923844,0.188584257208267,0.000150962865075424,3.46284159312236e-05,0.000427008374814978
"GAATTTCTCGCTGCAG-1",2.78946908861813e-05,2.78946908715681e-05,2.78946908856277e-05,2.78946908856267e-05,0.00735732446390574,2.78946908856271e-05,0.978447934401786,2.78946908833292e-05,0.00161743681287747,2.78946908851467e-05,0.00721353260203198,2.78946908936047e-05,2.78946908649832e-05,0.00256588889200991,0.000502345693678308,0.00204448491576877
"GACAACGCAGCTTACG-1",5.29947887744877e-05,5.29970695478386e-05,5.29950667903823e-05,5.29950668225901e-05,5.29920988520988e-05,5.29950768192974e-05,0.995801299113116,5.2995066604059e-05,5.29954198066128e-05,5.29950666545993e-05,0.00258492330936365,5.29950586821054e-05,5.29950672863317e-05,5.29950644512073e-05,5.2995067066793e-05,0.000924842599361816
"GACACAAGGGAAGAAA-1",4.21197046671782e-05,4.21197046616299e-05,0.00286826119055758,5.48650769951183e-05,0.0104605109445065,0.0386868177264763,0.911726650755815,0.0104454753290315,0.00315511951034175,4.2117939102251e-05,4.21197047145697e-05,0.00452852677277948,0.00457774869498857,4.21197038861534e-05,0.0128729716344382,0.000412455607037828
"GACCAGAGCCCTGTAG-1",0.108100348124834,3.77799745082469e-05,0.00691863685749363,3.77799745082339e-05,0.299366243847548,0.0368508570927674,0.327461984207952,0.0823088087199841,0.0542556500089212,0.00882134314984864,0.00431384175302654,3.77799745082323e-05,0.00282803760768818,0.0384717728611917,0.0243104084837388,0.00587872736148095
"GACGTGTAGGGATTAT-1",3.17085792877448e-05,3.17091168987548e-05,3.17088735787703e-05,3.17088735786487e-05,3.17088736956038e-05,3.17088735786462e-05,0.997887033545067,3.17088735582054e-05,0.000837631061203407,3.17088735704761e-05,0.000863120088053798,3.17088735989539e-05,3.17088735035862e-05,3.17088735843891e-05,3.17088736553573e-05,3.17088735863996e-05
"GACTAAGATCATGCAC-1",1.9145761746605e-05,1.91457617433741e-05,1.91457617393919e-05,5.9294007859975e-05,0.00807175160986611,0.00294637514447436,0.980738734479524,1.91457617448997e-05,1.91457617414463e-05,0.00187059311882643,1.91457617457864e-05,0.00482651224548948,1.91457617410611e-05,1.91457617342277e-05,0.00131442753835778,1.9145761665208e-05
"GACTAAGTAGGCTCAC-1",0.0936736114627469,0.00423550137553419,0.0139927289959569,4.20966375256776e-05,4.209663752485e-05,0.041504883701175,0.421764374580558,4.20966375256793e-05,0.0129619915120681,0.0111224916834257,4.209663754591e-05,4.20966375272293e-05,0.00726546633794725,0.393184273887891,4.20966375223975e-05,4.20966375256796e-05
"GAGACTGATGGGTAGA-1",0.00494887912933106,0.110915165723422,0.0153591703403948,0.0197275022141892,0.0884945976681303,0.0987286003746321,0.535820347745156,0.00134290165905337,0.0515835298206758,1.79102480859782e-05,1.79102480859762e-05,0.0486956698091514,0.0108857083981015,0.0134262861254186,1.79102480859779e-05,1.79102480859778e-05
"GAGAGGGCGCGAGGTT-1",5.29717766739074e-05,0.000119084575265448,4.87765627181526e-05,4.87765627181511e-05,0.115252967114599,0.278945574774659,0.0876254389958208,0.0768413187456976,0.0119477464817729,0.00511048584585091,4.8776562718151e-05,0.146990438078673,0.276821314234703,4.87765626929651e-05,4.87765627181541e-05,4.87765627181512e-05
"GAGATCTGCTTGGCAT-1",0.203186972538512,4.02129745302061e-05,4.0212974530198e-05,4.02129745301937e-05,0.244070149933844,0.0830512567792328,0.360490841110677,0.0540700668276248,0.0112685213965486,0.00456969340660694,4.02129745302046e-05,4.02129745302384e-05,0.0161107744455323,0.0106806682738085,4.02129745302049e-05,0.0122597774404315
"GAGATCTGTCACTCCG-1",5.24039143746944e-05,0.000536743656660952,5.24050185007054e-05,5.24039143287756e-05,0.00654492969715292,0.0834721290460063,0.89682080645852,5.24039142061901e-05,5.24039143180449e-05,5.24039143059649e-05,5.24039143334437e-05,5.2403914240915e-05,0.0120489469791918,5.24039150823581e-05,5.2403914235259e-05,5.24039145419128e-05
"GAGGAATGGAGAGGTT-1",1.82842122946146e-05,1.82844091899591e-05,1.82842881055011e-05,1.82842122870406e-05,1.82841880119687e-05,1.82842122722777e-05,0.998166194452878,1.82842123137243e-05,1.8284212329477e-05,1.82842129190906e-05,0.00157782632602216,1.82842127166061e-05,1.82842118200714e-05,1.82842123548703e-05,1.82842122229049e-05,1.82842122613302e-05
"GATATGAGACACTAAC-1",4.87682681013546e-05,4.87532963331775e-05,4.87670419453148e-05,4.87675268822141e-05,4.88573422082001e-05,4.87481205679147e-05,0.995765193361142,4.87644638310397e-05,0.00171223824846188,4.87670927729655e-05,0.00100427359049969,4.87671452551867e-05,4.87670423999713e-05,4.87670414916719e-05,4.87670419225877e-05,0.000933033376185209
"GATCATTCCAAACATT-1",0.0106471880236231,0.15335906804788,3.71732105955805e-05,3.71732105955798e-05,0.0846718357660951,0.141020892791068,0.389635293328786,4.58037750806533e-05,0.0617536262625137,0.00974926196929512,0.00163834930661948,3.7173210595581e-05,0.0628922120689053,0.0730954814983665,0.0107049283899087,0.000674539140071512
"GATCCCTTTATACTGC-1",1.6651486797924e-05,0.00406850736123694,1.66514867979283e-05,2.40501228970221e-05,0.00318233446033107,3.83640328841981e-05,0.984092851614371,1.66514867949535e-05,0.00159535565091891,1.66514867906507e-05,8.58999209046661e-05,0.00425054936831832,0.00254552706056461,1.6651486796143e-05,1.66514867979085e-05,1.6651486797875e-05
"GATCGACACTATCTGA-1",0.00669621770649254,6.45620437291726e-05,0.0286493437130413,6.45620437290882e-05,0.0948951169758255,0.0544060563999835,0.364968115808063,6.45620437290903e-05,0.012877656765961,0.014879297120963,6.45620437584596e-05,0.0281172040057705,0.00655834996953188,0.387565269271964,6.45620437290904e-05,6.45620437290908e-05
"GATCGCGGGCTCTCCA-1",5.05484615603546e-05,0.000207876581039831,3.5605809980476e-05,3.56058099804753e-05,0.62658389876198,0.0994781547687421,0.0851159404314636,3.56058099804802e-05,0.0575126177332385,0.0147334634880951,3.56058099804751e-05,0.0651629919279378,0.0427508494260489,0.00196050543981042,3.56058099804761e-05,0.00626512393018093
"GATCGGTGGCCATAAC-1",2.96440339706719e-05,2.96440339288404e-05,2.96440339491969e-05,4.91424827221086e-05,0.0055031754562178,2.96440339492489e-05,0.992267430454429,2.9643515325244e-05,2.96440339841264e-05,2.96454145350279e-05,2.96440339843781e-05,0.000785025368486352,0.00106914100202275,2.96440346152775e-05,2.96440339512821e-05,2.96440339283342e-05
"GATGCGTCCTGCATTC-1",4.18455273746732e-05,4.18455273746799e-05,4.18455273746795e-05,4.18455273746791e-05,0.287768258258094,0.10718494939601,0.420934219363391,0.00253888493425636,0.0207841564963544,0.00633710235612626,0.00945966391885052,0.0979534452991,0.0385234793257688,0.00805878366260302,4.18455273746751e-05,0.000247829352572579
"GATTCCCTTGTCGCAG-1",5.86804733327643e-05,5.86766960095251e-05,0.00554824171946005,5.86786518731352e-05,0.000444608978802216,5.86786519310857e-05,0.984312602659704,5.86789671150516e-05,0.00484259242614201,5.86786520834263e-05,0.000563264633482191,5.86786503594689e-05,0.000314247606558221,5.86786535747368e-05,5.86786518216607e-05,0.00344633392775082
"GCAAATATTACGCTTT-1",0.0224910634931903,4.09546044101201e-05,0.013384659489976,0.042321420320906,0.315299512295578,0.0373984808639488,0.339287274543023,0.116269491664627,0.0029367861568213,0.00720520432554852,0.000688334050698664,4.27692272180913e-05,0.101254091453641,0.00129804830159362,4.09546044101229e-05,4.09546044101236e-05
"GCAAGTGCACAGAGAA-1",0.0723234867668123,1.28847514355241e-05,1.28847514355268e-05,0.035561182832699,0.0628276746853487,0.0841327645893241,0.604625345256352,1.2884751435524e-05,0.00720059049707115,0.00504257211537781,4.17583321781142e-05,0.0461653408203413,0.0276726531017853,0.0510218497717145,1.28847514355268e-05,0.00333324222525323
"GCAGATTAGGGATATC-1",2.81304594743158e-05,0.039698596521047,0.0240277866400111,2.81304594743362e-05,0.204772887003323,0.11345474018369,0.468622687213031,2.81304594743256e-05,0.0216081967826633,0.0100341204604249,2.81304594743254e-05,0.0569347044027788,0.0405467805158567,0.0201307175203284,2.81304594743219e-05,2.81304594743236e-05
"GCAGCACACAGCCCAG-1",7.83370179214949e-05,9.139634744676e-05,7.83370179215013e-05,7.83370179215079e-05,0.308309631642764,0.217612974475108,0.194098387358026,0.000132657702808244,0.0266364871085143,7.83370179215015e-05,0.00255823439858662,0.137975274477031,0.109932504187854,0.00218243019433198,7.8337017921503e-05,7.8337017921501e-05
"GCATAGAGCACTCAGG-1",0.0207703605060875,0.00464115703201795,0.0165410283416963,0.0337997982689452,0.304332638567672,0.102945000557161,0.463449310086658,1.8744729568964e-05,0.00572948636084402,0.00511941377465137,0.00279375751075829,0.00816942581752958,0.0212180840030743,0.0104343049841972,1.87447295689621e-05,1.87447295689619e-05
"GCCCAGTTGGTATGCC-1",3.76568855881362e-05,3.76547898714773e-05,3.76565332688131e-05,3.76571043380925e-05,3.76571043737705e-05,3.76571043230781e-05,0.996781494294296,3.76580850226878e-05,3.76574202630591e-05,0.0026737845538918,5.51803353049129e-05,3.76573722024396e-05,3.76571041635149e-05,3.76571042922531e-05,3.76571044079548e-05,3.76571043923795e-05
"GCCCGCGCGTTTGACA-1",4.73046263713825e-05,4.73049643307008e-05,4.7283895970845e-05,4.73039698152509e-05,4.73843897920222e-05,4.73056490529675e-05,0.999290374875828,4.73072806464308e-05,4.73018274333364e-05,4.73039839195655e-05,4.73039840946282e-05,4.73046155152858e-05,4.73039845858768e-05,4.73039842397173e-05,4.73039841916056e-05,4.73039842129586e-05
"GCCGAAATTCCTACGT-1",0.28388302669453,5.1698803810341e-05,5.16988038103581e-05,5.16988038103583e-05,0.352019849992942,0.165438002154594,0.0875299503311111,0.0404773099478282,0.0287101085362486,0.010530438605621,5.16988038103585e-05,8.57024392172987e-05,0.0246986246695167,5.16988038097223e-05,5.16988038103578e-05,0.00631679380553017
"GCCGCTTGTGAGAAAC-1",0.264186177867146,5.49781276000128e-05,5.49781276000212e-05,0.0137495759617942,0.170463463386408,0.222204232266074,0.249970521018113,0.0205243635155398,0.0179727313268042,5.49781276000363e-05,5.49781276000223e-05,5.49781276000228e-05,0.0280738132077887,0.00467466846209825,5.49781276000211e-05,0.00785058422263306
"GCCTAGCGATCTGACC-1",5.9247538859567e-05,5.92557440072256e-05,5.9241565781071e-05,5.92493306235014e-05,0.000826483767106324,0.0210711332108805,0.971907138456399,5.9248981359811e-05,5.9248989438648e-05,5.92493282268302e-05,0.00203677929933207,0.00164959372861893,0.00191638199513074,5.92493556482168e-05,5.92493543733882e-05,5.92493542144184e-05
"GCCTATTCCGATATAG-1",6.91318493962286e-05,6.91330425837007e-05,6.91375514666114e-05,6.91319595983307e-05,0.00154947036535225,6.91319412835513e-05,0.984944153509672,6.91319878711579e-05,6.91320161544214e-05,0.00205450945444054,0.00614825997564719,6.91319451951079e-05,6.91319877553215e-05,0.00454314843789775,6.91319879432245e-05,6.913198774245e-05
"GCGAAGCCATACCCGT-1",3.82749060138647e-05,6.31041197358013e-05,0.00571258482003261,0.00511915803934852,0.560823885694612,0.0560916322535069,0.313025271849079,6.05010595003335e-05,3.82749060138759e-05,3.82749052520832e-05,3.82749060138751e-05,0.0362439368452747,3.82749060138737e-05,0.0118260410849218,3.82749060138756e-05,0.0108042347986672
"GCGAGGCCCGAGCAGA-1",5.73637986942086e-05,5.73637986942154e-05,5.73637986942172e-05,5.73637986942168e-05,0.831890883820384,0.0641988221751872,0.0265612595430154,6.1065828336518e-05,0.00107407707888967,5.73637985763452e-05,5.73637987312422e-05,0.0339376202058235,0.0326520188978155,5.73637983812798e-05,5.73637986942155e-05,0.00916534206138841
"GCGAGTTCTGCAAAGA-1",9.25822323759533e-05,0.141022929784397,0.00532295375917088,0.00323841790641761,0.0797187636643192,0.176748556972396,0.202818903125417,4.97185442289086e-05,0.0268526609617127,0.00395145604046489,4.97185442288934e-05,0.0390436603943,0.282582540877466,0.0227100488773667,0.0157473697715095,4.97185442289073e-05
"GCGCTAATTGAATAGA-1",1.81795808606324e-05,0.154559254701837,0.00349012636890546,4.53167995927556e-05,0.133992229227313,1.81795808606229e-05,0.562825835256443,0.00467571610481765,0.0347618644526471,0.0350456302769948,1.81795808606246e-05,0.0313794782849651,0.0244756474485126,1.81795808730665e-05,0.0132222259040747,0.00145395685044203
"GCTAAGTAGTTTCTCT-1",3.22090872253844e-05,3.22090872017035e-05,3.22090872307418e-05,3.22090872277049e-05,0.00418650840453354,0.00758226910759893,0.986937547584132,3.22083812917991e-05,3.2209087207018e-05,3.22090871753191e-05,3.22090872539843e-05,0.000907166562053855,3.220908724561e-05,3.22090881114579e-05,3.22090872240223e-05,3.22090872867018e-05
"GCTAATACCGAATGCC-1",0.00975573757881131,4.02391069095994e-05,0.00541554679644036,4.32624321093087e-05,0.0131533297679093,0.0402350664140555,0.912506012470457,4.02391069368607e-05,4.02391068894731e-05,0.00299411383214566,4.02391069319831e-05,0.0036652693624963,0.0115941554959333,4.02391046926042e-05,4.02391069116325e-05,0.00039607121037004
"GCTCTAAACCCTGACG-1",2.57703830859874e-05,2.57703830891421e-05,0.00301019802411415,9.09630733208259e-05,0.00690472001590774,0.0564080199277423,0.903206392738151,2.57703830865549e-05,0.000592991537310683,2.57703830960704e-05,2.57703831530692e-05,0.0237543736158235,0.00582617800183648,2.57703841105719e-05,2.57703830859869e-05,2.57703830863294e-05
"GCTCTATGTTACGTGC-1",1.66677181437414e-05,1.66677181391327e-05,1.66677181469399e-05,0.00944009979546662,0.00122488690753332,1.66677181469418e-05,0.980948212827004,1.66677181464419e-05,1.66677181468629e-05,1.66677181384663e-05,1.66677181359193e-05,1.66677181562246e-05,1.66677181498581e-05,0.00818678785224877,1.66677181469937e-05,1.66677181500341e-05
"GCTCTCGGGTACCGAA-1",0.0227726660025948,0.0144761482451419,0.00285130430857274,0.000122265598838006,1.73079689247456e-05,1.9973518949756e-05,0.935078343194945,0.00278738289197192,0.0136997838376783,1.73079688660366e-05,1.73079689429212e-05,1.73079689353912e-05,0.00807097661905649,1.73079687161696e-05,1.73079689336087e-05,1.73079689317873e-05
"GCTGCTCTCCGGACAC-1",0.000123715800770031,0.0663092506449046,0.0169545281018767,4.06558704464987e-05,0.360362842474763,0.0297706245879349,0.381755449420281,4.32769554925653e-05,0.0133150984303223,4.04662652683158e-05,4.04662652683144e-05,0.103077209593073,0.011908952819701,0.0111130331631782,4.04662652683092e-05,0.00510396334145158
"GCTTCCGTCCCTAGAC-1",0.000104775857242658,0.000104775814937925,0.000104003035826898,0.000104392100892718,0.00673936777503422,0.00010477583774076,0.971534338677434,0.000104775837788665,0.00106951213203793,0.000585509103080006,0.00996493351442631,0.000104775838143399,0.000104775837775493,0.000104775837577682,0.000104775837741738,0.00905973696231908
"GCTTGATGATAATCAG-1",4.1946194716449e-05,4.19450228084489e-05,0.00212717239906652,4.19460221389028e-05,4.19459135367085e-05,4.19438581296181e-05,0.994869754432062,4.19456425214175e-05,0.00235918125018095,4.19462783450485e-05,0.000140543580490759,4.19442925882839e-05,4.19462785208279e-05,4.19462782796752e-05,4.1946278285961e-05,4.19462783283318e-05
"GGAATGCGCTAGCGTG-1",0.000126923860472028,8.4962899026479e-05,8.49634944431353e-05,8.49638113277134e-05,0.000349594029308769,8.49633278432854e-05,0.976515470006786,8.49631784242229e-05,8.49631783020723e-05,8.49630305650144e-05,0.00862192439937635,8.49631783524055e-05,8.49631777795937e-05,8.4963177400898e-05,8.49631786372811e-05,0.0134514920719552
"GGAGAAGTCATTGGCA-1",0.00654861555481224,1.71547682219484e-05,1.71547682248305e-05,0.0269505606637019,0.0205924104482594,0.000571420894915043,0.91201433337634,0.000195316582464546,0.00670140775889489,0.00987825348967915,1.71547682296165e-05,0.0108996111477815,0.00554514147380176,1.71547682238966e-05,1.71547682248289e-05,1.71547682248306e-05
"GGAGGGCTTGGTTGGC-1",3.9093455606182e-05,3.90930542405391e-05,3.90929765285693e-05,3.90932228328056e-05,3.90936642465241e-05,3.90937070794326e-05,0.999413652163334,3.90965302009804e-05,3.90386670023437e-05,3.90932228789286e-05,3.90932227537785e-05,3.9093222818406e-05,3.90932226498531e-05,3.909322202341e-05,3.90932228902037e-05,3.90932229143921e-05
"GGAGTGCCGCCCTGGA-1",5.16197299850405e-05,5.16197299728743e-05,5.16197613202622e-05,5.1619729903153e-05,0.00615948826595517,5.16197299031721e-05,0.987669308555701,5.16197299266951e-05,0.00182259461243183,5.16197299492939e-05,0.000236347207098038,5.16197298367317e-05,0.00172730437781933,5.16197299104979e-05,5.16197299055725e-05,0.00186875965038167
"GGATCCGGAATATACT-1",2.54509608647384e-05,2.54508695774226e-05,2.54507464088359e-05,2.54510490181832e-05,2.54509005927881e-05,2.54510490463638e-05,0.999618235285596,2.54507489911054e-05,2.54510490416834e-05,2.54510489728212e-05,2.545104891327e-05,2.54510475097119e-05,2.54510491696539e-05,2.54510483264643e-05,2.54510490849389e-05,2.54510488862639e-05
"GGATGACGCGAGTTTA-1",3.76630764549988e-05,3.7663076455015e-05,3.7663076455007e-05,3.76630764550115e-05,0.76200781274346,0.105478200719601,0.0167939745934684,0.0172319420513777,0.0303103133814561,3.76630764523326e-05,3.76630764699146e-05,0.0607074165213767,3.97537576063657e-05,0.00188169544513695,3.76630764550234e-05,0.00528524925132005
"GGCAATAGTCAATGAG-1",2.05856928326606e-05,2.05856928432526e-05,2.05856928228862e-05,3.37457570338298e-05,2.058569284083e-05,2.05856928229025e-05,0.999678051741262,2.05884972560931e-05,2.05856928153248e-05,2.05856928184703e-05,2.05856928395812e-05,2.05856927902732e-05,2.05856928339185e-05,2.05856905626722e-05,2.05856928265648e-05,2.05856927989058e-05
"GGCACTCCACTGGGCA-1",0.378399922547971,5.43799958451438e-05,0.0127606770564808,5.43799958451514e-05,0.378049940235026,0.00606809269498655,0.102454738322694,0.10590836929792,5.43799958451515e-05,0.00385717111681395,0.000481594163264009,0.00556119281657619,5.43799958451499e-05,0.0020130793876932,5.43799958451523e-05,0.00417332238134875
"GGCGGAGTAATATTAG-1",0.102873615269074,5.49814748230148e-05,0.0116481770064227,5.73676380960063e-05,0.274321947816691,0.0641077163696919,0.292392583563902,0.229779643203195,0.000942987121798267,0.00236232157811309,5.4981474822988e-05,5.49814748229888e-05,5.49814748229871e-05,0.0129329034131339,0.00203221180950669,0.00632859931108316
"GGCGGTAGGATCATTG-1",2.4658741708982e-05,2.465874170012e-05,0.00139243571414556,9.67295782135359e-05,0.00527954639674282,2.46587417037611e-05,0.981950663957667,2.46587417001816e-05,2.46587417035378e-05,0.000301749526700856,2.4658741771273e-05,0.00273253479205366,2.46587417057248e-05,2.46587420482568e-05,0.00753880680723209,0.000510263293202489
"GGCGTCCTATCCGCTG-1",1.70344673286115e-05,1.70344673279362e-05,1.70344673286155e-05,1.70344673286221e-05,0.000889685593728153,1.75487055142893e-05,0.966176946251718,1.70344673244357e-05,0.0203201536601309,1.70344673282616e-05,0.00248739800112986,1.70344673219527e-05,1.70344673242471e-05,1.70344665270623e-05,0.00865545388320096,0.00129950369943819
"GGCTATTAAGTTGTAT-1",0.109382807071941,1.993134499953e-05,3.37807265304772e-05,0.0190187327084219,0.13816373407391,0.0798228669504302,0.604221105185443,8.06311172455974e-05,0.00857122097199279,0.00987720494152591,0.00361274280888617,1.99313449995283e-05,0.0240732458907238,1.99313450040053e-05,3.62548497168977e-05,0.00304587866822908
"GGCTCGTGCCACCAGC-1",5.22295527030243e-05,5.22171717524846e-05,5.22310150088596e-05,5.22309353895232e-05,5.22308880771934e-05,5.22310278611925e-05,0.99751082724425,5.22311349502273e-05,5.22286959729491e-05,5.22310105463075e-05,0.0017579561709831,5.22310920387315e-05,5.22310151108692e-05,5.22310149356342e-05,5.22310150728361e-05,5.22310153472412e-05
"GGCTCTGCTCCAACGC-1",6.94333696615944e-05,6.943263022753e-05,6.9433406634028e-05,6.9433406600411e-05,0.00446758116349098,6.94334053855743e-05,0.99176835943875,6.94334069156286e-05,0.00216311657800435,6.94334065448042e-05,6.94334065183513e-05,6.94334123753248e-05,6.94334062031038e-05,6.94334066777785e-05,6.94334065619534e-05,0.000767742749449035
"GGGACTGCATAGATAG-1",6.39180914656046e-05,0.185272033557532,0.00504192500369155,3.51977027696134e-05,0.0429493959422179,0.1135625408729,0.409063550652094,3.5017534344075e-05,0.0136048389957268,0.0121566916228526,3.50175343440719e-05,0.0132566316070021,0.147655540571296,0.0292282443816269,0.0196233893233763,0.00841606660676059
"GGGAGAACTCACAGTA-1",6.10670662180352e-05,0.0640432272838212,0.0135077650467011,2.71008865034648e-05,0.363928523236411,0.0518013879271105,0.425745290305316,5.45537233875435e-05,0.0117035596868057,0.00356361443000544,2.71008865034672e-05,0.0521129761772536,2.71008865034669e-05,0.0133425306844528,2.71008865034646e-05,2.71008865034682e-05
"GGGAGGATGCCCGAAA-1",6.17090459421143e-05,0.0705661985864234,0.000395125126751467,4.69435626717935e-05,0.212815789386907,0.247121485292819,0.0652242527074346,0.00795524260886167,0.0591338817370068,0.0405622594122662,4.69435626717924e-05,0.0959027815486759,0.200026556733521,4.69435627037787e-05,4.69435626718002e-05,4.69435626717928e-05
"GGGAGTTAATGAGGCG-1",2.86064793743888e-05,2.86062359163729e-05,0.0101192150254469,3.05818789590463e-05,0.00441494717547596,2.86064793671608e-05,0.980185239761871,2.86029436729111e-05,4.73600178956665e-05,2.86064793829864e-05,2.86064793378623e-05,0.00310606604011012,2.86064793851656e-05,2.86064804218593e-05,2.86064793649347e-05,0.0018391355640173
"GGGCGATATGTGTGAA-1",2.56742396676435e-05,0.0483892518177474,2.56742396676433e-05,0.0285316221179207,0.206513516986741,0.0890759198332557,0.471027107112655,2.56742396676474e-05,0.037368542193302,2.56742407826034e-05,2.56742396676442e-05,0.0856205625075579,0.0205200746308531,0.0121347110713868,2.56742396676508e-05,0.000664646289459413
"GGGCGTACATTTATAT-1",1.83310146178691e-05,1.83301820387349e-05,0.000267965856528028,4.72984915370881e-05,1.83301820346213e-05,1.83301820455727e-05,0.999150442963672,1.83308355674098e-05,1.83301820378519e-05,1.83301820223748e-05,1.83301820449012e-05,0.000314329018353784,1.83301820597813e-05,1.83301813361815e-05,1.83301820460291e-05,1.83301820577746e-05
"GGGCTGCCTAGGGCGA-1",0.017037480623655,1.82304908197756e-05,1.82304908197763e-05,1.82304908197758e-05,0.119776128157086,0.188487943662799,0.513261179500299,1.84941885154934e-05,0.0321386878269243,0.00354969734196565,1.82304908197756e-05,0.086716878745517,0.0281560666049065,0.00265348981598492,1.82304908197755e-05,0.00811280107824776
"GGGCTGGTTAGTCGCG-1",0.144379821724364,0.00189736260653582,0.00857246527196558,0.00104252297949833,0.18543352529559,0.115123494008029,0.32052985507892,3.5669109299771e-05,0.0488197314750256,0.0511013518541579,7.62888960427076e-05,3.56691092997691e-05,0.0283712026602626,0.0760318052408517,0.0126243696375247,0.00592486505263209
"GGGTACTTCATGAACT-1",0.0516414241329541,5.56577911992817e-05,5.12676894421257e-05,0.0236505025395672,0.211705098308933,0.263031995757586,0.168928473851615,0.0708889599426895,0.0082254350156762,5.12676887300585e-05,5.12676894421281e-05,0.095690796726972,0.105701640116065,0.000223677370244206,5.12676894421283e-05,5.1267689442128e-05
"GGGTCACCGTGACGGT-1",0.237830599126893,3.6012931649773e-05,3.60129316497773e-05,3.60129316497787e-05,0.502209339749617,0.0438272755336423,0.0650427752035768,0.00487564128128243,0.0634257972822251,0.0239896125632072,3.60129316492587e-05,0.0318935968756568,0.020451606816277,3.60129316491557e-05,0.00623767797772459,3.60129316497782e-05
"GGTAGTGCTCGCACCA-1",0.0184823612768553,0.0227020516831942,0.0129618813085685,3.9835086023508e-05,0.0181427798809627,0.156797760456411,0.575532470596617,1.84483393945975e-05,0.0191145940452222,0.00850064431288845,1.84483393987543e-05,0.0543885499466606,0.0970376050420416,1.84483393840963e-05,0.0145346934152131,0.00170942793116394
"GGTATTGCCGAGTTTA-1",0.0579732881054468,0.106922649875686,0.00293495972036934,0.000160138781908503,0.172207957054725,0.0966088561664366,0.161672364810013,0.000160138781908501,0.0940116886010226,0.000160138782710321,0.00306448598161886,0.000160138781908502,0.0627235402012152,0.149697994776167,0.078268961204708,0.0132726983741553
"GGTGATAAGGAGCAGT-1",2.59626516981196e-05,2.59626517208266e-05,2.59626516922518e-05,2.59626516921764e-05,0.0166828995896071,0.0013411112058779,0.974220567428309,2.59626517106051e-05,0.000587355056600367,2.59626517401459e-05,6.48199764618437e-05,0.00142211676197098,0.00378831621511322,2.59626516571202e-05,2.59626517025471e-05,0.00168511255244585
"GGTTAGGCTTGGAGAA-1",0.0970663787229651,1.73286319983388e-05,1.73286319983395e-05,0.0230270886034835,0.0567083169485709,0.0943992843149071,0.631358371773883,0.00849653618723944,0.0397928938196606,0.00171016806283588,0.00236891112055784,1.73286319983388e-05,0.00823254549754121,0.00610632196375116,0.0234818575940839,0.00719933949452499
"GTAAGCGGGCAGTCAG-1",4.63775752939758e-05,4.63954282308124e-05,4.63745557322465e-05,4.63775703807895e-05,4.63786200417872e-05,4.63775825994111e-05,0.998264020836641,4.63781233744978e-05,4.63754500545837e-05,4.63775703272357e-05,0.00108667888525011,4.63775202956494e-05,4.6377570316228e-05,4.63775707807004e-05,4.63775703210952e-05,4.63775703602909e-05
"GTAAGTAACAGTCTGG-1",7.83198614127488e-05,7.83196901794864e-05,7.8302813133865e-05,7.83196977026982e-05,7.83206715711874e-05,7.83196632049068e-05,0.973464042211987,7.83196357228269e-05,0.00493065907293243,7.83196632049543e-05,0.00524328622643362,7.83196581631385e-05,7.83196631682246e-05,7.83196643818875e-05,7.83196629261378e-05,0.0154221921438751
"GTAAGTAGGGTATACC-1",2.89260293081148e-05,2.89254302253691e-05,0.000457434635695045,2.8925548149762e-05,0.00428798559157568,2.89255481497644e-05,0.987056683904131,2.89255482252458e-05,2.8925292060889e-05,2.89255482070384e-05,2.89255481654926e-05,2.89255482214696e-05,2.89255481438994e-05,0.00785078918341166,2.89255481844101e-05,2.89255481447864e-05
"GTACACTTACCTGAAG-1",2.59237733256744e-05,5.47526384782932e-05,0.00714386469636707,2.5923773325674e-05,0.264995729408045,0.116547088779289,0.465415465182493,2.59237733256745e-05,2.59237733256756e-05,0.00471119079003479,0.000882533210148601,3.12642101382706e-05,0.070926012829002,0.0207021634618883,0.0192407012118575,0.0292455384889548
"GTACGAGATTGCGACA-1",3.88417850119818e-05,3.88464753860395e-05,3.88419075322235e-05,3.88415051869214e-05,3.88416660833572e-05,3.88415051455818e-05,0.999417371641523,3.8841505101826e-05,3.88415054384656e-05,3.8841505127535e-05,3.88415051885888e-05,3.88414717572159e-05,3.88415052579288e-05,3.88415057220456e-05,3.88415052012431e-05,3.88415053360052e-05
"GTACTAAGATTTGGAG-1",2.80376416048591e-05,0.0257420227753796,0.02266741827057,0.00381719913835581,0.208858897263299,0.0252638210860514,0.546468703007475,3.75820545424999e-05,0.0346084432644062,0.013396094724845,2.80376416048511e-05,0.0722787923556665,0.00581107290101956,0.00951849305661218,2.80376416048528e-05,0.0314473471769627
"GTACTGGAGTTAGACC-1",6.88146834157298e-05,6.88535336420908e-05,6.88115727893936e-05,6.88115591463446e-05,6.88120299202151e-05,6.88115159634216e-05,0.998195492823798,6.88115725061653e-05,6.88122923202472e-05,6.88115727347944e-05,0.000841098973312104,6.88115797168272e-05,6.88115728975212e-05,6.88115719910356e-05,6.88115730704471e-05,6.88115727759207e-05
"GTATAGGACTCAGTAG-1",7.15382254585662e-05,7.15382156548468e-05,7.15364239421449e-05,7.15382346846229e-05,0.00544814682102544,0.00606047272773568,0.980809689584005,7.15382347365372e-05,7.15389980866396e-05,0.00121131133592641,7.15382347159374e-05,7.15382183391776e-05,7.15382347523262e-05,7.15382348438291e-05,7.15382347174982e-05,0.00568346004137531
"GTATCAGCTTGGGTTC-1",5.00817289022522e-05,5.00818763249874e-05,5.00814071467591e-05,5.00817288983571e-05,0.00492979708380683,0.00510635174830831,0.987114476155884,5.00817288406004e-05,5.00811788005058e-05,5.00817288155436e-05,5.00817289958624e-05,5.0081728675142e-05,5.00817288571354e-05,0.00210807649546286,5.00817288916001e-05,0.000190400223389673
"GTCACTCTCCAAATCT-1",5.17951872504454e-05,5.17648135623388e-05,5.17950735925422e-05,5.17950531423263e-05,0.00107248708075669,5.179518287717e-05,0.992088055936462,5.17950733690339e-05,5.17949397687424e-05,5.17950734219706e-05,0.0053842291614072,5.17950710705156e-05,5.1795073389439e-05,0.000833717133052579,5.17950733571278e-05,5.17950735199433e-05
"GTCAGAATAGTCTATG-1",1.79806124694124e-05,1.79806124727653e-05,1.79806124694163e-05,1.79806124672954e-05,0.00207900447927961,1.79806124694142e-05,0.983573050551165,1.79806124730685e-05,0.0127279205857605,1.79806124388313e-05,0.00140425703419108,1.79806124696497e-05,1.79806124557096e-05,1.79806124914287e-05,1.79806124575355e-05,1.79806124693678e-05
"GTCATGCACCTCCGTT-1",0.0346518023847842,0.1159503698357,2.64594800499935e-05,2.64594800499852e-05,0.0738815933052548,0.200913176265543,0.441895331160074,2.64594800499965e-05,0.0288676398023039,2.64594800499956e-05,2.64594800499938e-05,0.000968714271269124,0.101452954574101,0.00123320204062025,2.64594800499941e-05,2.64594800499935e-05
"GTCATGGACATGACTA-1",1.94312655284987e-05,1.9431265535694e-05,1.94312655185498e-05,1.94312655303262e-05,1.94312655329217e-05,1.94312655185613e-05,0.999708531587639,1.94306949716624e-05,1.94312655347084e-05,1.94312654833946e-05,1.94312655254548e-05,1.94312655501453e-05,1.9431265519029e-05,1.94312655679253e-05,1.94312655257584e-05,1.94312655180735e-05
"GTCATTAGAGCGAACG-1",1.34931807881952e-05,0.00551040569877477,0.00739686845852055,0.011584032875012,0.0568297391094306,0.0915212353133061,0.650026508872367,0.00621964692546647,0.0380076584609387,0.0114720689498498,1.34931807881772e-05,0.060906516628638,0.0492939095921174,0.011176689342374,1.42402308397428e-05,1.34931807881755e-05
"GTCCCAACGTAAAGTA-1",1.82963261194106e-05,0.0148667486290092,0.0158449983462411,1.8296326119406e-05,0.0338567757508406,0.189695235018588,0.56578533583212,1.82963261194141e-05,0.0264459425380854,1.82963264264113e-05,1.82963261203673e-05,0.0371775613358339,0.111210827545826,1.82963260995373e-05,0.00498850072033086,1.82963261194054e-05
"GTCCGGCTGAATTGCG-1",6.41265235838842e-05,0.0334859159066513,6.41265235838851e-05,6.41265235838852e-05,0.0728568540667191,0.094783849730475,0.275361586021956,0.000784334740733156,0.0163254905961678,0.017718160868116,6.41265236131386e-05,0.0121031506699979,0.0832134930006296,0.392982405257022,6.41265235838835e-05,6.41265235838843e-05
"GTCGGATATCTCAGAC-1",0.0644490169822152,1.66309250233919e-05,0.000490032884111052,0.00770170299893857,0.0185590987820218,0.0405981954327266,0.83986966100849,0.024090370368793,0.000353110589162558,0.00182257032426419,1.66309250240145e-05,1.66309249996649e-05,1.66309250229483e-05,1.6630925028436e-05,1.66309250229477e-05,0.00196645507915547
"GTGCGGGTCTCCAAAT-1",5.24256824773478e-05,5.24335128850755e-05,5.24256931243831e-05,5.24256909677046e-05,5.24229002289403e-05,5.24255699999515e-05,0.9961858873086,5.24256933214764e-05,5.24246199014813e-05,0.000402206302401724,5.24256930344938e-05,0.00139415825648794,5.24256932825847e-05,5.24256929733441e-05,5.24256930947723e-05,0.00138863599721866
"GTGCTCAAGTACTGTC-1",0.0962353851488876,0.000116050333253848,4.92348195224586e-05,0.00473348270239677,0.372828419317563,0.137180902964768,0.119801574917349,0.00991648973492064,0.0830150662437402,0.0156481483748028,4.92348195224598e-05,0.0264758321965109,0.0510598649093658,0.0436397032811485,0.0392013754167267,4.92348195224585e-05
"GTGGGCTTAGACACAC-1",1.61142383413233e-05,1.61142383407459e-05,0.0112511081491,3.94545463010249e-05,0.00516896206575963,1.61142383413234e-05,0.959597428436527,1.61142383390574e-05,0.0204942304681884,1.61142383438809e-05,0.00227668692610801,0.00102710126292389,1.61142383424359e-05,1.61142383604308e-05,1.61142383412957e-05,1.61142383415602e-05
"GTGTGAATAACTTAGG-1",7.94348901384445e-05,7.94329275862874e-05,7.94386369630846e-05,7.94349165486214e-05,7.94383698719902e-05,7.94340352599285e-05,0.996345557335779,7.94349163588735e-05,7.9434491170526e-05,7.94349160696119e-05,0.00254234994982407,7.94349524827133e-05,7.94349162170189e-05,7.943491278222e-05,7.94349167267085e-05,7.94349162212778e-05
"GTTCACAGGAGTCTAG-1",1.8043213900551e-05,1.80432139323455e-05,1.80432139002483e-05,1.80432139005473e-05,1.80432138917072e-05,1.80432139005498e-05,0.998561502009378,1.80432139061629e-05,1.80432139244377e-05,1.80432139121398e-05,0.00100065679171175,1.80432138767451e-05,1.8043213902466e-05,1.80432138160142e-05,1.80432138879857e-05,0.000203279418258226
"GTTCGCCATAAGTGCC-1",0.0248969906845013,0.0396640821710322,0.0112794230295956,4.86566225121839e-05,0.316565008862214,0.283335632025419,0.0775803016591851,8.76949517998414e-05,0.0203026170408299,0.0097276926262065,4.86566225039216e-05,0.0727615141335148,0.143059598060645,0.000544818265016797,4.86566225121815e-05,4.86566225121835e-05
"GTTGCACGGAGTTTCG-1",0.0114477962735109,1.175116051283e-05,0.0215954838246395,0.000153837593384731,0.0202888486524606,0.00110972716488815,0.901610227482084,0.0139559678680908,1.1751160515177e-05,1.17511608614171e-05,1.17511605133983e-05,0.00996303491012576,0.00859177887489899,1.17511604636936e-05,0.00531400107155746,0.00591054048149287
"GTTGGATTTGCGTTGG-1",0.116225482590277,3.79407547733768e-05,0.00208474981097,3.79407547733556e-05,0.636959737988638,0.0601861955504042,0.0911425308103341,3.79407547733749e-05,0.0359317102497186,3.7940754775281e-05,3.79407547733739e-05,0.04545300263041,3.79407547733751e-05,0.00597033369943316,3.79407547733726e-05,0.00578067138639948
"GTTTCCTGGAGGGTGA-1",0.100535958507451,1.93350401738682e-05,0.0143083844545209,0.0612309227759768,0.118495042339729,0.105120375806806,0.485947114770747,1.93350401738705e-05,0.00889237442474387,1.93350400106468e-05,0.000250958144453323,0.105083523494521,1.93350401738674e-05,1.93350401716642e-05,1.93350401738664e-05,1.93350401738664e-05
"GTTTGACCAAATCCTA-1",5.41837133210498e-05,0.159820672660239,0.0130767435900559,0.0053002237796851,0.0983459804218293,0.103961023531138,0.336910201861717,5.41837133210503e-05,0.037291790379223,0.0202521853957074,5.41837133210482e-05,0.0864352173493859,0.0334937083976294,0.0811351977333957,0.0237603200467094,5.41837133210497e-05
"TAACAAAGGGAGAAGC-1",4.69064683996108e-05,4.69350747190433e-05,4.70486197639415e-05,4.69364289561895e-05,4.69351963214062e-05,4.69360372158628e-05,0.996206706012284,4.69360297267559e-05,4.6935919234834e-05,4.69360293699718e-05,0.00070080280125169,4.69360360844952e-05,4.6936030071125e-05,4.69360297934531e-05,4.69360297486996e-05,0.00248224125705927
"TAACTATCGAAGGTCC-1",3.41483717789964e-05,3.41373957964036e-05,3.41601304602278e-05,3.41492690220287e-05,3.41481023303965e-05,3.41490354043402e-05,0.998663497669184,3.41419293565881e-05,3.41389865713437e-05,3.41489982765919e-05,0.000858434959982312,3.41490106958709e-05,3.41490353694229e-05,3.41490353077075e-05,3.41490351920957e-05,3.41490352717e-05
"TACGAACACGACTTCA-1",0.0738902025353597,0.0653961081059551,0.0210686532210283,5.13525420080202e-05,0.0682663277139963,0.123940762762091,0.291728436254392,6.4177113103494e-05,0.0290739007681351,0.0099633428748211,5.135254200802e-05,0.0286395836432255,0.167268103356761,0.0918319061822512,0.0287144378428554,5.13525420080199e-05
"TACGAGAACTTCACGT-1",0.136320361237807,2.8054954442232e-05,0.0349365357902086,0.0228689896251787,0.224639744889281,0.0711323893169444,0.494183131309248,2.80549544422333e-05,0.00974532906437729,2.80549541260477e-05,2.80549544422323e-05,2.80549544422299e-05,0.00252088007261655,0.00345625401355922,2.80549544422322e-05,2.80549544422324e-05
"TACGTGCACTATGCTG-1",8.06742789113633e-05,8.06727803346772e-05,8.06016170238095e-05,8.06741273596372e-05,0.00213606017842197,8.06741351622097e-05,0.985882045779858,8.06741350085004e-05,8.06742966305436e-05,8.06741349514348e-05,0.0109090424657656,8.06741347654521e-05,8.06741350993367e-05,0.000104835530944861,8.06741348394894e-05,8.06741349229925e-05
"TAGAAAGGTGGCGCTA-1",0.000105376676754318,0.000105376676668105,0.000105377279847358,0.000105376676754056,0.00815824815586067,0.00432448260976833,0.969943799281775,0.000105376676645573,0.00101624358003641,0.000105376676936271,0.00568311259407038,0.00267109629345996,0.00010537667687107,0.000105376676809188,0.000105376676790954,0.00725462679095235
"TAGAGTCTAAGCGAAC-1",0.048298410407564,0.135793770122352,0.0357257246015745,4.60100810580257e-05,0.102580201739764,0.105798024933495,0.332872881550454,3.64317279286959e-05,0.0587542342196151,0.0118099354373188,3.64317279286922e-05,0.0117583259227919,0.0853065648293664,0.0436609628855736,0.0274856580852867,3.64317279286905e-05
"TAGCTAAGTCCGGGAG-1",5.6469264768081e-05,0.0229458907356974,0.00206381228174507,0.00935728613276268,0.499277839255001,0.0125833448347005,0.297039724193328,7.13667962636735e-05,0.0155692009761494,0.00499894394533939,5.64692647680726e-05,0.113699798758452,0.00738061389683405,0.0147863011346555,5.64692647680706e-05,5.6469264768073e-05
"TAGGGTGTTTCAAGAG-1",1.96406877317644e-05,1.96406877373424e-05,1.96406877324855e-05,4.25983588503098e-05,0.00575809571833599,0.0276145447512179,0.948617559576395,1.96406877262894e-05,0.00233419583290524,1.9640687703397e-05,1.96406877444205e-05,0.0140580160095278,1.96406877324795e-05,1.96406872537855e-05,0.00139822356388209,1.96406875235852e-05
"TAGGTGAGCCCTACTC-1",2.00821233644183e-05,2.00797653330958e-05,2.0080643440276e-05,2.00797653673198e-05,2.00797654240477e-05,2.0079765367355e-05,0.989208843242657,2.00797653625861e-05,0.00840935751179935,2.00797653464165e-05,0.00212075911295913,2.00797121414645e-05,2.00797653292421e-05,2.00797653320615e-05,2.00797654083673e-05,2.00797653683482e-05
"TAGGTTCGAGTTCGTC-1",0.0441512583946068,0.0522585552234679,0.000232265201254552,3.39800019653635e-05,0.0632101082892754,0.380300161792037,0.260689812046659,3.71118618117668e-05,0.0154547178347784,0.00304018500294159,3.39800019653632e-05,3.39800019653651e-05,0.161349905266325,0.00719871498076812,3.39800019653632e-05,0.0119412840982126
"TAGTGCCCTCCAGAGT-1",0.10984885074905,0.0500300867272858,0.00633269785706499,4.11871731784365e-05,0.183474727244227,0.134437230474515,0.355591401358648,3.42990571635059e-05,0.0323799077164846,0.00211645433386102,0.0024335558312574,0.00265265186186836,0.0567510729792748,0.0391981493429459,0.0170989353408318,0.00757879195234354
"TATAAATCCACAAGCT-1",0.0030769392385887,4.40776484915276e-05,0.00446434891550552,4.40776484751982e-05,0.0191973570473438,0.0714070770285843,0.874742252164129,4.40776484325982e-05,0.000988549188824275,4.40776484904739e-05,0.000117756771380466,4.40776485023693e-05,0.0112262180748905,4.40776482361124e-05,0.0144709580315306,4.40776485942414e-05
"TATAAGTGAGGATAGC-1",4.18740518548576e-05,4.18562465202382e-05,4.18732362889938e-05,4.18729758222181e-05,4.18436362679511e-05,4.18710975383271e-05,0.999372084738091,4.18330754506424e-05,4.17784346581347e-05,4.18732219965476e-05,4.18732360515587e-05,4.1873104655686e-05,4.18732358000334e-05,4.18732359466531e-05,4.18732363624329e-05,4.18732366942255e-05
"TATCGATGATTAAACG-1",1.72915082277576e-05,0.00132314830937163,1.72915082277713e-05,7.62022537934134e-05,0.000311408455706923,1.7291508227773e-05,0.998061381149873,1.72915082328296e-05,1.72915082345639e-05,1.72915082289097e-05,1.72915082345765e-05,3.76532406585313e-05,1.72915082241087e-05,1.72915082998162e-05,1.72915082277728e-05,1.72915082311458e-05
"TATGCTCCCTACTTAC-1",1.93196451251782e-05,1.93196451272703e-05,1.93196451250106e-05,1.93196451288742e-05,0.00147127463766348,0.000176474103251358,0.988406797385488,1.93196451496293e-05,1.93196451235694e-05,1.93196451095592e-05,1.93196451161157e-05,0.00337598537429499,0.00635695240311235,1.93196449295319e-05,1.93196451371035e-05,1.93196451181631e-05
"TATGGATGTGCTACGC-1",3.52945602540654e-05,0.0787624414438899,0.000151790383220488,0.0256225372436789,0.123622632226833,0.0918945877506625,0.530741823270286,1.81288180330824e-05,0.0465237969802157,0.00559949147761494,1.81288180330805e-05,0.072254484051724,0.0246930528620265,1.81288180371387e-05,2.55524774576753e-05,1.8128818033075e-05
"TATGGGACCGAGCAGG-1",0.0812080004727438,3.62093581216837e-05,0.0146689803177632,0.00452586167869812,0.334432450106908,0.121146031042935,0.230292012304612,3.70703743629433e-05,0.0211658891610821,0.000470004424852848,0.00131200478060247,0.0972348554511317,0.0735914150383323,0.0105319398895243,0.00931170560015826,3.55699981709285e-05
"TATGGGTACGTATCGT-1",0.000123337149729844,0.0950074950617713,0.0420829717782917,0.000123337149729844,0.0816604876418751,0.161256311782268,0.272576000628916,0.000123337149729845,0.0183641080798122,0.0122521081165358,0.00425945875939566,0.0305379708693062,0.129709567496332,0.122331787879652,0.0215218841446365,0.0080698363120176
"TATGGTCTGAGTAACA-1",0.0528280426451644,3.83008015515607e-05,3.830080155156e-05,3.83008015515598e-05,0.250148012292247,0.171186601227932,0.328992527030584,0.00396861368527009,0.018039562422311,0.00380900619193725,0.00116822286992569,0.0246050621392395,0.10412377370906,0.0227042955432096,3.83008015515604e-05,0.0182730770369134
"TATTCAATTCTAATCC-1",0.00308107324442965,2.44669690231503e-05,2.44669690201509e-05,5.86271433063861e-05,0.00155121843035488,2.44669690201513e-05,0.986215355110343,2.44669690489864e-05,0.00474128666487017,2.44669692112599e-05,2.44669689847438e-05,0.00268600492003866,2.44669690131034e-05,2.44669684930782e-05,0.00105961698592067,0.000411081748922478
"TATTCGTGCCAGAATA-1",5.25035566486001e-05,0.0699104765420875,0.00618823201931034,3.54922391121721e-05,0.0510500778948976,0.115873895752806,0.275011360272003,0.0110156968263797,0.0148928145659059,0.00452256688992606,0.00269282932651596,0.0324373922103779,0.374002806306604,0.0422428711192009,3.54922391121704e-05,3.54922391121723e-05
"TATTTGTTACCCTTTA-1",0.0344664655065173,0.00105902236123432,0.00826210426661753,0.000104598586771135,1.66783899673312e-05,0.00553328122241438,0.912329895999745,2.04985284323299e-05,0.00738141024038192,0.000899939905931356,1.66783899558966e-05,0.0111468129535949,0.00881024433369873,1.66783899818725e-05,0.00679674532670633,0.00313894559804972
"TCAAACAACCGCGTCG-1",3.31004955091325e-05,3.3100495439767e-05,3.3100495463781e-05,3.31004954638098e-05,3.31004954234997e-05,3.310049546383e-05,0.998338333023552,3.31014027655585e-05,3.31004954866524e-05,3.31004955407463e-05,3.31004954106096e-05,0.00119825913215625,3.31004954689009e-05,3.3100495890635e-05,3.31004954760599e-05,3.31004954889462e-05
"TCAAACTTAGATTGTT-1",1.78827037869726e-05,0.263221984869247,0.0130860752238557,5.81569517952721e-05,0.0964240063819897,0.015104486287192,0.513811212834827,0.00145371468086974,0.0295341974453788,0.0243109844708685,0.00164857909171104,0.0261025752799037,0.00189447442296524,0.00471954241746481,0.00859424423435796,1.78827037869716e-05
"TCAACCATGTTCGGGC-1",0.0804130156819016,0.056271411209013,0.0160215224663972,0.00142849478363434,0.0310863745880804,0.0839288993282512,0.622566853215487,1.83249668941609e-05,0.0328716569481279,0.00463850750870825,1.83249668941593e-05,0.021066763175865,0.0279335905041509,1.83249668845366e-05,0.00971773444775761,0.0120002012419524
"TCACAGGTTATTGGGC-1",0.243935337034741,5.3318354991061e-05,5.3318354991065e-05,5.33183549910722e-05,0.282692425544991,0.037571823208672,0.230414442620415,0.0493790942962217,0.0615333661335691,0.0725425273750804,5.33183549910662e-05,5.33183549910688e-05,0.00548153925034913,0.0160762160510239,5.33183549910659e-05,5.33183549910668e-05
"TCACGCATTGTAGATC-1",0.230704820232147,7.88202562832343e-05,7.8820256283219e-05,7.88202562832158e-05,0.381459319231121,0.0539450837807145,0.149823012646186,0.0672527896646199,0.0711669881094682,0.00247443713386793,7.88202562832203e-05,0.00910051690020029,0.00544718312812692,0.022372816262562,0.0058589316295701,7.88202562832206e-05
"TCACGGTCATCGCACA-1",2.08833910934088e-05,1.81571825658247e-05,0.000648405056740496,0.000119117032473438,0.0210624102291563,0.055512684210318,0.846541168790489,1.81571825656401e-05,0.0267744918270381,0.000956802644897738,1.81571825724296e-05,0.0236548489095343,0.0136314190817855,1.81571825495185e-05,1.81571825656367e-05,0.0109869829136545
"TCAGCAAATGCATCTC-1",2.96110445322141e-05,4.93564355955601e-05,2.96110444863876e-05,2.96110444855427e-05,0.00044392184332118,2.9611044485549e-05,0.997241188829426,2.95824278019675e-05,2.96110444868587e-05,0.000748139952988626,2.96110444545719e-05,0.000235099259752716,0.000986211852082945,2.96110431280382e-05,2.96110444818066e-05,2.96110444895331e-05
"TCAGGGTGTAACGTAA-1",2.41399451696969e-05,2.41399451593439e-05,2.41389054366736e-05,2.41399451749836e-05,2.41383290508946e-05,2.41399452350739e-05,0.999637899435847,2.41439930622396e-05,2.41399451734791e-05,2.41399403952855e-05,2.41399450810996e-05,2.41399450939367e-05,2.41399451462184e-05,2.41399446594519e-05,2.41399451924904e-05,2.41399451220609e-05
"TCAGGTTCTTTGAGAA-1",0.0710279574335614,1.13073819272333e-05,0.0163147569078761,0.0216243709163052,0.00862520897901586,0.0108073344198049,0.746144608451714,0.0215158405760651,0.0464338671367097,0.00520688742421362,0.00326908332760747,0.00050919054205081,1.13073819272633e-05,0.00631567614658799,0.0365896443430381,0.0055929586315955
"TCAGTACTGACCCGCG-1",3.10201614176403e-05,3.10201614324752e-05,3.34547216050983e-05,3.10201614485118e-05,0.000245679774396667,3.10201614485107e-05,0.966449997920791,3.10201614730506e-05,0.0262982056614013,3.10201614302088e-05,0.00060822678591953,3.10201614116333e-05,3.10201614058984e-05,0.00387572534847628,3.10201614583214e-05,0.00220952833448392
"TCCACAATGGTTTACG-1",2.57279013187257e-05,2.57279013465485e-05,2.57279013218009e-05,2.57279013217987e-05,0.00304576867019348,2.57279013218006e-05,0.956254378667943,2.57279013242006e-05,0.0311133795532078,2.57279013368362e-05,2.57279013745542e-05,2.5727901265469e-05,2.57279013434802e-05,2.57279013340225e-05,0.00927773829272447,2.57279013217805e-05
"TCCACTTTATCTAGGT-1",7.47843912127638e-05,7.47547137428146e-05,7.47841785137529e-05,7.47835661535999e-05,7.4787496385118e-05,7.47844375747292e-05,0.996122957252197,7.47841787573289e-05,7.4785068485731e-05,7.47791506883427e-05,0.00169492924044541,7.4783929381233e-05,7.47841785319796e-05,7.4784178475446e-05,7.4784178435408e-05,0.00120994986101952
"TCCAGGCGAGTACGGT-1",5.60186248559793e-05,0.106942153960042,5.60186248559808e-05,0.0105264063152532,0.0486277576345481,0.148277617076114,0.282486133554077,5.6018624855979e-05,0.0795951970366564,0.0026067929132047,5.60186248559897e-05,0.0445385888995797,0.0650576671364793,0.153776186598462,0.0572854057513038,5.60186248559752e-05
"TCCCAAAGACGAAGGA-1",1.60492993893222e-05,0.000730452768387374,1.60492993875317e-05,0.000107767364570031,1.6049299403708e-05,1.82774715091017e-05,0.987631573901879,1.60492993830653e-05,0.000671407799099416,0.00177534672411967,1.60492993935613e-05,0.00382497037283903,0.000426011070550774,1.60492996407539e-05,1.60492993875328e-05,0.00470184743105992
"TCCCAGCTTTAGTCTG-1",0.100811091096417,0.169608825957243,7.395359265157e-05,7.3953592651571e-05,0.213934495452977,0.128510564761758,0.171781535167082,7.44071092377527e-05,0.119762937812498,0.00118982923561873,7.3953592651571e-05,7.48550149671339e-05,0.051151953756628,0.0427297366723155,7.39535926515708e-05,7.3953592651571e-05
"TCCCAGGCTTAGCTAA-1",0.150970057629899,5.42362784872891e-05,0.0259625996431486,5.42362784872908e-05,0.0793468519994796,0.165272262237261,0.33444037818871,0.0340087521392454,0.0360221575135022,0.014299864121665,0.00159483688724482,5.42362784872902e-05,0.0195028144816784,0.123218490522415,0.000138955737138354,0.0150592700631499
"TCCCGCGTACTCCTGG-1",4.08083512937253e-05,4.08047395485828e-05,4.08076750881912e-05,4.08083710698156e-05,4.08067819092349e-05,4.08083782562091e-05,0.999255598229391,4.08077414652675e-05,4.08132271019452e-05,4.08083712301974e-05,9.59409632567252e-05,0.00011795368623636,4.08083709349262e-05,4.08083710692114e-05,4.08083711568034e-05,4.08083709919034e-05
"TCCGATGGTGCGACAT-1",0.0341218665319546,0.00626326588502924,0.00308318473410684,0.000166616561966334,1.19293771522152e-05,0.0313057894423972,0.868091093188664,1.19293771519391e-05,0.0125402478311064,2.4891809470376e-05,1.19293771432449e-05,0.0150542913420799,0.00378799274301373,1.19293771637747e-05,0.0192726668595021,0.00624037556209785
"TCCGATTACATTGCCG-1",0.0115409277005189,1.1220181236355e-05,1.12201812362795e-05,1.49229154107093e-05,0.0131078279940611,5.80570159302984e-05,0.969729146735579,1.93583698415361e-05,1.12201812362793e-05,0.00141089481854812,0.00115981063300376,1.12201812361067e-05,1.12201812362866e-05,5.31309737792786e-05,1.12201812365355e-05,0.00283860175590924
"TCCTCTACGAGATGGC-1",3.24942432765926e-05,3.2494243270263e-05,0.0108882050835693,3.24942432726015e-05,3.24942433398598e-05,3.24942432727504e-05,0.935895043156563,3.24942432576508e-05,0.0513235806649781,0.000738839647469438,3.24942432728488e-05,3.24942432709682e-05,3.24942431470765e-05,3.24942432474518e-05,0.000663053275100549,0.000166335739691293
"TCCTTTCTTACGCTTA-1",2.6247500297105e-05,0.0884783436028687,2.62475002971019e-05,2.62475002971129e-05,0.177940816340973,0.171676529310434,0.431732731556906,2.62475002971041e-05,0.0740062216417161,2.62475001730638e-05,2.62475002971044e-05,2.62475002971007e-05,0.0388829209529751,0.0164314455037492,2.62475002971046e-05,0.000641011088124532
"TCGAAATTTAGGACCA-1",0.157547490595675,2.48622424892499e-05,0.0326839379682703,0.0256882817373927,0.0998058545475398,0.00906380373555093,0.459373628669065,0.0571139157567555,0.0201180498577116,0.0131308181506449,0.00343599132364973,2.48622424892882e-05,0.00978568143948781,0.0497821321887931,0.0549423598156337,0.00747832972885157
"TCGAGACCAACACCGT-1",0.000159007212497919,6.19274551002466e-05,3.45943113514901e-05,3.45943113514881e-05,0.364082022805124,0.241580053914101,0.126109193075319,6.10398969184926e-05,0.00364804561979352,3.459431135149e-05,0.000252905473678635,0.00013790065290774,0.252458489501769,0.00355293561652789,3.45943113514902e-05,0.00775810153085643
"TCGCTCGATATATTCC-1",0.0454440549696277,0.0233300918480259,0.0285673018243943,0.00014667376616134,0.00632204046204345,0.0445259883512816,0.807765373697248,1.29743643127442e-05,0.00680346167768995,0.000503960445813867,1.29743643078068e-05,0.017103199479592,0.0194229816565816,1.29743642940192e-05,1.2974364312746e-05,1.2974364312746e-05
"TCGCTGGGCGGATTGT-1",6.76679598968419e-05,6.785286435258e-05,6.79021121507285e-05,6.78576128277428e-05,6.78575429395912e-05,6.78556688901343e-05,0.993622495455923,6.78573226358106e-05,6.78568122308824e-05,6.78576268250899e-05,0.00329980057617829,6.78540721867589e-05,6.78576259779811e-05,6.78576251649449e-05,6.78576264191224e-05,0.00219571149540077
"TCGGACGCCCAGCCCA-1",3.50066265381271e-05,3.50070218195419e-05,3.50054002812739e-05,3.50067855659539e-05,3.50073937166e-05,3.50067855999989e-05,0.997132790498782,3.50061598497572e-05,3.50067855496717e-05,3.50067855486299e-05,0.000490667520326528,0.000510224829961948,0.00144623705063429,3.50067846805774e-05,3.50067855643663e-05,3.50067855804478e-05
"TCGGAGTACATGAGTA-1",1.89329674999973e-05,1.89329675000092e-05,1.8932967499997e-05,2.86941433546508e-05,0.0424387076422523,0.035750857180659,0.877507218991386,1.89329674998136e-05,0.000929237021330231,1.89329675040157e-05,1.89329675041811e-05,0.0381907934682277,0.00498409484536277,1.89329674209323e-05,1.89329675000199e-05,1.89329674984039e-05
"TCGTCCGCTGGCGTCT-1",0.00437243350010867,4.23567168035378e-05,4.23567167869523e-05,4.23567167872171e-05,0.021533642484116,0.017275536507951,0.94915577722157,4.23567167922817e-05,4.23567168069202e-05,0.00181924059576293,4.23567168109943e-05,0.00525000213382159,0.000212157105514141,4.23567167897769e-05,4.23567167642458e-05,4.23567168136648e-05
"TCTACCGTCCACAAGC-1",3.07757195479319e-05,3.0775709160597e-05,0.000650763345559985,3.07757195636686e-05,3.07757195846574e-05,3.07757195636929e-05,0.998781003274628,3.07757194578398e-05,3.07757195985829e-05,3.07757195415374e-05,3.07757196265167e-05,3.07757196230624e-05,3.07757195564846e-05,3.07757181810509e-05,3.07757195643042e-05,0.000168149037242103
"TCTAGCATCTTCGATG-1",0.0192130697518047,2.73150420849015e-05,0.019533837419976,2.73150420848981e-05,0.28920560375424,0.097641325201237,0.47329084103718,2.73150420848977e-05,0.0157697675023945,2.731504169487e-05,2.73150420849014e-05,0.0814204100104425,2.73150420849021e-05,0.00370662498643602,2.73150420849009e-05,2.73150420849017e-05
"TCTAGTTATCAGAAGA-1",0.0898059487553017,0.0765175437539595,4.88384646693101e-05,4.96015139228837e-05,0.199899964846742,0.21501333071236,0.211217022005488,6.65604391767285e-05,0.0481220485435819,0.0104360893380223,0.00100306021604566,0.0134588498219912,0.0822139228264492,0.0206721786036038,0.0314262016940168,4.88384646693097e-05
"TCTATCGGTCGCAACA-1",5.63472074115391e-05,5.63472073416737e-05,0.00409152938162886,5.63472072951177e-05,0.0112274260811566,5.63472072951137e-05,0.979434337394433,5.63472072913968e-05,5.63472073450518e-05,5.63472075608015e-05,5.63472072800184e-05,5.63472072799976e-05,5.63472073424267e-05,5.63472073134908e-05,5.63472072951089e-05,0.00457054065472986
"TCTCTAATAGCTGGTA-1",4.99139366713837e-05,4.9907469648106e-05,4.99151010102546e-05,4.989463308469e-05,4.99151981074112e-05,4.99148151281978e-05,0.99766867391351,4.99148066193729e-05,4.99181618276951e-05,4.99148061614803e-05,4.99148065132149e-05,4.99138893175494e-05,4.99148065764718e-05,4.99148061896352e-05,4.99148062449155e-05,0.00163254404338926
"TCTGAACCGGTCGGCT-1",4.50920453674007e-05,4.50455077031404e-05,4.50838653448702e-05,4.5092972634587e-05,4.50931107509852e-05,4.50895228614005e-05,0.999323669784426,4.50930058210177e-05,4.50891507231765e-05,4.50930057001126e-05,4.50930052374376e-05,4.50930018292544e-05,4.50930053691446e-05,4.5093005434497e-05,4.50930052267934e-05,4.50930055697179e-05
"TCTGCCAGAAACTGCA-1",8.13429018621775e-05,8.13086477486084e-05,8.13434020972266e-05,8.13432705012505e-05,8.13444139553315e-05,8.13460411306109e-05,0.996027052606122,8.13232063933841e-05,8.1347000888424e-05,8.13434015539924e-05,0.00209693315581573,8.13469469444281e-05,8.1343402802138e-05,8.13434042155044e-05,8.134340203038e-05,0.000818594795939157
"TCTGTGCCATCATAGT-1",4.85334791897871e-05,4.84830547457397e-05,4.84630617998135e-05,4.84871176868093e-05,4.84983016247064e-05,4.84598214795711e-05,0.99462392128811,4.84871177858246e-05,4.84802100172087e-05,4.84871180176279e-05,0.00345402755586998,4.84871209178574e-05,4.84871183635205e-05,4.84871183779522e-05,4.84871178505761e-05,0.00129172339816284
"TCTTCGATACCAATAA-1",2.57249294306478e-05,0.170477413835768,0.012107907218792,2.57249294306592e-05,0.127037978031651,0.0519786458793407,0.431993622338366,2.57249294306567e-05,0.00998368652772623,0.00503587399587312,0.00193341375112082,0.0732267891734151,0.111378164277568,0.00471788032322481,2.57249294306521e-05,2.57249294306528e-05
"TCTTGATGCGTAGCGA-1",0.023145588072274,0.00402724050836361,0.0129810697460169,6.97671156148317e-05,0.00053968544195113,0.00181721630937633,0.893133361903858,0.00761810389842665,0.0134007551361465,0.00364839822999665,1.16921365167774e-05,0.0247093484139001,0.0103816481067509,1.16921365183032e-05,1.16921365193468e-05,0.00449274070777014
"TGACCCACGTTAGACA-1",0.108567146265449,0.000949173142532597,0.0050802972417563,5.78842195514378e-05,0.180301685438985,0.0885048223250273,0.402809490116036,0.109026288766169,0.0332155702415331,0.00508865959191059,2.54496636000302e-05,2.54496636000293e-05,0.0228116638584252,0.0263800314246972,2.54496636000299e-05,0.0171309383771277
"TGATCGGTTTGACCCT-1",2.55990212441918e-05,0.113477179588267,0.0221019305778629,0.00335956518548441,0.0673781229691824,0.084653700935041,0.416523555124587,2.55990212441926e-05,0.033634830805846,0.0132504753112686,2.55990212441915e-05,0.0199923481813977,0.0212268503908329,0.185932917190956,0.0123176474303512,0.00607407924518949
"TGATCTCCGGCGCCAG-1",0.132535207157837,0.0384210192437875,0.0176430316485467,5.23739060838517e-05,0.140818150318151,0.278906363161274,0.269507839631184,5.60583818527801e-05,0.0174689677383156,5.23739060838526e-05,5.2373906083852e-05,5.23739060838547e-05,0.0618020274825185,0.0425270918000296,5.23739060838507e-05,5.23739060838514e-05
"TGATTCGTCTATCACT-1",0.20705275719111,3.42092021245579e-05,0.0177587757803645,3.42092021245582e-05,3.88134834803612e-05,0.0649296305194146,0.396214422452334,0.158813719946457,0.0956704394524598,0.00271463885592437,3.42092021245566e-05,3.42092021245569e-05,0.0155552484671105,0.00652144020771332,0.0327671745652845,0.00182610226984949
"TGCAAGAATGACGTAA-1",3.87526656226264e-05,0.163854740436522,3.87526656226234e-05,0.0733313974486463,0.235277797945855,0.025522991768401,0.352267237161357,3.87526656226257e-05,0.00956024062222793,3.87526645141288e-05,3.87526656226251e-05,0.0672633685696244,0.0581027820073514,0.0145481753817649,3.87526656226251e-05,3.87526656226208e-05
"TGCAGAGTACCGAGCA-1",0.0505326889962551,5.52230355293228e-05,0.0093164333788221,3.72843032109684e-05,0.609656917046582,0.0673758820042941,0.0430910653630294,0.0533571410983014,0.020355286129292,0.00959673970161821,3.72843032109754e-05,0.106516104827125,0.0299600969018715,3.72843044365272e-05,3.72843032109783e-05,3.72843032109766e-05
"TGCGCAAAGCATTTGG-1",0.0436928099833773,0.0410640876468047,1.20640606912061e-05,0.00927418930744357,0.0131817789597539,5.63830386694552e-05,0.84018374857025,1.2064060691203e-05,0.00508908785330096,0.000735806920769919,1.20640606917862e-05,0.0391288740250633,1.26387847166411e-05,1.20640606909504e-05,0.00752027460639345,1.20640606912031e-05
"TGCGCGATTAACGGAG-1",0.0498450518540766,1.18266267625688e-05,0.00545668627736966,0.0261914842921478,0.00731199411343556,0.0369132550815481,0.807934786847698,1.19555274070026e-05,1.18266267660572e-05,0.0278341953493245,1.18266267636989e-05,1.18266267643249e-05,0.00447350157108216,0.0337360704990259,1.18266267639387e-05,0.000231885453063706
"TGCTGGTTGGACAATT-1",3.71683043732268e-05,3.71685306851083e-05,3.71936839613542e-05,3.71687037570141e-05,3.7189446516302e-05,3.71687037579337e-05,0.999429820564454,3.71687200642632e-05,3.71687037301309e-05,3.71687038261262e-05,3.7168703948141e-05,4.97724165349576e-05,3.71687038230885e-05,3.71687030713952e-05,3.71687036978692e-05,3.71687037986973e-05
"TGGACTGTTCGCTCAA-1",1.9473819756874e-05,0.0343184979125088,0.0128442175936914,0.00892235470781304,0.0405840268512562,0.114930347608221,0.753252120126519,1.94738197568743e-05,0.00543437385098908,1.94738201068975e-05,0.00278813282940155,0.00400149081856349,0.00501742044443015,1.94738197421063e-05,0.0178096481574862,1.94738197568734e-05
"TGGAGTGATGCGATGA-1",0.000773838876273187,1.66052609137774e-05,3.73107829598478e-05,1.82883138761038e-05,0.00810927729035649,0.00166393368737716,0.970059905287021,0.00343113992581685,0.000223599975067857,1.66052609170395e-05,0.00126721648291376,1.66052609145978e-05,0.00108634671138397,0.00581740178938772,1.66052609151274e-05,0.00744531983390496
"TGGCCAAACTGAAGTA-1",6.21532470538809e-05,6.21524415090986e-05,6.21525841739791e-05,6.21532303006846e-05,0.00496128460110457,0.00531814844390047,0.980244431666676,6.21532304521266e-05,6.21532303292332e-05,6.21532303161238e-05,6.21532303122084e-05,0.00480635101231722,6.21532304710382e-05,6.21532303453753e-05,6.21532303165649e-05,0.00398610016042089
"TGGCCGTATATTGACC-1",0.024933971862753,1.68782258663258e-05,1.68782258668244e-05,0.011139826816999,0.0311530544063893,0.0294285291012248,0.828999588544859,1.68782258668259e-05,0.0207491019749067,0.00551239217720391,1.68782258665727e-05,0.0127384662474862,0.00520896882667582,0.0300348306863026,1.68782258668263e-05,1.68782258668257e-05
"TGGCTTTGGGTAGACA-1",0.00146342005022297,5.38289064853847e-05,5.38289064632071e-05,5.38289064632117e-05,0.00603623842736659,5.3828906463206e-05,0.990502617976659,5.38289064886748e-05,5.38289064240692e-05,5.38289064261949e-05,5.3828906462299e-05,5.38289062732302e-05,5.3828906566504e-05,0.000552025844622129,5.38289064632044e-05,0.000853579730150301
"TGGTTCGTAGCAAAGG-1",2.23078383008475e-05,2.23078383151952e-05,2.23126558027216e-05,2.23078383106996e-05,2.23078383040118e-05,2.23078383107344e-05,0.999665377692922,2.23078382782773e-05,2.2307753276434e-05,2.23078383493172e-05,2.23078383062565e-05,2.23078382378089e-05,2.23078383236351e-05,2.23078384135133e-05,2.23078383107533e-05,2.23078382374903e-05
"TGTGTCGCGAGTTGCA-1",0.0146138115496427,2.71928737560526e-05,2.71928737485072e-05,2.71928737485092e-05,0.0132943892689625,0.0234638172622799,0.931960852683109,2.71928737488123e-05,2.71928737389757e-05,0.00534819773332789,2.71928737860938e-05,2.71928737523491e-05,0.00279314325692557,0.00755182359099778,2.71928737495422e-05,0.000756421664725576
"TGTTCCGCTTCCATGA-1",0.0235808028738264,3.80863177829441e-05,0.00490516802231813,3.80863177829417e-05,0.665106325524437,0.0703182396474451,0.0662836577071184,0.127891468683404,3.80863177829428e-05,3.8086317782944e-05,0.00152013780613623,3.80863177829405e-05,0.0294666283271319,0.00931204695135495,0.00138700655013128,3.80863177819883e-05
"TGTTCTTCCATTGACT-1",0.00420108459937573,0.00127572740935978,0.02673445184991,4.34554524336277e-05,0.161560051894109,0.0980701139056741,0.551598252011362,0.0802034195848234,0.0197778479163407,0.0195027951380412,0.00275985611777237,0.00398090957288498,0.0136190821085629,0.0159913454547777,0.000663043346414686,1.85636381579962e-05
"TTAACCAACCCTCCCT-1",5.14203600583823e-05,5.14202256710573e-05,5.14203600779126e-05,5.14203600752023e-05,0.00706620864767268,0.00632931717591136,0.984696890308691,5.14203609438392e-05,5.14201380658651e-05,5.14203600509155e-05,0.00129053990235463,5.14203600858246e-05,5.14203600189173e-05,5.1420360110849e-05,5.14203601473196e-05,5.14203600645616e-05
"TTAAGCGCCTGACCCA-1",0.0333704500766253,0.000234279774146493,0.0171723396164928,0.0380958097570996,0.00711183282302449,0.00579287523326266,0.830369315409256,0.00943232089881121,0.0287634028723541,0.028035766371045,0.00019258702476646,1.07679828458914e-05,1.07679828461518e-05,0.0013859482117317,1.0767982845889e-05,1.07679828458891e-05
"TTAATGTAGACCAGGT-1",1.83746145689456e-05,0.00332248902038862,1.83746145689443e-05,0.000213568892662025,0.0234906338189425,0.000892079712355972,0.943194452736521,1.83746145691386e-05,1.83746145718075e-05,1.83746145842222e-05,1.83746145664938e-05,0.0254141899946243,1.83746145688891e-05,1.83746144609859e-05,0.00144891677016365,0.00187667213788231
"TTACAACTACGCATCC-1",0.00511075606901627,0.00444957782085861,0.00643400963017177,0.000102190082178134,2.50909645742543e-05,2.50909645766077e-05,0.974920380539909,0.00181815419019501,0.00589359846350863,2.5090964558664e-05,2.50909645931868e-05,2.50909645845035e-05,0.00107060548754914,2.50909645755137e-05,2.50909645766082e-05,2.50909645741128e-05
"TTACATCGTGGCCTGG-1",8.41985388188074e-05,8.4198674424659e-05,8.41982760948047e-05,8.41982595420303e-05,0.00310909431556748,8.41982882902879e-05,0.988685692136977,8.41982763093243e-05,8.41982041440059e-05,8.42001182138669e-05,0.00560046680510705,8.41983160344846e-05,8.41982765021223e-05,8.41982757155188e-05,8.41982763974387e-05,0.00159436496186128
"TTACTCCGGCCGGGAA-1",2.62121735085016e-05,2.62121735104776e-05,2.62121735030309e-05,3.19314498468832e-05,0.00369789541478228,2.62121735030283e-05,0.98924655270208,2.62121735022582e-05,0.000581904102391173,2.62121734673447e-05,2.6212173487026e-05,0.00615338242119522,2.62121735071951e-05,2.62121747191662e-05,2.62121735030312e-05,2.621217349372e-05
"TTATATTTGGCAATCC-1",3.09472538825955e-05,3.09472001585622e-05,3.09472001534166e-05,3.09472001533064e-05,3.09467842477877e-05,3.09472001533135e-05,0.996341768325017,3.09492548768544e-05,3.09472002358988e-05,0.000895984655194068,3.09472001642374e-05,0.00212217321242289,3.09472001446277e-05,3.09471990233238e-05,3.09472001542379e-05,0.000268705714017946
"TTATCTGTATCATAAC-1",4.3807610365396e-05,4.38064583843182e-05,0.014701731320576,4.38077509006119e-05,4.38081328928625e-05,4.38068764734291e-05,0.973999403703254,4.38067149099309e-05,0.00657357470372397,4.38077509301222e-05,4.38077509755817e-05,4.3807750462613e-05,4.38077504325503e-05,4.38077514128287e-05,4.38077508666919e-05,0.00419960022343958
"TTATGACAAACTGGAT-1",0.0364596430812009,2.41363157405082e-05,2.41363157397287e-05,0.0423168289792335,0.0168164970191685,0.025613787877168,0.848707061243154,0.00598917019338333,0.00832445227108752,0.012891888149321,2.41363157408802e-05,2.41363157386798e-05,2.41363157397926e-05,2.41363157397339e-05,2.41363157397276e-05,0.00271171697610417
"TTATGATCTTAACGAA-1",6.2334464851652e-05,6.23279002224941e-05,6.23375864283545e-05,6.23352425293127e-05,6.23636731403388e-05,6.2333439754623e-05,0.999064909784763,6.23371666611199e-05,6.23740575629388e-05,6.23352426378018e-05,6.23352428529947e-05,6.23352260151245e-05,6.23352423623636e-05,6.2335245496462e-05,6.23352424635027e-05,6.23352422580172e-05
"TTCAAAGTCTCTAGCC-1",3.34771047927508e-05,0.0866015341549792,1.88408848176262e-05,4.47431298139397e-05,0.0392592445954448,0.100718582469768,0.727907120444555,1.79609167757859e-05,0.00247671352330833,0.0020628440669033,1.79609167835129e-05,0.00231679077936858,0.0291123362615844,1.7960919829906e-05,0.00429571084451066,0.00509817898676403
"TTCAACGACCCGACCG-1",4.50203653195814e-05,4.50187108990267e-05,4.50188382540741e-05,4.50182047172798e-05,4.50196381652828e-05,4.50176632034331e-05,0.997753799196939,4.50190621325032e-05,0.000451242679143589,4.50182047065871e-05,0.00120971641356584,4.50182047928858e-05,4.5018204825374e-05,4.50182038446429e-05,4.50182046914995e-05,4.50182047991284e-05
"TTCACGAAAGGATCAC-1",4.75395307766289e-05,0.07909005123166,4.75395307766273e-05,4.75395307766286e-05,0.187160616775221,0.238062752156246,0.153018035025664,0.00822802430837218,0.0112048851958473,4.75395309120921e-05,0.00215432513057026,0.13049499540198,0.187670652835066,0.00263042475457894,4.7539530776627e-05,4.7539530776626e-05
"TTCCTCGAGGGTGTCT-1",4.20624980597787e-05,4.20526471940147e-05,4.2060581954917e-05,4.20637566063993e-05,4.20614562421584e-05,4.20637555720249e-05,0.999369058487671,4.2066800550765e-05,4.20637565301583e-05,4.20637564134024e-05,4.20637565175965e-05,4.20637200851733e-05,4.20637565805438e-05,4.20637562625455e-05,4.20637567289609e-05,4.20637570309032e-05
"TTCGACGGGAAGGGCG-1",0.0196851771496096,0.0238438568231707,1.72672345132197e-05,0.00627200837210191,0.0857626633291948,0.105587347704303,0.605098976805619,0.0231458702112368,0.0182454301086856,0.0197011818061939,0.000157347868354749,0.00661424254637082,0.0348034290863179,0.021076349075371,0.0272629215854487,0.00272593029350909
"TTCGCACTCGCGTGCT-1",0.093767710479828,0.00984337023483915,0.0171112312921719,3.84171108097505e-05,0.00941966774428782,0.0921728347461293,0.432805739339139,0.0433595838806101,0.0289087407839592,0.0301254776933991,3.84171108097397e-05,0.0348204481979447,0.023042693918527,0.163177380318481,0.0213298700382548,3.84171108097413e-05
"TTCGGGACTAATCGCG-1",5.71983925090583e-05,0.117259666042423,0.00407633725974854,5.71983925090571e-05,0.28801238519227,0.0762430118906336,0.324961264980169,6.45605644884882e-05,0.0243128919607781,0.00661100727287019,5.7198392509057e-05,0.152571289806724,0.00432972397035233,5.71983924784011e-05,5.71983925090648e-05,0.00127186909702802
"TTCTACTTGCGAGGGC-1",5.62237598180102e-05,5.6223446108802e-05,5.62236403184876e-05,5.62204789382166e-05,5.62228507591013e-05,5.6222569966412e-05,0.980120194676657,5.6223512210235e-05,5.62235657223163e-05,5.62235123976499e-05,0.0118475687966899,5.62234841004261e-05,5.6223512075744e-05,0.000722681586964009,5.62235122762308e-05,0.00663487709499771
"TTCTAGGCCAATTGTG-1",0.00706920155623228,0.00863689161096948,2.57354092798548e-05,9.58083017699586e-05,0.0072012945120788,0.0496204826031954,0.896485942277676,2.57354092790478e-05,9.96243753596233e-05,2.5735409268564e-05,2.57354092901265e-05,0.0140259114723906,0.00992158455251725,2.57354097367893e-05,2.57354092798922e-05,0.00668884628167676
"TTCTGCGGGTTAGCGG-1",5.12862722033121e-05,5.12829654088264e-05,5.12860289943129e-05,5.12862441481e-05,5.12788952695318e-05,5.12842146695434e-05,0.998562710146768,5.12889768252794e-05,5.12824654372386e-05,5.12860284531567e-05,0.000719298166764993,5.12854801912267e-05,5.12860288789073e-05,5.12860275148112e-05,5.12860288963317e-05,5.12860295763278e-05
"TTCTTGTAACCTAATG-1",3.95383968447901e-05,3.95398622465246e-05,3.95380022570277e-05,3.95380035262293e-05,3.95382036167698e-05,3.95380021956872e-05,0.997525936891808,3.95380021193737e-05,3.95382233286129e-05,3.95380020447752e-05,0.000628584023778245,3.95379920745932e-05,3.95380024882217e-05,0.00133148238752821,3.95380022048499e-05,3.95380019381191e-05
"TTGAAGAATTCCCAGG-1",0.122540471874888,4.95803469459878e-05,0.00756051494528189,4.95803469459811e-05,0.171975149059492,0.215352823261357,0.265606443822349,9.15781904988414e-05,0.0389811088877406,0.0229097768775693,4.95803469459861e-05,4.95803469459861e-05,0.0757982875336673,0.0557971395427982,0.015612959771657,0.00757542484491672
"TTGAATATGGACTTTC-1",0.0131844176763207,1.22431444881104e-05,1.22431444881123e-05,0.000104520121489925,0.0799756393468518,0.122616474136897,0.709819275116159,1.2243144488101e-05,1.2243144486769e-05,1.22431444952206e-05,1.22431444959876e-05,0.0576133180467722,0.016576167255078,1.22431445126587e-05,1.22431444881115e-05,1.22431444879599e-05
"TTGATCTAACTTTGTC-1",0.0834096219391072,3.64100683290739e-05,0.0177082333600186,3.6521617010166e-05,0.0530522141696491,0.0969387639271928,0.359524426778775,0.0719111395933574,0.0513923046721784,0.0305363586925775,3.64100683290739e-05,0.0239202026609916,0.0333158578759863,0.15064060396343,0.0275045205447383,3.64100683290737e-05
"TTGATTATGCAGATGA-1",2.96205122888055e-05,2.96205122412645e-05,0.015631295783962,2.96205123018622e-05,2.96205123175065e-05,2.96205123018573e-05,0.936390036763172,2.96205122709041e-05,0.0366078720474024,0.000650521495394762,0.00071254966242182,2.96205123223686e-05,2.96205123477665e-05,2.96205122262962e-05,0.00951636489097443,0.000224774746054388
"TTGCACGGAGCAGCAC-1",4.91861620227591e-05,4.9182555664697e-05,4.91717054756661e-05,4.91717054219806e-05,4.91722351312969e-05,4.91747700987885e-05,0.995038330642475,4.91695477426823e-05,4.917045929992e-05,4.91717055474255e-05,0.00204976379672155,0.00138653359345314,4.91717056912648e-05,4.91717052338885e-05,4.9171705475489e-05,0.000935286004544843
"TTGCTGATCATGTTCG-1",0.0169239603252001,0.119403388497077,0.00143789965171595,3.29113590685425e-05,0.124301920491092,0.0945761259143898,0.267111240860693,4.65212131734134e-05,0.0167997680989141,0.00980439639605389,0.00154314870378265,0.0199914434481318,0.311742981264237,0.0145686129215251,0.00168276949587543,3.29113590685424e-05
"TTGGCTCGCATGAGAC-1",3.51991291692754e-05,3.51988608190529e-05,3.51960694953407e-05,3.51990390934761e-05,3.51999767998875e-05,3.51990391073587e-05,0.983386018708693,3.51990391091842e-05,0.0136989697134901,3.51990389027881e-05,3.51990391291952e-05,3.51990390673568e-05,3.51990390327497e-05,0.00245742619000047,3.51990390497669e-05,3.51990390405689e-05
"TTGGGACACTGCCCGC-1",3.33072947792075e-05,3.33052062075842e-05,3.33072947642609e-05,3.33072947641894e-05,3.33072948518762e-05,3.33072947641812e-05,0.999500392625888,3.33072947284171e-05,3.33072947731083e-05,3.33073364705874e-05,3.33072947139171e-05,3.33072948144857e-05,3.33072947718223e-05,3.33072941964273e-05,3.33072947772378e-05,3.33072947347893e-05
"TTGGGCGGCGGTTGCC-1",6.08889737404544e-05,6.08901605771048e-05,6.08935152798628e-05,6.08935152715911e-05,6.08928589244396e-05,6.08936848869915e-05,0.996820103199217,6.0895079770332e-05,0.00208968622831708,6.08935152418562e-05,0.000298601757483452,6.08934500839222e-05,6.08935151256523e-05,6.08935155431512e-05,6.08935152823565e-05,6.08935152551628e-05
"TTGTAATCCGTACTCG-1",7.22295919733961e-05,0.169872040960412,0.00212576830312305,0.010700887725284,0.179359179516394,0.244706261598275,0.129697995565166,0.0689063338113203,0.0485361714108371,0.00334248726912215,7.22295919733981e-05,0.0222198865932377,0.105590409963744,0.00903426472855024,7.22295919733998e-05,0.00569162377861428
"TTGTCGTTCAGTTACC-1",3.83840584364148e-05,3.83843246826474e-05,3.83859375482595e-05,3.83846476269397e-05,3.838770707241e-05,3.83846476059703e-05,0.999337142995218,3.83836664500641e-05,3.83846476966197e-05,0.000125469481894297,3.83846475751878e-05,3.83846476182552e-05,3.83846474376463e-05,3.83846479437896e-05,3.83846476121465e-05,3.83846475818128e-05
"TTGTTAGCAAATTCGA-1",2.70655264031638e-05,2.70655264247787e-05,2.70655264219036e-05,2.70655264219774e-05,0.00252181309193599,2.70655264219606e-05,0.983883829339058,2.71081353274556e-05,2.70655264086033e-05,0.000124977467184107,2.70655264144736e-05,0.00996904693399266,0.00320256976889901,2.70655258627947e-05,2.70655264144243e-05,2.70655264082266e-05
"TTGTTCAGTGTGCTAC-1",4.67481505037156e-05,0.0006062415125481,4.67481505038371e-05,4.67481505037143e-05,0.0268299342683922,0.0891936035556812,0.823122326630131,0.000758143534489767,4.67481505285912e-05,4.67481506601452e-05,4.67481505119852e-05,4.67481505277494e-05,0.0388529975008993,4.67481505622459e-05,0.0198412518600341,0.000421515933522516
"TTGTTGTGTGTCAAGA-1",5.46754710533093e-05,5.46754712833821e-05,0.00972300249548583,5.46754711750696e-05,0.00578562623159508,0.0231343095908687,0.935013549247663,5.46754713376692e-05,0.0170637938181429,5.46762939761707e-05,5.46754710122921e-05,0.000133532538102455,0.00370764614472809,5.46754704659891e-05,5.46754711266306e-05,0.00500113534198351
