"spot_id","Activated_Fib","Adventitial_Fib","B cells","Cycling cells","ECM_Fib","Endothelial cells","Epithelial cells","Inflammatory_Fib","Macrophages","Mast cells","Neutrophils","pDCs","Pericytes","PI16_Fib","Plasma cells","T cells"
"AAACATTTCCCGGATT-1",2.31703540983813e-05,2.06908592240601e-05,2.06908592253575e-05,2.42783439725286e-05,0.029769729066467,2.06908592253539e-05,0.875650354299861,2.06908592254509e-05,0.0430353959675389,2.06908586309977e-05,2.06908592253567e-05,0.00361271293251092,0.00446243971439433,0.00721841668800194,0.0119277622984863,0.0241515951799117
"AAACGGGCGTACGGGT-1",0.0143411701647463,2.42552768414259e-05,2.42552768403373e-05,0.000150015754150976,0.0389826099643941,0.0188708577472064,0.864244622081594,2.42552768403108e-05,0.00203723213574503,2.42552768161423e-05,0.0102677362552129,0.0213893787784204,0.00703534714448156,2.42552768403614e-05,0.0225354983130294,2.42552768403354e-05
"AAAGAATGTGGACTAA-1",3.48744287667944e-05,3.48743052438393e-05,3.48774347058845e-05,3.48740231755971e-05,0.0114394111254445,3.48740231755995e-05,0.988072348473077,3.4874000934085e-05,3.4874023219127e-05,3.48740231743307e-05,3.48740232236731e-05,3.48740231756104e-05,3.48740231706702e-05,3.48740232016086e-05,3.48740231408498e-05,3.48740231709579e-05
"AAAGGGATGTAGCAAG-1",0.0167633221414392,0.0127461402356998,0.033302657258679,0.0146123121410298,3.529120912338e-05,3.72538652643452e-05,0.562627723956314,3.52912091254789e-05,0.162309208387878,0.00901580727485894,0.00240620756162331,0.0368259314652302,0.0082760085159326,0.011538137753212,0.0178959349197804,0.111572772104809
"AAATCCGATACACGCC-1",2.42120550574692e-05,2.42120550581532e-05,2.4212055057462e-05,0.000177898689427863,0.0373931862604612,0.00122380955333565,0.895788330389184,2.42120550573681e-05,2.42120550574723e-05,0.00838675566458175,0.00564428529764352,0.0173750612103341,2.42120550559905e-05,2.42120550574619e-05,0.0338108926884878,3.02958611428345e-05
"AACAACTGGTAGTTGC-1",6.83475350891433e-05,0.000491506210186769,0.00382323113309617,6.83475351631638e-05,0.000272428008624804,6.83475351766092e-05,0.988331044006171,6.83475351550791e-05,6.83475349954922e-05,6.83475351230522e-05,0.00287505812182265,0.00352325716870173,6.8347535214501e-05,6.83475351624455e-05,6.83475351409451e-05,6.83475351766122e-05
"AACAGGAAATCGAATA-1",0.0753349045226723,0.000117634328835007,0.122132281281088,0.000117634328835007,0.107490781716723,0.125178837186692,0.191152976184639,0.0103983090985066,0.0197694425123179,0.000117634329728233,0.010204469957343,0.0251173522000006,0.0187636785781397,0.000117634328835005,0.206786793231244,0.0871996362144001
"AACCGAGCTTGGTCAT-1",0.00272167082773431,0.0389191376867626,0.0306268353294988,8.08621586733784e-05,0.046480257974902,0.244760003364662,0.0602740025063843,0.0609349330591914,0.0711203258014765,0.00294400794744624,0.00111254106655453,0.039778586244117,0.0460848607950133,8.08621586733786e-05,0.276997632061792,0.0770834810171179
"AACGATAGAAGGGCCG-1",0.000127147125929895,5.86718690067119e-05,5.8671869006783e-05,5.86718690068281e-05,0.567416222284849,5.86718690067841e-05,0.190996371197765,5.86718690066934e-05,5.86718690067839e-05,0.0291485627750943,5.8671869006784e-05,0.0363017543050519,5.86718690067913e-05,8.88727815962531e-05,0.0398266791709443,0.135625015406715
"AACGCGGTCTCCAGCC-1",0.0605036445131166,0.0505546147101463,0.055035586066298,0.183835960321807,0.00194619443100634,0.0243454113090934,0.0655976946161953,0.0286813529436084,0.151961209549869,0.00888202929832768,0.000106870581761328,0.0207398218267457,0.00531095160909961,0.00425826692870367,0.120234595916291,0.218005795377931
"AACGTCAGACTAGTGG-1",2.08926504372007e-05,2.08926504502871e-05,2.08926504371954e-05,2.08926504371934e-05,2.08926503815088e-05,3.40243399242545e-05,0.999628825371539,2.08926504340347e-05,2.08926504381423e-05,2.08926504392106e-05,2.08926504413543e-05,6.28759199128871e-05,2.08926504371848e-05,2.08926504367373e-05,2.08926504513327e-05,2.3562563402038e-05
"AACGTCGCTGCACTTC-1",1.69265751180019e-05,1.69265751101206e-05,1.69265751179846e-05,0.00146842294717333,0.0455648607494814,2.44300301636791e-05,0.915309689796321,1.69265751513115e-05,1.69265751174962e-05,1.69265751178326e-05,1.69265751182646e-05,1.69265751179999e-05,0.00595970410167369,0.00863875769107466,0.00111236846508777,0.0217863536180556
"AACTCCAGAGCGTGTT-1",2.2640508094812e-05,2.26405080947437e-05,4.77068247998134e-05,2.68314306053804e-05,0.0497678201498718,0.0484062724421352,0.845915486905691,2.26405080948585e-05,0.0160254371822711,2.26405076745371e-05,0.0189286484018215,2.26405079160918e-05,2.26405080948114e-05,2.26405080948115e-05,0.0207006725986444,2.26405080948273e-05
"AACTGATATTAGGCCT-1",0.000117493085169089,0.0744857235790045,0.139502711364137,0.0576983340221438,0.0368071378133479,0.0805320448010684,0.198761464201153,0.0854011422196503,0.0498573579923765,0.000117493086069203,0.0158351117483922,0.000117493085169073,0.047772253399053,0.000117493085169072,0.147515497849441,0.0653612486686565
"AACTGGGTCCCGACGT-1",0.07700868264304,0.0173471400824631,0.143767173727988,0.145466742558635,0.0495831122622022,0.0343433530474491,0.00637592855437404,0.0751374320471246,0.0898779634849837,0.00438223627413611,0.000104382825509723,0.000104382825509723,0.01122110579363,0.0148656576650449,0.163879134542504,0.166535571665406
"AAGGAGCGGTTGGTGC-1",3.3616925293091e-05,3.36166232293492e-05,3.36167267271043e-05,3.36166232496529e-05,3.36166231864249e-05,3.36166232495825e-05,0.992333868209095,3.36167060034487e-05,0.00717797183787932,3.36166232618086e-05,5.1143362521289e-05,3.36166232496398e-05,3.36166232465312e-05,3.36166232033985e-05,3.3616623351936e-05,3.36166232520357e-05
"AAGGCGCGTAAAGCTT-1",2.23033188703417e-05,2.23033188686147e-05,2.23033188685241e-05,2.23033188698007e-05,2.23033188630641e-05,2.23033188698122e-05,0.999606640610652,2.23033188786031e-05,2.23033188772189e-05,2.23033189371371e-05,8.11129250583403e-05,2.23033188697563e-05,2.2303318871014e-05,2.23033188698134e-05,2.2303318905738e-05,2.23033188698087e-05
"AAGGCTGTGCTCATCG-1",7.3209164865989e-05,7.32091646516901e-05,7.32091648976097e-05,7.32091648654191e-05,0.00274680812533336,0.00233422721597504,0.901444116578969,7.32091648649355e-05,0.0673479413013899,7.32091643194652e-05,0.00827223772467411,0.0147612513888987,7.32091648675388e-05,7.32091648889891e-05,0.00243453518161723,7.32091649210171e-05
"AAGTAGAAGACCGGGT-1",0.000123728094588339,0.0571084718825928,0.00750652001584543,5.29814967266405e-05,0.205135229663016,1.90571892006627e-05,0.55984252251333,1.90571892006445e-05,0.0773061902274121,1.9057189200654e-05,1.90571890959862e-05,1.90571892006563e-05,0.0287025325901677,1.90571892006482e-05,0.0640884231920204,1.90571892006501e-05
"AATACCTGATGTGAAC-1",3.32857598839975e-05,3.32860044180535e-05,3.32856650539395e-05,3.32856650389755e-05,0.00235008239641528,3.32856650389855e-05,0.993811230857574,3.32802236645448e-05,3.32856650088676e-05,3.32856648761964e-05,0.00129854863715328,4.26003361744951e-05,3.32856651903969e-05,0.00213140046448615,3.32856649901185e-05,3.32856650330128e-05
"AATCGGTATAGCCCTC-1",1.70882879394137e-05,1.70882879380527e-05,1.70882879399798e-05,3.51554061303216e-05,0.00176949230183379,1.70882879393891e-05,0.99510282673217,1.7089537936527e-05,1.70882881464448e-05,1.70882879653934e-05,1.70882880028653e-05,1.7088287934897e-05,1.70882879382089e-05,1.7088287932598e-05,1.70882878729392e-05,0.00288746485437918
"AATGACTGTCAGCCGG-1",1.51895959317391e-05,0.0248475213933123,1.51895959317413e-05,0.0146314583634414,1.51895959316277e-05,1.6936688351147e-05,0.834865656730619,0.0853046558188191,0.00434488104407567,1.51895942937267e-05,1.6183994040119e-05,0.00516171980840277,1.51895959317433e-05,1.51895959317367e-05,0.0307046589890545,1.51895959317594e-05
"AATGCAACCGGGTACC-1",0.0275766390906642,0.00864226727749717,0.0556701625922989,0.0456920097157145,2.7386930209008e-05,0.0205466517076709,0.599358108428664,0.00989834251816261,0.128710544476227,0.000528835395648656,0.00145829416228128,0.00589985636717903,0.0173063613624789,0.00915620229849355,0.0116553612111824,0.0578729764656283
"AATGGTTCTCACAAGC-1",1.46810951732254e-05,1.46810951731402e-05,0.0328763275504293,1.46810951732047e-05,0.0344737789342239,2.85034153369147e-05,0.91532045258235,1.46810951731917e-05,1.4681095173215e-05,1.46810951901156e-05,0.00385073835737312,2.99720942240666e-05,0.00327547092385156,0.00578278706865858,0.00415110499239783,0.000122777510098196
"AATGTTGTCGTGAGAC-1",4.23221209385416e-05,4.231498222534e-05,4.23222870287782e-05,4.23222870568493e-05,4.231754734091e-05,4.23221000002281e-05,0.999065385303316,4.23179096820649e-05,4.23137495883785e-05,4.23222871202752e-05,0.000342127990299542,4.23222872262701e-05,4.23222871820291e-05,4.23222869054774e-05,4.2322286980452e-05,4.23222871084879e-05
"AATTGCAGCAATCGAC-1",3.19085602231613e-05,3.19085602071876e-05,3.19085602223978e-05,3.19085602231525e-05,0.0122390005895224,3.19085602231624e-05,0.982786099329996,3.19085602113251e-05,3.19085602013096e-05,3.19085602241024e-05,3.19085602231167e-05,3.19085602231616e-05,3.19085602288437e-05,3.19085602309554e-05,0.00108911180959275,0.00350288554824688
"ACAAAGCATGACCTAG-1",2.2406096619823e-05,0.00398917082282869,0.00761674483758782,5.69798143762099e-05,0.0397919174972668,0.00706829609866828,0.910765333960511,2.24060966206252e-05,0.00956425986134398,2.24060971236829e-05,2.24060966198233e-05,0.000256587283755331,0.00463328218240889,2.2406096619823e-05,0.0161229910610298,2.24060966198229e-05
"ACACAAAGACGGGTGG-1",0.084977833759247,0.0477382376368477,0.016579824040781,0.229297457126876,0.000113226724865763,0.000113226724865764,0.107146311084972,0.105286101706547,0.235391953403631,0.00280641990770011,0.00105310142634941,0.0116271947158662,0.015636841038529,0.000113226724865765,0.00547855955217903,0.136640484425878
"ACACACTTTCTACACG-1",0.000114086994899721,0.0228189526877439,0.159296943440381,0.000114086994899712,0.0865003804946178,0.0581823396988767,0.174670428134881,0.000114086994899724,0.0535745238640918,0.000114086994602224,0.00780273984122481,0.000114086994899719,0.0293854992081526,0.060100402555491,0.126526908078016,0.220570447022322
"ACACCCAGCATGCAGC-1",0.0291647493355428,1.34677634540805e-05,1.34677634536928e-05,0.131508162618951,1.34677634529811e-05,0.0200362341553188,0.77257283315643,0.008026146946285,0.0217638510639434,0.00117512811051125,0.0058771553551969,1.3467763453692e-05,0.00956900819656188,0.000225924480536294,1.3467763454909e-05,1.34677634536942e-05
"ACACCCGAGAAATCCG-1",0.0621454733262673,1.60559192246863e-05,1.60559192111505e-05,0.000145482978883817,1.60559192111181e-05,0.0418013497345712,0.768004588825764,0.0104596575002855,0.0642381110609687,1.60559192127895e-05,1.60559192111508e-05,0.0197898497698386,0.00533402750162019,1.60559192111402e-05,0.027969067867308,1.60559192111439e-05
"ACACCTTAAGTAGGGC-1",3.28083680963507e-05,3.28083680610747e-05,3.28083680763781e-05,0.00884433233547438,0.00897059850937161,7.33030908612523e-05,0.981154989272096,3.28083680718553e-05,3.28083680794133e-05,3.28083680798385e-05,3.28083680811146e-05,3.28083680762988e-05,0.000489644853864525,3.28083680763805e-05,0.000139048257556994,3.28083680763786e-05
"ACAGGCACGGATCCTT-1",3.05995793553919e-05,0.00129204287467445,3.0599579355345e-05,3.0599579355359e-05,0.0304594947668659,0.00998739011460389,0.933638792605941,3.05995793624364e-05,0.000659829570948624,0.000811663576163751,0.00942746619050683,3.0599579355346e-05,0.00105667014908849,3.0599579355347e-05,0.00678788432536357,0.00569516834970463
"ACATAATAAGGCGGTG-1",0.0981490271166013,0.0340054440045793,0.0728540662774187,0.135226293842458,0.0305472229836793,0.0117524032525431,0.0112759394493558,0.0640132625850722,0.181124114649249,0.0217136340106563,6.96500457239467e-05,6.96500457239464e-05,0.00221097714263955,0.000145945824595758,0.165832188350636,0.171010180419067
"ACATACAATCAAGCGG-1",3.69279114175675e-05,3.69261901382595e-05,3.69258619543929e-05,3.69279114121193e-05,0.00464824979551844,3.69279114121515e-05,0.986390375286496,3.69279113962781e-05,3.69264867969376e-05,3.69279114883653e-05,0.000652841509254098,0.00348119309914328,0.00122322698346585,3.69279114895468e-05,0.00149717465588032,0.00177459266273667
"ACATTTGAAACCTAAC-1",4.09991379999759e-05,4.10007425102873e-05,4.09661089280862e-05,4.0999325834705e-05,0.0029434263933417,4.09993257757711e-05,0.995072546929406,4.09993361906179e-05,4.09971957602206e-05,4.0999325732026e-05,4.09993257988504e-05,0.00145106954988762,4.09993259636175e-05,4.09993254039233e-05,4.09993257891796e-05,4.09993256777395e-05
"ACCAACCGCACTCCAC-1",3.07953192423726e-05,3.07953192544406e-05,3.07953192423717e-05,3.07953192423727e-05,0.0315932484782539,0.00342820267952764,0.922745524700625,3.07953192431042e-05,0.0106376480258739,3.07953190005685e-05,0.00610976987099146,3.07953192423723e-05,3.07953192423722e-05,0.0036588089909573,0.0101897785402501,0.0113906561598104
"ACCAAGAACGCGTGTC-1",7.80748330632327e-05,7.80748330632153e-05,0.0718170649884458,7.87429787611062e-05,0.142908883234009,0.314040159745865,0.256049147252401,7.80748330632081e-05,0.0374160124849955,7.80748333076881e-05,7.80748330632173e-05,7.80748330632147e-05,0.140029445491284,7.80748330632046e-05,0.0370359451594877,7.80748330632231e-05
"ACCAAGTCATCGGCAG-1",5.39319146860987e-05,5.39319144677642e-05,5.39319147009966e-05,5.39319146993296e-05,0.00480076608066594,5.39319146993268e-05,0.987847411777404,5.39319884482697e-05,5.39319147329676e-05,5.39319139913415e-05,0.00086698881212554,0.00337273049450628,0.00178110148998584,5.39319145479424e-05,0.000791682125632976,5.39319147057231e-05
"ACCACAAGTTTCTATC-1",9.72066588712964e-06,9.72066588667134e-06,1.16528530054487e-05,9.72066588713678e-06,9.72066582550246e-06,0.0284856497988067,0.885081751420675,9.72066588713286e-06,0.0147481520163655,9.72066622677984e-06,0.0219709385536221,9.72066588713686e-06,0.0172703238791618,0.0245736689543026,0.00778009719668662,9.7206658871316e-06
"ACCCTTCATCTGCGAA-1",0.00952406888245503,5.60794841957504e-05,0.00170635086560109,0.0310239939558897,0.117177130261323,0.061560340493548,0.193522192544415,5.60794841957549e-05,0.125696599799384,5.60794841957487e-05,5.60794841957507e-05,0.000312479919209774,0.015080510045807,5.60794841957457e-05,0.216001346992163,0.228114588819226
"ACCGACTGAGTCCCAC-1",0.00492767194915369,0.0275029385580221,0.0449578635461427,0.116436667731416,0.04726360238946,0.109971071677737,0.150376304266245,7.62735828769347e-05,0.0672292698173638,0.00865891088636508,7.62735828769363e-05,7.62735828769368e-05,0.0755790243858019,0.02569018020255,0.197303227293424,0.123874446547689
"ACCTCAGCGAGGCGCA-1",3.23028642857967e-05,3.23030296970749e-05,3.23025576572061e-05,3.23025576608483e-05,0.00428444515420853,3.23025576608469e-05,0.990322351169237,3.23031521481815e-05,3.23025577201208e-05,0.000509176548946277,0.000709840509555469,3.23025576413716e-05,3.23025576503229e-05,3.23025576383455e-05,0.00381885711061195,3.2302557680646e-05
"ACGACTCTAGGGCCGA-1",2.98761605893062e-05,2.9876160621893e-05,2.9876160588863e-05,2.9876160588038e-05,0.00953308485776149,2.98761605880424e-05,0.975345200556324,2.98761605939768e-05,2.98761605882099e-05,2.98761605928277e-05,2.98761605884037e-05,0.00479138074012476,0.00546666222071879,2.987616058804e-05,0.0045235120014171,4.13980177265389e-05
"ACGATCATACATAGAG-1",0.0726470452270855,5.48419754428982e-05,0.0955169612916622,0.0766988215180173,5.48419754436754e-05,0.0415170988852168,0.32479497079448,0.0134507490246269,0.125892003387568,0.00278130061542894,5.48419754436663e-05,0.0197713259647179,0.0127882802104182,0.0104457529410633,0.0618447250584239,0.141686439154961
"ACGCCAGATGATTTCT-1",0.0607966346953211,6.86975671060424e-05,0.0577790606912866,0.0620542891671021,0.255608062522573,0.075053275616876,0.338523658698995,6.86975671060433e-05,0.0176428951624336,6.86975660351257e-05,0.0060714562673722,6.86975671060427e-05,6.86975671060486e-05,6.86975671060446e-05,0.0989491557740942,0.027109326002381
"ACGCCAGTGCGTTTGC-1",3.71767699823145e-05,3.71826231187586e-05,3.71771684874821e-05,3.71765350279142e-05,0.00369932514429194,3.7176535027737e-05,0.994582832272451,3.71892981690913e-05,3.71658511639498e-05,3.71765350837771e-05,3.71765348963998e-05,0.00123453859195646,3.71765350203294e-05,3.71765352379687e-05,3.71765350377194e-05,3.71765350472653e-05
"ACGGAACACGAGTGCC-1",3.59494188879121e-05,3.59552538731093e-05,3.59486941356709e-05,3.59487169001578e-05,0.000210563919645774,3.59486428263759e-05,0.999286148506111,3.59463883949789e-05,3.59493740497123e-05,3.59486941159943e-05,3.59486942391357e-05,3.5948920513719e-05,3.59486939884675e-05,3.59486941806895e-05,3.59486939743594e-05,3.59486941628331e-05
"ACGGAATTTAGCAAAT-1",3.61239684675301e-05,3.61239684627441e-05,0.00150101483232025,3.61239684642449e-05,0.000658340902969532,3.61239684642473e-05,0.992609472270014,3.61239685231343e-05,3.6123968472128e-05,3.61239684814392e-05,3.61239684683475e-05,3.61239684578504e-05,0.00267395695204584,3.61239684691331e-05,0.00215985138945515,3.61239684642436e-05
"ACGGTACAGTTCAATG-1",3.56016339931557e-05,3.56016340354671e-05,3.56016339913597e-05,3.56016339913879e-05,0.0131006793008517,3.5601633991383e-05,0.969043790328654,3.56016339857637e-05,3.56016339954925e-05,0.000682308122392686,0.00712125110987398,0.00299280575745227,0.00163452208173666,3.56016339959543e-05,0.000522161308907798,0.00461766891815102
"ACGTGCGCCTCGTGCA-1",0.000142382290247463,0.000110420212664865,0.0778624460080348,0.000117212083160232,0.254992889160404,0.187471804553477,0.130329816636814,0.134384959861814,0.0660531046827028,0.000110420208783316,0.000110420212664868,0.000110420212664867,0.0222414325771261,0.000110420212664875,0.0737133913958678,0.0521384596909086
"ACGTTCTGTACAAGTC-1",2.84087379702956e-05,2.18420005780214e-05,2.18420005778984e-05,5.7322842449168e-05,0.0392652615936277,0.0116453834589903,0.887809798264776,2.18420005765971e-05,0.00961228194352105,2.18420005635888e-05,0.0008265222044725,0.0165382884839728,2.18420005779114e-05,0.0183190089176031,0.0157666715491652,2.18420005778992e-05
"ACGTTTAGTTGTGATC-1",0.0833289840670068,0.00867753811884397,0.0534485280602943,0.0487168638357555,0.0025674383295883,0.047803936985651,0.24156196537422,0.02925264340969,0.105939256026267,5.46562385702615e-05,5.46562392877499e-05,5.46562392877534e-05,0.0302765919870587,5.46562392877498e-05,0.162412292532735,0.185795336316457
"ACTACCAGCTCTCTGG-1",0.00599064141495721,2.98316050913914e-05,2.9831605091367e-05,5.36686981232344e-05,0.0275262317221659,0.0197307317812828,0.926779809089269,2.98316051003782e-05,2.98316051010718e-05,0.00247902956375683,0.00180684679489093,0.00640065252472675,0.00902356717514575,2.98316050992612e-05,2.98316050988013e-05,2.9831605099261e-05
"ACTCAATAAAGGCACG-1",0.0896257212921442,0.000672576673419195,0.124140212545283,0.206108577341743,0.0857208927239198,0.0151226534328594,0.165091412029606,8.13337493112137e-05,0.0341465128510216,8.13337509529206e-05,8.13337493112133e-05,8.13337493112151e-05,0.0410878719264156,8.1333749311214e-05,0.199147199030919,0.0387297014044709
"ACTCCGGCCGACCACT-1",2.23118746923921e-05,2.23118746926514e-05,0.0113079982793842,0.00902605752085059,0.0494447888142053,0.00588638158980351,0.875334474729612,2.23118746915425e-05,0.00335759529434916,2.23118746924312e-05,0.00727613273222966,0.00288123921755783,2.23118746923971e-05,2.23118746923949e-05,0.0259075404561213,0.00944392011773246
"ACTGCCGTCGTAACTC-1",0.000131356118651044,0.00013135611865105,0.0063232497593084,0.000131356118651018,0.15732877890119,0.233293587725061,0.204480315683739,0.000131356118651057,0.0361325219938104,0.051379753525827,0.000131356118651047,0.000131356118651032,0.000131356118651046,0.0829542890477606,0.118209639762644,0.108978370770103
"ACTGTAGCACTTTGGA-1",6.77880516513693e-05,0.00620851269372922,6.77880516616769e-05,6.77880516614871e-05,0.00637606386283051,6.77880516615003e-05,0.888992814699894,6.77880516492615e-05,0.0214135766057622,6.77880516617773e-05,0.00675980075244291,0.0358171219926406,0.00944916049638636,6.77880516692513e-05,0.00739821475775675,0.0171102177769415
"ACTTGGGACCCGGTGG-1",5.86649678393146e-05,5.86649677305964e-05,5.8664967853637e-05,5.86649678536293e-05,5.86649678976525e-05,5.86649679620442e-05,0.984443679196802,5.86649676537651e-05,0.0119539748750254,5.86649680286695e-05,0.00283970134701528,5.86649677259406e-05,5.86649677506609e-05,5.86649672304327e-05,5.8664967679072e-05,5.86649679519624e-05
"ACTTTCCTATAGCTTC-1",0.0278806497015901,8.35521728653457e-05,8.35521728653432e-05,0.0864892119801156,0.170556352740988,0.084570061166013,0.29150757589017,0.0109549546154616,0.113808659829193,0.00482547655117658,8.35521728653455e-05,8.35521728653463e-05,0.00883945359166523,8.35521728653457e-05,0.0638534482637931,0.136296394805507
"AGAACTGTACTTTGTA-1",4.00694191531455e-05,4.00658288679279e-05,4.0069687103698e-05,4.00695472384208e-05,0.00248536145555316,0.00080479926521079,0.99319087920484,4.00696357234016e-05,4.00695473154833e-05,4.00695472201332e-05,8.67063425380593e-05,0.00195805538736178,4.00695472871596e-05,0.00107350649021754,4.00695471415759e-05,4.00695472280746e-05
"AGAATACAGGCTATCC-1",0.0126598815689718,2.65629652020767e-05,2.65629652020618e-05,0.00470873500812624,0.138982662421536,0.124298490885645,0.620506116510477,2.65629652020605e-05,0.00762131990884069,0.0254339037965328,2.65629651992899e-05,0.00260902543742786,0.0406641667249734,0.0214172408189988,2.65629652007524e-05,0.000965642092464533
"AGACCCGCCCTCCTCG-1",0.00971788498688705,1.87320630219375e-05,0.0707370939142519,0.00269408734898388,1.87320630219322e-05,0.0217845782287361,0.585818413178925,0.0647804889427915,0.119361156832376,0.00306137869898252,0.0115152734142455,0.0353975784815534,0.0187515913074632,1.87320630219397e-05,0.0115054661429254,0.0448188123328133
"AGACTAGCCTTCCAGA-1",3.67286518439526e-05,3.67278056913796e-05,3.6727478134939e-05,3.67278056170351e-05,3.67283891636941e-05,3.67278056154178e-05,0.995891609503384,3.67280381537251e-05,0.000761763956564637,3.67278055999441e-05,3.67278056356156e-05,3.67278056152181e-05,3.6727805627355e-05,3.67278055518003e-05,3.67278054454759e-05,0.0028691637323554
"AGAGCGGGCTAATCAT-1",0.02952129729632,7.98243050822181e-05,0.0602951783002528,0.0244146747465325,0.234353900133109,0.13702519600652,0.137660230245933,7.98243050822258e-05,0.0537281899558212,0.0241708616190453,7.98243050822216e-05,0.011859801244977,0.0296278842863824,7.98243050822212e-05,0.138760593011851,0.118262895932926
"AGATGACTCGCCCACG-1",0.0432688234529702,0.0372039953936545,0.0798022513916707,0.139746786681103,0.156305515428713,0.0668169089610409,0.0874708581050851,0.0321731504527545,0.201317484766683,9.95711454451371e-05,9.95711446828874e-05,0.000123435537913114,0.0953688962339912,9.95711446828833e-05,0.0153615138738467,0.0447416662857621
"AGCACCAGTACTCACG-1",4.12313324671767e-05,4.1231332467205e-05,0.100915783706156,0.182316879462804,0.159813332986971,4.12313324671888e-05,0.36873038795089,4.12313324672123e-05,0.0481645002002523,4.12313315414513e-05,4.12313324671883e-05,4.12313324671911e-05,4.12313324671793e-05,0.0190809809938207,0.0955424569320272,0.0251058271082671
"AGCATCGTCGATAATT-1",0.0936987530343881,0.0153201431325773,0.100693618673611,0.098812710615135,0.0589004869620896,0.120093238969211,0.269492396325376,0.0628584476058604,0.0263131372514227,7.87057189881886e-05,0.00651509214420168,7.87057199069797e-05,0.0520053551850363,0.0155071593629032,0.0178733160447379,0.0617587332545547
"AGCATTACGAGGCAAG-1",4.50776492738487e-05,4.50776491767238e-05,4.5076550009571e-05,4.50776492714613e-05,0.0140854257987992,4.50776492714619e-05,0.97254161869298,4.5076612583449e-05,0.00362264168041773,0.00174022804931095,4.50776493071616e-05,0.00464922201554946,0.0011969726139326,0.000709037406224037,0.00109423468462053,4.50776492715294e-05
"AGCCACAGGTTACCCG-1",3.45634454201996e-05,3.45634454177643e-05,0.0560119627423729,3.45634454202023e-05,0.0249775911073546,0.0189173054241633,0.760979875336298,3.45634454187279e-05,0.0188448793013528,0.00221926662154185,0.0153361818025638,0.0161916420351423,0.00871583233822421,0.00606832827621906,0.0187835793937024,0.0528153018393876
"AGCCCGCACTACAATG-1",0.000121922278425355,0.000121922278439245,0.000121922278425357,0.000121922278425618,0.386407313967479,0.0809080070568729,0.0696034633379628,0.000121922278425365,0.0180365466985304,0.000833459913350636,0.000754676751921003,0.0118500616756339,0.0523552203310862,0.0795067155382139,0.283883354688197,0.0152515686486124
"AGCCCTAAGCGAAGTT-1",0.000120833409896717,0.028059555814949,0.0786455278678636,0.000120833409896709,0.124349409138816,0.131521419955409,0.181023963002881,0.000120833409896716,0.0527151214879491,0.000120833409896715,0.000120833409896715,0.0317377273712279,0.15362845374827,0.016127754658621,0.143000510255475,0.0585863896490548
"AGCGACATCCCATTCA-1",0.000240969260372017,8.37526579818641e-05,0.0481889477400714,8.37526579818063e-05,0.49636740707191,0.161785529800961,0.189441962099011,8.37526579818033e-05,0.0386769526436654,8.37526583129594e-05,8.37526579818076e-05,8.37526579818085e-05,0.0236903951470521,9.1250752757096e-05,0.0409303168779963,8.37526579818071e-05
"AGCGACCAACGATATT-1",0.0169552347742886,0.0148895402596794,0.023850402085215,0.16778764616434,0.0013996257247124,0.153134187289208,0.219768775225133,0.0933342987060016,0.185974263249996,0.0104379127689284,7.18365033908566e-05,7.18365033908564e-05,0.0396400405498397,7.1836503390856e-05,0.00922693449156744,0.0633856292009184
"AGCTAAGTACGCAGGC-1",1.41903315971244e-05,1.41903319040494e-05,0.0246516754195911,0.000120441838518018,0.0232983882933114,2.63534139825876e-05,0.913436287636735,1.41903315970761e-05,0.00216625849565697,1.41903307369253e-05,1.41903315971263e-05,1.41903315971241e-05,0.0147968204053898,1.41903315971258e-05,0.0208118053583003,0.000592636817888415
"AGCTACGAATGGTGGT-1",0.000145997859686196,0.000145997859686203,0.00014599785968651,0.00303310859513049,0.443374588796392,0.016760167507841,0.115614002443595,0.000145997859686228,0.0104041516419586,0.00537857242549579,0.000145997859582602,0.00269200438562807,0.00014599785968621,0.0487680694808247,0.299344448908957,0.0537548986561627
"AGGACATCGCACGTCG-1",0.00307241406696857,1.40995572802134e-05,0.0386422305475931,1.84116764659749e-05,1.40995572801136e-05,0.0204723862157577,0.791925114290154,0.0683586169966311,0.0258774643562397,1.40995570562845e-05,0.00732778829811481,0.000281359779257474,1.41547181280975e-05,1.4099557280215e-05,0.0439321581197267,2.15027060656606e-05
"AGGCCCATTGTACAGG-1",0.225190149903213,0.000131042847595631,0.0397553398951483,0.000131042847595627,0.0770023948634281,0.207515147756706,0.247288253615698,0.000131042847595631,0.041831454102079,0.0001310428479504,0.00604897077239985,0.000131042847595631,0.0123472118615457,0.0974481376745108,0.0112451216203774,0.0336726036965614
"AGGCCTGAGAATCTCG-1",2.50212866597695e-05,2.50212866609168e-05,2.50212866597593e-05,2.50212866597692e-05,0.0306602760141068,2.79697142136316e-05,0.895338109922561,2.5021286659659e-05,0.0106227401664063,2.50212866597787e-05,0.0180740624836727,0.00327803200587413,2.50212866598725e-05,2.50212866597579e-05,0.0140265603121015,0.0277720790877843
"AGGGCGTGATCGGCTA-1",2.6425709931574e-05,2.64257099315836e-05,2.64257099316386e-05,3.12108681235017e-05,0.234922849236167,0.0192840886121433,0.468149452800287,2.64257099315882e-05,0.0610646341381911,2.64257092453865e-05,9.42170785666471e-05,0.0631310931334964,2.64257099315842e-05,2.64257099316083e-05,0.0653327489502049,0.087804725213985
"AGGTGCACGTCCACAT-1",5.60512895528681e-05,5.6053229287417e-05,5.60514198882478e-05,5.60512516232912e-05,0.00373685169908831,5.60487300057722e-05,0.991257363859019,5.60514572754445e-05,5.60516633304562e-05,5.6051420071664e-05,0.00169670682502113,0.00173704969460648,5.6051420064135e-05,5.6051419943138e-05,0.000955463201272147,5.60514199501758e-05
"AGGTTGAGGCACGCTT-1",4.44145969960507e-05,0.0314093055686206,0.0432219954332119,0.048039062516632,0.115623189303215,0.036868320212229,0.0746354896013806,0.0110579599431933,0.0254378700882246,0.00493289520431844,4.44145969970479e-05,4.44145969960539e-05,4.44145969960503e-05,4.4414596996051e-05,0.587442768326837,0.0211090708171562
"AGTAACTATAGCAGCC-1",3.39256448870239e-05,3.39254561990888e-05,3.39247285697494e-05,3.39247403545363e-05,0.0059260603246397,3.39247403545375e-05,0.991770975115328,3.39257512496084e-05,3.3924740328277e-05,3.39247403392915e-05,0.000148962096155943,3.39247403528242e-05,3.39247403408454e-05,0.000881552417703527,0.000899275282841361,3.39247403556842e-05
"AGTAAGGGACAGAATC-1",5.73878555715191e-05,5.73878555715088e-05,6.44082341568473e-05,0.0373509524489385,0.312713893918184,0.0934340988006071,0.318521743828816,5.73878555715433e-05,0.0193244047023719,0.0450542682100049,5.73878555715156e-05,0.0199214095493099,5.73878555715162e-05,0.0342855559528972,0.118984937221284,5.73878555715158e-05
"AGTAATGTCTTGCCGC-1",0.000165503177067953,0.141797159584852,0.0890129775128368,0.0167660522528479,0.398222807674573,0.0350937481523758,0.15391173181707,8.21318353737885e-05,0.0574116166562519,8.21318345469052e-05,8.21318353737874e-05,8.21318353737878e-05,0.00862696089034374,9.15750217220351e-05,0.0439506949710552,0.0546206449483348
"AGTAGGTAACATACAT-1",5.44905386251799e-05,0.0265615467272221,0.106633182168645,0.115251299345356,0.126366322800606,0.0969083823188659,0.310843181211497,0.0522450600404926,0.0319887297844311,5.44905386251775e-05,0.00154644024882209,5.44905386251619e-05,5.44905386251753e-05,0.0441271148132874,0.0468607146712111,0.0404500637150632
"AGTCAGCCACCGCCTG-1",7.7448246197587e-05,7.74455990872306e-05,7.74396454365099e-05,7.74476642175956e-05,7.74417547242173e-05,7.74466893484498e-05,0.988623334511856,7.74436490859075e-05,7.74534887530416e-05,7.74476642079021e-05,0.0032247023125801,0.00714515811847321,7.74476642735966e-05,7.74476638321989e-05,7.74476641465118e-05,7.744766378015e-05
"AGTCGGCCCAAACGAC-1",2.31468490825029e-05,2.31468490725048e-05,2.31355901205163e-05,2.314684909417e-05,2.31468442764032e-05,2.31468490916862e-05,0.999652814747699,2.31406289215408e-05,2.31468490944385e-05,2.31468490783965e-05,2.31468491127916e-05,2.3146849091713e-05,2.31468490885643e-05,2.31468490821435e-05,2.31468490020972e-05,2.31468490917183e-05
"AGTCTTCTCCTCAAAT-1",0.0483865044334084,0.0228531548692165,0.0652402344542076,0.227338393356752,0.0199267677851559,0.0456007882323903,0.0743208498696203,0.000108465292151097,0.130181970661089,0.00133204872633225,0.000108465292151097,0.00341287422762279,0.00841532599930176,0.0232657176008617,0.143592299319051,0.185916139880688
"AGTGAGTCGAATTAAC-1",3.4328253925312e-05,3.43307613257618e-05,3.43272601482015e-05,3.43282730494103e-05,3.43229254788546e-05,3.43137913535061e-05,0.999485079826376,3.43361989015087e-05,3.43345498456559e-05,3.43282731526659e-05,3.43282731093254e-05,3.43285208542857e-05,3.43282733775169e-05,3.43282730954611e-05,3.43282728837322e-05,3.43282731232697e-05
"AGTGCTAAACACAGCA-1",3.73081611866883e-05,3.73081611866944e-05,3.73081611866842e-05,3.73500810533433e-05,0.0382205924712203,0.0335023963393624,0.798136525204555,3.73081611859988e-05,3.73081611866841e-05,0.00483571198027295,0.042856327211824,0.035335983714827,3.73081611866884e-05,3.73081611866829e-05,0.0286894171881775,0.0181245386804013
"AGTGGCCCGCAAATGG-1",6.0744033087332e-05,6.07452584444521e-05,6.07410021912898e-05,6.07440331474491e-05,0.00463256849646723,6.07445640459094e-05,0.985706736646469,6.07440330632385e-05,0.00348477344242923,6.07440331360391e-05,0.0047835701801772,6.07440332414811e-05,6.07440330846426e-05,6.0744033328571e-05,0.000724168144619236,6.07440330681553e-05
"AGTTATTCAGACTGTG-1",3.99464702630508e-05,3.99464702630217e-05,3.99464702630491e-05,4.61118315867962e-05,0.386670621905791,0.127434862930868,0.355438062788287,3.99464702630453e-05,3.9946470263051e-05,0.0151247505254499,3.99464702630514e-05,0.0187279550395107,0.023236588552828,0.0289571159032029,0.0440843052306348,3.99464702630379e-05
"AGTTCCTACAGAATTA-1",1.41102713456143e-05,1.41102712954353e-05,0.00785922898241716,1.41102713456074e-05,0.000201448919166727,2.60930681875941e-05,0.977312832884542,1.41102713446911e-05,2.05270480039126e-05,1.41102708180386e-05,0.0135426507635982,1.41102713456158e-05,1.41102713456115e-05,1.41102713461085e-05,0.000910225892552013,1.41102713456117e-05
"AGTTGGCAAGGCTAGA-1",5.85100415513161e-05,5.85130080306974e-05,5.85047526295935e-05,5.85101132861752e-05,0.00664829663544772,5.85111439264532e-05,0.99093430537731,5.85101132820444e-05,5.8510113357318e-05,5.92883351776172e-05,0.00137201916287931,5.85101131047432e-05,5.85101132714078e-05,5.85101135925172e-05,0.000342480749758967,5.85101133938915e-05
"ATAATAGTGTAGGGAC-1",4.73130077265953e-05,4.73115292212293e-05,4.7314367286847e-05,4.73137557602674e-05,4.73187822676914e-05,4.73143513403176e-05,0.994596528710134,4.73139956909044e-05,4.73153461350875e-05,4.73137559861028e-05,4.72936656391634e-05,0.0047410937116127,4.73137558758435e-05,4.73137557066992e-05,4.73137538694595e-05,4.73137557472153e-05
"ATACTAGCATGACCCT-1",0.0705736924272921,0.00010742653382198,0.107907675057209,0.257122431765407,0.260949460166511,0.0250894790582585,0.0351109802034512,0.0486014464828332,0.108208823523817,0.00304432695428103,0.00010742653382198,0.00010742653382198,0.0102981269801637,0.000107426533821982,0.0194369428959154,0.0532269083495726
"ATAGAGTACTGGGACA-1",2.17204838928998e-05,2.17204839271517e-05,2.17204838880128e-05,2.17204838910558e-05,2.17204838224504e-05,2.17204838910513e-05,0.997131582971899,2.17231469563101e-05,2.1720245272085e-05,0.000784609550830128,0.000745650060394085,2.17204838910558e-05,2.1720483891057e-05,2.17204838907987e-05,2.17204838963315e-05,0.00107750918576676
"ATAGCAACTAGGGAAG-1",2.20853309604456e-05,2.20853309614727e-05,2.20853309604502e-05,2.20853309604522e-05,0.0305890559855105,4.01507664769032e-05,0.936556655800252,2.20853309609594e-05,0.0163927286517261,2.20853313512677e-05,0.00940173939881219,2.20853309604481e-05,2.20853309604476e-05,2.20853309604481e-05,0.0067874873186601,3.34140995252526e-05
"ATAGGGATATCCTTGA-1",0.0134483651202264,0.00899467405840971,0.030713438825085,0.0943502095223422,2.33506754013663e-05,0.030313280429616,0.55605117348762,0.0056962720923632,0.0649933513623636,0.000393272115718606,2.3350675398721e-05,0.0411115876727916,0.00645892563555322,0.0100978168578791,0.0512650054326824,0.0860659260365486
"ATAGGTTGGGCAGATG-1",0.0172921684183774,5.78200944018668e-05,0.13168635376549,0.0731679134804891,0.224019377072626,5.78200944018669e-05,0.263138289895324,5.78200944018781e-05,0.0702383180059542,0.000403248051997635,5.78200944018671e-05,5.78200944018678e-05,0.0568851119422643,0.00167197169396558,0.123684008356779,0.0375241388447241
"ATATAACACGGGCGCA-1",2.16805791511817e-05,2.16805791041872e-05,2.16805791511908e-05,0.00870627655727002,0.0282887767323317,2.16805791511821e-05,0.923289151427065,2.16805791515064e-05,0.0159555917043667,2.16805791513483e-05,0.0017185468964089,0.00997436086959878,3.56601374974669e-05,2.16805791512226e-05,0.0118581910422985,2.16805791511812e-05
"ATATTGCTGTCAAAGT-1",3.24063770414996e-05,3.24063770074437e-05,3.24063770414993e-05,3.24063770415049e-05,3.24063771274859e-05,3.24063770415002e-05,0.999497395694803,3.24063770190283e-05,3.24063770362488e-05,4.89150264612201e-05,3.24063770024571e-05,3.24063770616576e-05,3.24063770495261e-05,3.24063770734775e-05,3.2406377150959e-05,3.24063770415023e-05
"ATATTTAACCCTCAAG-1",0.00458246672009872,0.00754302009404579,1.32045341759861e-05,1.32045341759655e-05,1.32045341723995e-05,0.0088523039581086,0.887049079142386,0.00390067634227599,0.0434540530384777,1.32045342177992e-05,0.00307407489710311,0.00866409527280611,1.3204534175984e-05,1.32045341759818e-05,0.0156335911909758,0.0171674121386285
"ATCACTTCATCCTCGC-1",0.09242578697343,0.0077754988650267,0.101616960820911,0.0886746541350107,0.0431201303227128,0.0110581572369302,0.00318701271353305,0.0370196271559911,0.093678935501131,0.00265230870580222,7.15592363946358e-05,0.0211670178299619,0.050262491253908,0.00844254455383109,0.292762901962223,0.146084412733203
"ATCCAACGCAGTCATA-1",4.58529227475278e-05,4.58566388070801e-05,4.58554158976797e-05,4.58524871913936e-05,4.58560585818477e-05,4.58565313954528e-05,0.982443298374607,4.58565558951036e-05,4.58456229950201e-05,4.58565314101422e-05,0.00590852845714991,0.0110520582775154,4.58565314956193e-05,4.58565314141974e-05,4.58565314958781e-05,4.58565314009037e-05
"ATCGACTCTTTCCGTT-1",0.092665421976187,0.0263178223438721,0.134369819413607,0.0824722245136648,9.78924801974358e-05,0.0720784240266881,0.0177610246533725,0.11164694387394,0.25259456813149,0.00912787669128683,0.00120299850777765,0.00210374983238448,0.0169454390612426,0.00750526373580664,0.0006774651120378,0.172433065646445
"ATCGCACGCCGGGAGA-1",0.00856838028310825,0.00336568797907075,1.8237089996232e-05,0.0170153215785984,1.82370899927894e-05,0.0141560559588501,0.6590180214164,0.0150310678831251,0.128391476280255,1.82370888031496e-05,1.82370899962318e-05,0.0274224935405106,0.0107430280336998,0.000232027550576727,0.00943755131594252,0.106545939821074
"ATCTACCATCTGCTCC-1",2.04151205906678e-05,2.04151205803707e-05,2.04151205906605e-05,7.62549250663864e-05,0.0365777653756558,0.0175114239020787,0.823913456472158,2.04151205918769e-05,0.0555997734409235,2.04151207080488e-05,0.00825405076898074,0.026733964870538,2.04151205906942e-05,2.04151205906685e-05,0.0119956510194431,0.0191947533809126
"ATCTCCCTGCAATCTA-1",6.54566052957042e-05,6.54566052957024e-05,0.125149128582747,0.0867233295956141,0.152064258787373,0.038598714338042,0.346957702825307,6.54566052957025e-05,0.0344452152807162,6.54566040936025e-05,0.00520581676071803,6.54566052956952e-05,0.00790081679770437,0.0447079309327639,0.14943067250817,0.00848913056556715
"ATCTGTAATTGTACCC-1",5.89164773497513e-05,5.89164773497721e-05,0.0459996591217922,5.89164773497629e-05,0.445530674790187,0.0175279045920812,0.319731761739254,5.89164773497887e-05,5.89164773497751e-05,5.89164775931684e-05,5.89164773497622e-05,5.89164773497541e-05,0.0826508739269944,0.0154226515147126,0.0266751652728997,0.0459899772230375
"ATCTTGACCTGCAACG-1",4.37876815885731e-05,4.38058203218817e-05,4.37824540868183e-05,4.37876815042533e-05,4.37877397457076e-05,4.37876815045038e-05,0.993407886230158,4.37899691371895e-05,4.37891037066595e-05,0.00270380295958454,0.00331905427152784,4.37876815017677e-05,4.3787681482432e-05,4.3787681471305e-05,4.37876812174666e-05,4.37876814610742e-05
"ATGAAGCCAAGGAGCC-1",0.0683124708399863,9.65046670470645e-06,9.65046670469809e-06,0.00920677497985512,0.027576754920337,0.0822119918928792,0.768347204349475,9.65046670470663e-06,0.0104160315174345,0.0150887224225287,0.00749023696205691,9.65046670469755e-06,1.85392593273333e-05,9.65046670474937e-06,0.0112733700558914,9.6504667046967e-06
"ATGACGCCGGCTCTAA-1",7.96566770760004e-05,6.20923955165987e-05,6.20923955188918e-05,6.20923955188944e-05,0.640002883472777,0.0619361352839172,0.248560749556387,6.2092395518954e-05,6.20923955188897e-05,0.0079704703833777,0.0132041136823268,6.20923955188885e-05,0.00655835679906327,6.20923955188987e-05,0.0211908949809259,6.20923955188897e-05
"ATGAGGAGTGTTAATC-1",3.69269917752572e-05,0.000285212502240514,0.012722227264591,3.69269917752404e-05,0.00308399830331602,3.69269917752358e-05,0.97141824230068,3.69269917732831e-05,3.69269917752349e-05,0.000615582356684567,3.69269917752359e-05,0.00503439217537882,3.69269917762901e-05,3.69269917747986e-05,0.0065080021711334,3.69269917752359e-05
"ATGATCGGGAATAGAC-1",0.0208642869537605,3.96341536653108e-05,0.0937248159764067,3.96341536653052e-05,0.453222292321515,0.0338540004478017,0.2352608111427,4.27995553216993e-05,3.96341536653264e-05,0.0469350796894766,3.9634153665315e-05,0.035379334755359,0.0479951664418289,3.96341536653175e-05,0.0324836077938372,3.96341536653083e-05
"ATGCACTACCGCATTG-1",4.1932036094842e-05,4.19268776329424e-05,4.19248400758046e-05,4.19249157497978e-05,4.19250096532228e-05,4.19255863026784e-05,0.999371108043495,4.19247516738367e-05,4.1933528884169e-05,4.19249162960594e-05,4.19249157556944e-05,4.19249157586706e-05,4.19249157132272e-05,4.19249155907297e-05,4.19249154546786e-05,4.19249158684761e-05
"ATGCATGATCCAGGAT-1",7.0137867860702e-05,0.0483582340540095,0.11015820311474,0.0750508940905666,0.0133030302742956,0.0618093847063641,0.0929535911794436,0.0449809743667707,0.126304653768988,0.00315693475787369,7.01378678607019e-05,7.01378678607019e-05,0.0224521350012373,0.0187225593976181,0.12434055145645,0.258198440228061
"ATGGATTGACCAAACG-1",0.0690178341479416,8.2433542802205e-05,8.2433542802206e-05,0.0136839729059764,8.24335428022049e-05,0.0857628598958526,0.326780676288629,0.0486427213144574,0.164273841490375,0.00834448892280155,0.00469139983377841,0.0258032024050781,0.0308412181896145,8.24335428022057e-05,0.0485683437430047,0.173259706691282
"ATGTGCATCCGACGCA-1",0.0712557747032173,0.0245626211530613,0.167332762924644,0.220206988590772,0.000105829651418173,0.0692114592039506,0.158559134357615,0.0410611030516935,0.186355959057452,0.00259877148449352,0.000105829651418172,0.000111573391112841,0.000105829651418174,0.0204027773346498,0.0239751019259745,0.0140484838671085
"ATGTTGATTAGAGACT-1",2.17823472155922e-05,0.00287219032131997,2.17823472155882e-05,8.99680919867872e-05,0.0304071820755272,4.98483324651692e-05,0.888401966207601,2.17823472156068e-05,0.00821288991436941,2.17823464015886e-05,2.17823472155893e-05,0.00859069411272249,0.00284155897769882,0.00832164169616173,0.0194158486357827,0.0306872998991002
"ATTAATACTACGCGGG-1",0.0211418842838269,0.0130087866954511,0.0310273949661538,0.214276375203042,4.96186589233398e-05,0.0453276126873401,0.270212113795638,0.00531273462771293,0.151324680617966,4.96186589330164e-05,4.96186589209224e-05,0.0126644651208965,0.0152562100331569,0.00606953378623514,0.0178014680358116,0.196427884169992
"ATTAATTCGGTCACTC-1",0.0618685127063624,8.00899306628011e-05,0.000177888655947542,8.00899306627682e-05,0.0417382210597293,0.0663089368098628,0.215902849058124,0.0313417816773281,0.118953591566178,0.00983009463176799,8.0089930662792e-05,8.00899306627923e-05,0.00967870210850835,0.00168007910324354,0.196887856306073,0.245311126594224
"ATTACTAGCCTCTTGC-1",1.99290810376156e-05,1.99290809307373e-05,0.023684189497383,0.000240286159411906,0.295670214762611,9.34642672667726e-05,0.489097033320283,0.0522745647625387,0.0607795979289092,1.99290825711677e-05,1.99290810376092e-05,0.0336753571511514,1.99290810376256e-05,1.99290810376099e-05,0.0418055184526889,0.00256019921010317
"ATTAGATTGATAGCGG-1",4.58602328873335e-05,0.0676322224633304,0.0691374883847392,3.89535388806436e-05,0.172985482587611,0.15208813396995,0.345004297943048,3.89535388806428e-05,0.0297483880740588,3.89535389562439e-05,3.89535388806415e-05,0.0143655039722868,0.0252891693808373,0.0151781440712085,0.0363382085104754,0.0720312862539686
"ATTATGCCATAGGGAG-1",0.175028246382257,0.000100788213651107,0.117918379857375,0.033570999761681,0.302031584417867,7.66023220684737e-05,0.146443922971338,7.66023220684792e-05,0.064612034510189,0.0257040681178617,7.66023220684742e-05,7.66023220684763e-05,0.0319666328559463,7.66023220684887e-05,0.0112030471728414,0.0910372841286499
"ATTATTCAGAGTCACT-1",3.25160177929186e-05,3.2516017792071e-05,3.25160177931733e-05,3.25160177929092e-05,0.0214060766411975,0.00757461852337715,0.930997636755705,3.25160178144919e-05,0.0101267505176574,3.25160177922098e-05,0.0043503261642,0.0156823761899263,3.25160177929223e-05,3.25160177940004e-05,0.00956957104777875,3.25160177929098e-05
"ATTCCTCCGCCAGTGC-1",2.04604291163325e-05,2.04604291182512e-05,2.04604291163288e-05,2.60280912584361e-05,2.04604290224756e-05,5.75390400675835e-05,0.999217706299624,2.04604290985464e-05,2.04604291159261e-05,2.04604291235473e-05,2.04604291222106e-05,2.04604291319328e-05,2.04604291163327e-05,2.04604291167122e-05,0.000453201419734593,2.0460429116333e-05
"ATTCGTGTACCCATTC-1",5.25966687410106e-05,5.25305999342492e-05,5.25798293627206e-05,5.25965625076753e-05,0.00716147132014226,5.25965625571598e-05,0.98692262831913,5.25903281180246e-05,5.25965625676094e-05,5.25965624468437e-05,5.25965624332473e-05,5.2596562692556e-05,5.25965625556039e-05,5.25965620643758e-05,0.00523223387215043,5.25965625967177e-05
"ATTCGTTTATCGTATT-1",0.000127586356051913,0.000127586356051914,0.00999525695864949,0.0200869315568521,0.517146721548536,0.062957820693279,0.139993191195529,0.00012758635605197,0.00739122575962164,0.00605471179318331,0.000127586356045201,0.0251419226408329,0.0453756619832971,0.000564471487282563,0.141200200771059,0.0235815381876765
"ATTGGTTGTGCATTAC-1",3.21751293195653e-05,3.21750294642229e-05,3.21610247268495e-05,3.21750294663104e-05,0.0102354233502319,3.21750294662489e-05,0.987285989561003,3.2175032452692e-05,3.21750294486933e-05,3.21750294365688e-05,3.21750294426594e-05,3.21750294823347e-05,3.21750294676096e-05,3.2175029364283e-05,0.00206032560776023,3.21750294663158e-05
"ATTTAACTCGTATTAC-1",4.43113186894448e-05,4.43113186894201e-05,4.43113186894598e-05,0.0445878934630027,0.227679554699402,4.43113186894583e-05,0.413817953296109,4.4311318689478e-05,0.126499332855698,4.43113186894508e-05,0.00113332054419135,0.0144256582992707,0.0471210567027291,4.43113186894587e-05,0.0573845524982942,0.0670404984104769
"ATTTGTTCCAGGGCTC-1",0.0260115068819549,0.000137921058730888,0.0713596246660645,0.118403799107861,0.125985216884708,0.0230531078178736,0.0813248050883472,0.0255747516288563,0.0987605313104782,0.0056690236010875,0.000137921058730989,0.000137921058730989,0.00265873832529841,0.0220767470321138,0.287510613422855,0.111197771056308
"CAACGACCCGTTTACA-1",2.98942246973001e-05,0.0101386920469555,0.0150537874022448,2.98942246972864e-05,0.347871005676386,0.0745168556578319,0.429313120678348,0.0309306287788411,0.0362357766019452,0.0298712221369205,2.98942250019729e-05,2.98942246973069e-05,2.98942246973021e-05,2.98942246973177e-05,0.025859651447341,2.98942246972957e-05
"CAACGGTTCTTGATAC-1",1.82539270871721e-05,1.47155569196761e-05,8.89061655961877e-05,1.4715556917713e-05,0.0175982998531893,0.0383684659826659,0.757204587196191,1.47155569177186e-05,0.0679306013153607,1.47155569183926e-05,0.0013146660282964,1.47155569177173e-05,0.0685767520259922,0.00951783566993522,0.0392933384941775,1.47155569176918e-05
"CAACTCCTTGATCCCG-1",0.0485740982219018,1.9968307940416e-05,1.99683079403248e-05,0.176334830048635,0.210775748834186,0.01389205991447,0.494381468425729,1.99683079403301e-05,0.0441831124364899,1.99683079373944e-05,1.99683079403315e-05,1.99683079403308e-05,1.99683079403305e-05,1.99683079403519e-05,0.0116789673471286,1.99683079403288e-05
"CAAGCACCAAATGCCT-1",0.000179298390575286,0.0722428263579287,0.0935954029871521,0.10018883144226,0.202884970623114,0.151922510116541,0.0463347325328166,0.0464865757747721,0.0745327449547743,0.0208506621806186,0.000150363268855728,0.000150363268855728,0.0388555644909018,0.000150363268855724,0.0822024633760184,0.0692723269659604
"CAAGGCCAGTGGTGCA-1",3.38013430609593e-05,3.38013430842371e-05,3.38013430854258e-05,3.3801343085423e-05,0.0157904977748273,3.38013430854239e-05,0.970433192801392,3.38013431244256e-05,3.38013430543956e-05,3.38013430027165e-05,0.00309033259385931,3.38013430914671e-05,3.38013430853408e-05,3.3801343085413e-05,0.00764148222163363,0.00267267983444292
"CACAGCTAGGGAGTGA-1",0.0820368220037971,5.45438462722164e-05,0.031580282230682,0.049154896477967,0.425847954886027,0.0222253128374122,0.113162102776405,3.70659863644534e-05,0.0580499112366428,0.00658754087523533,3.70659863644593e-05,0.0330111555016922,0.0179248436665848,0.0332894036452515,0.0572609210259367,0.0697401770173647
"CACCCACACGTCACCC-1",1.5508725418042e-05,1.55087254181179e-05,0.0668531437051492,3.15056971833861e-05,0.123692577646751,0.000106180967316554,0.713447323032477,3.82196218829135e-05,3.74103130527757e-05,1.55087249831096e-05,1.55087274131383e-05,0.0341576347659907,0.00233146476394626,0.0180474442842005,0.0411795515733985,1.55087254181169e-05
"CACCGCCAGAAGGTTT-1",0.0215484179984763,0.0384558577781532,5.50766443538393e-05,0.0473566333400496,0.0196615426659545,0.0576807306178655,0.210495055890113,5.98075990052288e-05,0.561444778453842,0.00703490503134456,0.00366939510266139,6.02682823937053e-05,5.50766443538418e-05,5.50766443538365e-05,0.0289531235886885,0.00341425371839134
"CACCTAATCAGTTTAC-1",0.0865952198699496,0.0457861326706665,0.0497758012219091,0.0312266773517803,0.0764968359830911,0.115427558165935,0.0457323665498969,5.53609120320773e-05,0.118648819552775,0.00462589624128599,5.53609120320771e-05,5.53609120320773e-05,0.00868578321292541,5.53609120320763e-05,0.348129139172083,0.0686483263595739
"CACCTCGATGGTGGAC-1",0.0824273096125287,8.00710466413747e-05,0.122062615897842,0.139070716841466,0.0342480093846226,0.0433191264936135,0.0981322436415848,0.0380078831113508,0.0642974037054415,0.00450986424308138,8.00710466413749e-05,8.00710466413732e-05,0.0441446848135072,8.00710466413747e-05,0.245866430501511,0.083593427566885
"CACGCACAGCGCAGCT-1",4.2795520222629e-05,0.0113208948361411,0.0154937125489539,0.0223362841198572,0.0401220562864706,0.09950645167409,0.0213589551075316,0.00304710074625858,0.0410349161322863,0.00314779832321188,4.27955201105728e-05,0.00281708480325853,0.0185267377405446,0.0124839743819633,0.691134800528709,0.01758364173039
"CACTGTCCAAGTGAGA-1",2.93448620615222e-05,2.93448620320401e-05,0.00723499436727222,7.03403968321715e-05,0.182851521258922,9.13521987838229e-05,0.530989553424075,2.93448620615619e-05,0.0538581871914455,2.93448605104516e-05,2.93448620615156e-05,0.0722192532395157,0.044514282648192,2.93448620615198e-05,0.047793780954333,0.0602006651498407
"CACTTCGCCACAGGCT-1",6.95309729448175e-05,6.95309727471486e-05,6.95309728513105e-05,6.95309728513444e-05,0.00116757770401094,6.95309728513447e-05,0.971719016080121,6.95309728559917e-05,0.00660160522135143,6.95309735646982e-05,6.95309728256225e-05,0.00866211596748476,0.00717727840009788,6.95309728898785e-05,0.00397709689769996,6.95309728513478e-05
"CAGAGCATGAGCTTGC-1",3.60515371797832e-05,0.0222275196474094,0.0528735639686055,7.71163578480597e-05,0.0396618299292293,0.203843615153043,0.0872342323841841,3.60515371797823e-05,0.0297064661265199,0.0186765819418038,0.000734152293487712,3.60515371797857e-05,0.0413564306760992,0.0419175039298331,0.404038819827381,0.0575440131530164
"CAGATACTAACATAGT-1",3.724844871101e-05,3.72484486722816e-05,3.72484486875689e-05,3.72484486866042e-05,3.72484487939764e-05,3.72484486866084e-05,0.992939015777543,3.72484486333502e-05,3.7248446505791e-05,3.72484484299138e-05,0.00111449082956554,3.72484485837479e-05,3.72484486865484e-05,3.72484486827843e-05,3.72484486010345e-05,0.00546226356252998
"CAGTTCAAATTGACAC-1",1.86531109614175e-05,1.86531109475534e-05,1.8653110961424e-05,1.86531109614006e-05,1.86531109641455e-05,1.86531109614325e-05,0.931398953365906,1.86531109667629e-05,0.0619435929778258,1.86531108329734e-05,0.00641496321387878,1.86531109614188e-05,1.86531109614186e-05,1.86531109765036e-05,1.86531109720896e-05,1.86531109614188e-05
"CATAGAGGAGATACTA-1",6.04682776321081e-05,6.04682776173575e-05,0.0627706378822027,6.04682776321101e-05,0.0320593117508794,0.0178620470367515,0.710952568992584,6.04682776129229e-05,0.0599586332097445,0.00203473093113868,0.00932872829914125,0.0230245776901006,0.0138740039380057,0.00486509563494385,0.0273508567420238,0.0356769347819894
"CATAGTAGCATAGTAG-1",2.71891810455684e-05,2.25789108973737e-05,2.25789108850225e-05,0.0573253843348919,0.174419071804696,2.25789108849784e-05,0.645884701754607,2.25789108850301e-05,0.0358969073345356,2.25789106270159e-05,0.00620069542755277,2.25789109011166e-05,2.25789108850237e-05,2.25789108850395e-05,0.00664313931271616,0.073422279563105
"CATAGTCAAATACATA-1",3.26351891602632e-05,3.26351891662202e-05,0.0189607156843172,0.0144643720047109,0.0412163072949043,0.0163048181574152,0.810947435351185,3.26351891602047e-05,0.0310763753952195,0.00369127067298533,3.26351891602658e-05,0.00551595544107189,0.000172112363690262,0.00660085362792689,0.0126449291845426,0.038274314065384
"CATGATGCACAATTCT-1",0.0547433103268949,0.0223557017150756,0.0850368440635056,0.121447521775153,4.99482062923109e-05,0.0531994102244062,0.00249778032896238,0.023550047080528,0.107935765812707,0.00261726693969534,4.9948206292312e-05,0.00807213391760253,0.0175097742346533,0.0101270886082753,0.153136706579199,0.337670751980757
"CATGCGTTAGACAGAA-1",0.0225642072999683,0.000107505067965711,0.0661474052969576,0.0189181566519533,0.158200284359896,0.200216672710578,0.122389924350922,0.0104550685587761,0.0743527674700622,0.00749140777294449,0.000107505067965711,0.00010750506796571,0.066073959020531,0.000107505067965711,0.159913513334296,0.0928466129012515
"CATGGCAGGAAGATCG-1",0.000172495377053037,0.000118903983381242,0.000118903983381196,0.0539644251092791,0.424179988925634,0.112172709395865,0.138641324077172,0.000118903983381158,0.0598179747278742,0.0320900586374702,0.00229205831229307,0.0279965777257999,0.0194321106489427,0.000199835740479687,0.0360568037819687,0.0926269255900245
"CATGGTCTAGATACCG-1",0.0158212667726523,6.25301596650877e-05,0.0404545288581703,0.137034798398985,0.0756803653051015,0.0246171936541235,0.323099517422808,0.0212726636975114,0.0854748928143148,0.0299126390236518,0.0172906527051419,6.2530159665091e-05,6.25301596650885e-05,0.0459803033088716,0.132966679428353,0.0502069081313199
"CATGGTTTATTAATCA-1",5.1571402348575e-05,5.15674593753258e-05,5.15682560886695e-05,5.15678823113435e-05,0.00692980249360695,5.15678823112937e-05,0.985106387658482,5.15679428168826e-05,5.15678822899422e-05,0.00161256374345695,5.156788231882e-05,0.00205372894789027,5.15678823200844e-05,5.15678819888231e-05,0.00309176775930003,0.000690067043093801
"CATTACGCAGGAAGGG-1",4.30453396297802e-05,4.30438484390485e-05,4.30457188514116e-05,4.30457188492532e-05,4.30431087053057e-05,4.30457188267198e-05,0.999354319319363,4.30457866417308e-05,4.30454095173901e-05,4.30457185392353e-05,4.30457188273705e-05,4.3045718779802e-05,4.30457186362362e-05,4.30457188070416e-05,4.30457187222421e-05,4.30457188648341e-05
"CATTACGTCGGCCCGT-1",0.0545336621889127,0.0178057425980786,0.0911242038379289,0.0478667951181102,0.297288140169653,0.0250585471117899,0.0460992661867095,0.0170608113186042,0.0878931660160228,0.0203016991683796,0.000108453588523431,0.00551453231362358,0.047117893410492,0.000108453588523433,0.0981578143884307,0.143960818996218
"CATTATGCTTGTTGTG-1",2.08730460942424e-05,2.08730459849383e-05,2.08730460591808e-05,3.40813292335185e-05,2.08730460194973e-05,2.08730460594033e-05,0.956722604139295,2.08730460783376e-05,0.0177693314433079,2.08730460632826e-05,0.00204664371392894,2.08730460615472e-05,2.08730460593994e-05,2.08730460642902e-05,2.08730460290969e-05,0.0231977358676611
"CATTTCTAGCAGACTA-1",3.61650860118979e-05,3.6165085991835e-05,0.00759388038609864,3.6165086012822e-05,3.61650859555291e-05,3.61650860128204e-05,0.977936765630066,3.61650859906276e-05,3.61650860100295e-05,0.00163796872318322,3.61650860352629e-05,0.00761719529766303,0.00260396785682157,3.61650860207883e-05,0.00224857124611354,3.61650860127547e-05
"CCAAACAGAACCCTCG-1",0.00545245263554254,1.38684412540832e-05,1.38684411723452e-05,0.0819023572090852,0.0621187667896558,2.23187051644985e-05,0.708389120211184,9.04754691944007e-05,0.0459178654896401,1.38684412599183e-05,1.38684411723443e-05,0.0440739702569491,0.0519354085152074,1.40540711733488e-05,1.38684411728472e-05,1.38684411723417e-05
"CCAAGACTTCTGCGAA-1",0.00987830333598065,0.0406528743050134,0.0310010892351384,0.0808462999866242,0.294192473010244,0.0481753341106631,0.0365651099602255,0.0419217605422139,0.0753953602448305,8.22211732793047e-05,8.22211740774426e-05,8.22211740774425e-05,8.22211740774505e-05,8.22211740774402e-05,0.252394374714069,0.0885659146854078
"CCAAGGAACAGAGAGG-1",0.0922272134651116,7.62909789242194e-05,0.144907615996599,0.0913621460226936,0.0601000730555164,0.0717119437733498,0.258014606717128,0.0760064160069432,7.62909789242247e-05,0.021975733096607,0.00580253121232256,7.62909789242247e-05,7.62909789242191e-05,0.0222314635253462,0.0583506769408098,0.0970044162718767
"CCAAGGTTGCCCTTTC-1",2.29049262980311e-05,2.28978207888983e-05,2.29026081210033e-05,2.29046172860234e-05,2.29047529113552e-05,2.29037138090068e-05,0.999500536216409,2.29033507153429e-05,2.29088750972282e-05,2.29046172426242e-05,0.000139078740205855,6.26312918727291e-05,2.29046172473428e-05,2.29046174013503e-05,2.29046172935399e-05,2.29046173007617e-05
"CCAATTGAATGTTAAT-1",2.1429613203015e-05,2.14296132029879e-05,0.0923241966684278,4.4072504484665e-05,9.16354486845095e-05,7.4624349177692e-05,0.703553847568054,0.105734967357905,2.14296132029834e-05,0.00373569485452447,0.0263737493268157,2.14296132029881e-05,2.14296132029904e-05,0.0343123404804467,0.0336262937622609,2.14296132029845e-05
"CCACGAGAAGAGAATC-1",7.89262279390126e-05,0.0802736842842878,0.0926960353731331,2.6988818862971e-05,0.0908620899335548,0.0454254995461709,0.4224423253078,2.69888188629391e-05,2.6988818862925e-05,2.69888198355206e-05,2.69888265017341e-05,0.0250116128730525,2.69888188629365e-05,0.0171911312270781,0.142874603080146,0.0829821592250483
"CCACTTTCCTTCTAGG-1",2.04487730877307e-05,2.0448773087711e-05,2.04487730877203e-05,2.33130097865947e-05,0.149921477178206,0.0403367254143015,0.753404644708963,2.04487730877549e-05,2.04487730877346e-05,0.00955867942537841,2.04487730877262e-05,0.0346219302568843,2.04487730877263e-05,2.06138901624771e-05,0.0119490259316161,2.04487730877245e-05
"CCAGGGACGTGGCCTC-1",1.79678580955941e-05,1.79678580883674e-05,0.00328305754644085,1.79678580956015e-05,1.79678580932027e-05,1.79678580955934e-05,0.951901416413048,1.79678580945157e-05,0.0344550919558977,1.79678573590607e-05,0.00626875650325632,1.79678580955937e-05,1.79678580954487e-05,1.79678581014253e-05,1.79678580962385e-05,0.00389403114304617
"CCATAGGTTGGCGTGG-1",0.000290320877522985,0.0216551549555146,0.0692759541438522,0.0540963142157017,0.288884353903253,0.135066190249629,0.139357857052078,0.00500793923342523,0.0649708199951001,0.000106545762308969,0.00313798616118423,0.000106545761820028,0.0798678782955781,0.00010654576182003,0.100556553034655,0.0375130405965579
"CCATGCTCTGCAGGAA-1",0.043598194682536,0.0059632506816328,0.0180277956497201,1.01977429823325e-05,0.0336095649873755,0.0413389752724927,0.815870798531975,1.01977429824043e-05,1.94812496247865e-05,1.0197744588803e-05,1.01977429823695e-05,1.01977429823455e-05,1.01977429814763e-05,1.01977429823729e-05,0.0113878737051922,0.0301126810369686
"CCCAAGTCATTACACT-1",3.29834244132894e-05,3.29834244142415e-05,3.29834244123723e-05,3.29834244132808e-05,0.0152057892685101,0.015668584945567,0.950438311261668,3.29834244227757e-05,3.29834244155115e-05,3.29834245253798e-05,0.00300555777174852,3.29834244132857e-05,3.29834244132858e-05,3.2983424409232e-05,0.0131582605443193,0.00219366196393454
"CCCGACCATAGTCCGC-1",0.0109124225617367,0.0425648287356673,0.0365803158172618,4.08808898730226e-05,0.0635827999187469,0.0139709832962264,0.0231946678622361,0.0285579749221385,0.0448512975412742,0.0036200031628392,0.00383934669728956,4.08808898730229e-05,0.00758125085609494,4.0880889864343e-05,0.648591059879432,0.0720304060794464
"CCCGCCATGCTCCCGT-1",0.0338791006191519,1.48678528240064e-05,0.0904391251888553,0.00660245220074159,0.0812869669088997,1.48678528239659e-05,0.740220030605567,1.48678528239517e-05,1.48678528239538e-05,1.48678535878004e-05,1.48678528239549e-05,2.21699498200965e-05,0.029622704693672,1.486785282395e-05,0.0178085070099368,1.4867852823956e-05
"CCCGGCACGTGTCAGG-1",6.48600844278829e-05,4.02993569241704e-05,0.0414161389931067,0.0288668324837647,0.409399904540971,0.0480714078287887,0.383760143248283,4.0299356924191e-05,4.02993569241715e-05,4.02993569558205e-05,0.000716811803388738,0.00162456754413006,0.0266131228417459,0.0204367507339901,0.0388279631127499,4.02993569241712e-05
"CCCGTCAGCGTCTGAC-1",0.0616499983356916,1.95722263183978e-05,0.0350934558648768,0.161848710853397,0.0255351311111087,0.0188693034395857,0.550377367026821,1.95722263183977e-05,0.046201580221772,1.95722243292061e-05,0.000399124629796598,0.0042703031765352,0.0593394015335944,1.95722263183998e-05,0.00348086948641582,0.0328564654171214
"CCCTCATTCTGGAATT-1",0.10968221117971,1.27508034587581e-05,0.12856042960371,8.78069426792475e-05,0.00468706369034947,0.000135537293919651,0.556900461628792,1.2750803700876e-05,1.27508037008942e-05,0.0467936630947758,1.27508037008746e-05,1.27508037008783e-05,1.27508037009114e-05,1.27508037009336e-05,0.0386617290687683,0.114401841871632
"CCGAAAGTGGTGAGCA-1",3.78600620347338e-05,3.78600620009448e-05,3.78600620375565e-05,3.78600620375856e-05,3.78600620786705e-05,3.78600620375725e-05,0.991813868730561,3.78600621040988e-05,0.00337053862143835,3.78600620375609e-05,0.000855297609716153,3.78600620375651e-05,3.78600620375663e-05,3.78600620593123e-05,0.00350597429374531,3.78600620364444e-05
"CCGCACTTGCAATGAC-1",3.73550325117706e-05,3.73510802583125e-05,3.73562115381634e-05,3.73545817985083e-05,0.00266877824438702,3.73545817986741e-05,0.996808266607162,3.73506483342781e-05,3.7350939763467e-05,3.73545816969699e-05,3.73545818171196e-05,3.73545816706195e-05,3.73545818033286e-05,3.73545817898426e-05,3.73545819013364e-05,3.73545817682775e-05
"CCGCCGGTCAACACAC-1",7.64241363863112e-05,0.0163531931082779,0.164449350476863,0.1442233986191,0.135546991500767,0.0140746572003285,0.251200823287582,7.6424136386311e-05,0.0523666156607145,7.64241363863093e-05,0.0270522036716792,7.64241363863064e-05,7.64241363863013e-05,0.0922636077385564,0.0847946032925526,0.0172924347616464
"CCGCTCTTCCGAACTA-1",3.08925599031685e-05,3.08925599140443e-05,3.08925599031585e-05,7.25299951289282e-05,0.0221173096900211,3.54656563534492e-05,0.938709550834773,3.08925599053786e-05,0.00240372409254297,3.08925592909594e-05,3.08925599119375e-05,0.00639424380866906,3.0892559903158e-05,0.00188234157423079,0.0114530324838611,0.016715553945688
"CCGGAAGTGCAATATG-1",1.8256913319076e-05,1.82569133190734e-05,1.82569133190769e-05,0.0706328897637802,0.0844610598107496,2.05306411663215e-05,0.727302417476024,1.82569133184564e-05,0.0613229652876461,0.00120799545929362,1.82569133191046e-05,0.00825837204873617,0.0140222778300085,0.0137780407948454,0.00326064744362541,0.0156415188775302
"CCGGCGCATATTGGAT-1",0.0107624055623133,0.0310450925690773,5.76477017192103e-05,5.76477017192119e-05,0.35327087796759,0.0173810515317441,0.269877660656147,5.76477017192074e-05,0.0664721057516895,0.00975540739252288,5.76477017192172e-05,5.76477017192276e-05,0.0282762280575021,5.76477017192214e-05,0.071098193088401,0.141715091212697
"CCGGGACCCGCAGAGA-1",0.000211327860831623,5.90666151913459e-05,0.0469346287191949,0.0171282575789063,0.454125389630206,0.0297756299072637,0.275955319501017,5.90666151914165e-05,0.0308464342331331,5.90666165135408e-05,5.90666151914269e-05,5.90666151914265e-05,0.0595932312953031,5.90666151914339e-05,0.0522827505100939,0.0327926310715788
"CCGTAGGAAATCCCTG-1",2.18503328978638e-05,2.18503328994704e-05,0.0291465976216184,2.18503328978755e-05,0.0157104915070708,2.18503328978619e-05,0.780727368766895,2.18503328994189e-05,0.0502848738642585,0.00952234549550972,0.0192655588789471,0.0107592830374618,0.0077375134205925,2.18503328978623e-05,0.0073528894410391,0.0693619759692169
"CCTACGGCTCAGTCGA-1",3.07153956187133e-05,0.00271494158705961,3.07153956187398e-05,4.72395100137886e-05,0.0218136923410895,0.019946371853488,0.909551638654198,3.07153956191e-05,0.00296623147522253,0.0121907429556348,0.00619428159104936,3.07153956187176e-05,3.07153956187152e-05,3.57302959608388e-05,0.00689350657355981,0.01749204618463
"CCTACTGCTTACACTT-1",1.88120702333692e-05,1.88120702236306e-05,1.88120702345577e-05,0.00177145046731611,0.00833814635238453,0.0568675653324094,0.907704762995298,1.88120702321156e-05,0.00698705405306932,1.88120702467727e-05,1.88120702368419e-05,1.88120702345577e-05,1.8812070234558e-05,0.00327530828627064,1.88120702436195e-05,0.0148864038811322
"CCTATCTATATCGGAA-1",4.47221600073786e-05,4.47221600073771e-05,0.0306572318009208,4.47221600073812e-05,0.158231544937782,0.0427389232247073,0.468837493154658,4.47221600074016e-05,0.0426801063032506,4.4722160524058e-05,0.0100818747970006,0.026238339663866,4.47221600073767e-05,4.47221600073769e-05,0.164192878397352,0.0560285525998939
"CCTATGTCCACTCCAC-1",2.73153950696961e-05,2.73153950699544e-05,2.73153950697115e-05,0.000100623588334369,0.0359672992876957,0.0207663506010499,0.836369433883294,2.73153950693229e-05,0.0165969302038134,0.0055555889305513,0.0183036772181683,0.00433102324520696,0.0178888718754576,0.00687680061274065,0.0184933935213975,0.0186407454520122
"CCTCACCAATCTTGAC-1",1.42064447773673e-05,1.42064444572487e-05,0.0638577357739229,8.53263276177524e-05,0.0358297633952704,1.4206444777403e-05,0.828983563643515,1.42064447773758e-05,0.000179441743205357,0.0147975631268631,0.00511965937790126,1.42064447773679e-05,0.00618687170822621,1.42064446550352e-05,0.0448606297904792,1.42064447773593e-05
"CCTCCTGTTGTGTCGT-1",2.11765088809876e-05,0.00578705880084315,2.11765088809926e-05,7.71999794597119e-05,0.029307743631215,2.11765088809954e-05,0.856023711385398,2.11765088808042e-05,0.0458617846866066,0.00233019233509647,0.00552858840407681,2.11765088809904e-05,2.11765088809924e-05,2.11765088809918e-05,0.0162815945647269,0.0386538906504106
"CCTCGAAGTGGACGGG-1",5.80478514358008e-05,5.80478514357949e-05,0.0687641530762945,0.0750966470528877,0.0718883480271346,0.111654331239848,0.299833759518169,0.022007641166185,0.0994424098683283,5.80478514357966e-05,5.80478514357955e-05,0.0243573118038044,5.80478514357946e-05,5.80478514358053e-05,0.189897975022001,0.0367091361167324
"CCTCGCCAGCAAATTA-1",0.0984935437985867,0.000102245139839996,0.059103334385222,0.032408380822328,0.310800265033956,0.0274450521318786,0.31534859228351,0.00010224513984004,0.0394061417647368,0.000102245140275283,0.00367858553882596,0.000102245139840037,0.00455017361429162,0.000102245139840038,0.108152459787189,0.000102245139840038
"CCTCTAATCTGCCAAG-1",4.22297113528394e-05,0.0379637957019239,0.00546254110332652,0.000217988183990644,0.0760416572659555,0.167116765908125,0.0430115752088151,0.00553137823056925,0.018423948369774,0.000901284110318343,4.22297113757713e-05,0.0085512876848886,0.0539055010628234,4.22297113528403e-05,0.549412733546434,0.0333328544889748
"CCTGAATATTTACATA-1",0.0507327420053515,0.059024353838375,0.026833913474884,0.0160671493968982,0.0412206484648104,0.237213971106669,0.0737543902748342,0.00011311149892905,0.0535042797590118,0.00506206964145106,0.000113111498929051,0.0264668707826967,0.0500439163940911,0.00011311149892905,0.22328607599926,0.136450284364879
"CCTGATTCGCGAAGAA-1",3.0926905432678e-05,3.09269054317757e-05,3.09269054326738e-05,3.09269054326877e-05,0.0276085750681307,0.0099996427253361,0.934224090853088,3.0926905428034e-05,3.09269054306659e-05,0.00200669137040153,3.0926905443529e-05,0.0123822588936225,0.00221926762473623,3.09269054326763e-05,0.011281131315787,3.0926905432675e-05
"CCTGCTACAACCATAC-1",0.000128518679707673,0.000128518679707681,0.000128518679707682,0.000128518679707684,0.33702140358942,0.0806345292532961,0.0774723379507111,0.000128518679707669,0.0323382250650025,0.00335531180849558,0.00268465292049682,0.000128518679707683,0.00400787332034019,0.0342920294066931,0.341580977312548,0.085841547294751
"CCTGCTATTTGAGAAG-1",2.05922026349847e-05,2.05922025786106e-05,2.05922026347847e-05,2.5284264869442e-05,2.05922026141905e-05,2.05922026347655e-05,0.986758685052708,2.05922026451173e-05,0.00637697212221434,2.05922020127258e-05,2.05922026315339e-05,0.00224575070570508,2.05922026302982e-05,2.05922026346822e-05,2.05922026034689e-05,0.00436679362624793
"CCTGGCTAGACCCGCC-1",4.22756717589649e-05,4.22756717656508e-05,4.22756717589584e-05,4.2275671759137e-05,0.0106972860338529,0.0042267310491226,0.939208676059218,4.22756717590888e-05,0.00973939722144307,0.0121246991721583,0.00453480343453435,0.00650792843553215,4.22756717589713e-05,0.00533499652673789,0.00732955236508054,4.22756717589947e-05
"CCTTAAGTACGCAATT-1",3.70036986437389e-05,3.70054326594053e-05,3.7004090054369e-05,3.70022748007195e-05,0.00138965111730209,3.70022748006473e-05,0.998092309986697,3.70029264921084e-05,3.70022747116248e-05,3.7002274684139e-05,3.70022748216383e-05,3.70022748018712e-05,3.70022747306954e-05,3.70022749818213e-05,3.70022749268317e-05,3.70022748913947e-05
"CCTTCTTGATCCAGTG-1",0.054184806554989,0.0722394281346519,0.0607236484452716,0.0563271436042111,0.207217817696759,0.0358951040307361,0.106415659401131,0.000310260918263293,0.0528408818545353,0.0152538272558763,0.00403805262297535,0.000310260918263292,0.0367878011636557,0.000310260918263293,0.216234591826614,0.0809104546538042
"CGAGACTACTGCTGCT-1",5.69459819416134e-05,5.69482708603789e-05,5.69447195595136e-05,5.69454373072161e-05,0.00189943675326374,5.6945448999737e-05,0.993776240482285,5.69365437352527e-05,5.69347111853197e-05,5.69454171102193e-05,0.00102962982539505,0.00237169204136657,5.69454171119286e-05,5.69454173824489e-05,0.000296618115333169,5.69454171633413e-05
"CGAGAGCTTTCACTAC-1",2.51687930326708e-05,2.51687930360079e-05,0.0350139939708516,6.10117527065197e-05,0.0280693070995502,0.0321311847067449,0.833409173022708,2.51687930335724e-05,0.0205156419339175,2.51687926902287e-05,0.0157378083019221,3.95159775690736e-05,0.0103962448037661,2.51687930326714e-05,0.0244516664777295,4.86079877092794e-05
"CGAGCTGGGCTTTAGG-1",0.105878972824985,0.000123126879220134,0.0907362443006652,0.00473819403019537,0.250893392168092,0.000123126879220126,0.102829950116373,0.00876230842947275,0.0556067392070899,0.000123126880757234,0.000123126879220127,0.000123126879220128,0.0108149101151719,0.000123126879220126,0.166732726294457,0.20226780123664
"CGATAGTCGTACTGCA-1",2.17396105389263e-05,2.48054574693651e-05,4.15635656247463e-05,0.0218600091082477,0.0308588356030215,0.0141350150686954,0.861457279391179,2.17396105390125e-05,0.00686409998885682,0.00281016306082393,0.00363415202333114,0.00672327232736178,2.49309514703529e-05,0.00806906982634781,0.0293695209280001,0.0140838034784923
"CGCAATTACTTTCGGT-1",3.97265263306515e-05,3.9726525863654e-05,0.00635016483530971,3.97265263306516e-05,3.9726526290407e-05,3.97265263306479e-05,0.970976701705702,3.97265263436902e-05,3.97265263297426e-05,3.97265263305775e-05,0.00358569787964161,0.0176473856460379,3.9726526330753e-05,3.97265263314603e-05,0.0010030581441658,3.97265263306259e-05
"CGCAATTAGGGTAATA-1",6.91309400200904e-05,6.91329189774904e-05,0.00214635224076189,6.91310852047499e-05,0.000171565807427477,6.91310860189494e-05,0.992506099518829,6.91310858036788e-05,6.91311185135525e-05,6.91310863464209e-05,0.00434640768225138,6.91310858599514e-05,6.91310859014368e-05,6.9131085937631e-05,6.91310861796291e-05,6.91310859663764e-05
"CGCATGCCGAATGCGT-1",4.11603910074976e-05,0.00412016239413469,0.037400965346659,0.0167889123553808,0.0460920404350274,0.0226372412291268,0.793474105517132,0.00211532192312987,0.0154745531457555,0.00885798906680703,0.0179922154716955,4.11603910074908e-05,4.11603910074978e-05,4.11603910076063e-05,0.0176585162212708,0.0172233353298502
"CGCATTAGCTAATAGG-1",0.0126368160161165,3.09705944597588e-05,0.0187476056325874,0.028506740953065,3.09705944606977e-05,0.0506109106926896,0.657160725696503,0.0210207514580876,0.102974397878814,0.00481267410528865,0.0272281243570316,8.36332392669953e-05,0.00439461841147973,0.0134104155179652,0.010670002006235,0.0476806428459494
"CGCCCAGCGTTTCACG-1",0.00890508144059436,0.00470636184561624,0.0322031696589251,0.0198490043172702,0.0221805353107115,0.00617898885144499,0.812816170050822,2.30803242863971e-05,0.0263775625839866,2.30803243729006e-05,0.0157529677330524,0.00862052753852005,0.00949434545151867,0.00546222341007344,0.013260423978871,0.0141464771799339
"CGCGAAGTGGCATACT-1",2.11399738443813e-05,2.11399737718396e-05,2.11399738444034e-05,2.11694418513076e-05,0.0312402561354168,4.9168099326761e-05,0.919263918375823,2.11399738441532e-05,0.0110697425899858,2.11399738443973e-05,0.00523327987669378,0.0120797571049405,2.11399738443903e-05,2.11399738444093e-05,0.0118897621433764,0.00900496641574726
"CGCGCCCGACTTAATA-1",0.0218055797570623,0.021208875180496,0.0768945044401049,0.0304173764328256,0.10894841625904,4.40073577208835e-05,0.0183918573930547,0.00167691628466311,0.0197860946844858,4.40073577177484e-05,0.00180177477814463,4.40073577208835e-05,4.40073577107943e-05,4.40073576990139e-05,0.66219632199757,0.0366522460039837
"CGCGTTCATGAAATAC-1",1.31215170659122e-05,1.31215170582941e-05,1.50443691481791e-05,8.3847828666572e-05,1.31215170733391e-05,1.31215170667407e-05,0.922288114916823,1.31215170777214e-05,0.0313315571451172,1.31215170674786e-05,1.31215170642041e-05,1.31215170667408e-05,1.31215170667427e-05,1.31215170677129e-05,1.31215170021085e-05,0.0461370990525685
"CGCTATTCAATGTATG-1",4.42743680553014e-05,4.4269754014734e-05,4.42739896957952e-05,4.42697404774196e-05,4.42693746115531e-05,4.42697405113421e-05,0.997631685065246,4.42694488036109e-05,4.42672848153609e-05,4.42697405298425e-05,4.42697406309438e-05,0.0017485327907107,4.42697404610861e-05,4.42697403670198e-05,4.42697406172737e-05,4.42697404515486e-05
"CGCTCGACATAATGAT-1",0.0791513473021746,0.00624189311266175,1.54431312431508e-05,0.0686867258711232,0.112312535822002,1.54431312431513e-05,0.687768074298364,1.54431312431244e-05,1.54431313823576e-05,1.54431323591533e-05,0.0157141806780707,1.54431312432938e-05,3.50176391542585e-05,1.54431312431251e-05,0.0299666802252489,1.5443131243137e-05
"CGCTGTGACGCCGCAC-1",2.08702854298e-05,2.08702854251896e-05,2.08702854298012e-05,2.08702854298019e-05,0.00165723695657619,5.68753707284588e-05,0.976895214443235,2.08702854293123e-05,0.0140576183683419,2.08702855889462e-05,2.08702854274816e-05,2.08702854298036e-05,0.000566115521504832,2.08702854276453e-05,0.000513243303770408,0.00606586346682527
"CGCTTCCACTGAAATC-1",2.91749970758442e-05,2.91749970758316e-05,0.180819489783578,2.91749970758288e-05,0.227744965622408,2.9174997075835e-05,0.510775746033807,2.91749970758304e-05,2.91749970758309e-05,2.91749966561568e-05,2.91749970758345e-05,2.91749970758222e-05,0.0479225043275366,2.91749970758115e-05,0.032416369265256,2.91749970758161e-05
"CGCTTTCATACCGGTG-1",8.56515872161766e-05,8.56515872161377e-05,0.104238641289773,0.0115213247025771,0.16640064186814,0.149889222322182,0.261865086127851,0.0794576261260696,0.099345031594537,8.56515872096651e-05,8.56515872161735e-05,0.00872496549338927,0.0171734458864203,8.565158721617e-05,0.0544159564984379,0.0465398001545484
"CGGGATCAATGTAAGA-1",2.24974900023544e-05,0.00166355583721747,0.0124233913100634,0.09405286918502,2.2497490002225e-05,2.54059381213686e-05,0.666132556776421,0.0100964839105107,0.109063839261375,0.00227705985984374,2.24974900023543e-05,0.00176628491916732,0.00258863844877228,0.0151649072693247,2.24974900003017e-05,0.084655017324156
"CGGTGTACTTGATCCC-1",3.07327609157543e-05,3.07327609377201e-05,3.07370008067836e-05,3.07327609266516e-05,3.07327610043349e-05,3.07327609266614e-05,0.997985113451341,3.07365341324141e-05,3.07327609224765e-05,0.00158461988286798,3.07327608846447e-05,3.07327609113499e-05,3.07327609266514e-05,3.07327609253873e-05,3.07327606434141e-05,3.07327609266796e-05
"CGTACCTGATAGGCCT-1",0.048510311569363,0.0330514999794152,0.124596571610491,0.170926128934515,7.07794735091262e-05,0.0537735201391394,0.0139134102679461,0.0258287435333816,0.150941882981324,0.00341212760799932,7.0779473509125e-05,0.00237398623995184,0.00889900443379995,7.07794735091244e-05,0.137556224283811,0.226004249998336
"CGTAGAGAGTAATTAT-1",2.13936708136891e-05,2.13936708137179e-05,2.1393670813699e-05,0.000140461000275557,0.0405288965762523,0.0148437871438707,0.728375540582291,2.13936708136895e-05,2.13936708136374e-05,0.00271764293248604,0.00896764572734206,0.00418947606508384,2.13936708136866e-05,0.00871723029372758,0.0527351971425005,0.138655760511289
"CGTCCTCATCGCGTGC-1",7.29344927768953e-05,5.6895273818056e-05,5.68952738180704e-05,0.054401062958031,0.336969751941029,0.0704134321362877,0.292299899495659,5.68952738180515e-05,0.00698750043767975,0.0681001665385553,5.68952738180702e-05,0.00415001884451044,0.0634983920221209,0.0854867889480735,5.6895273831094e-05,0.0173355758161739
"CGTCTGGAAGGGCCCG-1",0.0268633587977838,8.11627321543732e-05,0.0144156395259896,0.0081388229120514,0.297552081885807,0.16767769527113,0.184120702382072,8.11627321541686e-05,0.0213644468212406,8.11627312756549e-05,0.00180178804909296,0.0397891841095773,0.126956937967095,8.11627321541876e-05,0.0621892583020996,0.048805433048322
"CGTGTCCCATTCGCGA-1",2.33031836903195e-05,2.33031834747773e-05,2.33031836923554e-05,2.33031836923628e-05,0.0200729648281741,2.33031836923489e-05,0.932582853183276,2.33031836923612e-05,0.0287838548061632,2.33031837154964e-05,0.00483881978258319,3.15913717726598e-05,2.33031836922422e-05,2.33031836923482e-05,0.0134568841913033,2.33031836923495e-05
"CGTTTAAGCGGAGCAC-1",0.000118832539393367,0.000118832539393309,0.0469825070594574,0.000143271888336018,0.136818849423955,0.0791559991884063,0.168535692563048,0.0657704778420655,0.139542674312713,0.0100788307850378,0.000118832539393364,0.0384501863572718,0.0297852050011603,0.000118832539393359,0.157137288706991,0.127123686713984
"CTACTGCCACCTGACC-1",8.20969040647382e-05,0.0672590827708864,8.20969040647397e-05,0.0571231581654668,0.0291597166402655,0.109618781157238,0.250068288296154,0.0499319537304271,0.191192677591901,0.0149732977389434,8.2096904064739e-05,8.20969040647393e-05,0.0211849336116233,8.20969040647388e-05,0.0676271991111985,0.141450426665573
"CTAGTTGGGCCCGGTA-1",8.86178333673996e-05,8.86178333673884e-05,8.86178333673999e-05,0.0790706598360949,0.125351870736521,0.0487363252034801,0.256861808921575,0.0166215634112673,0.0677411484426801,0.0170891439653454,8.86178333673991e-05,8.86178333674291e-05,0.053723710782468,0.0280870591269536,0.230774268421542,0.0754993519852352
"CTCAGGACTCACCTGT-1",3.86975069100036e-05,3.86965580194545e-05,3.86787160876729e-05,3.86975069762869e-05,3.86946555348879e-05,3.86975069550591e-05,0.999419563446202,3.87008435345086e-05,3.86907110199939e-05,3.86975069255505e-05,3.8697507095384e-05,3.8697506979881e-05,3.86975069708206e-05,3.86975070546939e-05,3.86975068019789e-05,3.8697506931926e-05
"CTCATAAATGTGTATA-1",0.00542862781471809,8.11323119580818e-05,8.11323119580806e-05,0.109352705975108,0.238314946723436,0.102776767847374,0.233139366059058,8.11323119666249e-05,0.108531054164687,0.0275613763068795,8.11323119580828e-05,0.020705149696672,8.11323119580818e-05,0.0766816525859726,8.11323119455409e-05,0.077021558954351
"CTCATGGCTCACAATC-1",7.40531594863361e-05,7.40531594863388e-05,0.125091517961929,0.000262247092054226,0.0722974808361443,0.0358727330225142,0.214112047237924,0.0945217418160692,0.148642325944422,0.0134756369302754,7.40531594863399e-05,7.40531594863411e-05,0.02370879562651,7.40531594863395e-05,0.140082143434323,0.131563064300402
"CTCATTTGATGGGCGG-1",0.129783263475919,0.0259541147569983,0.111471815072936,0.22261441247951,7.17768932316117e-05,7.17768932316119e-05,0.0220025411142676,0.0433300063847768,0.150314338444884,0.00297994914793304,7.17768932316101e-05,0.0184429598347493,0.00875893775950455,0.0233714805947948,0.00681052713658921,0.233950323117442
"CTCCGGCCTAATATGC-1",0.000163671919261845,8.86157148177704e-05,0.070891462278813,0.0854054866727749,0.518211043315495,0.0393494800986832,0.16155961166265,8.0667725984832e-05,0.0335244535243326,0.0105762843872512,8.066772598483e-05,0.0259274454745063,0.0364108549042439,8.0667725984833e-05,0.0175689191432304,8.06677259848376e-05
"CTCGAGGTCGAACAGT-1",0.0595842759386735,2.75081654647647e-05,0.0981803016911103,0.0250664421175582,2.75081654647811e-05,0.0455599824775826,0.457494275895992,0.0562535799652736,0.110960099739317,2.75081668870554e-05,0.0100773775425352,0.0251121445030463,0.00551065523934271,0.0066925838426813,0.0553183083273741,0.044107448221697
"CTCGCACCTATATAGT-1",7.5645769987484e-05,7.5645769987441e-05,0.122641685153881,0.0961647645798189,0.0669714084083432,0.0640936904612789,0.079190362108223,0.0379845932725724,0.105822367138018,0.00634129728905192,7.56457699874826e-05,0.0213673662071021,0.0146317965498219,0.00444811159919973,0.198615062873391,0.181500557049335
"CTCGCTAGGTAAGCGA-1",5.76898535307571e-05,5.76870552082565e-05,5.76898556559111e-05,5.76898348396643e-05,0.00581450102994273,5.76898863251259e-05,0.985041470732331,5.7689855762462e-05,5.76899045631211e-05,5.76898556392284e-05,0.00225698186318549,0.00508782814206999,5.76898556653871e-05,5.76898556530382e-05,0.00116463256398424,5.76898556438121e-05
"CTCGGTCCGTAGCCTG-1",6.65941700432478e-05,4.06810348824579e-05,4.06810348825397e-05,0.0392481597856539,0.264033556486466,0.0142304157568675,0.362128360033582,4.06810348825452e-05,0.0867078559761452,0.0331595015759466,0.0011341657323269,0.020101046768514,4.06810348825555e-05,4.06810348825382e-05,0.0511229148369458,0.127864023703096
"CTCTAGCCCTCGGAAA-1",2.38262174235931e-05,0.00725593692909373,0.00059706275212144,0.0282542298184498,0.0241344545108384,0.00897143625505808,0.872240022051646,0.00262343756208701,0.00696680279652669,0.00451458616178663,0.00799783420726786,2.38262174235892e-05,2.38262174235594e-05,2.38262174235927e-05,0.0264332908543438,0.00991560123108578
"CTGAAAGAGATCCGAC-1",0.0333010279493789,0.0427868673167364,0.18349221236302,0.0600269394834966,0.0482685080167142,0.0330364743720722,7.78844799856044e-05,0.0252999387959027,0.0942947141540332,0.00686807369469477,7.78844800362783e-05,0.0170263477393654,0.00385010703269887,7.7884480036258e-05,0.205948789864645,0.245566345777184
"CTGCACCTGGAACCGC-1",3.26298584257559e-05,3.04878734063902e-05,0.000958918459947799,0.000230337719758808,0.267239699947235,4.41960705790571e-05,0.509686593057926,3.04878734063934e-05,0.0869525692645008,0.0189932069850354,3.04878734063917e-05,0.0335680983509912,0.0602286113175727,3.048787344602e-05,0.0219126996009563,3.04878734063866e-05
"CTGCCTTTCTAGTAAA-1",2.16435823188296e-05,2.16435825613393e-05,2.16435823188259e-05,3.62639474378862e-05,0.0423065186593836,0.00579311563652655,0.876225021451981,2.16435823188523e-05,0.0198310405437171,0.00799785327146458,0.0118808327462212,2.16435823188289e-05,0.00213251398912021,2.16435823188268e-05,0.0128822521328716,0.0207847261271206
"CTGGAAATGGATGCTT-1",7.8599424331871e-06,7.85994243466899e-06,7.85994243318928e-06,7.85994243317182e-06,7.85994243266164e-06,3.3052518070878e-05,0.992797774476641,7.85994243319127e-06,0.00186031629224805,7.85994284496569e-06,0.00409881276442247,7.85994243318862e-06,7.85994243318741e-06,7.85994243525638e-06,7.8599429427873e-06,0.00112358458092853
"CTGGCGATTTACATGT-1",1.69334526083962e-05,1.69334526087142e-05,1.69334526083943e-05,0.00979511298020804,0.0604860600153085,0.0534557375383841,0.84338673147929,1.69334523174592e-05,1.69334526048497e-05,0.0033634637367049,1.69334526077417e-05,1.69334526083942e-05,0.0176431932516212,0.00751576106589747,0.00421847231201344,1.69334526083947e-05
"CTGGGCTACTGGAGAG-1",0.000122438599881479,0.000122438599881477,0.0270333126909529,0.160911452153358,0.428179488115553,0.0307245445466671,0.130121982050188,0.000122438599881457,0.0160738721539156,0.00275568073520008,0.000122438599881479,0.0128329133472394,0.00556446915807601,0.0317275806494981,0.148877479980385,0.00470747001944064
"CTGGTAAAGACTTACA-1",5.77789032963474e-05,5.77784950445998e-05,5.77790769237107e-05,5.77789808813487e-05,0.00100134682742018,5.77789281889039e-05,0.997954393042437,5.77782739367773e-05,5.77783689411567e-05,5.7778980680091e-05,0.000201032527961622,0.00014988167085431,5.77789808344784e-05,5.77789806338113e-05,5.77789808363812e-05,5.77789811294387e-05
"CTGTATGGTGTAGAAA-1",3.50354197617886e-05,3.50352824094018e-05,3.50334635237789e-05,3.50352823875611e-05,3.50333875573954e-05,3.5035282387609e-05,0.994075063157872,3.50354093577878e-05,3.50356267570087e-05,0.00167003669428601,0.000992034425365035,3.50352823806543e-05,3.50352823807121e-05,3.50352824231702e-05,3.50352816612405e-05,0.00284244543948904
"CTGTTCACTGCCTGTG-1",0.096460412898628,0.000112508416346652,0.12350810585616,0.186786441103635,0.000112508416346652,0.0512442920382288,0.139281106229167,0.0665021014522864,0.138696556555426,0.000112508417137922,0.000112508416346652,0.0128140370342339,0.000112508416346652,0.0945271542319345,0.00011250841636851,0.0895047421014077
"CTGTTCATCTCACGGG-1",4.14989336487235e-05,4.14989279746319e-05,4.13299640147868e-05,4.14989337158198e-05,4.14984557306823e-05,4.1499320793691e-05,0.985547378819318,4.14890151140835e-05,0.00798940762014128,4.14989337000275e-05,0.00334634368749986,0.00261906165238507,4.14989337391551e-05,4.14989337696403e-05,4.14989346541898e-05,4.14989338006561e-05
"CTTAACTTACAGTATA-1",1.40063021122096e-05,1.4006302112212e-05,1.40063021122052e-05,0.0186590818057133,0.0591527219917583,0.0137296024710678,0.81020237764921,1.40063021122074e-05,1.40063021123153e-05,0.00707547856458138,1.40063021122096e-05,0.00734717335805314,1.40063021122106e-05,0.0686529966077028,0.00753310754910943,0.00754941588801807
"CTTACACGGTATTCCA-1",1.36952520977141e-05,1.36952520974388e-05,1.36952520977045e-05,1.36952520977116e-05,1.36952520962959e-05,0.0326779918834802,0.908889258238412,1.36952520976639e-05,0.00639854840759033,1.36952517876958e-05,0.00785876063762521,1.36952520977144e-05,1.36952520977446e-05,0.00512042870068382,0.0298348309601971,0.00909692390344328
"CTTACACTGGGAAATA-1",0.0831930242654885,0.0179572346369256,0.0900348711737772,0.0401632593226525,0.207822476256451,0.125795051878166,0.290140013471422,5.73934513071763e-05,0.0303597071627122,0.0169470320540817,5.73934513071765e-05,5.73934513071748e-05,8.52952891390393e-05,5.73934513071741e-05,0.0558721069319406,0.0414003537520152
"CTTCATAGCTCAAGAA-1",1.50514390767661e-05,1.50514390768887e-05,1.50514390767606e-05,1.50514390767307e-05,0.0228824996596119,1.50514390767642e-05,0.86674542369509,1.50514390767784e-05,0.00697535208716945,4.39179080642546e-05,0.00659801981360037,0.00355506751664167,0.0411259483727651,0.0308857681043881,0.021082642769132,1.50514390767705e-05
"CTTCGATTGCGCAAGC-1",2.37680903620253e-05,2.3768090363103e-05,0.00662306730327842,0.000739342718856367,0.0437298171090524,0.0085809783153042,0.830305181162802,2.37680903610337e-05,0.00645260915950923,2.37680903626395e-05,0.0120436796733779,0.0144754348398156,0.00574396273122402,2.37680903620234e-05,0.0334194040658187,0.0377676824691499
"CTTCTTACGTCGTATA-1",7.83899701888392e-05,7.83899701887723e-05,0.113125526027949,7.83899701888401e-05,0.183235325067105,0.203135117375738,0.179214188052017,7.83899701888242e-05,7.83899701888333e-05,7.83899695888684e-05,7.83899701888422e-05,7.83899701888444e-05,0.180029502109204,0.00674645311576116,0.0715690324948703,0.0623177359964448
"CTTGATGACCATCCAG-1",4.97640575217595e-05,4.97649812580565e-05,4.97636129832229e-05,4.97653332069391e-05,0.00568015139208862,4.97653332069503e-05,0.988604019432125,4.97653330894592e-05,4.97653332150635e-05,4.97653327226929e-05,4.97653332310041e-05,0.000615881223489004,4.97653331906327e-05,4.97653331442763e-05,0.00149424103829729,0.00305829159722965
"CTTGCCCACCCACGCA-1",5.75521014617294e-05,5.7551135460012e-05,5.74611552486485e-05,5.75525551349079e-05,0.00218329436086532,5.75521628056373e-05,0.993963008549711,5.75523758429163e-05,5.75542098141691e-05,5.75521628268255e-05,0.000568768656933195,0.00233849046667395,5.75521627852252e-05,5.75521625424984e-05,0.000313453619091963,5.75521628024773e-05
"CTTGTACTTGTTGACT-1",0.0159002095940118,0.000132876127357032,2.73940296156844e-05,0.0525048467891431,0.295673101731412,0.0401714332961689,0.350650199144633,2.73940296156985e-05,0.0727084861362641,2.73940293746859e-05,2.73940296157031e-05,0.0267358183288224,0.00053324942093715,0.0510110811466402,0.0272754050714698,0.0665937170949188
"CTTGTTTATGTAGCCA-1",3.70583354165229e-05,3.70583352939587e-05,0.00710621579406865,3.70583353948679e-05,3.70583353624385e-05,3.70583353948776e-05,0.985573494809944,3.70583353103653e-05,3.70583353985952e-05,0.000380631389094183,0.000359133231385373,0.00339339261971314,3.70583353948841e-05,3.70583354057115e-05,0.00281654880202787,3.70583353948831e-05
"CTTTAACTTTCAAAGG-1",0.074727734547542,0.0277607200366903,0.130857497002215,0.190743841503269,0.000108595312108061,0.0399694740811487,0.106782558618918,0.000108595312107998,0.121967395103043,0.00278441473450008,0.000108595312107998,0.0252055910854523,0.0172145523242034,0.00301877111444772,0.111387857417951,0.147253806494296
"CTTTGCATCGCTCTTG-1",2.17501885268644e-05,2.17501885268833e-05,0.0230924305732134,0.000165896716476266,0.0303992232905212,2.17501885268641e-05,0.824855730374918,2.17501885268646e-05,0.00300610140291918,2.17501892527773e-05,0.0123629107840095,0.0105592252948114,2.17501885268638e-05,2.17501885444186e-05,0.0201439610878653,0.0752622691548345
"GAAACAGCCATGCAGT-1",0.000314465560157983,0.000108338192907241,0.0573567007400108,0.130602020189937,0.106268458230621,0.0562038211902277,0.196632935505559,0.000734603902757049,0.0596220012133951,0.0149781501342433,0.00010833819290724,0.0522086288568991,0.0319633004490647,0.0843427907599252,0.0950487419900646,0.113506704891322
"GAAATCGCGCGCAACT-1",0.0648256009857245,0.0665270405389978,0.1320033758124,0.0853739309717387,0.00920632433088057,0.0558195365545599,0.0221607765407637,0.0293130245038743,0.126276629059684,0.00882700278818008,0.000108959106238608,0.0167761250423915,0.000548699410804773,0.0124701270058935,0.158108494514297,0.211654352833571
"GAAATGGCGGTGTTAG-1",8.77464643136403e-06,8.77464643263172e-06,8.77464643137134e-06,8.77464643135285e-06,8.77464643035241e-06,3.4895806837294e-05,0.934654573067424,8.77464643119007e-06,0.0351025397536975,8.77464718807474e-06,0.0173488745018098,0.0127357221721307,8.77464643136499e-06,8.77464643182807e-06,8.77464642733838e-06,3.56482330338125e-05
"GAACACACATCAACCA-1",3.58231509436896e-05,3.23317907459279e-05,3.23317907459296e-05,0.105718507788834,0.133026077593937,0.0247517582628921,0.582507597306706,3.23317907459245e-05,0.0390271352496979,3.23317920898705e-05,0.0112045478108322,3.2331790745926e-05,3.23317907459276e-05,0.0675487184698033,0.0359535118297878,3.23317907459293e-05
"GAACGACCGAATGATA-1",0.0285994038827145,0.0294059578850025,0.0120446949688988,0.0207268921099821,0.284482449825948,0.22619413064438,0.0426215955510748,4.89474684115596e-05,0.0869324727206494,0.00821358195114855,4.89474684115589e-05,0.00113997932118108,0.0632240977043749,4.89474684115594e-05,0.0963584451865634,0.0999094558428471
"GAAGTGCTGGATAGCT-1",0.0882042425342147,0.0100760973628773,0.0730473631055468,3.97215323659359e-05,0.454129330971258,0.0576908468206019,0.154852961208086,0.0455122281326331,3.97215323659466e-05,0.0061374080049444,0.011494026432175,0.0358160511761697,0.0169714372303732,3.972153236595e-05,0.0459091208916563,3.9721532365948e-05
"GAATCGACATGGTCAC-1",4.11166474021841e-05,4.11211943136169e-05,4.11205788438563e-05,4.11166474504433e-05,4.11167651128053e-05,4.11166474341372e-05,0.997972936701606,4.11197985900177e-05,0.000724716950713049,4.11166474568502e-05,0.000767818183832403,4.11166474514748e-05,4.11166474590227e-05,4.11166474498585e-05,4.11166473458247e-05,4.11166475381367e-05
"GAATGTTGGGTAATCT-1",0.0688005664202288,0.0019452449730673,0.115759039563544,0.0669440877876751,0.000107967983775873,0.121421640384909,0.067744610084481,0.0157395212118004,0.108692413996761,0.00252208560132307,0.000107967983775873,0.0234825855302676,0.0308392729734775,0.000107967983773213,0.160727474982833,0.215057552538306
"GACAACGCAGCTTACG-1",0.00011083992972911,3.86959114724152e-05,0.0961631436166875,6.24791825896944e-05,0.403829918733088,0.0958047119789854,0.262827867839035,3.8695911472407e-05,0.0663115932894887,3.86959115991683e-05,3.86959114723969e-05,3.86959114723995e-05,3.86959114723968e-05,0.000221073054031827,0.0311070875591339,0.0433291093482696
"GACACAGCCGGGACTG-1",4.12692572200461e-05,4.12748228201834e-05,4.1269376831799e-05,4.12693768380092e-05,4.12663743740379e-05,4.12703849547914e-05,0.998884036651836,4.12667231888018e-05,4.12692964712576e-05,4.12693762786774e-05,0.000538191474646397,4.12693770586225e-05,4.12693767510084e-05,4.12693770873501e-05,4.12693769010236e-05,4.12693767419996e-05
"GACCAGAGCCCTGTAG-1",6.07004119613624e-05,6.07004118701692e-05,6.07004119613405e-05,6.07004119612172e-05,0.00352448189265986,6.07004119613605e-05,0.974035862577263,6.07004119687505e-05,6.07004119605404e-05,6.07004115815681e-05,0.0140553543673038,6.07004119613792e-05,0.00143715775570783,6.07004119663756e-05,0.00627943887594993,6.07004119613718e-05
"GACGGGCATCGAATTT-1",0.0186613146308333,0.000112317827335901,0.0382738782026025,0.166465594973628,0.14109164903663,0.00357081233147987,0.135259659711465,0.000112317827396541,0.196994362616714,0.0019675357383517,0.00011231782739654,0.0270888331836587,0.00982982863183982,0.070468168973879,0.000112317827408886,0.18987909065938
"GACTAAGATCATGCAC-1",0.0698055143504191,0.000107289049750682,0.000107289049750667,0.156769496177816,0.0872876222482682,0.0773360392538909,0.178862992236306,0.12817355789838,0.146779260493147,0.00728756482295242,0.000107289049750674,0.00223572245610086,0.057239110592775,0.00574904943434546,0.0106827027314222,0.0714695001549244
"GACTAAGTAGGCTCAC-1",6.38977716211609e-05,6.38977717988073e-05,6.38976268125588e-05,6.38962957546502e-05,6.38987789841566e-05,6.38977716292812e-05,0.986731284315181,6.38977717247223e-05,0.00514528418739925,6.38977717243089e-05,0.00151398463763997,0.0058426742133326,6.38977716977539e-05,6.38977716045777e-05,6.38977714089345e-05,6.389777168582e-05
"GACTTCAACGCATCAA-1",5.28545445274717e-05,5.28545446952976e-05,5.28545444948073e-05,5.28545444926202e-05,0.00888483556531998,0.000420956979604948,0.972026093244187,5.2854508195628e-05,5.28545599034803e-05,0.00559820917088254,6.91121646054114e-05,0.0053288136112012,0.00152852115657769,5.28545444887949e-05,0.00572062177233055,5.28545444926449e-05
"GAGACTGATGGGTAGA-1",0.0450678153037633,2.10910723772657e-05,0.0213348263204846,0.00183549273128435,2.10910723698011e-05,0.0579664689400453,0.700858592783777,2.10910723773698e-05,0.131961106219907,2.109107210177e-05,2.10910723773992e-05,2.10910723773988e-05,0.0171137071454073,2.10910723773995e-05,0.0081210906455688,0.0155932624034039
"GAGCGAGGGAGTACCG-1",5.61603849043825e-05,5.61603849043593e-05,0.0746834599581975,8.40803145989068e-05,0.221028068970176,0.141427457571389,0.334496847612958,5.61603849043638e-05,0.0514848580883086,0.0217808852890805,5.61603849043823e-05,5.61603849043924e-05,5.61603849043795e-05,5.61603849043821e-05,0.103298890125745,0.0513223293752161
"GAGTACGGGTATACAA-1",0.000126115108869337,1.76352005238953e-05,0.0350558244121452,1.76352005238902e-05,0.0612005176843109,0.0805329445065905,0.518554190325117,1.76352005238935e-05,0.164523968103122,0.00922670265802216,0.00652796899545988,1.76352005238954e-05,1.76352005238952e-05,1.76352005238965e-05,0.0816138234067288,0.0425321335964903
"GAGTCCACCAGGTTTA-1",5.65571223539347e-05,5.65710396250871e-05,5.65568814216142e-05,5.65570394717247e-05,0.00586228736225574,5.6557039507902e-05,0.982586699757588,5.65562109619908e-05,0.00106722188952404,5.65570394914216e-05,0.00159556648444685,0.00110110972627439,5.65570393918032e-05,5.6557039466512e-05,0.00722153128897343,5.65570392458952e-05
"GATAGATAGTACAGTC-1",6.29853543343997e-05,6.2983127900435e-05,6.29832939227024e-05,6.2983596431582e-05,0.000793246564301975,6.2983444936988e-05,0.996055629568527,6.29834625925613e-05,6.29834000943592e-05,0.000631851676087156,6.29835964444414e-05,0.00176346852932775,6.29835963946478e-05,6.29835965653212e-05,6.29835958954393e-05,6.29835962429735e-05
"GATCCCTTTATACTGC-1",0.0101638798840376,5.38343616360987e-05,0.0668408211339126,0.0410209468850147,5.38343616360991e-05,0.0178362151806436,0.324431725488491,0.133975797008662,0.218639140451461,0.00342965045635182,5.38343616360988e-05,0.0281931496886876,0.0453141738820758,5.38343616360988e-05,0.0605661050970297,0.0493730573970881
"GATCGACACTATCTGA-1",2.00245133329985e-05,2.00245133371119e-05,2.00245133315948e-05,2.00245133329707e-05,2.00245133288551e-05,2.00245133329731e-05,0.992817763911535,2.00245133428356e-05,0.00690189290182963,2.00245133306561e-05,2.00245133195438e-05,2.00245133329739e-05,2.00245133319695e-05,2.00245133278278e-05,2.00245133199132e-05,2.00245133329736e-05
"GATGCTACAAGCGCCT-1",0.000126861138496621,6.19978462421606e-05,0.0648577664960874,0.0571598393754512,0.422110235881699,0.0166570015264943,0.285029476767122,6.1997846242153e-05,0.0427236338913463,6.19978461741765e-05,6.1997846242164e-05,6.1997846242163e-05,0.0798576746206055,6.19978462421533e-05,0.0310435253790698,6.1997846242164e-05
"GATGGCGCACACATTA-1",3.77908886947077e-05,3.77908886965405e-05,3.77908886999437e-05,3.77908887043113e-05,0.00128278725542721,0.00122512901539636,0.980911097867938,3.77908887007332e-05,3.77908887040964e-05,0.00480233002988162,3.77908887043313e-05,3.77908887186646e-05,0.00355741088402674,0.00516215144540054,0.002718975503602,3.77908887043239e-05
"GATGTTTGTGCGAGAT-1",3.85549291839727e-05,0.00150857297890431,3.8554929185321e-05,3.85549291839489e-05,3.85549291225786e-05,3.85549291839624e-05,0.976950077480495,3.85549290281031e-05,3.85549291839659e-05,0.00658441780389632,3.85549291839627e-05,0.00447696372567175,3.85549291851544e-05,0.00291759234734521,0.00716300459337073,5.2376707875979e-05
"GATTATCTTGCATTAT-1",4.45580222986622e-05,4.45580223288193e-05,4.45588370659191e-05,4.45580223462591e-05,0.0223104585504668,0.00130602267602183,0.950184484032636,4.45591114858529e-05,0.00128252176044456,0.00380191867659923,4.45580223611617e-05,0.00515856804473944,0.00159562038719419,4.45580223650863e-05,0.0140039397892996,4.4558022346264e-05
"GATTCCCTTGTCGCAG-1",7.41586166287541e-05,0.0286624587556854,0.0721343409920393,0.0517395896554807,0.0332893828942879,0.0865128602236378,0.101297215902213,0.0686231468087334,0.135574476297208,0.00452940214776577,7.41586166287062e-05,7.41586166287068e-05,7.41586166287079e-05,7.41586166287056e-05,0.195689278555561,0.221577054684244
"GCAAGTGCACAGAGAA-1",1.37806697710429e-05,0.00142153611535063,1.37806697710472e-05,0.0320904633877249,0.00579183742549901,0.00438450027188333,0.933169458961815,1.37806697719911e-05,0.00180217873220994,1.37806694070717e-05,1.37806697710458e-05,0.00354601908086391,0.015972710460695,1.37806697710481e-05,0.00165269357725926,8.5917968435944e-05
"GCACCTAGGCGAGTCC-1",4.67647449718366e-05,4.67639470906452e-05,4.6768916218001e-05,4.676474496299e-05,0.00992234791176906,4.67647449629914e-05,0.986260888487213,4.67639153833058e-05,4.67647449721507e-05,0.0010381316947328,0.000865202213292492,4.67647449594488e-05,4.67647449625615e-05,4.67647450479577e-05,0.00139901495449758,4.67647449630871e-05
"GCATCCCTAACTTTGA-1",1.40599209532454e-05,1.40599209533061e-05,1.40599209532379e-05,0.0447561838531566,0.0532035709272915,0.0219637567207022,0.68221392714214,1.40599209532373e-05,0.0676914694154378,1.40599212586493e-05,0.0327543148594932,1.4059920953203e-05,1.40599209532408e-05,1.40599209532393e-05,0.0346634252339683,0.0626408724798793
"GCATGCTAATAACGAT-1",3.12147473589987e-05,3.12147472644735e-05,3.12147473590098e-05,3.12147473590114e-05,0.0216106912031883,0.00369897925488489,0.926554592386709,3.12147473614633e-05,3.12147473590115e-05,0.006032657245404,0.00661394153914899,0.00601827392852037,3.12147473590152e-05,3.12147473577873e-05,0.0140124166949506,0.015208729768415
"GCCACTCAGAGCGCGA-1",1.42933335783371e-05,0.00557664613889729,0.0704285929953288,4.19523685978591e-05,0.0197952817832543,1.42933335783276e-05,0.83580696070292,1.42933335787749e-05,0.00216340114083131,1.42933330064565e-05,0.0178700883039855,1.42933335783334e-05,0.0133260103173854,0.00487712510779043,0.0174954550055443,0.0125470194681447
"GCCCAGTTGGTATGCC-1",2.13154225630473e-05,2.13154225617807e-05,2.30551045623295e-05,4.06261392182781e-05,2.13154225636561e-05,3.53557181692276e-05,0.991254111215117,2.13154225685444e-05,0.000736712140353094,0.00152463141749906,2.13154225608e-05,0.00375610404755093,0.00245888083700761,2.13154225630433e-05,2.13154225784103e-05,2.13154225630385e-05
"GCCCGCGCGTTTGACA-1",0.00587303668069167,0.0444401276654896,6.50245289904179e-06,0.0734319912284094,0.0202124201187215,0.00171142205740327,0.809219929648021,6.50245289901662e-06,0.0381386876858601,6.50245285864883e-06,0.000507461330567872,6.50245289179172e-06,6.5024528990197e-06,6.5024528797977e-06,0.00641940641460949,6.50245289901683e-06
"GCCTAGCGATCTGACC-1",1.50223810458642e-05,1.50223810458057e-05,1.50223810458696e-05,3.29627703410789e-05,0.0819127272433838,1.50223810458662e-05,0.815643088944839,1.50223810458675e-05,1.7201634716203e-05,1.50223807389981e-05,0.0132870597939096,0.0249445051098948,1.50223810461964e-05,0.0307785411639074,0.033259613793181,1.91428788131567e-05
"GCCTCCGACAATTCAC-1",3.14194500013324e-05,3.14194500073368e-05,3.14194499985639e-05,3.14194499985594e-05,0.0181527567644429,3.91422154714791e-05,0.882485529996447,3.14194500034758e-05,3.1419449998551e-05,3.14194499985547e-05,0.00436219901686144,0.0101594227310618,3.14194499985634e-05,3.14194499985577e-05,0.0115455972378071,0.0729725769879049
"GCCTTCAGCCCTACCG-1",8.71177217373675e-05,8.7117721737364e-05,8.71177217373519e-05,8.71177217373833e-05,0.32560766317399,0.0633709563359867,0.290783207444947,8.71177217373638e-05,0.146115580410362,8.71177217405224e-05,8.71177217373627e-05,8.71177217373707e-05,0.0562947033677605,8.71177217373634e-05,0.0375340802913403,0.079509749479973
"GCGGATTACTTGTTCT-1",0.000188607407148616,9.11104405989969e-05,9.1110440598991e-05,0.0374319026036904,0.544056089491688,0.155913991034175,0.156256570412003,9.11104405990128e-05,0.0304290711444421,9.11104411149084e-05,9.11104405990971e-05,9.11104405989807e-05,9.11104405989891e-05,0.000117797380067227,0.074877087001478,9.11104405989915e-05
"GCGGGAACCAGGCCCT-1",0.0303673697621152,0.0359298365278603,0.09245824461215,9.42375567574225e-05,0.211812153089212,0.112182741619196,0.302454764432867,5.4884818545915e-05,0.0801082349317736,5.48848183183055e-05,5.48848185459132e-05,5.48848185459187e-05,0.0318814876836619,5.48848185459137e-05,0.043154189850217,0.0592823158416872
"GCGTCGAAATGTCGGT-1",0.131893419634474,0.000167691427700371,0.0528244185955885,0.0578505600185329,0.088311244911772,0.08354951840977,0.0555066707322835,0.0840549970787218,0.0905705701638708,0.000165480191341084,0.000165480191341078,0.0302151238957888,0.23762436106371,0.0137886714229659,0.0705101547311001,0.00280163753103959
"GCTAAGCCCAGTATGC-1",8.42859999255779e-05,8.42859999259611e-05,0.0148161882248301,8.42859999255874e-05,0.424546060858755,0.144317202175761,0.180638828965461,8.4285999925489e-05,8.42859999255892e-05,0.00490539540966595,0.00100484117111778,0.011932771457286,0.107395062628878,0.036906181820865,0.0590118590718958,0.0141041782158572
"GCTAATACCGAATGCC-1",1.00135921593794e-05,1.00135921593697e-05,0.127086479309341,0.0447023236244432,0.00750470360006289,1.06644932762637e-05,0.671220662911785,0.0958662910220697,0.0247556054373966,1.00135915065024e-05,1.00135921593694e-05,1.0013592159371e-05,1.00135921593766e-05,1.00135931744946e-05,0.0287731608639888,1.00135921593652e-05
"GCTAGCAACGCACCTA-1",3.31879089860288e-05,3.31875554850677e-05,3.31881742253098e-05,3.31885606194278e-05,0.00191016858049457,3.31885606507831e-05,0.996760149284969,3.31883504348716e-05,3.31885606450604e-05,3.3188560546569e-05,3.3188560582234e-05,3.31885606116045e-05,3.31885604836613e-05,3.31885604462693e-05,0.000898233100283729,3.31885605359592e-05
"GCTAGTTTCATTGAGG-1",0.0604153967661848,1.63862516574718e-05,0.0311456175026126,1.6386251657585e-05,1.63862516578546e-05,0.0202503043876053,0.843297630009187,1.63862516574665e-05,0.0123579080189298,1.63862518086718e-05,1.6386251657622e-05,3.02579819966312e-05,0.0145915625410793,1.63862516101818e-05,0.0177093146815726,8.73043491246438e-05
"GCTATAAGGGCCAGGA-1",5.94923602939911e-05,5.9492360294005e-05,0.00158456618727902,0.00485657864299089,0.559538196532493,0.0345174556077676,0.229198041432623,5.94923602939995e-05,0.024514958929953,5.94923603032678e-05,5.94923602939891e-05,5.94923602939846e-05,5.9492360293988e-05,0.00267654166629718,0.120716319397059,0.0219808950814699
"GCTCTAAACCCTGACG-1",2.27496683174608e-05,0.000637395198689501,0.0149163392344178,0.04653766103024,0.00292323519889709,7.87381581115091e-05,0.721224577472248,0.00214033527365722,0.135069205649204,2.27496683182291e-05,2.27496683174609e-05,0.007748374182043,0.0038440677838385,0.0136253843779662,0.000625644820953798,0.0505607926147798
"GCTCTATGTTACGTGC-1",3.5447496476115e-05,3.54474964047975e-05,3.54477687550595e-05,3.54474964576023e-05,3.54474963843209e-05,3.54474964576041e-05,0.999189060794393,3.54474724353473e-05,3.54474964707138e-05,3.5447496763598e-05,3.54474964745806e-05,0.000314674006845542,3.54474964575244e-05,3.5447496445678e-05,3.54474963424059e-05,3.54474964358584e-05
"GCTCTCGGGTACCGAA-1",0.0376915693502979,2.7830264026036e-05,0.0368241771549099,6.53944664059076e-05,2.78302640258909e-05,0.0628439910505096,0.500257197192121,2.78302640262182e-05,0.224510569291344,0.000998422085875549,2.783026402622e-05,0.00505907696729223,0.0240262934719664,2.78302640260604e-05,0.0292613347684179,0.0783228228807289
"GCTTCCATGTAACCGC-1",2.86980940384256e-05,2.86980940761002e-05,2.87006105086652e-05,2.86980940636556e-05,0.00511941548497943,2.86980940636552e-05,0.989250588546914,2.86970931799272e-05,0.00209781956682352,2.86980940368473e-05,0.000599867795972829,0.00145742170326703,2.86980940612373e-05,0.00118790444588474,2.86980940662664e-05,2.86980940636797e-05
"GCTTCCCGTAAGCTCC-1",5.47847193048958e-05,5.47757916766895e-05,5.47920868873741e-05,5.4784719291497e-05,0.00598112824179056,5.47847192915374e-05,0.98796446648638,5.4785894300691e-05,0.000464546257308062,5.47847192522948e-05,0.00100598125360665,0.000621862271313726,5.4784719429487e-05,5.47847194160152e-05,0.00341416868131027,5.47847194405304e-05
"GCTTGAGTGACCTCTG-1",2.11756754579991e-05,2.11756754574714e-05,2.11756754580051e-05,2.11756754579922e-05,0.185887782925729,0.0254459879303754,0.72708568520055,2.11756754579558e-05,2.11756754579971e-05,2.11756751539063e-05,2.11756754580002e-05,0.00235723101642818,0.00972434969820748,2.71694652108992e-05,0.0229499115500358,0.026352476810103
"GCTTGATGATAATCAG-1",3.10027767047508e-05,3.10027767538819e-05,3.10027767100206e-05,3.10027767084491e-05,0.0012378312297264,4.56183292820552e-05,0.985327463615082,3.10027767098283e-05,0.00912302054507363,0.0031183990013944,3.10027767089956e-05,3.10027767084435e-05,0.000837639512364869,3.1002776708444e-05,3.10027766549908e-05,3.10027767084492e-05
"GGACAACCATGAAGCC-1",5.51591539152815e-05,5.5157030604962e-05,5.51587754044576e-05,5.51591058975091e-05,0.00233106094349483,5.51591122748267e-05,0.993634342807954,5.51590660869362e-05,5.5164587817531e-05,5.51591058085646e-05,0.00240752301002652,0.000965160876953832,5.51591059490825e-05,5.51591058169525e-05,5.51591060314519e-05,5.51591059628748e-05
"GGAGAAGTCATTGGCA-1",0.0714950699356992,1.33944674924855e-05,1.33944674924975e-05,0.0431263774829428,0.00683315884531248,3.71880447672912e-05,0.863444151907531,1.33944674924887e-05,0.0107928977816894,0.0034984199052148,1.33944674924865e-05,1.33944674924864e-05,0.000665253568316275,1.33944674924894e-05,1.33944674931423e-05,1.37212560791135e-05
"GGAGTGCCGCCCTGGA-1",0.127808099012913,6.08632516473964e-05,0.0197334762830244,0.0286479018479904,0.293290765693049,0.0332217137908842,0.326128858106065,6.21099124675803e-05,0.104741984281661,6.08632515324006e-05,6.08632516473969e-05,0.0279743639805894,0.0230940623222702,6.0863251647392e-05,0.0149923485109627,6.08632516473958e-05
"GGATGGCTTGAAGTAT-1",4.84963416625966e-05,4.84963415989444e-05,4.84963416489462e-05,4.84963416489426e-05,0.0116231337446298,4.84963416489445e-05,0.971750074670342,4.84963416446193e-05,0.00509948159499241,4.84963416542649e-05,0.00369591231266716,4.84963416489466e-05,4.8496341672388e-05,4.84963416065252e-05,0.00729793791928479,4.849634164894e-05
"GGATTCAGTACGGTGG-1",1.91865656691948e-05,1.91865656650458e-05,1.91865656684474e-05,0.00941136589919703,1.91865656648954e-05,0.00495426144217793,0.981697933716346,1.91865656723898e-05,1.91865656688099e-05,0.00157903932308129,1.91865656720421e-05,0.00125996693454287,0.000745999329126739,0.000178754264512621,1.91865656653065e-05,1.91865656692037e-05
"GGATTGAAGTAGCCTC-1",2.63659300892281e-05,2.63659301083492e-05,2.63659300902076e-05,0.00314284391321078,0.0143581439761301,0.00168732399813143,0.966587627463466,2.63659300680976e-05,0.00117756944014937,2.63659300897996e-05,2.63659301036149e-05,2.63659301131295e-05,2.63659300900949e-05,2.6365930100272e-05,0.00363382719520125,0.00917537064285832
"GGCACGCTGCTACAGT-1",4.1015396288148e-05,4.10153962881455e-05,0.00159652054198613,4.10153962881484e-05,0.376336689867045,0.131266351967668,0.379498067542673,4.10153962881482e-05,0.0067236962187049,4.10153969789037e-05,5.26603735047457e-05,4.10153962881457e-05,4.10153962881464e-05,0.0451467374125943,0.0237866093830863,0.0353055589180302
"GGCACTGCGGTGGTTT-1",1.14057856094771e-05,1.14057856325676e-05,1.14057856123199e-05,5.47865139003166e-05,0.0638455762499719,1.14057856094756e-05,0.903351073158786,1.14057856339221e-05,1.14057856156934e-05,0.0273134423471866,1.14057856127357e-05,1.14057858803746e-05,0.000227810468734731,0.00509325340465362,1.14057859509184e-05,1.1405785609475e-05
"GGCATTCCCTCCCTCG-1",6.03051525162415e-05,6.03051525162222e-05,6.03051525162235e-05,6.0305152516236e-05,0.491041475976694,0.0353475060672419,0.387622100132098,6.0305152516228e-05,6.03051525164002e-05,0.00459952016827564,0.000820573246514046,0.0146334090478654,0.0285525185410718,8.84965435923083e-05,0.0165599583558394,0.0203726110057095
"GGCCAATTGTATAGAC-1",1.8496230450211e-05,1.84962304589657e-05,1.84962304633214e-05,1.8496230462694e-05,1.84962304801928e-05,1.84962304626931e-05,0.997567792574004,1.84970185621921e-05,0.000821891890616813,0.000454976360322687,1.84962304723147e-05,1.84962304535986e-05,1.84962304626792e-05,0.000933383621404099,1.84962304569366e-05,1.84962304667803e-05
"GGCGCACAGTTTACCT-1",2.51594176167928e-05,2.51594176139644e-05,2.51594176161291e-05,0.0240911097872077,0.0214179546032298,5.06658923286425e-05,0.913501685979561,2.51594176169553e-05,0.00943074911723648,0.00103188692624882,0.00127707941229345,0.00445394672085645,0.00739511784749618,0.0120390845084507,0.00518492211701035,2.51594176167928e-05
"GGCTCGTGCCACCAGC-1",1.43893799328359e-05,1.43893799328511e-05,0.0267911928345896,0.0201726288900456,0.039436734739689,0.0030904011147369,0.810597345604212,1.43893799328428e-05,0.0152878880878395,1.43893799328498e-05,1.43893799328423e-05,1.43893799328426e-05,0.0135857521848983,1.43893799328427e-05,0.0173134827661955,0.0536238481182638
"GGGAAAGAATGCCAAC-1",3.23310384149854e-05,3.23315085623827e-05,3.23310383720654e-05,3.23310383717333e-05,0.00197520331596493,3.23310383717423e-05,0.997260955417638,3.23308284730681e-05,3.23310384287959e-05,3.23310383602671e-05,0.000343537507260142,3.23310382805358e-05,3.23310384045624e-05,3.23310383873461e-05,3.23310383460499e-05,3.23310383629514e-05
"GGGAAGGGCTTTCTCA-1",2.3428588650131e-05,2.34285886503445e-05,2.34285886501317e-05,2.44600979696687e-05,0.0333310649015153,0.0127077988804738,0.841624905791269,2.34285886501297e-05,0.00541031091080276,2.34285885170483e-05,0.00755707000225595,2.34285886501295e-05,2.34285886501295e-05,2.34285886501299e-05,0.0205149951249827,0.0786419655816629
"GGGAGCGACCGTAGTG-1",2.28016174026333e-05,2.2801617404136e-05,2.28016174026301e-05,0.00563799099941563,0.0396181660239674,0.00789653407398167,0.855487366270207,2.28016174026498e-05,0.010782090281179,0.0100046032458993,2.28016174026301e-05,2.28016174026335e-05,2.28016174026302e-05,2.28016174026304e-05,0.0107031598470489,0.0596876763190786
"GGGCGATATGTGTGAA-1",0.0477537767220816,4.08994936867946e-05,4.08994936868029e-05,0.0138342201098574,4.08994936868026e-05,0.0692112348802716,0.418022982604984,0.0264348355136111,0.200634719561771,0.0158179910673873,0.00838174893918488,4.08994936868029e-05,0.0669413689646567,4.08994936868031e-05,0.0257978130903209,0.10696481107744
"GGGCGTACATTTATAT-1",0.0688141384380535,7.33893849024439e-05,0.0950270254449838,0.199672780991409,7.33893849024467e-05,0.000135281293073265,0.199545601526869,0.0572133575310207,0.260768087122693,7.33893854536261e-05,7.33893849024446e-05,8.08878790672985e-05,7.33893849024482e-05,0.0273062457081661,7.33893849024488e-05,0.0909962577546978
"GGGTGTTTCAGCTATG-1",0.0728178552375303,0.000143452651894226,0.0410885630126807,0.000143452651894189,0.162556868220841,0.0420204179942266,0.285861655905028,0.00014345265189419,0.0694820674491068,0.000143452653185623,0.00014345265189421,0.000143452651894205,0.0144209592063738,0.000143452651894211,0.177928118034351,0.13281932637531
"GGTCTCCGTCCAGGTT-1",3.20503041451136e-05,3.205030414232e-05,3.20503041451112e-05,3.20503041451007e-05,0.0180390326312442,3.20503041451119e-05,0.976949019486313,3.20503041423334e-05,3.20503041420451e-05,0.00300714918263917,3.20503041384925e-05,3.20503041451106e-05,3.2050304145112e-05,0.00159085673728754,6.13886169286318e-05,3.20503041518129e-05
"GGTGCGGATAAGTGGC-1",0.0976444862593475,2.92651631217161e-05,2.92651631217083e-05,2.92651631217223e-05,0.097800822462155,0.0335142025962544,0.469966808490964,2.92651631217222e-05,0.00532057484808951,0.0181949531636772,0.020034069531919,0.0820251943142234,0.117295587866749,2.92651631217105e-05,0.0580277094878901,2.92651631217237e-05
"GGTTCGCATTTGCCGT-1",1.70694002750941e-05,1.70694002727128e-05,1.70694002750903e-05,0.0254144953664616,0.0387937922001095,0.000415294047861964,0.925891415709543,1.70694002760472e-05,1.70694002735842e-05,0.00242591584491898,2.46975937295446e-05,0.00157735931436753,2.75076509833933e-05,0.00391420636619086,0.00141289950418569,1.70694002751022e-05
"GTAAGCGGGCAGTCAG-1",0.0462618499320302,0.00603460044967998,0.0639525702398825,0.127701109658118,5.00872610233578e-05,0.0278872640263539,0.422973588108409,0.0251424770859666,0.0927231681975198,0.00291678199893793,5.00872610228051e-05,0.00878856458823196,0.0114503211883719,0.0195581800331371,0.0036228969815107,0.140886452989804
"GTAAGTAGGGTATACC-1",3.67778537967453e-05,3.67778537794908e-05,3.67778537967591e-05,3.67778537967601e-05,3.67778537668209e-05,3.67778537967615e-05,0.945008117334533,3.67778538178678e-05,0.00240273958254407,0.00213459933726882,0.00170498936713404,3.67778537967597e-05,0.00921588973697919,0.00346761501675386,0.00643680015373642,0.0293350266407023
"GTACGAGATTGCGACA-1",0.0622979735401535,0.0211091436272346,0.0264723003074939,0.148198066480141,0.214043239087297,0.110648642939866,0.0983829304849191,0.0489914701238538,0.140132968797351,0.000108321486434049,0.000108321490314747,0.0010974208593387,0.096496871031578,0.000108321490314747,0.013202842773194,0.0186011654805159
"GTACTAAGATTTGGAG-1",1.79006566350874e-05,0.021593195083377,0.0319749088766582,0.0507433494670768,1.79006566325449e-05,5.09234734035542e-05,0.583653577201518,0.00682060590099245,0.252303218190078,0.00269250516478866,1.79006566350858e-05,0.0206731659507917,1.79006566350855e-05,0.0125744137757252,0.00134214491568642,0.0155063893733668
"GTACTTGGGCACTTCT-1",0.00516816029411648,1.2726178550938e-05,1.27261786417225e-05,6.71332349324182e-05,0.00950694954014684,0.0308002978208705,0.918962957096955,1.27261786412391e-05,1.27261786412378e-05,1.27261786417081e-05,1.27261786417227e-05,1.27261786417255e-05,3.93256174499807e-05,0.00867544783701737,1.27261786503069e-05,0.026677919129461
"GTATAGGACTCAGTAG-1",6.25264652769972e-05,5.37179011489927e-05,0.159948752785204,0.0328444030102777,0.413814451045587,5.37179011489897e-05,0.238683917503226,9.64622563511083e-05,5.37179011489967e-05,5.37179006526079e-05,0.00283895690894885,5.37179011489957e-05,0.0837432284200052,5.37179011489867e-05,0.0258421074085551,0.0418028867901704
"GTATCAGCTTGGGTTC-1",2.06449523998748e-05,2.06449523958484e-05,0.000592669014396556,2.71498952481782e-05,2.06449523746446e-05,2.06449523997873e-05,0.997635037235391,2.06449523694373e-05,2.06449523089025e-05,2.06449524199385e-05,2.06449524182209e-05,0.00149740442632669,2.0644952399791e-05,2.06449523998073e-05,2.06449523511244e-05,2.06449523997986e-05
"GTATCCTTTGGTAACC-1",3.35860470373236e-05,3.35860470388612e-05,0.00836090388638665,4.22672436413685e-05,0.0494452677243882,6.93141005866473e-05,0.866265425072933,3.35860470349365e-05,0.0252155712783357,0.00249083729366393,0.00889914397729757,3.35860470372386e-05,0.00661123970654874,3.35860470373214e-05,0.0158560316360557,0.0165760678449765
"GTCATGCACCTCCGTT-1",0.0830642120979078,0.00511742823390983,0.0806424505670192,0.106846387409944,3.91210330275307e-05,0.0191139903494562,0.351146884896303,0.0733577646806313,0.187180806247333,3.91210331138081e-05,0.00693421661414387,0.0258801789655508,3.91210330275335e-05,3.91210330275316e-05,0.0605200747725775,3.91210330275318e-05
"GTCATGCGCGAGGGCT-1",0.00699397086275637,0.00409015204346591,3.05316267346197e-05,9.10970119907547e-05,0.0109718992037025,0.00187068878827526,0.887408068001781,3.05316267374419e-05,0.0279296627789841,0.00584564063379057,3.0531626734617e-05,0.00924221605115342,3.05316267346178e-05,0.0031032925639475,0.0136045407527322,0.0287266448004796
"GTCATGGACATGACTA-1",0.0608775709901734,5.69393016090289e-05,0.029956092923235,0.0697246873701776,5.69393016097742e-05,0.0388048346459648,0.368520804914219,0.0356795700428763,0.180813021941475,0.00173191643622,0.0057071980066753,0.000235825675532166,0.00848799004935907,5.69393016097522e-05,0.0392308436969097,0.160058825402354
"GTCCGGCTGAATTGCG-1",1.26664716886598e-05,1.2666471690699e-05,1.26664716886569e-05,1.26664716886576e-05,0.000581622962538941,1.2666471688659e-05,0.928138756697556,1.26664716869841e-05,0.020232264768377,1.26664716636822e-05,0.00359027173961432,0.0186760457563622,1.26664716886593e-05,1.26664716919218e-05,0.000444696593513969,0.0282223432368607
"GTCTAGTGAGCCGCTT-1",2.20444506595644e-05,2.2044450659248e-05,2.20444506595629e-05,0.000246794496990534,0.0519547078920036,2.20444506595626e-05,0.878039679978718,2.20444506594374e-05,0.00347549685907231,0.00231982561228195,0.0036068045969212,0.00974153902340093,2.20444506595652e-05,2.20444506595634e-05,0.0281378483379394,0.0223229920480553
"GTCTCCCGAGTCCCGT-1",1.58710156184309e-05,1.58710161505687e-05,1.58710156186127e-05,3.82556303654607e-05,0.0121866295703146,1.58710156184295e-05,0.981828599320291,1.58710152173442e-05,1.58710155958139e-05,1.58710154717039e-05,1.58710156226414e-05,1.58710156182326e-05,1.5871015618445e-05,0.00575606329161966,1.58710156402876e-05,1.58710156184293e-05
"GTGCAACAAATGTGGC-1",0.000113172875119336,0.0213840730323208,0.0957607258947097,0.00011317287511934,0.142790283437494,0.295696755406,0.145320836747581,0.000113172875119327,0.0753661496055754,0.000113172875171701,0.00426622644057949,0.0289891808322961,0.0709019715768414,0.000113172875119337,0.100916262869703,0.01804166978125
"GTGCACGAAAGTGACT-1",0.000152302914112124,0.000152302914112127,0.00015230291411213,0.0467525249561964,0.202089405894811,0.0853458961860679,0.185168654432554,0.000152302914112126,0.0684722922573736,0.000152302914112127,0.000152302914112129,0.0250535025444729,0.0985419292954882,0.000152302914112128,0.157194737969558,0.130314936064693
"GTGCCTGAGACCAAAC-1",2.27216476140055e-05,2.27216470559205e-05,0.0104531998892024,0.019634706262722,0.0269930959091213,3.43837257784274e-05,0.827104414699169,2.27216476138579e-05,0.00856511624529794,0.0250821624407047,0.00971327638941447,0.0368678319294134,2.27216476140039e-05,2.27216476140028e-05,0.0321101319211521,0.00332807235051228
"GTGCGGGTCTCCAAAT-1",0.13330465992158,0.000119818322501227,0.022261941184389,0.0525166278272841,0.267845072617201,0.101502848309426,0.178437134906567,0.00751210183228367,0.103730779973422,0.000119818323398311,0.000119818322501228,0.00148192224504214,0.0251928702786141,0.000119818322501229,0.0324816213431693,0.0732531462701206
"GTGGACGTGCTGAGAC-1",2.21500694885336e-05,2.21500694885266e-05,2.21500694885236e-05,0.0609738023823109,0.0115995943778853,0.0395211143432783,0.71937776986989,0.0165597239597694,0.0687452034108813,2.21500695719309e-05,2.21500694885227e-05,2.21500694885169e-05,0.0428820638482418,0.0199442050497858,0.020241472271454,2.21500694885231e-05
"GTGGCTGTTTCTGTTC-1",2.19670559149121e-05,2.19670559138678e-05,2.19670559149122e-05,0.00193921036107545,0.0316270850559617,0.00140122884062492,0.920435985044514,2.19670559165879e-05,0.00311554451087192,0.00959326479072344,0.00693816616062992,0.000216506177155886,2.19670559112308e-05,2.19670559149137e-05,0.0164765267170907,0.00812468000586534
"GTTATCAAGCTATCGA-1",5.50331573162191e-05,5.50324333507441e-05,5.50291676256714e-05,5.50330953443659e-05,0.00486933817551543,5.50330952728998e-05,0.993845593983954,5.50330455191542e-05,5.50330952415334e-05,5.50330947307589e-05,0.000569642179351085,5.50330952607611e-05,5.50330953713558e-05,5.50330953442098e-05,5.50330953481599e-05,5.50330954536982e-05
"GTTCCAGTCTGACCAT-1",5.75266874292926e-05,5.75266874292703e-05,5.75266874292847e-05,5.75266874292843e-05,0.356401100287517,5.75266874292849e-05,0.298408164162298,5.75266874292704e-05,0.112813320317318,0.020701822117468,5.75266874292834e-05,5.7526687429285e-05,0.110794186719377,5.7526687429285e-05,0.0293511569987159,0.071012509210442
"GTTCTTCCCTCGATGT-1",0.000129532758642574,5.86048069977154e-05,0.0580384618059721,5.86048069977071e-05,0.494714492083425,0.0738865962367041,0.246011656551954,5.86048069976798e-05,0.0658876039651032,5.86048073877592e-05,5.86048069977108e-05,5.86048069977083e-05,5.86048069977036e-05,7.49280906154481e-05,0.0548070375585925,0.00603945729961644
"GTTGCACGGAGTTTCG-1",1.38456289811824e-05,0.0120888489383784,0.0403289889140694,4.67849258742827e-05,0.017326754504085,6.16164011098441e-05,0.844638912693706,1.38456289811812e-05,0.0146749284077327,1.3845628505656e-05,1.38456289811822e-05,1.38456289811841e-05,0.0282931456698959,1.38456289811797e-05,0.00513357214882888,0.0373233736229078
"GTTGTCGTGTTAGTTG-1",2.78904356254997e-05,2.78904356270726e-05,0.0286350153023742,0.0182358750827068,0.109975553768874,0.198172889061171,0.429681361941861,2.78904356255017e-05,0.135687220720415,2.78904352826426e-05,2.78904356255021e-05,2.78904356255096e-05,2.78904356254451e-05,0.0329214845642236,0.0464674760737113,2.78904356255021e-05
"GTTTCCTGGAGGGTGA-1",1.43402483418653e-05,1.35933617848483e-05,0.0140016838643434,0.0181107303411103,0.0283554541178338,0.0143935084799734,0.873100877087878,1.35933617876792e-05,0.0332305686461383,1.35933617876727e-05,0.000995240438275649,1.359336178768e-05,2.33266029238845e-05,0.00458452854335574,0.00456252104719337,0.00857284713548425
"GTTTCTAGAGGCGCGG-1",2.02503073399226e-05,2.02503073389135e-05,0.00121670338045401,2.99666523431573e-05,0.0203729206970562,2.02503073399285e-05,0.90875997033495,2.02503073393997e-05,0.00681384885149014,2.02503071688002e-05,2.02503073399256e-05,0.00571167824217836,0.00771071325565634,2.0250307339926e-05,0.0167838233249465,0.0324586231097189
"GTTTGGGTTTCGCCCG-1",2.27831666269856e-05,2.27831666279193e-05,0.025022445717751,2.27831666270091e-05,0.0222748559653827,0.0194523295204698,0.821895453921043,2.27831666261821e-05,0.0175335694180683,0.0114546957732953,0.00131999214947998,0.00556659938174387,0.0160763834374651,2.27831666270144e-05,0.0112716196045219,0.048018139277644
"TAACAAAGGGAGAAGC-1",3.15061909798231e-05,3.14992319251611e-05,3.14966234541627e-05,3.14992318867536e-05,3.14992317007555e-05,3.14992318867278e-05,0.999527501704474,3.15045701962455e-05,3.14993602094454e-05,3.14992318953649e-05,3.14992319459987e-05,3.14992318810025e-05,3.14992318867518e-05,3.14992319307032e-05,3.14992318608221e-05,3.14992318866391e-05
"TAACTATCGAAGGTCC-1",4.02383430492305e-05,4.02383430525523e-05,4.02383430500748e-05,4.02383430497235e-05,4.02383430512685e-05,4.02383430497412e-05,0.98635369467239,4.02383429969076e-05,4.02383430555738e-05,4.02383430498339e-05,0.00269851641163615,0.00192256036885572,4.02383430498925e-05,4.02383430497374e-05,0.00854236843056378,4.02383430495213e-05
"TAAGGAACTTGTGGGA-1",9.84556910361291e-06,9.84556913562417e-06,0.0750925412648396,1.04871518753387e-05,9.84556910339688e-06,5.74637954575329e-05,0.815462648013479,0.0496396371093313,9.8455691035973e-06,9.84556713754885e-06,0.0204028810336992,0.011956360536663,2.93970643635479e-05,9.84556938125176e-06,0.0272796650482231,9.84556910360724e-06
"TAAGGCAACATAAGAT-1",5.89082296900971e-05,0.0305269696264481,5.89082296900984e-05,5.89082296901018e-05,0.0428405962158994,0.34252279669331,0.0511990192750649,5.89082297462728e-05,0.0167297367400568,0.0087736189790141,0.00130423187716313,0.0100022715323505,0.0930088953155244,5.89082296900974e-05,0.38114588813602,0.0216514344606419
"TAATACACAGTAGTAT-1",0.125512789136128,0.0344942748309574,0.0896190392525552,0.132437208500101,0.0406378555539929,0.0484886814625174,0.0127857213634549,0.0259746540429075,0.0725200608885925,0.00255905473211597,7.54119495890132e-05,0.00773210103904476,0.0275381980498708,7.54119495890131e-05,0.279871267390676,0.0996782698579085
"TAATATTGAAATTCGC-1",0.140553031476053,4.04845256935219e-05,0.0306470222144118,4.04845256935239e-05,0.270759940901634,0.0650856553920565,0.320924640078139,4.04845256935178e-05,0.0562561052919088,4.04845254847849e-05,0.0097850576368525,0.0308458553898968,0.0335429615639054,4.04845256935235e-05,0.0413568229011899,4.04845256935231e-05
"TACAACAGCGCATACA-1",0.000114177234743171,9.03129880841957e-05,0.015435761751571,9.03129880841803e-05,0.72073785872096,0.0194478960952977,0.137531879216869,9.03129880841756e-05,0.0461207156039374,0.0103864952315024,0.00635253528913887,0.00401028702986415,9.0312988084181e-05,0.00699250997741119,0.0324183189082835,9.03129880841917e-05
"TACAAGGGCTTCTTTA-1",2.23883993434282e-05,2.23883993448068e-05,2.23883993434477e-05,0.0460854430577357,0.0384136311281162,3.41571179811539e-05,0.860245267802972,2.23883993434466e-05,2.23883993434308e-05,0.0103057986415731,0.0100044328543324,0.0117415567548189,0.00950100090929706,2.23883993434307e-05,0.0135079479223661,2.64334147456623e-05
"TACACCTCTTCGAATC-1",2.40038090512631e-05,2.40038090513591e-05,2.40038090513507e-05,2.40038090512662e-05,0.0278907462707824,0.00209938183538672,0.909602398279261,2.40038090547242e-05,0.00263254450827534,2.40038086375033e-05,2.40038090522348e-05,0.0215209526476946,2.40038090512662e-05,0.00763897189052494,0.0133256870397459,0.0150972870563282
"TACCGAATAATTGTAA-1",3.35549597815605e-05,3.3554959777621e-05,0.00775053342965126,6.98664901128495e-05,0.0286685219543785,3.61365061273051e-05,0.899532456401522,3.35549597711282e-05,0.00592805247448123,0.00552193992338264,0.00280315074417507,0.0094439000196359,0.0117364922867566,3.35549597760417e-05,0.0209996388048624,0.0073750911258082
"TACCTCACGCTTGTAC-1",0.0211459360153614,2.81633306128513e-05,2.81633306129028e-05,2.81633306129278e-05,0.68068764775461,2.81633306128868e-05,0.21500525327554,2.81633306129173e-05,0.0479077881678089,2.8163329282228e-05,2.81633306128891e-05,2.81633306128597e-05,2.8163330612885e-05,9.6031352975878e-05,0.00731245185944182,0.027591421600077
"TACGAACACGACTTCA-1",1.9810511774801e-05,0.00380264273236423,0.00497925931600446,1.98105117747539e-05,1.9810511775808e-05,1.98105117747677e-05,0.935967136678432,1.9810511772269e-05,0.0112814527536458,1.98105117746261e-05,0.0115007356425668,0.00303441575358506,1.98105117747672e-05,1.98105117747671e-05,0.00914213011031139,0.0201337429188933
"TACGTGCACTATGCTG-1",3.95309625512509e-05,3.95310615300332e-05,3.95296053429386e-05,3.95308888953984e-05,3.95303931729988e-05,3.95308888812829e-05,0.999233603703461,3.95308686684561e-05,3.95308888088216e-05,3.9530888848696e-05,3.95308890013394e-05,0.000212965405230712,3.95308889100736e-05,3.95308890207241e-05,3.95308887813801e-05,3.95308888953921e-05
"TACTTAAACATGTACA-1",5.15804291970513e-05,5.1578848699321e-05,5.158061742527e-05,5.15805919730801e-05,5.15789151777876e-05,5.1581487137554e-05,0.989905526298918,5.15771263868536e-05,5.1580632845896e-05,5.1580617630485e-05,0.00607203314825489,0.00335189881668582,5.15806177701837e-05,5.15806170055718e-05,5.15806174212307e-05,5.15806174705449e-05
"TAGAATAGCCGATGAA-1",3.12354389279094e-05,3.12354389340976e-05,3.12354389287984e-05,3.12354389279153e-05,0.018907008096387,3.12354389279088e-05,0.959789422732253,3.12354389250315e-05,0.00492797117447812,0.00878298254466679,0.00488678579033619,3.12354389279093e-05,3.12354389279051e-05,3.12354389277706e-05,0.00239347527259556,3.12354389279085e-05
"TAGAGCTACGAAGAAC-1",0.0193587020840737,0.0467288843067641,5.75658726280231e-05,0.0586848170552021,0.185101148491498,0.0460942689627164,0.293585790535267,5.756587262802e-05,0.0839494557648702,0.0113564288507526,0.0108093259209903,0.0432989032587162,0.0577423533435935,5.75658726280216e-05,0.055827396344678,0.0872898274629938
"TAGAGTCTAAGCGAAC-1",1.27594837696549e-05,0.0005918156462617,1.27594837696558e-05,1.27594837696611e-05,1.27594837712987e-05,0.000137639340620932,0.812843546256348,0.00344292670605792,0.167367634346367,0.000514725506121952,1.27594837696546e-05,1.27594837696534e-05,2.42755358059439e-05,0.00802252715459336,0.00236185436422918,0.00461649824097507
"TAGAGTGTTCCGGGTA-1",2.77070844086139e-05,2.77070844190599e-05,2.7707084406155e-05,2.77070844062664e-05,0.00652132961407752,2.77070844062665e-05,0.98021441109259,2.77070844380265e-05,0.00569290803685489,2.77070843738509e-05,0.000211185069944887,0.00120998353872551,2.77070844251983e-05,2.77070843860284e-05,2.77070843474673e-05,0.00587311180379053
"TAGATGGTTCCTTACT-1",1.51456254751494e-05,1.42237611329695e-05,0.021748101206828,1.84378603205709e-05,0.0308754695998826,1.42237611333031e-05,0.891061601436196,1.42237611331544e-05,0.00919946491704521,0.00324549049738423,0.00741777623500569,1.42237611333021e-05,2.53088636470064e-05,1.42237611332961e-05,0.0139401708187486,0.0223819141338012
"TAGCAGTATGACTAAA-1",3.09783708199152e-05,3.09783708186843e-05,3.09783708201021e-05,3.09783708201047e-05,0.0217130194194956,3.09783708201029e-05,0.949245921603867,3.09783708186849e-05,0.00805565573320557,0.0022127486773085,3.09783708288696e-05,3.09783708201051e-05,0.00296709332807259,3.09783708199617e-05,0.00820412417471419,0.00732263172595045
"TAGCTAAGTCCGGGAG-1",0.0519897805265021,1.30313599903395e-05,1.30313599903428e-05,0.0145653643838151,1.30313599283408e-05,0.0537922864793216,0.723298180564487,1.30313599903338e-05,0.0631867122016509,0.00360698198678585,0.0215711695196307,0.00242345337046078,1.30313599903345e-05,0.0189033363460832,0.0129748439406803,0.0336227338806928
"TAGGCTAAAGTGGCAC-1",2.13066527611271e-05,2.13066527653638e-05,2.13066527654867e-05,3.57685362592992e-05,0.0196903768182303,2.13066527654874e-05,0.948387324431765,2.13066527672035e-05,0.00572994425933938,2.13066520665935e-05,2.13066527664579e-05,0.010006642971335,2.13066527655109e-05,2.13066527654884e-05,0.0105418795991677,0.00541630350971437
"TAGGGTGTTTCAAGAG-1",0.21667357962157,5.5027127688886e-05,0.0305245532310395,0.108436177893638,0.315144900022666,0.0599989977789891,0.117725222597765,0.00494579793216185,0.0984846303272771,5.5027127688841e-05,0.00160180322169872,5.50271276888409e-05,0.0359634516993532,0.010225750035396,5.50271276904064e-05,5.50271276888408e-05
"TAGTTTATTCTTGCTT-1",0.000115026306018029,0.000115026306018017,0.0143158965266806,0.023028848006905,0.139128905427652,0.120122022309237,0.217340116673627,0.000115026306018029,0.108809129877531,0.000115026305589953,0.000115026306018029,0.0554916904655028,0.0579934019268476,0.0810476168240361,0.089056981793567,0.0930902586387524
"TATAAATCCACAAGCT-1",0.000226465766449307,0.0441821621698353,0.0593435081612183,0.000286827228222019,0.103344670764873,1.13150846925259e-05,0.672467168167413,0.07248080976925,1.850956482053e-05,3.91633755635118e-05,9.10311036544236e-06,9.10311036546656e-06,9.10311036533759e-06,9.10311036536617e-06,0.0475538843958355,9.10311036546573e-06
"TATAAGTGAGGATAGC-1",1.39676398451641e-05,4.30372427993455e-05,1.39676398451932e-05,2.98365238647173e-05,0.0345027004352248,0.0483900211432175,0.84593944789141,1.39676398451763e-05,0.0206710703074652,0.00836140215256423,1.39676398451738e-05,1.39676398451676e-05,0.0138004467143646,1.39676398451794e-05,0.0101351582629313,0.0180430734870872
"TATACACGCAAAGTAT-1",0.0398534932892461,1.60057359055723e-05,1.60057363581483e-05,1.60057363581403e-05,1.60057363575139e-05,1.60057363582847e-05,0.921323485406732,1.6005736358072e-05,0.00752509819538455,1.60057364234817e-05,1.60057363581514e-05,5.34521544177904e-05,1.72975064795863e-05,3.64003671133324e-05,0.0310467214537914,1.60057363580896e-05
"TATCCATATCATGCGA-1",0.0331814118750977,3.89375599053093e-05,3.89375599052831e-05,3.89375599052928e-05,0.398856980849672,0.0230803864544223,0.353406214227151,3.89375599052555e-05,0.0449716788964444,3.89375592207421e-05,3.89375599052844e-05,0.0447352511781332,3.89375599052836e-05,0.0504796301857765,0.0186442037658933,0.0323716796487577
"TATCCTGCATGGGAAT-1",0.162137960267356,8.6404159378584e-05,0.0735739526813081,8.64041593785804e-05,0.16790780242995,0.102240681921859,0.287570488816443,8.64041593785813e-05,0.0400162893912775,0.0137739831186335,8.64041593785815e-05,8.64041593785803e-05,8.64041593785809e-05,0.0119105270091641,0.0563320016166477,0.0840178877910894
"TATCGATGATTAAACG-1",0.111719723798353,1.35939291945121e-05,0.0389406323602381,0.0733556433742414,1.35939291945134e-05,2.20162013186975e-05,0.690581095974201,1.7317913330474e-05,0.00921363327704254,1.35939291945113e-05,1.35939291945106e-05,0.0187109601252797,1.35939291945102e-05,1.35939291945423e-05,0.0112770510883533,0.0460803623124742
"TATGAAGAATTAAGGT-1",4.72478059784379e-05,4.72472086504518e-05,0.000373343187917563,4.72472086237333e-05,0.0129668157007789,4.72472086236177e-05,0.978806497333814,4.72472086076309e-05,4.72472085963496e-05,4.72472086128034e-05,0.000759979652398377,4.72472086236174e-05,4.72472086233707e-05,0.00103467769723048,0.00554347701558758,8.9983937333548e-05
"TATGCTCCCTACTTAC-1",2.53420994065547e-05,0.0108796092823353,0.0212994636866548,0.0927895685113223,2.53420994009033e-05,8.01762188499025e-05,0.632665489255647,0.0337890886590446,0.0956717936693753,0.00688377037614993,2.53420994065516e-05,0.0254975892287203,2.99661343790528e-05,2.53420994065971e-05,0.00735624964211605,0.0729558669377849
"TATGGATGTGCTACGC-1",0.0115843147582543,1.85375587030401e-05,0.0252724269872,0.185684425707709,1.85375587028834e-05,0.00670441638929383,0.541291570125187,0.0372120460958771,0.139352507108585,0.000954233252583667,1.85375587030133e-05,1.85375587030148e-05,0.0379893344920111,1.85375587030137e-05,1.85375586991985e-05,0.013843499731085
"TATTTAGTCTAGATCG-1",0.000103245903310806,0.0447974532798589,0.0499738957621995,0.0143802762515887,0.18816177003273,0.258450096684538,0.118028142897783,0.0485313775325767,0.0975367075591077,0.000103245903210136,0.000103245903310799,0.0109922841367594,0.090858081930699,0.000103245903310799,0.0339717711173879,0.0439051592016286
"TATTTGTTACCCTTTA-1",1.38115341046022e-05,1.38115341044276e-05,0.035643071904232,0.00929827439382705,0.0272350144763985,5.48429882501061e-05,0.87993509149461,1.38115341042068e-05,0.0247874587230914,0.00425988226577311,1.38115341046017e-05,0.00482689987615468,0.00487810301567017,1.38115341046026e-05,0.00899849165736619,1.38115341046017e-05
"TCAAACAACCGCGTCG-1",2.47271897481399e-05,2.47271897479507e-05,2.47271897481386e-05,0.00011588175638156,2.4727189749479e-05,0.0324591989452758,0.626463927588854,0.0387994881034444,0.103365010810685,0.0070613965854822,0.000824977966940484,0.017398966149305,0.00968576107445727,0.0148059047585904,0.0230271739468613,0.125893403554729
"TCAACCATGTTCGGGC-1",1.82551245433632e-05,1.825512454037e-05,0.00250335389792429,0.036675778517275,0.0084573320560996,9.0788709164062e-05,0.924823974750565,1.82551245429223e-05,0.00616231790412453,1.82551245444089e-05,0.000509018252539497,0.00171247641711832,0.00444684750105809,0.00428408261493822,1.82551245460398e-05,0.0102427537564766
"TCAATCCGGGAAGTTT-1",2.53047924270364e-05,2.53047924265468e-05,2.53047924265919e-05,2.76657026066447e-05,0.069578467769929,0.0144326396878986,0.873120410207017,2.53047924278241e-05,0.00078473584832014,2.53047924326745e-05,2.53047924382843e-05,0.00608637721792023,0.0128257963254677,0.0139712858810301,0.00166923073897533,0.00735156186625583
"TCACAAACCGAGGTAC-1",2.24602312389442e-05,2.24602312406193e-05,0.0292742327633013,8.51859413498205e-05,0.0213956246804422,2.24602312389372e-05,0.876127362352604,2.24602312352688e-05,0.00636678105416686,0.00353722336665393,0.0066605896119881,2.24602309862002e-05,2.24602312389445e-05,0.00737227264801116,0.0138861758146443,0.0351597903796596
"TCACGGTCATCGCACA-1",1.3321102519747e-05,0.0072854402332535,0.0540683846488032,0.000116830256671444,0.0236679266981741,2.54623513687132e-05,0.885707855920164,0.0133976714492375,0.00108989086368612,1.33211027663119e-05,0.00430832583743473,1.33211025197603e-05,1.33211025196942e-05,1.33211025197599e-05,0.00729323684866839,0.00297236937969346
"TCACTATCCCTTCGGT-1",3.50558449386523e-05,3.50547215481081e-05,3.50559156361415e-05,3.50557098848399e-05,0.00492177646244981,3.50557098848261e-05,0.993026375814753,3.50557476404974e-05,3.50554050668556e-05,3.50557099219022e-05,3.50557099024917e-05,0.000413496368171702,3.50557099447313e-05,3.50557097819955e-05,0.00121768375055004,3.50557099249047e-05
"TCATCACTCGAGCTCG-1",5.10655504265201e-05,5.1082252760392e-05,5.106517499388e-05,5.10652418018486e-05,5.10702295205533e-05,5.10648215223422e-05,0.998357040777937,5.10651780207543e-05,5.10653639858773e-05,5.1065174976706e-05,0.000928024357518197,5.10651746715436e-05,5.10651748319571e-05,5.10651751675418e-05,5.10651769509537e-05,5.10651749144552e-05
"TCATCCTCAGCTGCTT-1",2.33484981385151e-05,2.33484981365914e-05,2.33484981388831e-05,0.000169702425537213,0.0429870680860103,2.3348498138882e-05,0.859452366016548,2.33484981389065e-05,2.33484997985624e-05,2.33484979516885e-05,0.00147422033149985,0.00872074306492726,0.0109612329944547,2.33484981388824e-05,0.0221156854136245,0.053932193680817
"TCCAACTCAGCTATCT-1",1.98145664007588e-05,1.98145664008948e-05,0.00995955980914958,0.0207792338030518,0.0318175515192974,3.46075719542802e-05,0.884158588348023,1.98145664038239e-05,0.0118325205259721,1.98145665253913e-05,0.00667192877751168,0.0011519927880658,0.00260571958079752,0.00738218071084443,0.0203573170829043,0.0031695412166974
"TCCACCAAGACATAGG-1",2.88691302866998e-05,2.88691301417033e-05,2.88633110836101e-05,2.88691302548333e-05,0.00886583389974299,2.88691302548327e-05,0.988772095789303,2.88703670589719e-05,2.88691301947715e-05,2.88691303101104e-05,0.000275252344456808,2.8869130240748e-05,2.88691302548645e-05,2.88691301936101e-05,0.00174039298596808,2.88691302548255e-05
"TCCCAAAGACGAAGGA-1",0.0455330562911526,1.90533451541805e-05,1.90533451543319e-05,0.0603329468400487,1.90533451543338e-05,0.0201407088123142,0.652489434163195,1.90533451611307e-05,0.125014907192991,1.90533477485979e-05,0.00359630603705869,0.00374843225520217,0.0275680904242485,1.90533451543375e-05,0.00611665567013652,0.0553451422401257
"TCCCAATATCGACGAC-1",2.42464333445619e-05,2.42464333444585e-05,2.42464333453257e-05,0.00700387353335489,0.0346771532474206,2.42464333445607e-05,0.944286112173727,2.42464333412231e-05,0.00233352343563619,2.42464333438625e-05,2.42464333551244e-05,0.000941516509446571,2.42464333445617e-05,0.0100538829947301,0.000485720205576397,2.4246433344561e-05
"TCCCAGGCTTAGCTAA-1",4.69883566677984e-05,4.698835668374e-05,4.69883566589014e-05,4.69883566704383e-05,4.6988356581762e-05,0.00473765758137675,0.953609712450477,4.69883566516629e-05,4.69883566716133e-05,4.69883568639673e-05,0.0205937566882063,0.0199408192178456,0.00059936317114373,4.69883566675949e-05,4.88073241418058e-05,4.69883566910954e-05
"TCCGATAATTGCCATA-1",0.0900616675975552,7.37585202126737e-05,0.0622049969880561,8.39582779519888e-05,0.111904406673493,0.411206090380247,0.0458705639316519,0.021866071682269,0.0655027491854664,7.37585205280058e-05,0.00109414404542269,7.37585202126729e-05,0.0248635185490662,0.036060851843462,0.0759356943918403,0.0531240108925656
"TCCGATGGTGCGACAT-1",0.0451133547749679,1.85607845722131e-05,0.0131012999026773,0.0467303234722685,0.00173855638274305,0.0419526122440878,0.649523124937267,0.024611234626213,0.127706055366435,0.00684514413507317,1.85607845723225e-05,1.85607845723198e-05,1.8560784572322e-05,0.0141835271605438,1.85607845780383e-05,0.0284019630748564
"TCCGGGCCACTAACGG-1",1.67148874653501e-05,1.67148874656983e-05,1.67148874654122e-05,0.00570280811423502,0.0124546420060959,0.00775954360879055,0.971053777856886,1.67148875019135e-05,1.67148874647781e-05,0.00217513305619326,1.67148874748761e-05,0.000686946483126073,1.67148874640806e-05,1.67148874654866e-05,1.67148874403182e-05,1.67148874653492e-05
"TCCGGGCTTGACGGGA-1",2.29399965203818e-05,0.0109699067353185,2.05510687550675e-05,2.05510687550736e-05,0.0345463700825269,4.85500648882243e-05,0.895280932280387,2.05510687550574e-05,2.05510687555447e-05,0.00480011878081527,0.00637088993484234,0.0183956918219705,0.00560696923129614,3.25566193596262e-05,0.0112608551166886,0.0125820150603658
"TCCTTCAGTGGTCGAA-1",8.0185682457291e-05,8.01856824568036e-05,0.158020474345215,0.0417725662209189,0.032000912175868,0.114721756671585,0.206576620946679,0.0406319177147537,0.037280171443043,8.0185682457281e-05,8.01856824572912e-05,0.00696761939661875,0.0374260730105872,0.00849469296555946,0.210690607554969,0.105095844824375
"TCGAAATTTAGGACCA-1",6.86280330362119e-05,6.86321767746265e-05,6.86339336641265e-05,6.86283768283569e-05,6.86264568131875e-05,6.86283978172683e-05,0.985146989861978,6.86283977891731e-05,0.00265623433955423,6.86283979263287e-05,0.00362225691540052,0.00775097112125047,6.86283982025697e-05,6.86283979054821e-05,6.86283972405908e-05,6.86283978188297e-05
"TCGCCGACATATTCGC-1",2.15268129372826e-05,2.15268129374969e-05,2.15268129372803e-05,0.000684338253664629,0.0215134048103176,0.0175132161317633,0.864615922666718,2.15268129372413e-05,0.0203112564744698,2.1526812937321e-05,2.15268129372797e-05,0.00762670944662826,2.15268129372793e-05,0.0124590858411384,0.0200982841500911,0.0350270945346473
"TCGCCGGTCGATCCGT-1",0.000111651614636953,0.000111651614636966,0.180403074249602,0.000111651614636953,0.244762977670497,0.133931268239049,0.216214826180166,0.000111651614636945,0.0463256794904265,0.000111651615441671,0.00160477370552794,0.000111651614636958,0.0212621705093676,0.00483046621711385,0.0974320744990793,0.0525627795505445
"TCGCTCGATATATTCC-1",0.0625646145814723,0.0242058086298875,0.000947344281969917,0.150487592958927,0.00804132922843643,0.113957574867196,0.238467856120184,0.0120308837974113,0.139986759398985,0.00304901978411545,7.70689211492368e-05,0.0114829413287962,0.0308942334209705,7.70689211492363e-05,0.072738355936013,0.130991547823337
"TCGCTGTGCGTAAATC-1",0.0561197134378636,0.0676896635399616,1.48231845617864e-05,1.48231845617974e-05,1.4823184561827e-05,0.023161656011319,0.688409704071661,1.55085380453921e-05,0.0197104167178205,1.48231848216693e-05,0.00964172339634155,1.48231845617871e-05,0.032670193717613,1.48231845617873e-05,0.0246539177373877,0.0778385637243561
"TCGTCCGCTGGCGTCT-1",1.39368257985036e-05,1.39368258039965e-05,0.00269368457234022,1.39368257985057e-05,0.054015215942564,1.71358687964571e-05,0.845080510926199,1.39368257984805e-05,1.39368257984976e-05,1.39368257847671e-05,1.39368257985022e-05,0.0405290951882001,0.0261040359298393,1.39368257985037e-05,0.00305193439106943,0.0283968925746122
"TCGTTTACGCGACCCT-1",3.15170518922896e-05,3.15170519186271e-05,3.15170518910033e-05,3.66770743546912e-05,0.0250906252941396,4.41382921227152e-05,0.953997030856011,3.15170518908614e-05,3.1517051890953e-05,3.15170518911939e-05,0.00457183877615525,0.00136592490666623,3.15170518909985e-05,3.15170518910106e-05,0.0107783599594157,0.00386326842597816
"TCTAACCTAGCCTGCG-1",8.58630908622968e-05,8.53570876118438e-05,8.53570876118483e-05,0.0110913773110121,0.486286649187264,0.0752840936854056,0.28092409071861,8.5357087611855e-05,0.027187013504158,0.0252038107030372,0.00317465999167251,0.0176933989546566,0.0200120075144173,9.12910928661947e-05,0.0526243158955909,8.53570876118502e-05
"TCTACCCGCATCATTT-1",2.08852562848251e-05,2.08852562848344e-05,2.08852562848214e-05,6.78949586944051e-05,0.174494875662385,0.000996170842109522,0.711397479350073,2.08852562848232e-05,2.08852562858435e-05,0.0320271664163962,2.08852562848214e-05,0.015599830895282,2.08852562848257e-05,0.0410686956333027,0.0241808041914778,2.08852562848268e-05
"TCTACCGTCCACAAGC-1",0.000140523557272911,0.000140523557272904,0.169569972968428,0.00014052355727291,0.178061169045336,0.000140523557272913,0.278198833091548,0.00014052355727292,0.0413277118998245,0.000140523555675406,0.0202802966216553,0.00014052355727291,0.0879557523516664,0.0118774271760552,0.171190227503607,0.0405549444425661
"TCTAGCATCTTCGATG-1",9.77235993260754e-06,9.77235993246068e-06,1.15410879260295e-05,4.33194126357009e-05,0.0222520713110156,0.0267207477483809,0.908423057712596,9.7723599325854e-06,9.77236031849614e-06,9.7723609103344e-06,9.77235993258782e-06,9.77235993258807e-06,0.0235951657330881,9.7723596456263e-06,0.018866145753888,9.77235993258803e-06
"TCTATCATGCAGTTAC-1",0.0250656282698471,0.0294871729768809,1.55626905006811e-05,8.0481720264783e-05,0.0271688285005285,0.0164907761270575,0.748065294439106,1.55626905006744e-05,0.116811305047388,1.55626898813742e-05,1.55626905006761e-05,1.75502909872504e-05,1.55626905006821e-05,1.55626905006951e-05,0.0367040237950548,1.55626905006716e-05
"TCTATCGGTCGCAACA-1",0.0394228120150682,0.0409997178959275,0.0844204070423788,0.249764538844383,7.08770727690565e-05,0.00646544445382379,0.0112615623397026,7.08770727690604e-05,0.179760792070477,0.000552294534708228,7.08770727690589e-05,0.00421412788692878,0.0395899584840437,0.00546976802164954,0.047900475763353,0.289965469429248
"TCTATGCTATAACGAC-1",2.11997212855242e-05,2.11997212837598e-05,2.11997212855244e-05,2.11997212855262e-05,0.0321263127312804,0.000440206460131314,0.913519432121684,2.11997212854917e-05,0.00298381412865176,0.00204645281402976,0.00675813974334573,0.0150107008668701,2.1199721285526e-05,0.00937375423036561,0.00998816060976768,0.00762582796616209
"TCTCAAATCAATCGGG-1",2.32492599137226e-05,2.32492599138273e-05,2.32492599137182e-05,0.000104442897242939,0.0593402206215964,0.0175559589852145,0.849024972456725,2.32492599136687e-05,0.0185800361385486,0.0130186063816007,2.32492599137198e-05,0.0198269670898447,2.3249259913721e-05,0.000932416614215367,0.0160051044010598,0.00547177885446989
"TCTCCACAAGTTGAAT-1",2.43707240355005e-05,2.43707240370102e-05,2.43707240355034e-05,4.06413225272948e-05,0.0316121778787075,3.714841746394e-05,0.895792617410864,2.43707240357683e-05,0.0382221518888044,0.00929616832427071,0.0090686393720302,2.4370724035295e-05,2.43707240355039e-05,2.43707240355048e-05,0.0157354895930465,2.43707240355032e-05
"TCTCTAATAGCTGGTA-1",0.0878344790347938,2.74750004046382e-05,2.74750004046305e-05,9.18628426320287e-05,0.297141330861412,3.06281347681555e-05,0.413201641759675,3.07992005937503e-05,0.0433751899567085,2.74750002619805e-05,2.74750004046282e-05,2.74750004046375e-05,3.90162482917201e-05,2.74750004046271e-05,0.0258928321148753,0.132197369843965
"TCTGAACCGGTCGGCT-1",2.03156590376593e-05,2.03156590386837e-05,2.03156590386956e-05,0.0155504282201063,2.03156590379115e-05,0.000112376613602778,0.943353633355105,0.0154293653004686,2.0315659037659e-05,0.0166392518111586,2.10161704411572e-05,0.00213941202663786,0.00612729642476183,2.03156590376641e-05,0.000485010464451874,2.03156590376579e-05
"TCTGCATACCTTGCTT-1",3.06829102623359e-05,0.0124647536740454,0.00588074838938327,3.068291026233e-05,0.0146889369241732,0.00343668109270605,0.945745596309057,0.000408296281545405,3.06829102623473e-05,3.06829101449919e-05,0.00912379875198594,3.06829102623351e-05,3.06829102623331e-05,3.06829102623338e-05,0.00796405388052038,7.23543248647555e-05
"TCTTACAGAGGTACCG-1",7.86733650016532e-05,0.0110561373694771,2.65647859833488e-05,0.0190686924027056,0.108450494631539,0.102609988771365,0.425860605122041,0.0721369383085916,0.0364136136604373,0.0249722369411505,0.00552126465452675,0.0516839700937964,0.0443964995795674,2.65647859833453e-05,0.0679801005899478,0.0297176549378873
"TCTTGGTAACACCAAA-1",0.0655821590499978,0.105049542814773,0.0853798702057407,0.294759880192663,0.00925187169214565,0.000126643680930838,0.030093916233283,7.66211463170034e-05,0.155621816503287,7.66211463503593e-05,7.6621146317034e-05,0.0224747826531702,0.0124313413790815,7.66211463170332e-05,0.0620674241121333,0.156854266897494
"TGAGAATGCTTTACCG-1",0.0105752257174015,4.10422690606383e-05,4.10422690606755e-05,4.10422690606648e-05,0.422370665666196,0.0401660301213811,0.299844996154954,4.10422690606455e-05,0.0630939383502074,0.0204711226089617,4.10422690606754e-05,4.10422690606766e-05,0.0445700026832822,4.17134173706636e-05,0.0241399299053172,0.0744801217605645
"TGAGTGTAACAACGGG-1",2.82677601817042e-05,2.82677601593378e-05,2.82677601688808e-05,0.00136834431285362,0.0100527464588519,2.82677601687641e-05,0.984915028702739,2.82529244796369e-05,2.8267760163698e-05,0.000637741686004268,0.00020600470702034,2.82677602006005e-05,2.82677601688042e-05,2.82677602021984e-05,0.00253747136646887,2.82677601688072e-05
"TGATCGGTTTGACCCT-1",0.0196633898136872,1.17543563025246e-05,0.00111965876713996,0.0174625441664122,1.17543563029668e-05,0.000116025632883185,0.871330508329867,1.17543563026889e-05,0.0346466050490388,0.0010268256806503,0.0160693450407977,0.0140746995064756,2.81111149214449e-05,0.0151933327262258,1.17543563020483e-05,0.00922193674669006
"TGATCTCCGGCGCCAG-1",3.55599994607559e-05,3.55598402906656e-05,3.55588664794364e-05,3.55599995878824e-05,3.55599994672211e-05,3.55599995878724e-05,0.995599518687935,3.55599995399353e-05,0.00350380126142905,3.55599995696776e-05,0.000434401348560222,3.55599995878364e-05,3.55599995433455e-05,3.55599994693966e-05,3.55599999039809e-05,3.55599995877936e-05
"TGCAACTACTGGTTGA-1",2.22904512304775e-05,2.22904512276504e-05,2.22904512304832e-05,0.00671593704108538,0.0437607851753179,0.00166184547501103,0.86848843281933,2.22904512304851e-05,0.00499565256855514,0.00670613463031737,0.000537526038460004,0.0230615060528038,2.2290451230485e-05,0.00939309419674827,0.0277260278326024,0.00684160591361899
"TGCAATCTAACACGGT-1",2.50941911615588e-05,2.50941911615356e-05,2.50941911615631e-05,0.0228386679411388,0.022386146655137,0.00575098711738823,0.857746798381878,2.50941911614e-05,0.019318344947391,0.00612449481077251,0.0161208110179884,0.018273891265686,2.50941911615603e-05,0.0184166543461468,0.0128643069042467,3.34256564186378e-05
"TGCAGGATCGGCAAAG-1",5.58164754995235e-05,5.58164754995243e-05,0.0382944708031183,5.58164754995248e-05,0.0305458885091137,0.26015984592687,0.0747694331691674,5.58164754995328e-05,5.58164754995239e-05,5.58164751787219e-05,0.00382469865766856,5.58164754995263e-05,0.210425913043512,5.58164754995243e-05,0.36234323725224,0.0191899808346355
"TGCATGGATCGGATCT-1",0.0575803096124565,0.070934478173889,0.0959557102561923,0.104900170877286,5.11540694398602e-05,0.0358325620456246,5.11540694270846e-05,0.0268438345266921,0.126030288176459,0.0033484499543908,5.11540694385845e-05,0.0258277680542162,0.013117209033421,5.11540694385844e-05,0.0765820784965022,0.362842524515125
"TGCCACCTGGCGAAAC-1",0.0712153385877774,0.0285536524292422,0.0138539207184078,6.05298034792885e-05,0.15403114406456,0.0153033864619594,0.087586304169074,0.0287903417640604,0.0148406549512644,0.0219517615809386,0.0030817583430403,6.05298034792884e-05,0.00350742216271719,6.05298034792844e-05,0.448895064577512,0.108207660779009
"TGCCTGATCAAACGAT-1",0.014859012146871,0.0439640261042928,0.0320496690469667,0.209073157724067,5.49869827426981e-05,5.49869827432054e-05,0.0746503624160315,5.49869827525957e-05,0.108881205760476,0.00234282000901348,5.49869827192186e-05,0.0247243267961989,0.00130286747884114,0.0156336232218604,0.348520152369381,0.123778828995043
"TGCGCGATTAACGGAG-1",4.94030448399996e-05,4.9411291534314e-05,4.94047103828285e-05,4.94120512838427e-05,4.94101841087835e-05,4.94122226683898e-05,0.999006809319002,4.94117333152467e-05,4.94129022054444e-05,4.94119344824127e-05,0.000301440933774776,4.94119345237961e-05,4.94119345300521e-05,4.94119343904139e-05,4.94119344591457e-05,4.9411934498518e-05
"TGCGGAGTAAAGGTGC-1",0.0101992863214302,0.0342518242772281,0.0141644911052556,0.195468538626259,7.38598741459e-05,0.170047639107021,0.108165024522637,7.38598741423697e-05,0.0962872202612281,7.38598751116423e-05,0.000956164522383048,0.0580412958796272,0.0209496422601728,0.0108136445107245,0.0605628159320654,0.219870833050568
"TGCTGGTTGGACAATT-1",9.95975687814467e-06,0.00686612565695865,9.95975687813606e-06,0.000124080943568949,0.0573807267610817,0.0130787814575531,0.892556791354072,9.9597568781193e-06,9.95975687819787e-06,9.95975639696211e-06,9.95975687813976e-06,0.0174606382191839,9.95975687815126e-06,9.95975687813702e-06,0.0124189049077026,3.42726453346919e-05
"TGGAAGACGAACACCA-1",0.00141105960286223,0.0218545892707488,6.2386324288534e-05,4.0736246432493e-05,0.0797650392192207,9.60874072244868e-05,0.401226955352051,4.07362464325e-05,0.16514960800819,4.0736245399085e-05,4.07362464324789e-05,4.07362464324996e-05,0.110600203428157,4.07362464323275e-05,0.0825719726789854,0.137017681230711
"TGGAAGGATAAAGATG-1",0.0287725788542217,0.0360234991505738,0.2189843064179,0.0578469601156493,0.0260508235806959,5.03354667258886e-05,5.03354667190985e-05,0.0403927945077463,0.0841369723019447,0.008238563979511,5.03354667258892e-05,5.03354667258892e-05,5.03354667157699e-05,0.002268070419634,0.291416785108301,0.20561696823021
"TGGAGTGATGCGATGA-1",1.42085212864884e-05,0.00590486500541884,1.4208521286487e-05,1.42085212864872e-05,1.42085212873453e-05,2.47103877529548e-05,0.912598783383953,0.00579526475227201,0.000111236333722553,1.42085212864885e-05,1.42085212864868e-05,0.00667523370087013,1.42085212864937e-05,0.026405202581189,0.0399116801325138,0.00247356407330177
"TGGCCGTATATTGACC-1",4.83776932101164e-05,4.83777583412653e-05,4.83776680876488e-05,4.83775767325009e-05,4.83775532352766e-05,4.83776968878358e-05,0.987407888901473,4.83776494713535e-05,4.83776968978318e-05,4.83776972292087e-05,0.00743075034336237,0.00453245097771811,4.83776968432965e-05,4.83776966902025e-05,4.83776969136397e-05,4.83776969065303e-05
"TGGCTACACTCTACCT-1",4.5301081500413e-05,4.53010815089751e-05,0.0146345052756582,4.5301081497724e-05,0.0222499449260779,4.53010814977345e-05,0.939327393095539,4.53010815379269e-05,4.53010815045286e-05,0.00193333268312849,0.00195162385892614,0.00799678889267704,4.53010814977314e-05,4.53010814749719e-05,0.00802449259861473,0.00351951001735803
"TGGCTTTGGGTAGACA-1",0.0796422811395632,0.0125488513192895,0.0580191800741463,3.83178723351492e-05,0.210230529378947,0.0239619725343733,0.335347708081192,0.0586199746905122,0.124218753868056,3.83178713364002e-05,3.83178723351396e-05,0.0387830678841213,3.83178723351329e-05,3.8317872335126e-05,0.0583977737967865,3.83178723351383e-05
"TGGGCCACAAGAGCGC-1",0.0279551199485981,0.000143201750617313,0.0626601675716716,0.00014320175059124,0.154514949926942,0.0586184183562354,0.220213197614151,0.000143201750617293,0.0876570090428442,0.00014320175061731,0.000143201750617309,0.0276887054177888,0.0109726545644086,0.0816472167021103,0.221239566379749,0.0461169857224403
"TGGTTCGTAGCAAAGG-1",0.12456645479363,0.000114411830976467,0.0322737060394854,0.200600783404733,0.0418543059612895,0.0186508382239931,0.120331076247883,0.022518443638869,0.211996872534858,0.0134450665515744,0.000114411830976488,0.0104956375966886,0.0749854480079451,0.0211005899814863,0.000114411830976491,0.106837541524635
"TGTACTATCGCTCGTT-1",3.84206661820072e-05,3.84181227296987e-05,3.84206927702934e-05,3.84207075038807e-05,0.00215383748777387,3.84206927516265e-05,0.994421630026751,3.8421449989537e-05,3.84204198944553e-05,3.8420692495128e-05,0.000684073551952001,3.84207610866769e-05,3.84206927435596e-05,3.84206927172859e-05,0.00227941264990615,3.84206927530529e-05
"TGTCCACGGCTCAACT-1",4.72846567378097e-05,4.72846567091818e-05,4.7284656662734e-05,4.72846566639144e-05,0.0147406697296905,4.72846566639178e-05,0.956935073011429,4.72846566600999e-05,4.72846567221973e-05,0.00205448601261567,4.7284656653599e-05,0.00568855699794881,0.00661508515648136,0.00166068391000186,0.00459163437312678,0.00733553355523268
"TGTGACTACGCCAGTC-1",0.0577418601856686,6.21943890266646e-05,0.0301971205318654,0.00732343133809516,0.0268419412719688,0.0471532047054115,0.0862243071255792,0.0266940761288212,0.0511941583725972,0.00528239894282793,0.00174464340341636,0.00695736387019623,0.00707303245346945,6.21943890271687e-05,0.560469266699674,0.0849788061923553
"TGTGACTAGAGTTTGC-1",3.66451765945536e-05,3.66452904701283e-05,3.66419677306124e-05,3.66451764457378e-05,0.000209548384254629,3.66451764457389e-05,0.997052151963965,3.66450928137331e-05,3.66451764704397e-05,3.66451764421021e-05,5.17172279279724e-05,3.66451764371948e-05,0.00224684348449337,3.66451765231019e-05,3.66451765375871e-05,3.6645176447678e-05
"TGTGTCGCGAGTTGCA-1",4.3777046520293e-05,4.37764609924722e-05,4.37763500977216e-05,4.37763500157392e-05,4.37758253490164e-05,4.3776350025025e-05,0.991939311576964,4.3776353827285e-05,0.000946651233270328,4.37763500232348e-05,0.00295358875656748,0.00363513194661815,4.37763498701044e-05,4.37763499173185e-05,4.37763499024342e-05,4.37763500397397e-05
"TGTTTCGGTACTTCTC-1",0.0775514450904063,3.90869570768679e-05,0.0282779852845414,3.90869570768606e-05,0.470251007440387,3.90869570768481e-05,0.252778529502922,3.90869570768343e-05,0.0615472857656603,3.90869584069029e-05,3.90869570768408e-05,3.90869570768405e-05,0.069646359122756,5.20080051480765e-05,0.0395826841302337,3.90869570768395e-05
"TTAAAGTAAGTCGCCA-1",5.84713841890347e-05,5.84714682902045e-05,5.8469840738133e-05,5.84712684832844e-05,0.00455160736560364,5.84712684572e-05,0.994404099784172,5.8471268467134e-05,5.84691686117314e-05,5.8471268469537e-05,5.84712684812673e-05,5.84712684569668e-05,5.84712684529695e-05,5.84712683457718e-05,0.00028416957228636,5.84712684949137e-05
"TTAACCAACCCTCCCT-1",4.45821234547644e-05,4.45821234548004e-05,0.038667337703376,0.0814913183126644,0.288495806386651,0.0353441333498005,0.416904018579404,4.45821234547589e-05,0.0269468630284479,4.45821249395832e-05,4.45821234547692e-05,4.45821234547932e-05,0.0758257990752424,4.458212345477e-05,0.0271556828916693,0.00885696580707625
"TTAAGCGCCTGACCCA-1",2.19950425637405e-05,2.19950426211872e-05,0.0222214833816857,2.19950425637311e-05,0.00427785471380658,2.19950425637364e-05,0.922401993744183,0.0113749569706564,0.0132487662313551,2.19950426871495e-05,0.00253291604085758,2.19950425637243e-05,2.19950425637307e-05,2.1995042563735e-05,0.0172491579694844,0.00651691060728016
"TTAAGTATTGTTATCC-1",2.18598798956101e-05,2.18598798968016e-05,0.0111689620429474,2.54990486881389e-05,0.0457288911027354,2.18598798956084e-05,0.821193813555444,2.18598798955926e-05,2.18598798956095e-05,2.18598802518659e-05,0.0136981667135192,0.0408106079570155,2.18598798956101e-05,2.18598798935695e-05,0.0210741410968309,0.0461250394432995
"TTAATCAGTACGTCAG-1",4.78040685124343e-05,4.78040685125004e-05,0.136511306715688,0.0178327946419144,0.192547488117732,0.0633880184881762,0.384655076062149,4.78040685124448e-05,4.78040685124343e-05,4.78040683527885e-05,0.0159514736854697,4.78040685124406e-05,0.0295273402628198,0.0284409577661833,0.13081091578044,4.78040685124291e-05
"TTAATTTCAGACGCGG-1",0.0438803448199952,0.000122620390566466,0.0425482129031739,0.000122620390566455,0.305017017813772,0.0478553450800687,0.0956125912571479,0.00143885223792783,0.0745331035387665,0.00402586529442323,0.000122620390566468,0.00667233177638903,0.0475777173874745,0.0217162514543742,0.179468629002467,0.12928587626232
"TTACAACTACGCATCC-1",0.0357648803593645,1.24630703720687e-05,1.2463070372043e-05,0.11413451776944,1.24630703720482e-05,0.0188079808333361,0.76997897108836,0.00994009183543541,0.0169942381311801,0.00201073405596352,1.24630703720454e-05,0.00299609291568913,3.89461193904886e-05,1.24630703720448e-05,1.24630703799584e-05,0.0292587684696004
"TTACATCGTGGCCTGG-1",0.0271224068431085,1.4335257223937e-05,0.0117992137354911,2.27494788502163e-05,1.43352572245071e-05,4.84582780595013e-05,0.926540885645606,1.43352572242996e-05,1.43352572238724e-05,0.020442364250332,1.43352572238553e-05,1.43352572238525e-05,0.0102049759379513,1.43352572238554e-05,0.00370426377280935,1.43352572238552e-05
"TTAGCGAATAGATAGG-1",4.58287749721698e-05,4.58270238284332e-05,0.00200663391222358,4.58287749115955e-05,0.00625675342125098,0.00818240068044534,0.976332264534598,4.58287750501864e-05,0.000370514356684602,4.58287749547581e-05,0.00193498756305805,0.000314550374503558,4.58287748680204e-05,0.00125129759713355,0.00302979788665423,4.58287748627351e-05
"TTAGTAAACCTGCTCT-1",2.30030498818103e-05,2.3003049881766e-05,0.0161728470519985,0.0119837331234008,0.03125169797521,7.82044815747816e-05,0.887174299106652,2.3003049881834e-05,2.30030498818082e-05,2.30030502276687e-05,0.01922885430119,2.30030498818091e-05,0.0168168967208051,2.30030498818111e-05,0.00760237900181152,0.00953006688783915
"TTATATTTGGCAATCC-1",0.0456603630652243,0.000155871751504111,0.0734807116457544,0.0766306593393083,0.0183593472217175,0.0343603400617683,0.153188830993739,0.0610711005995421,0.155782656697294,0.00217561602882524,0.00195597241112484,0.0264046334467082,0.0369661309971525,0.0104311150977412,0.112975498043086,0.190401152599511
"TTATCTGTATCATAAC-1",0.0496238813516924,0.00378273090271636,0.0504713682525387,0.182834302763385,3.61211414523442e-05,0.0470960633393409,0.32607415427775,3.61211414523605e-05,0.112362551993859,0.000889729848679965,3.61211414523603e-05,0.00747740392563637,0.0066539262809328,0.0411612034968958,3.61211414506159e-05,0.171428199000765
"TTATTAGGGAAGCATC-1",0.000147934817126923,0.000110528890556821,0.000110528890556818,0.00011052889055682,0.322931628960748,0.157672093416289,0.17734067164085,0.000110528890556815,0.0374316845202232,0.00864840488368189,0.00450316175542083,0.0251988878875417,0.0722884990127783,0.000110528890556822,0.0564559254400556,0.136828463212501
"TTCAACGACCCGACCG-1",2.86442356676619e-05,2.86442356676656e-05,2.86442356676668e-05,0.109739897071095,0.142734734214896,0.133386219674045,0.477968725318222,2.86442356676711e-05,0.0381775851164792,2.86442368565512e-05,0.0234530332556006,2.86442356676655e-05,0.0654298331351696,2.8644235667674e-05,0.00888081832796142,2.86442356676621e-05
"TTCATGGCGCAACAGG-1",0.00033651086823359,0.0491673879314844,0.0553199394923999,0.124400653176606,0.227281020793151,0.162631856287736,0.144917354332342,0.000336510868233378,0.0264343276207364,0.0149507085519189,0.00679352263232176,0.011193422560074,0.0193621695133692,0.0383182039513105,0.0995782916984852,0.0189781197215984
"TTCCTCGAGGGTGTCT-1",0.0408762258261174,2.02894940554881e-05,0.147863660434542,0.0335688434452107,0.10143831121632,0.0744620222710076,0.518716755777638,2.02894940553114e-05,2.02894940553204e-05,2.02894936135445e-05,0.0147578707517516,2.02894940553888e-05,0.0192170070785149,2.02894940553103e-05,0.048957276740953,2.02894940553781e-05
"TTCGACGGGAAGGGCG-1",4.32380491715719e-05,1.3834686502055e-05,0.0222498279492872,0.000716364474574484,0.0474722077058138,0.0364496299447716,0.88411269414975,1.38346865448981e-05,1.38346865447927e-05,1.38346870769646e-05,0.00870110126506237,1.3834686544898e-05,1.38346865448998e-05,1.38346865449095e-05,1.38346865480689e-05,0.000144258968716991
"TTCGCACTCGCGTGCT-1",1.97329519148243e-05,1.97329519149769e-05,1.97329519148223e-05,0.00873310421290579,0.0200557541292214,0.00689808695380041,0.927220258990467,0.00289603228162796,0.00157827978335367,0.0069148208273315,1.97329519146062e-05,1.97329519148247e-05,2.92364042516367e-05,0.0203072088744803,0.00524881983107103,1.97329519148231e-05
"TTCTACTTGCGAGGGC-1",4.41237995020681e-05,4.41237992604559e-05,4.41237994970343e-05,4.41237994970539e-05,0.00581114995039331,4.41237994970418e-05,0.950447482047768,4.41237992478562e-05,0.00129339406288764,4.4123799498389e-05,0.00486836764006766,0.0268408881949093,4.41237994966189e-05,4.4123799497038e-05,4.41237993853349e-05,0.0102974801095947
"TTCTAGGCCAATTGTG-1",0.0356609449490907,6.40903830756101e-06,6.40903830753324e-06,0.0693802242004852,0.0183466492601546,1.90517164554248e-05,0.819863041264933,6.72530212074986e-06,0.00724355989061566,6.40903830754907e-06,6.40903830754754e-06,6.40903836209963e-06,0.00506797366789469,0.00917563901442488,0.0145447670832511,0.0206593784589814
"TTCTTAGTGAACGGTG-1",2.08972935281003e-05,2.08972941986754e-05,2.0897293528105e-05,0.0422198387062903,0.00386301810449613,0.0143609588754779,0.918986026627582,2.089729353108e-05,2.08972935281019e-05,2.08972943867638e-05,0.00313496710516686,2.08972935281022e-05,0.0172262176441777,2.08972935282869e-05,2.0897293523426e-05,2.08972935281011e-05
"TTCTTAGTGGCTCAGA-1",0.149158381196737,0.0197564612328855,0.0230128746403724,0.0152382566517156,0.255459447480088,0.0401194083925943,0.20904839557049,0.0604510037558201,0.0376671692246765,0.0152513084212741,0.00722071117747955,0.0312961693588562,0.0200651385262648,8.36446228540585e-05,0.0585765024068708,0.0575951273410211
"TTCTTGTAACCTAATG-1",4.16451387280219e-05,4.16327959273542e-05,4.16295608739142e-05,4.16286446678722e-05,4.16353880065502e-05,4.16296712127981e-05,0.99937552379851,4.16260477835077e-05,4.16412550876956e-05,4.16296717210857e-05,4.16296712235401e-05,4.16296712178807e-05,4.16296713161156e-05,4.16296714801213e-05,4.16296710693766e-05,4.16296711739843e-05
"TTGATCTAACTTTGTC-1",4.31103369823059e-05,4.31075927246501e-05,4.31100934914982e-05,4.3094682668342e-05,4.31103170890406e-05,4.3109882023711e-05,0.973579592604877,4.31100936436213e-05,0.0140167424813552,4.31108077371369e-05,0.00282148312374155,0.00906487760935252,4.31100935134735e-05,4.31100935128083e-05,4.31100937711859e-05,4.3110093515844e-05
"TTGCACGGAGCAGCAC-1",0.112965781082716,0.000119206981977316,0.0443803876733405,0.0314312429465665,0.292538345041169,0.0167778937449952,0.0726990004029996,0.161524724380836,0.0732014770511558,0.00903421507062571,8.15793091442849e-05,8.15793091442825e-05,8.15793091442831e-05,9.51601117074235e-05,0.0758547913123645,0.109133036272114
"TTGCCTTCTCGCCGGG-1",5.02223603201333e-05,5.02223603744575e-05,5.02223603023245e-05,5.02223602828789e-05,0.0137318608916108,5.02223602828831e-05,0.972597641613315,5.02230785941969e-05,5.02227144997183e-05,0.0020415317849781,0.00108311351297606,0.00725199263106904,0.00155966517259966,5.02223602885945e-05,0.00128219207823066,5.02223602760652e-05
"TTGCGCACAACCACGT-1",8.66720536503172e-05,7.33508429754529e-05,7.33508429754516e-05,7.33508429754462e-05,0.308182665451112,0.263844918388457,0.118093961275593,7.86799841155631e-05,0.0688445459455401,0.00737443463521636,7.33508429754539e-05,7.3350842975454e-05,0.0534205124547045,0.0244736559958171,0.0710081624285516,0.0842250371723657
"TTGCGCTTGATCAATA-1",5.06839239166946e-05,5.06838938913514e-05,5.06846442758291e-05,5.06839239587103e-05,0.00502222208997392,5.06839239587027e-05,0.987474034855337,5.06839239213103e-05,5.06839241442111e-05,0.00326755611316831,9.62681744206771e-05,5.06839239590328e-05,5.06839239606125e-05,0.000678068922127262,0.00295500991502818,5.06839239584343e-05
"TTGCTCATAGTACGTG-1",6.44362399525158e-05,6.4433785902688e-05,6.44422548133646e-05,6.44353241620007e-05,0.00330517117701963,6.44353251362588e-05,0.992409384281564,6.443684062876e-05,6.44313097366952e-05,6.44353083367233e-05,0.00262422094029137,0.00029791610833156,6.44353081841715e-05,0.000654515179501117,6.44353081962048e-05,6.44353082425636e-05
"TTGCTCCCATACCGGA-1",0.0142655719916993,0.0578143018926221,0.0278000316087878,0.094078330554478,0.0765267818045088,0.284983171260647,0.0915091342384245,0.00478437804174475,0.0465414786339318,0.000121261399052864,0.00312749291433494,0.0160822930757504,0.0242938793914178,0.000121261399438164,0.2090221386979,0.048928493095262
"TTGCTGAAGGAACCAC-1",4.32252533883552e-05,4.32252533883178e-05,4.32252533883333e-05,0.0559067254516824,0.371157015958123,4.3225253388346e-05,0.380293492664955,4.32252533883424e-05,0.0600405155609912,4.3225252147062e-05,0.00264117933884328,4.32252533883416e-05,0.0563946719917213,4.54753375526203e-05,0.00869244029895738,0.064525906624697
"TTGGATTGGGTACCAC-1",0.00743801135354419,5.78573317899559e-05,0.00464793340501844,0.170528372682795,0.516257721191741,5.7857331789974e-05,0.198847048604571,5.78573317899754e-05,0.0795831059129871,0.0111290569838442,5.78573317899723e-05,5.78573317899732e-05,5.7857331789974e-05,6.04774380605861e-05,0.0111032711049084,5.78573317899724e-05
"TTGGCTCGCATGAGAC-1",1.9656494440979e-05,1.96564943893847e-05,1.96564944409971e-05,3.67119967739111e-05,1.96564944502408e-05,5.69468390814231e-05,0.999650806735546,1.965649444059e-05,1.96564943843214e-05,1.96564953709298e-05,1.96564944438495e-05,1.96564944409961e-05,1.96564944409945e-05,1.96564944409998e-05,1.96564944738651e-05,1.96564944410027e-05
"TTGTCGTTCAGTTACC-1",0.0336296409999596,0.041612208747531,0.0621797123470609,0.223919363389389,0.0641959289937733,0.00116553355580365,0.0808348518638767,0.0596275642122423,0.233223537866308,0.00503873685156232,0.000109475006877842,0.000109475006877842,0.0118876232791697,0.00469837035068987,0.000109475006877843,0.177658502522
"TTGTGATCTGTTCAGT-1",1.81722246695907e-05,1.81722246692465e-05,0.00182564224293758,4.57413835927735e-05,0.00900577297705752,0.00795742544868778,0.950518798461367,1.81722246115718e-05,1.81722246718159e-05,1.81722247900172e-05,1.81722246700002e-05,1.81722246775451e-05,0.00993890995990174,0.0205441595043324,1.81722246934782e-05,1.8172224669577e-05
"TTGTGGCCCTGACAGT-1",0.0757052103195884,5.36654817611347e-05,0.101136676819361,0.0536623248242543,0.193840203924251,0.0313005211678435,0.292466211764843,5.36654817611706e-05,0.0609880673435435,5.36654818313008e-05,5.36654817611668e-05,5.36654817612085e-05,0.0367558281905429,0.0322561178794468,0.0410954143396723,0.0805250960177777
"TTGTGGTGGTACTAAG-1",0.00314806766276441,2.13203540611883e-05,0.0245323575024547,0.00864202492099799,0.0287955124398703,0.00913810608459214,0.862297107423356,0.00264110181996909,2.13203540642139e-05,0.00519393598700214,0.00518385136117177,3.53066504817021e-05,2.13203540637723e-05,0.00591556623984127,0.0210246761734722,0.0233884246718367
"TTGTTAGCAAATTCGA-1",1.31712067051791e-05,1.3171206705187e-05,0.0572052992715972,1.31712067052352e-05,0.0671077891900514,0.0253840987876624,0.70402011368625,1.3171206705191e-05,1.31712067051909e-05,1.31712067650482e-05,1.3171206705191e-05,1.31712067051967e-05,1.3171206705173e-05,0.0489830387018625,0.0422134107885218,0.0549677087136485
"TTGTTCAGTGTGCTAC-1",0.0481309048534908,0.0186815826893813,0.0646645287403128,0.0820830022051366,0.00135367038100566,0.0495603215055148,0.244251117584026,0.0324950825270425,0.178465994994024,8.10682446793216e-05,8.10682431384684e-05,0.0160442743537154,8.10682431384681e-05,0.0296470877626493,0.0670220103485114,0.167357217324234
