"gene_name","module","color","kME_grey","kME_Fibroblasts1","kME_Fibroblasts2","kME_Fibroblasts3","kME_Fibroblasts4","kME_Fibroblasts5","kME_Fibroblasts6","kME_Fibroblasts7","kME_Fibroblasts8","kME_Fibroblasts9"
"AAMDC","Fibroblasts1","blue",0.071707659983601,0.1816303464192,-0.00663509146875694,0.0138875724504211,0.0669011757410767,-0.118180961321916,0.0231092403818419,-0.0132807728418333,0.0258098338314443,0.0716142363012766
"ABCA1","Fibroblasts2","turquoise",0.133817056269803,-0.0319700114037914,0.173016759195002,0.00962291722397315,0.0996802477633521,0.0582796860748705,0.0488686496677025,0.0469316412107876,0.00520144167356239,0.0505666025990548
"ABCA10","Fibroblasts3","green",0.00697045386674322,-0.0323005381328378,-0.00618725736042654,0.218437566678167,-0.0900209880092559,-0.047909194669924,0.0244411382454657,-0.0884525632824182,-0.0618362227446927,-0.0684454544385804
"ABCA6","Fibroblasts3","green",0.0567976730398997,0.0135018055948615,0.0215009902206031,0.1860403212832,-0.0230665722011432,-0.0717170783233535,0.0996265738517069,-0.0915712601344141,-0.0566022755335533,0.00448515352053834
"ABCA8","Fibroblasts3","green",-0.0207080478267761,-0.0530453158799679,-0.0680306820118772,0.525403555849475,-0.191871097463048,-0.0693957442378943,0.0141649798365605,-0.240660717290855,-0.1886098489881,-0.168511591750802
"ABCA9","Fibroblasts3","green",0.0490776082844041,-0.00736743638499024,0.0473118691686477,0.131318366321791,-0.00499353664651148,-0.0418824296031513,0.0303304948266864,-0.0702387356861813,-0.0534555748203169,-0.00871304915768555
"ABCC1","Fibroblasts2","turquoise",0.115182482263253,-0.0244428307230425,0.155937464233156,-0.0293708135919078,0.0670079593096976,0.0682046944243947,0.011707724686764,0.0633291816200303,0.00333741845274455,0.0175864139924675
"ABHD11","Fibroblasts1","blue",0.0159651042193992,0.0610228447830784,-0.0221816789142695,0.00994107882012067,0.0133472660309696,-0.0359395419346314,0.00321641169120724,-0.0242841967967161,-0.0112284762927292,0.0214428547526344
"ABHD14A","Fibroblasts1","blue",0.0297660856336775,0.0693208424754872,-0.029679783195574,0.124848118802305,-0.00948707391645242,-0.032376888574039,0.0129732656898023,-0.00554216519026766,0.00796056857667225,0.0190652537840567
"ABHD17A","Fibroblasts2","turquoise",0.168472578115742,0.0688127447031759,0.222504094018861,0.0079323024581929,0.134083963295676,-0.0577292646021322,0.0171868176348187,0.0513159221829302,0.0280865527677681,0.0696090759464243
"ABHD5","Fibroblasts2","turquoise",0.140226782975219,0.070258546278965,0.185078719187991,-0.0703208734875587,0.214196000455218,-0.0689309226609957,-0.000806727464146142,0.00726447723795569,-0.000501367006395365,0.148415850479285
"ABL1","Fibroblasts2","turquoise",0.224320827434977,-0.0944882198449782,0.326739670586794,0.00564666961802033,0.120096911419942,0.192826806479147,0.0210187549710079,0.107678444033581,0.0190511677826734,0.0448876796265741
"ABL2","Fibroblasts4","red",0.204614376546866,0.102074892841154,0.24044190786191,-0.14880579164361,0.360354893062577,-0.06102090643986,0.0322684945858501,0.09802174435408,0.048720435371107,0.200869140190217
"ABRACL","Fibroblasts1","blue",0.0305568298970344,0.0888719795141201,-0.024299570278292,-0.0349849287830669,0.0268739271933012,-0.0168208492760932,0.00862438509284959,0.0268830962946926,0.0391048101447847,0.0115259256057213
"ABT1","Fibroblasts1","blue",0.040463228962323,0.0842273537896725,-0.0165350554229333,0.0204222034587722,0.00918726757356249,-0.0289020919587584,0.0229066351518847,0.0059407691280928,0.023108350367994,0.0215200945250833
"AC004453.1","Fibroblasts5","yellow",0.0875627865652371,-0.238630336001667,0.152983309138064,-0.00869740651158984,-0.12613935074047,0.603344057662203,0.00695774306128356,0.136217426014536,0.057205679472608,-0.0819788613659809
"AC005912.1","Fibroblasts5","yellow",0.0857752220109931,-0.248082955138358,0.154607481018439,0.0370207977458595,-0.142916329495296,0.627978948851406,0.00898798481413278,0.136445137818816,0.0684733989277302,-0.102156194606433
"AC024293.1","Fibroblasts5","yellow",0.105141235566746,-0.327706737500155,0.201657989881129,0.00182287969823316,-0.177738277855742,0.788025470845695,0.00874805843671019,0.18526943787024,0.0794658878392463,-0.119351224452725
"AC034236.1","Fibroblasts5","yellow",0.074361593861149,-0.278489599507134,0.154271851734492,-0.0184162564933625,-0.143780775839818,0.649433463711256,-0.00970379688151391,0.138298011182972,0.0538019940188239,-0.0999604372347822
"AC058791.1","Fibroblasts2","turquoise",0.105473789689944,-0.010073114430559,0.16988650179585,-0.0473504432040389,0.145661862171609,-0.0216588025046715,0.0233014862079851,0.0212017777155602,-0.0244219486462246,0.080839270810375
"AC090498.1","Fibroblasts1","blue",-0.134771928709369,0.22444668880484,-0.346537320675117,-0.0410666113457865,-0.0352945984410297,-0.166321813703186,0.00284325538320222,-0.0551468770209514,0.0304336013613081,0.0657068272281023
"AC099560.2","Fibroblasts5","yellow",0.115718266209834,-0.267588856488274,0.190321088119656,-0.0116784184720305,-0.134492878139784,0.681641136225121,0.0174448032641833,0.163421718192043,0.0808309687435913,-0.0865873731986759
"AC114491.1","Fibroblasts5","yellow",0.0941928214160415,-0.262077291011848,0.165435409380471,-0.0164360694463584,-0.143870685699075,0.645992028327661,0.00970452169798766,0.169922840288263,0.0772368512568061,-0.10374910857134
"AC116533.1","Fibroblasts5","yellow",0.109602989657159,-0.321796878031925,0.197932281308594,-0.021046544217802,-0.168631465306167,0.753298858692905,0.00435633845687248,0.174619623855661,0.0749336308663751,-0.111756412077744
"AC136632.1","Fibroblasts5","yellow",0.0969368793430363,-0.260841087316687,0.167755096703355,-0.00188487069812287,-0.138684054831977,0.654323010846569,0.00998577871894313,0.147773347534251,0.0625468145192535,-0.0895432398376584
"ACAP2","Fibroblasts2","turquoise",0.210038526375519,0.0155360528406918,0.233720236956561,0.0327047638601213,0.104903736688579,0.0769825495737084,0.0478281529501387,0.0667623103627299,0.02519910253295,0.0718586671762131
"ACAT1","Fibroblasts1","blue",0.0637205038812771,0.0971999646157863,-0.0135694615637285,0.0492566706909079,-0.00416213144864917,-0.0206530921695414,0.0337341204754047,0.00863825816864703,0.0481345620263717,0.0245848101104689
"ACBD3","Fibroblasts2","turquoise",0.22115204538429,0.0182627479680846,0.265577438924532,0.0161803989414558,0.0996199249637667,0.0616459155161414,0.0344278947641356,0.116495863991285,0.0623531828237882,0.0334311904684861
"ACIN1","Fibroblasts2","turquoise",0.153440917873374,-0.0265653531711847,0.18551807470296,0.0167799616889199,0.0609911013403275,0.073506156512419,0.0476471181062229,0.0475984026140171,0.00112532815266361,0.0200996227263922
"ACKR1","Fibroblasts1","blue",-0.0587764141463797,0.0277534725549891,-0.0917866361425936,-0.00405816618441858,-0.0308315417637441,-0.0377016717008729,0.0333895248048884,-0.0300203068669508,-0.0140685456186397,-0.0152946047703231
"ACKR3","Fibroblasts2","turquoise",0.113801546196473,-0.0974727030923261,0.200596647413746,0.0873483501217741,-0.00976416544522154,0.13815769033652,-0.0254327684181033,0.157686044580752,0.112434835333545,-0.0680620027780506
"ACO1","Fibroblasts2","turquoise",0.20147679004131,-0.001980299657684,0.240402614135305,-0.0130037632135696,0.146041870326468,0.0901929609661168,0.041526013095925,0.0681905995073547,0.0119495546499523,0.0846836190370912
"ACP1","Fibroblasts1","blue",0.0786843403695003,0.129165289323455,0.00510904952509796,-0.0309522744414358,0.0479489960454281,-0.0186881221392676,0.0345646541182003,0.0401779792048874,0.0507985863949053,0.0567567202079466
"ACSL1","Fibroblasts2","turquoise",0.139691802185026,-0.0184426728858734,0.192247317631263,-0.0961201135351376,0.13604586028094,0.106256592733858,0.0124165570310246,0.15684394517331,0.065737598204528,0.0745787316944023
"ACSL4","Fibroblasts2","turquoise",0.270070542606877,-0.0199642855210773,0.361751079098471,-0.0881062909963024,0.215574082442037,0.128622240842778,0.0425541895218944,0.0962916351675653,-0.00742473997407398,0.0836679473505076
"ACTB","Fibroblasts1","blue",0.0243756524712005,0.179362595596226,-0.113144605570715,0.0347766867300458,-0.0254439934294409,0.0394379836526766,0.0402518622605838,0.0711614311854174,0.112226754703011,-0.000370488004337184
"ACTG1","Fibroblasts2","turquoise",0.326104353695987,0.115294599146471,0.350165601994559,-0.000920701078052414,0.219613860656904,0.152791358669645,0.00513704750766662,0.128850196941985,0.070250837410957,0.120360285626174
"ACTL6A","Fibroblasts1","blue",0.0687569390170206,0.0968413358330749,0.0100363514912749,0.0351363674014582,0.0377824215619889,-0.0429571982608478,0.0235429956730475,0.0124448998887517,0.0173713969868615,0.037621039792905
"ACTN1","Fibroblasts2","turquoise",0.236578716378172,0.0830053219909593,0.27204047467159,-0.170948873752586,0.169309230863047,0.0703404395161193,0.0384270595236696,0.176163468129587,0.108328768149636,0.0614587404155983
"ACTN4","Fibroblasts2","turquoise",0.203944256572817,0.046503705588656,0.233038456674345,0.0099936833731599,0.0970852151381718,0.0323096130660762,0.0463465408424174,0.0780305007907907,0.0559551052217174,0.0446976819315879
"ACTR10","Fibroblasts1","blue",0.0744367267739503,0.116405170680742,-0.00620334374202259,0.0450173623376597,0.0351885286930203,-0.0363719606077578,0.0265015831260149,0.0152402481701608,0.0327212498456801,0.0455896337109688
"ACTR2","Fibroblasts5","yellow",0.26960255420961,-0.0450088438377719,0.289300482388422,0.00468429217802856,0.0490239886681505,0.312086324727176,0.0770849848629645,0.176140850226865,0.0986327267082108,0.0264902659262066
"ACVR1B","Fibroblasts2","turquoise",0.0818843685787244,-0.0587837148296217,0.119502490874446,0.0443340566778298,0.0314550715071737,0.0834632317450112,0.002521892321045,0.0149829141403893,-0.00589187721381304,0.0117167857924629
"ACVR2A","Fibroblasts3","green",0.0425202897664239,-0.0209533840653921,0.0322110316621989,0.124085455966416,-0.0293483464292077,0.0370322263301906,0.0399637942441436,0.0185989959502359,0.00816190961135162,-0.0159410691200028
"ACVRL1","Fibroblasts3","green",0.0912083118308375,0.0400164294037475,0.0699373787702994,0.138908538776161,0.0487269884863635,-0.0304471228759308,0.041769550633037,-0.0164838563071445,-0.0222523289792091,0.040583948510602
"ACYP1","Fibroblasts3","green",0.0044644885406655,0.0189831501383223,-0.0153790829334925,0.0955348445032046,-0.0275700350234715,-0.0378060169134839,0.0124045619261701,4.13573659232936e-05,0.0115387188133199,-0.021030432644543
"ADAM12","Fibroblasts5","yellow",0.178127940918763,-0.106954789040118,0.226860118440173,-0.188201517789556,-0.0191971343858541,0.391255373181556,0.057616178001198,0.331447117028375,0.22511746522585,-0.0425195858252996
"ADAM17","Fibroblasts6","brown",0.0210501711456491,0.0193306951326441,0.0129364852248823,-0.00790070019783993,0.039436335721095,-0.0720331853917068,0.192029430547959,0.0149899664514271,0.00958435390281466,0.0217857070177191
"ADAMTS1","Fibroblasts4","red",0.158141482969112,1.49609149659143e-05,0.20084221310558,0.0271372488390134,0.257478615330507,0.0330200125026863,0.012415789754299,0.00501713627724466,-0.043482976814243,0.197704410721358
"ADAMTS12","Fibroblasts7","pink",0.0899519670339776,-0.0330045176508998,0.0746553048469761,-0.00803761336237359,-0.0678140147072641,0.165158217648947,0.0539161042449936,0.147243116835134,0.0924354879822659,-0.0838225038314528
"ADAMTS2","Fibroblasts5","yellow",0.246780865834895,-0.0391984186308989,0.293754363792334,-0.174799466850271,0.105296205938027,0.274692702746097,0.0306532759168505,0.323341189001127,0.223530860695922,0.0895795917171794
"ADAMTSL4","Fibroblasts3","green",0.0287167419830754,0.00212012722944074,0.00731942436795117,0.142330699430448,-0.0110643251946427,-0.0297055271299472,0.00952604755097785,0.00584150457839655,-0.00050650160752184,-0.0177909393931742
"ADAR","Fibroblasts2","turquoise",0.206886870938004,-0.026150685377284,0.2372956774025,-0.0278737454118589,0.081109879869071,0.139576044274797,0.0464778459948435,0.120534376213068,0.0646802794549312,0.0295682227594062
"ADCY3","Fibroblasts2","turquoise",0.181484274429565,0.0133762910086305,0.22458964363715,0.0620375569596757,0.143727547742714,-0.0113209625701268,0.0221037320270524,0.00440523324964152,-0.0386216947804507,0.0955084297988759
"ADCY9","Fibroblasts2","turquoise",0.104492050595602,-0.0141297498226075,0.132678952133823,0.0189683050763886,0.0366476681283847,0.0288053263061029,0.0140885483907463,0.0483907979225917,0.00795275789340006,0.00288394482990682
"ADD1","Fibroblasts5","yellow",0.210601508904747,-0.0992461714685074,0.267326132741418,0.0864951926709463,0.00424161429436001,0.27347818249119,0.0429547359142214,0.123033774606695,0.0618620623612987,-0.0141390077370302
"ADD3","Fibroblasts5","yellow",0.216893951473149,-0.0765850590030149,0.238205662842786,0.156037336766201,0.0461782487060905,0.224545969927473,0.0609210691607328,0.140855497564035,0.0704193917125973,0.0410650929395609
"ADI1","Fibroblasts1","blue",0.130896582171095,0.142463835124045,0.0520230969658141,0.0216480803877689,0.066002969899798,0.0279641393263164,0.0403916847132152,0.0954641917796964,0.0978278503932916,0.0840556252228371
"ADK","Fibroblasts1","blue",0.0708665335532257,0.0726659295217648,0.016818615303262,0.0196294499215781,0.0220989512983246,0.00532563422393757,0.0251998784941559,0.0525926468001628,0.0686369289199825,0.0401480177941833
"ADM","Fibroblasts2","turquoise",0.149483347050348,0.0631620096326053,0.231911047655651,-0.145592926241888,0.298569869325324,-0.0488995692055611,-0.0195498616595768,-0.0510458196120016,-0.106702760753921,0.17292191839478
"ADNP","Fibroblasts6","brown",0.0951733166330033,-0.00992551083405038,0.0833208058978567,0.0378221993885303,-0.0126242132983162,0.0649076706546795,0.14739917362915,0.0614359125765944,0.0492908650129137,-0.0053778969360401
"ADRM1","Fibroblasts1","blue",0.0983128905964321,0.196099178285112,0.0177683933077437,-0.0161735331288407,0.140852848966619,-0.122482534089473,0.0158237300935269,0.00426120955708529,0.0204625746606195,0.111737340085537
"ADSS","Fibroblasts8","magenta",0.0983465187300482,0.0850560315618935,0.0503707984468302,-0.025155866513523,0.0304210229196637,-0.0076969452441699,0.0413412145781414,0.0793443986446248,0.121729645449614,0.0169800467039984
"AEBP1","Fibroblasts2","turquoise",0.221234135564495,0.0719236758445451,0.263045736712313,-0.0889995095003877,0.108407460817619,-0.00742311459970104,0.0305413114623575,0.26720256599875,0.215527850404062,0.0477624973355626
"AES","Fibroblasts2","turquoise",0.208618486216293,0.117416274363786,0.248813291829512,0.0382130582249501,0.132738543391172,-0.06989013155722,0.0255529705243072,0.055430975908286,0.0396530139300204,0.0511185077774282
"AFAP1","Fibroblasts5","yellow",0.16312239141823,-0.0740113262248923,0.203925097047086,0.00646116921804479,0.0422099350176108,0.187933582524958,0.0437580821214731,0.124580709955984,0.0667368111436806,0.0341849869497895
"AFF4","Fibroblasts2","turquoise",0.271782591792692,-0.0233128453774701,0.34921948590471,-0.0146915995553633,0.15870838213854,0.113744293827819,0.0513154338504798,0.128951660513339,0.0584022597852116,0.087756257552505
"AFMID","Fibroblasts6","brown",-0.0142068956710062,0.0480560909507695,-0.0482668457694893,-0.0272927856928231,-0.0103584167700671,-0.0318357416072986,0.180064121640118,0.000423779262332122,0.0167319796390776,0.00400310301636755
"AGAP1","Fibroblasts2","turquoise",0.15549579423416,-0.0263599234267535,0.194471940854255,-0.00171391813207416,0.0660656018077172,0.105791436318464,0.0323932900081273,0.0797241738979707,0.0266898928828077,0.0316607895227873
"AGFG1","Fibroblasts2","turquoise",0.178204554474441,0.00312563358453419,0.221278194162694,0.0168507773516799,0.086483685605523,0.0750526242243652,0.0499534593815792,0.0753535566602014,0.0259535648304093,0.0324758696781041
"AGO2","Fibroblasts2","turquoise",0.143916728899447,-0.0301983691159183,0.177471455250072,0.0416584920363323,0.0545714314344123,0.0627233559865103,0.044548421319619,0.0677568717521866,0.019511490334127,0.0178704558687627
"AGPAT2","Fibroblasts1","blue",0.0917923855310885,0.151795784873426,0.0252304935966172,0.0214157256171102,0.0780177433423373,-0.0972286587093208,0.020376018054364,-0.000752927710544413,0.0201013652117576,0.0835041215562893
"AGPAT3","Fibroblasts2","turquoise",0.153248112426007,-0.0221941263812607,0.197349227616044,-0.00937177832910043,0.078989535453949,0.0897793509762795,0.0217956869660328,0.0546397213867345,0.00986750255491716,0.0412869067897893
"AHCTF1","Fibroblasts2","turquoise",0.187662843459046,-0.00709364421880233,0.20886741891187,0.0235685218199179,0.0785222597177927,0.0691184123074008,0.050999836564119,0.0791587454895144,0.0425712890520953,0.0449674197193435
"AHCYL1","Fibroblasts2","turquoise",0.286223361553955,0.0366961021468758,0.330263721072762,-0.0147515098521112,0.179133352090498,0.101464669848353,0.0453307215258135,0.108694241664553,0.0377306381443601,0.104914925789127
"AHI1","Fibroblasts2","turquoise",0.133525240659254,-0.0211099177807803,0.183314762483275,0.018327062755477,0.0929747807850663,-0.00950592630305565,0.0226373201418439,0.0301012203184441,-0.0103949757795927,0.0313589429024298
"AHNAK","Fibroblasts2","turquoise",0.335949320123349,-0.182666497038851,0.44770433375816,0.171030798962539,0.011956371070057,0.358576236858107,0.030397152423276,0.188380333958331,0.0984473769455111,-0.0289362988430421
"AHNAK2","Fibroblasts3","green",0.076017049696788,0.0222278287319148,0.0355233921949537,0.173961308439153,-0.0845251385060637,-0.0136040709203388,0.0429733739679964,0.0295856766635485,0.0525589584872206,-0.0772340510559661
"AHR","Fibroblasts2","turquoise",0.346659848793019,0.0449394354049641,0.379885351745043,-0.024159203679958,0.238091804393019,0.0947316873183014,0.0563219930941967,0.0503252620721401,-0.011507060372727,0.173620005953291
"AK1","Fibroblasts1","blue",0.0207518903810395,0.103850265984305,-0.0500831354835696,0.0669682626592843,-0.0371010802700333,-0.0653144277532876,0.0270660441689681,0.0292834726420152,0.0573890499048723,-0.0303622009690311
"AK2","Fibroblasts1","blue",0.0639166577761281,0.0704003287891543,0.0155549247501134,-0.0108207201535374,0.0120604954979326,0.0339741450064422,0.0267928107693974,0.051434427653722,0.044155580529544,0.0206392117284662
"AK6","Fibroblasts1","blue",0.0532339592223538,0.110051640180986,-0.00639238807741524,0.0148932385418977,0.0411274491986554,-0.0385050803169414,-0.000646049663236247,0.00534711239515975,0.025468762348408,0.0394197553764397
"AKAP12","Fibroblasts2","turquoise",0.239993507168929,-0.0635802931624336,0.296975626515974,0.175574574215032,0.153131112151704,0.142215018967396,0.0505132709203312,0.0385207189568774,-0.0225601168998171,0.121513758317032
"AKAP13","Fibroblasts2","turquoise",0.273200967499432,-0.0193052102475468,0.334089076895404,0.0140354239720621,0.135032679770889,0.0810022444633251,0.0667542146453008,0.143173305611606,0.0861685567347213,0.0697194242773662
"AKAP9","Fibroblasts2","turquoise",0.186989823806383,-0.0345175661379067,0.214222397903118,0.0445966082625372,0.0425811627442158,0.077349545908858,0.0593030835394746,0.0958139785124814,0.0669921493330001,0.0124199853992454
"AKIP1","Fibroblasts1","blue",0.0272144910892822,0.088058234344993,-0.0255978509517181,-0.0045030709836786,0.0192872176220252,-0.0399392588273263,0.0218875874278609,-0.00356803738474902,0.00524572459540319,0.0249226443078724
"AKR1C3","Fibroblasts1","blue",0.0526182502494461,0.103284605834083,-0.0444222334969884,0.0995966279071641,0.0120085505498062,-0.0512231273610824,0.0259330519798929,-0.0257083794034007,-0.00558118826876174,0.0413970959003639
"AKT1","Fibroblasts2","turquoise",0.18836465825721,0.0304737278192053,0.246641010327574,-0.0143804696321034,0.119623985182946,0.0472714969631834,0.0290347017180567,0.089087668325308,0.0365699830460985,0.0590152156170683
"AKT3","Fibroblasts2","turquoise",0.201017364258972,0.00939334706556477,0.232507076519346,-0.0172760092910676,0.0772154339243626,0.0713487958840164,0.0441555582001393,0.0898083094202111,0.0570101116562718,0.03132654644836
"AL590867.2","Fibroblasts5","yellow",0.111375065564485,-0.33045479978212,0.20336326902196,-0.0227930148618286,-0.173725315096784,0.787634752384149,0.00191054844536209,0.184039657457504,0.0858392719535391,-0.110691808695521
"ALDH1A3","Fibroblasts2","turquoise",0.11496290212274,0.0108171319449104,0.143210987791972,0.0207304100634493,0.0723266399073071,0.0195448201676721,0.0186057568712289,-0.0181807706569117,-0.0321296729506581,0.0320687609677563
"ALDH1L2","Fibroblasts5","yellow",0.173515955811869,-0.0556036224781636,0.198965103553783,0.014586145676222,0.000552117444783645,0.215191806965855,0.0463708381792935,0.170981631400889,0.114487345426129,-0.0205303347125294
"ALDH2","Fibroblasts1","blue",0.0439222130659188,0.0479885377078436,-0.00531904625238205,0.107250877058049,0.021746792276925,0.00472969720251777,-0.00232742465698079,0.0708606743862639,0.0789879935358031,0.0508118201536729
"ALDOA","Fibroblasts1","blue",0.169441970058228,0.344001481615745,0.0550141064672208,-0.0583086451998603,0.228291395025631,-0.150778086414276,0.0280569627157783,0.0038674897538646,0.0392552796149103,0.195741208526247
"ALG5","Fibroblasts1","blue",0.0655734554049552,0.124989828677272,-0.0105440688893065,-0.00610137070193672,0.077835049900353,-0.0423555559456271,0.00235753391241056,0.0444037900150393,0.0529555469718075,0.0995848431837282
"ALPL","Fibroblasts7","pink",0.115661958154673,-0.0585327714195196,0.17416882914467,-0.111143152601434,0.0974657765618769,0.196408112066839,0.00652920715336021,0.321604454542428,0.173752798499762,0.121977365475266
"ALYREF","Fibroblasts2","turquoise",0.16608906267402,-0.00295391098865677,0.233685056930452,-0.00205712656125128,0.0899087160969485,0.113900521164172,0.00852547831444021,0.079612801942582,0.0193585794580753,0.0435067527980309
"AMFR","Fibroblasts6","brown",-0.0216029436516751,-0.0483876449718771,-0.00657436151675166,-0.00804740871833623,-0.0605937063826954,0.0391739743538699,0.285183939121742,0.0322969086723055,0.0254587880866066,-0.0467110275653445
"AMOTL2","Fibroblasts2","turquoise",0.185785878487214,0.00751839885705269,0.213515004961426,0.00262285639335224,0.126128679416531,0.0988557384623115,0.0428236635025828,0.104685584575168,0.0435821769149897,0.105512917070971
"AMZ2","Fibroblasts1","blue",0.0344979345091606,0.0781429908126869,-0.0323391815300136,0.0185627595068609,-0.0101544963452016,0.00633735646682535,0.0421766795438786,0.0369026944166511,0.0504996450856283,0.0223368004587958
"ANAPC11","Fibroblasts1","blue",0.0686146560463164,0.315816239000322,-0.0856571455696712,-0.0214517503459236,0.0842109005920967,-0.167217892940273,0.0577070507851388,0.0187122408525834,0.0670010509947477,0.091651211226975
"ANAPC13","Fibroblasts1","blue",0.0247770998764535,0.172778882872612,-0.0941978202260634,-0.0155442339325669,0.0361001220026493,-0.0655454377603677,0.0118081296859224,0.0216952148160008,0.0523393307222282,0.0720501820899159
"ANAPC15","Fibroblasts1","blue",0.0412225118884296,0.10956308747933,-0.0144395252271455,-0.0342184130306626,0.0469906303922855,-0.0587776680389745,0.012286631889514,0.0142207449193253,0.0221896666800312,0.0401401660191123
"ANAPC16","Fibroblasts1","blue",0.0419564851251444,0.240671475993414,-0.0979847033797356,0.00881676127226834,0.0511689856415458,-0.120030769912979,0.0215763451948465,-0.0243263720654526,0.0350672035820453,0.0825512345143307
"ANG","Fibroblasts3","green",0.0139293732073383,0.0590996428733307,-0.0303731977456959,0.144554017045897,-0.0323987718529182,-0.0608084001765318,0.00374503169073285,-0.0157754428083137,0.029665851152807,-0.00362125117606921
"ANGPT1","Fibroblasts2","turquoise",0.22335757776067,0.0247700996901221,0.261826383183853,-0.0326445016659426,0.139207710910417,0.102887261768364,0.0348777770347246,0.199033924440645,0.126733329462228,0.145913182967704
"ANGPTL1","Fibroblasts3","green",-0.0031357066270587,-0.0986474654497995,-0.049985371640458,0.414990221921521,-0.16702323608059,0.0668428669576077,0.00781614656169608,-0.0730794340397831,-0.0372341860976842,-0.129729408881199
"ANGPTL2","Fibroblasts2","turquoise",0.230974881671451,0.0176169587599489,0.286837536572097,-0.0771562203391988,0.15070944801825,0.104479274229432,0.0121670803823738,0.176148996857624,0.133647173997813,0.0775814285800285
"ANK1","Fibroblasts2","turquoise",0.120203928980002,0.0474157833952065,0.131132378100015,0.0148408826657198,0.0861685720829056,-0.0167206266176121,0.0210531316771246,-0.00167783000446829,-0.0254555720180006,0.0549693905629955
"ANKIB1","Fibroblasts2","turquoise",0.174831593278758,-0.0390133202857621,0.201943758442971,0.0323688189621764,0.0453196573938232,0.149816858310374,0.0619072860729102,0.121768844091513,0.0740519138994179,0.0211131228185496
"ANKLE2","Fibroblasts2","turquoise",0.175934753241491,-0.00098074931121831,0.219275903476546,-0.016108409042093,0.107390662320542,0.0479932284404063,0.0341335074601152,0.0519985620987724,0.0135082541310753,0.0460383269196444
"ANKRD10","Fibroblasts1","blue",0.091669128339331,0.100486666755177,0.0485757025675866,-0.0530178646135473,0.0895106972120583,-0.0552820639202607,0.07572909698664,0.0424262280946217,0.0584348562337599,0.0861322142521258
"ANKRD11","Fibroblasts2","turquoise",0.270762074689079,-0.0132325732739226,0.337575502182918,0.0242330554704358,0.133209663590041,0.0655395724008282,0.0483027271909454,0.109507167928828,0.0454424497585991,0.0503957598024641
"ANKRD12","Fibroblasts2","turquoise",0.212229626711739,0.0227563165063831,0.228179723244975,0.0702396518993911,0.0603311873962914,0.0363086291695291,0.0404554250925951,0.0731323123192314,0.0797943453735842,0.02671546584236
"ANKRD17","Fibroblasts2","turquoise",0.193177243217217,-0.0315532098579702,0.235652300224559,0.00904049008202289,0.0749464835301078,0.117448367199044,0.0461091904666712,0.0823232499400943,0.0309779265865027,0.0319477284809722
"ANKRD40","Fibroblasts6","brown",0.0334347497323347,0.0367497582453055,-0.000954995614718534,-0.000842665077907484,0.0090933733522829,-0.00308245748516675,0.189273280156083,0.0146118529830486,0.021678251007909,0.00597369907134236
"ANKRD46","Fibroblasts3","green",0.0276882318553629,-0.00811819700666096,0.00079855911014277,0.0679485678533911,-0.044368445139527,0.0526680666577533,0.024771691785629,0.0155824891775762,0.0175976519026314,-0.0371163242142236
"ANOS1","Fibroblasts7","pink",0.0648881969621016,-0.109772819263597,0.0851216294075272,0.0827727920367612,-0.0803230526882309,0.236796685538262,0.0259542434372634,0.165918416916892,0.0656751802131206,-0.0668798549700581
"ANP32B","Fibroblasts2","turquoise",0.216324030689672,0.0158414139060068,0.246558221737553,-0.0154516744550465,0.0831395774256624,0.196434472010284,0.0378252705200055,0.110535539559928,0.0558402453499597,0.0467153672328184
"ANP32E","Fibroblasts6","brown",0.0860499943194128,0.0278981718004909,0.0574985923498696,0.0508481880161019,-0.0107032860950216,0.038810801400639,0.114889566836258,0.0501828868178012,0.0460944397526036,0.000114029127231192
"ANTXR1","Fibroblasts5","yellow",0.268663935270749,0.00446779845365664,0.288902329223348,-0.143565834864851,0.0986384347544499,0.281309142699736,0.0419241120147585,0.235499370484597,0.17938488888983,0.0544368056745588
"ANXA2","Fibroblasts1","blue",0.145141742999194,0.202139829417312,-0.0143802616602304,0.193483938913629,-0.039090370843752,0.0750770127039837,0.0508894650487158,0.09485577087737,0.131203752569211,0.0234276794736371
"ANXA4","Fibroblasts1","blue",0.0859812238630747,0.107664186069874,-0.00514035041626178,0.148503512256101,-0.0283969059072161,-0.035226662957992,0.0195150681390119,0.0304735162262173,0.0817533350236965,-0.00139373769402707
"ANXA5","Fibroblasts2","turquoise",0.294311265625307,0.152044917285825,0.273572236988526,-0.00122876556760896,0.155521539803268,0.146293259761227,0.00347157156006843,0.164439216829703,0.135197168896491,0.118226171983881
"AOX1","Fibroblasts2","turquoise",0.144528243738583,-0.0403224602282304,0.167807198846628,0.199827972203885,0.039513544755855,0.102123069468927,0.0222275266307941,0.0348507524700309,-0.0225449386329435,0.00278890694793155
"AP001324.1","Fibroblasts5","yellow",0.074176915261508,-0.269408868066993,0.153940271751773,-0.00367660060758736,-0.151593866673729,0.647395732032302,-0.001753407642749,0.153999239283165,0.0643185107610675,-0.106287843249063
"AP1S1","Fibroblasts1","blue",0.0837305062266671,0.148688066048953,0.00193650843184611,-0.00125782837780913,0.0371893858308881,-0.0550837285568723,0.0214246717013596,0.0340229898330601,0.0538773275512314,0.0482496310843819
"AP1S2","Fibroblasts1","blue",0.0325699568149085,0.102503650243759,-0.0362014128589031,0.0477746220855943,0.00225591817218801,-0.0321627605359134,0.034275515491782,-0.0122557522150985,0.019101642622711,0.0194846928347349
"AP2B1","Fibroblasts6","brown",0.104343192998268,0.00699878540438463,0.0915370958064826,0.0633064072306988,-0.00447272416676746,0.0730663789707951,0.0845651183685622,0.0640752266063127,0.0416322804464377,-0.0102466992898552
"AP2M1","Fibroblasts1","blue",0.167713262320841,0.225834824160806,0.0534769534833794,-0.0410998276352779,0.107523439322647,-0.0186683822458798,0.0471690529253658,0.0794184883091385,0.107387663639076,0.112446282815602
"AP2S1","Fibroblasts1","blue",0.167978250810134,0.284868841776423,0.0950830344169215,-0.101004816712689,0.21519736828385,-0.151876092870274,0.0293650451939909,0.0164488994025921,0.0206248654786883,0.146387324556196
"AP3B1","Fibroblasts2","turquoise",0.16928532452202,-0.0374587404322898,0.193346688722955,-0.006881868989308,0.0399453908418347,0.165546855664662,0.0259640011566762,0.113752842806268,0.0642839162437623,0.0175457055371513
"AP3D1","Fibroblasts2","turquoise",0.134122712674359,-0.0058931565120422,0.161799874681405,-0.0236909005196836,0.0586283358789461,0.0838771037952808,0.0171824239750384,0.0693144033425295,0.0334084898140449,0.0260725847928151
"AP3S1","Fibroblasts1","blue",0.0357116710296943,0.197673156192002,-0.123951050586357,0.0209435173373454,0.0167669243329141,-0.03887650023164,0.0392694020941297,0.0299685913972932,0.0815107466041416,0.0649095992438482
"APBA2","Fibroblasts2","turquoise",0.162072073608857,0.0494186641196437,0.203861196769689,-0.0970498306577274,0.178411315215186,7.85219984214234e-05,0.0157826700096887,0.0385904812928619,0.0011260777862967,0.116642820994427
"APBB1IP","Fibroblasts2","turquoise",0.164745820666053,-0.0962498097454814,0.249589907347043,0.00904557600039168,0.0781672534590977,0.185130793356198,0.0116692494528453,0.157837767615574,0.0625933363024076,0.0366970540221714
"APBB2","Fibroblasts7","pink",0.108115554675131,-0.0205728794566693,0.112564290508877,-0.0084247218104078,-0.0359964536310601,0.11684429837711,0.0756146458789629,0.207752047124534,0.147017523148012,-0.0231439343033022
"APC","Fibroblasts2","turquoise",0.179346590034816,-0.0281661883489301,0.20212866692163,0.0396709661387054,0.0333544988712908,0.108690825347087,0.0628201881847994,0.0912326090140402,0.052563879416303,0.00792310264219349
"APOBEC3C","Fibroblasts6","brown",0.0303754893721049,0.0261423190796059,-0.017625283818997,0.0241287468329599,-0.0243368221102276,0.0719038216360032,0.217073032808444,0.00832442515172263,0.014031291829283,0.00858614980041188
"APOD","Fibroblasts3","green",-0.080087552232249,-0.00639701028714215,-0.167045355834501,0.550016779569511,-0.104612718319055,-0.112188882956436,-0.002007463314294,-0.307700646556631,-0.232444173231097,-0.0348827185651118
"APOL2","Fibroblasts6","brown",0.027741416239807,0.0330300650436337,-0.01920720171321,-0.0177933873537882,-0.0123000816991506,0.00592266574443926,0.261496564559802,0.0663244132080028,0.0638055636186395,-0.00105045060170729
"APOL6","Fibroblasts2","turquoise",0.20391917354091,-0.0139908041691776,0.228429186575216,0.0216597544223734,0.118175149303644,0.084679710334989,0.067802680646385,0.0703132183811329,0.0279860342677706,0.112581251482198
"APOPT1","Fibroblasts1","blue",0.0586426845276981,0.127783353571714,-0.0133067115287118,0.000783268968972868,0.0318740118719227,-0.0579374293150687,0.025432068218935,0.0383388871001139,0.0565087242345724,0.0403419737176054
"APP","Fibroblasts5","yellow",0.212410469596211,-0.193946640502863,0.267237108098555,0.0876786595158914,-0.0516026374019153,0.416583746685587,0.0349632141974963,0.189998247806964,0.0982221504289315,-0.0521638599195594
"APRT","Fibroblasts1","blue",0.11997987604621,0.262725450508262,0.0290363031771193,-0.0184113705080468,0.14729640330051,-0.157775162397986,0.0167915444034164,-0.00809904103578677,0.0233651948301193,0.122063700203191
"AQP1","Fibroblasts3","green",0.096141244327378,0.120831222577094,0.0374418786724676,0.157119150987239,-0.0354263675624136,-0.0934810588375984,0.0462513053661456,-0.0488261799075964,0.0164884792059817,-0.0441587781067691
"ARAP1","Fibroblasts3","green",0.0640568508199535,0.0448129143235844,0.0492070446756961,0.0483361027623989,0.0219540244180056,-0.0471183077642091,0.0243370720781126,0.0241987371238773,0.0226733576962992,0.0143068515626872
"ARCN1","Fibroblasts2","turquoise",0.257406283525947,-0.0084759330901835,0.299047450890358,-0.00458962214857173,0.100803751222448,0.159467132727711,0.0610042525121984,0.143634601158399,0.074884372587464,0.0444068250677072
"ARF4","Fibroblasts1","blue",0.116101372528808,0.163564591680979,-0.00534242769445919,-0.0258188629821031,0.0381078896663088,0.0994301028469163,0.0552285409754965,0.161829516614019,0.178290392492467,0.0689268446698257
"ARF5","Fibroblasts1","blue",0.00479220562904983,0.214966205915341,-0.138325831479752,-0.039506228505255,0.0370241943632351,-0.138823834850409,0.0247925192791022,0.0209899184975162,0.0728760333832149,0.0760267005705924
"ARF6","Fibroblasts1","blue",0.0466068203436735,0.0903241174535794,-0.0335466606856572,-0.0228382713470503,0.0263242002726028,0.0265206610090679,0.097594424201183,0.0379947261057978,0.066629932303643,0.0546375205730394
"ARFGAP3","Fibroblasts2","turquoise",0.222827370467705,0.0208676972872758,0.255359452231812,-0.0226827729128667,0.113152178784378,0.0938010288471833,0.0345505579418121,0.104770618324308,0.0627841311258717,0.0623579750060164
"ARFRP1","Fibroblasts1","blue",0.0609420992437319,0.112302964508732,0.00595552012417087,-0.00192834101922798,0.042342967463806,-0.0555086081644233,0.0130086193091113,0.0227099425313755,0.0395481130207068,0.0317994768997058
"ARGLU1","Fibroblasts3","green",0.105159779654233,-0.00835148810911762,0.0973903587475116,0.0766217854342623,0.0151541845903401,-0.0165940120044536,0.0742608661811631,0.020310605953415,0.0117492868764811,0.00645685092710168
"ARHGAP1","Fibroblasts5","yellow",0.127074779200249,-0.062829270949092,0.145508050020453,0.00251066924150867,-0.0168029714153804,0.188903069895323,0.0291611942152906,0.113067229548401,0.0722950034667815,-0.0164302577097863
"ARHGAP12","Fibroblasts3","green",0.0684039757112312,0.0378321460836529,0.0186952592300679,0.090216352542363,-0.0303524385602982,0.0318849392518173,0.0379121697588247,-0.0136033086118363,0.00734725430097732,-0.0073292816495495
"ARHGAP17","Fibroblasts2","turquoise",0.148575809190964,-0.004587659986152,0.180980433869914,-0.0231046086187181,0.104235508643631,0.0880734677694449,0.0186661991107073,0.0750596965447376,0.0332487407268672,0.0710302220515368
"ARHGAP21","Fibroblasts2","turquoise",0.245374488029727,0.00132733744831216,0.288147801837873,0.0516921815494675,0.0968639606979672,0.050808732990536,0.0469024930515045,0.119454868992708,0.0707385184596808,0.0358989594066293
"ARHGAP23","Fibroblasts5","yellow",0.100659197468659,-0.0932792050403992,0.152123149031463,0.0154507931055442,-0.0107280240287974,0.212384862776101,0.0113784606626638,0.0921790413611802,0.0397633649351328,-0.0343163063721968
"ARHGAP24","Fibroblasts1","blue",0.0701341191192287,0.0764437422154806,0.0482118883057572,-0.0229154853045859,0.085924101895821,-0.0903073706414436,0.00624232895197841,0.00308276933646989,0.0157961915928999,0.0816798126849059
"ARHGAP28","Fibroblasts5","yellow",0.102539410354761,-0.0998190518182852,0.142970058590105,-0.025331171363892,-0.0185366393309822,0.246271366946211,0.0186512263928133,0.131246213044903,0.0727781702627028,0.00260232213122832
"ARHGAP29","Fibroblasts3","green",0.0224068564220037,0.0119283698050138,-0.0215843785287869,0.183980674830396,-0.061416433966286,-0.0383570296554956,0.0142421870744803,-0.0721896095540001,-0.0376174392816135,-0.0498678485871173
"ARHGAP42","Fibroblasts2","turquoise",0.166000229044406,-0.011310832278871,0.225143788009604,-0.0401896424866951,0.119345744880719,0.0659851355432441,0.0333697713186399,0.0497811573745996,-0.00727171114862545,0.0628353709805264
"ARHGAP6","Fibroblasts3","green",0.0542963941883537,-0.0307374723052169,0.0489213238461234,0.214083960984327,-0.0549291234662992,0.00949386710380743,0.0131227518382921,-0.0573597940106132,-0.0414698156253744,-0.0489584354669501
"ARHGDIA","Fibroblasts1","blue",0.138083732552865,0.201522844382503,0.0775177364808703,-0.000716561909595534,0.128167452461447,-0.150422226727067,0.0380668283741591,0.00801037019534674,0.0314442409516283,0.0836174798006029
"ARHGEF11","Fibroblasts2","turquoise",0.130652316198835,-0.0271075383979518,0.171440821955047,0.00342241349770902,0.0558373312574437,0.0574254817435565,0.0263973835693995,0.0417955894747789,0.0134185308035501,0.0177911812546234
"ARHGEF12","Fibroblasts2","turquoise",0.192307428311442,-0.0347806886831395,0.215402186485509,-0.00692187605500185,0.0514758086575468,0.139381995398378,0.0589139671108879,0.110764677324126,0.0479103949946444,0.0240129458791182
"ARHGEF7","Fibroblasts2","turquoise",0.140116909691336,-0.0288372145904437,0.177127604450724,-0.00645565262029413,0.059309242961699,0.10726714617578,0.0363165036590194,0.0720892901254932,0.0357562371610173,0.0341577535958967
"ARID1A","Fibroblasts2","turquoise",0.167867359385641,-0.0552656019617621,0.217465209021657,0.0341984137054733,0.0584040418908819,0.142328629393858,0.032513926734258,0.0983469225526884,0.0299224577288256,0.0278366355266304
"ARID4B","Fibroblasts2","turquoise",0.21215204361373,-0.0234447933865802,0.260138857326586,0.0166164411337048,0.106991706529879,0.106206472558682,0.0448252160468946,0.0953948808609129,0.0398593400887069,0.0564913338560459
"ARID5B","Fibroblasts4","red",0.187091946736543,0.10548815698776,0.208267295227302,0.0246274619933727,0.363725574986726,-0.120879444097493,0.0398657304889254,-0.00323313071718575,-0.0271616573532245,0.248154259762512
"ARIH1","Fibroblasts2","turquoise",0.195802833595027,-0.0331660477893175,0.244997018585046,0.00251817577568267,0.103743864481655,0.135359799983546,0.057957679293944,0.0988995001070997,0.0387662535099992,0.0508679896381292
"ARL16","Fibroblasts1","blue",0.0569092312521686,0.114189456817222,-0.00238802052178536,-0.00194793429220926,0.0189774571579567,-0.0430365744671714,0.031102677693707,0.0354960292901748,0.0593645638657465,0.0292341626064404
"ARL2","Fibroblasts1","blue",0.0616930749799151,0.263092443346474,-0.0923159182804451,0.0658087320692475,-0.00338982113092178,-0.140497692201282,0.0305945221226319,-0.0171151286881799,0.0744034726471817,0.0226209256628264
"ARL4C","Fibroblasts5","yellow",0.132707353966604,-0.156390713606939,0.216403774692438,-0.00616859068252061,-0.0343339677700458,0.293562429338439,0.0125764165184061,0.196598176293168,0.111621734826192,-0.0471520338664661
"ARL5A","Fibroblasts1","blue",0.0749696430366538,0.209175497643821,-0.0437725873831011,-0.0054574255696787,0.0681530824520724,-0.11187449684923,0.0540101794784628,0.0477876322825358,0.0936863151458468,0.089411603130001
"ARL6IP1","Fibroblasts6","brown",-0.00208859510827106,0.00971823579481754,-0.0560213096116392,0.0780949439265754,-0.0277187999101576,0.0232549427326777,0.0536722351705485,5.1865068941846e-05,0.0142011446934603,0.0190721976872572
"ARL6IP4","Fibroblasts1","blue",0.105313510467315,0.320207941891352,-0.0192528719878979,0.00408006131624066,0.128703363746461,-0.245405814108914,0.0503520991556464,-0.0103955914937544,0.0514340999414935,0.107137176839733
"ARL6IP5","Fibroblasts1","blue",0.0966511192174437,0.113290304337794,-0.0376510013419921,0.232567619126878,-0.0529894817080142,-0.00399032925928827,0.0335951736532913,0.0713050626844813,0.127360359680037,0.0194991731340164
"ARL6IP6","Fibroblasts1","blue",-0.00281855892307859,0.0464682941983712,-0.0573780214809802,0.0357944603510797,-0.0175061229425568,-0.0216591633865305,0.0140627513266331,-0.0151046701188986,0.0143708544954367,0.00961114831413391
"ARL8A","Fibroblasts2","turquoise",0.124272164532319,0.0355044751571408,0.154329896380967,0.00530679852982064,0.0790678072652806,-0.0178367775627211,0.00153909820035145,0.0423209871071021,0.0225268756038293,0.042830092435853
"ARMCX1","Fibroblasts3","green",0.0635021109188689,0.0118312519982286,0.0213675884796156,0.097040572509022,-0.0582023126595736,0.0754803765243431,0.0215918198110157,0.0407996708145112,0.0531650561946927,-0.0272763297583585
"ARPC1B","Fibroblasts1","blue",0.167115463644751,0.323540897776494,0.033529428211182,-0.0102152928546663,0.221778497022817,-0.198684852567034,0.0600051256591113,0.017194985593655,0.0258635120476499,0.191438378035541
"ARPC5","Fibroblasts1","blue",0.199699359073638,0.191074843829644,0.0863389137387306,0.0395924591216976,0.0855942630177265,0.000747811090786601,0.0584689310188411,0.0550051841221629,0.0801968306884689,0.0788782025448314
"ARRDC3","Fibroblasts1","blue",0.0727281181125542,0.170063627420935,-0.0362607214733861,0.00323243748029556,0.110126614967871,-0.130720699331527,0.118894045083732,-0.0631412872163684,0.0166781929546072,0.164164233867615
"ARSG","Fibroblasts1","blue",0.056561054810452,0.0957685947246144,0.01484254698923,-0.0403904003772775,0.0618831320547585,-0.071934606965861,0.0461689954301196,0.0277368029265626,0.0459064662289033,0.0358858566341833
"ASAP1","Fibroblasts2","turquoise",0.257365962247521,0.0499719815021827,0.287196737234997,-0.045160460679616,0.153717951378263,0.0675644689079265,0.0482453368672684,0.116072282147313,0.0648771478660611,0.0940470568372125
"ASCC3","Fibroblasts2","turquoise",0.156330364974247,0.00350522144954383,0.173741724756592,0.00426446604977537,0.0727208575256907,0.0635030297501548,0.0358930344467927,0.0818659860840618,0.0294589986857562,0.0403870084519942
"ASNA1","Fibroblasts1","blue",0.0601928289889441,0.181187716333328,-0.0368095436724026,-0.00161636787202652,0.0716043513922366,-0.0989732004352852,0.0182295124868391,0.00885844854053895,0.0354472752939422,0.0916103350080581
"ASPH","Fibroblasts2","turquoise",0.286509747906588,0.00251286354077274,0.315611350313604,0.0625900502029237,0.139773937047251,0.0863037837439293,0.0686768620846123,0.0829161013345553,0.0426490881319414,0.095066650082159
"ASPN","Fibroblasts8","magenta",-0.0204768727410131,-0.0522434104273805,-0.0735994656399654,-0.0952756179019931,-0.248446141522414,0.213043301217912,0.0910395789048867,0.39099182653736,0.554082546527698,-0.170533573394249
"ATAD1","Fibroblasts6","brown",0.0837847647810652,0.0133737624497877,0.0609377124432675,0.0227012891113604,0.0131582415926208,0.0466574861884919,0.0493278871824599,0.034705396066204,0.0272372895535536,0.0254798081963369
"ATF3","Fibroblasts4","red",0.194708812712621,0.0998843716770743,0.257738428615182,-0.0542504786897362,0.501010851741636,-0.110619871217804,-0.00733668771607528,0.0461511168792801,0.00464244258059011,0.411804479306127
"ATF4","Fibroblasts2","turquoise",0.214974943178458,0.0221354915307307,0.260480296277211,-0.0432064259121897,0.125800284864462,0.154178632893943,0.0382891574661822,0.127123592573982,0.0873445261460342,0.0708038508739378
"ATF5","Fibroblasts2","turquoise",0.111138606040498,0.0175315064441866,0.147765736321832,-0.0225083297065967,0.0993551491240636,0.030818631427515,0.00513137293166767,0.0392135435490259,0.00801445988145745,0.0650412101813853
"ATF6","Fibroblasts2","turquoise",0.168116064480885,-0.0171327826749023,0.189547409162799,0.0254935827606504,0.0654826450962879,0.11782234267565,0.0463686915928556,0.0981706557900089,0.0498580590353961,0.0416349390229474
"ATF6B","Fibroblasts1","blue",0.0287910129803787,0.0601353487567693,-0.0284161443676236,0.0272195617207097,-0.00134125546231684,-0.0429197690778854,0.011997638565575,-0.0145890686060282,0.0138304228395076,0.0220272729587326
"ATF7IP","Fibroblasts5","yellow",0.165051267620511,-0.0684147159961366,0.197413643706017,0.0224933082400558,0.0189629859045498,0.179364598838077,0.0532752957403232,0.0875865151296002,0.044875357497682,0.00633508372190862
"ATM","Fibroblasts2","turquoise",0.170152225646401,-0.0193918458022315,0.188126019600843,0.0180437279884299,0.0536543374211136,0.0900630355870987,0.0404424991593085,0.0867283590723015,0.0456331192872773,0.0266917685837437
"ATMIN","Fibroblasts2","turquoise",0.147615547761628,-0.0236413154670949,0.18430339803072,0.00554188442376296,0.0341837638038072,0.117067242929946,0.0284982615584884,0.0986262596631996,0.0542748192804815,0.00835757053920137
"ATN1","Fibroblasts2","turquoise",0.180830441489702,-0.095297178111257,0.259162689580368,0.0436574545272868,0.0313659176846896,0.250484764041493,0.037338524159394,0.108229994649465,0.039842378956419,0.0136726696053994
"ATOX1","Fibroblasts1","blue",0.0936644888918088,0.295456524036209,-0.00886504896803676,-0.10346091529049,0.151877991453965,-0.181679839185219,0.0499391241317226,0.0455069950021412,0.0561464470023777,0.127115301459234
"ATP11A","Fibroblasts2","turquoise",0.141294687657769,-0.0253634448325162,0.190358128472772,0.00683672145971029,0.0703093219632223,0.0637754725256892,0.0201154996520721,0.067403357828215,0.0295897093268031,0.033988602420485
"ATP13A3","Fibroblasts2","turquoise",0.181592582025427,0.00136981645366672,0.254645471318543,-0.0679905516651357,0.21089262498959,0.0204795157011485,0.0298209007122716,0.0641690467845176,-0.00907036725878289,0.101544387918889
"ATP1A1","Fibroblasts2","turquoise",0.194796489552714,-0.0200675283156846,0.254351565010196,-0.0174147775679014,0.159944535378555,0.0984961271373247,0.0233122132380085,0.0931976193967351,0.0400866361096076,0.105770359456546
"ATP2A2","Fibroblasts2","turquoise",0.274538201174695,-0.0723711526836869,0.366946960814331,-0.0399082693452908,0.171556248199333,0.213102470285439,0.0441660816359379,0.134235255337189,0.0261713733848676,0.0808789283464516
"ATP2B1","Fibroblasts2","turquoise",0.162113371454006,0.0104468781198268,0.177431213648718,-0.0251970190212313,0.0845726519973622,0.069054703992227,0.0370766628179345,0.055543146617468,0.0194705512520521,0.0395285612653895
"ATP2B4","Fibroblasts2","turquoise",0.184212553466634,-0.0648240177032916,0.219206604365719,0.07369988779236,0.0354374553595382,0.179588056399192,0.0329682722686001,0.0733931691340152,0.0239078451922141,0.0125403358034861
"ATP5A1","Fibroblasts9","black",0.180252731311009,0.175597860226153,0.0990126015495421,-0.00769271469283523,0.121022236803547,0.0216448451360522,0.0216613932995508,0.0443623423591441,0.0611742534796462,0.143133738545098
"ATP5B","Fibroblasts9","black",0.172386220009769,0.168670628786367,0.110954891658501,-0.0151657855900124,0.139095109391095,-0.0106611065662287,0.0168930160164545,0.0457143265012108,0.0500358188507546,0.141414922455062
"ATP5C1","Fibroblasts1","blue",0.135460469578997,0.224920846758132,0.0384440453105079,-0.0109953039039055,0.125302023857688,-0.068104023597445,0.00546767346585173,0.0180540399872769,0.0507233223547475,0.123327202630863
"ATP5D","Fibroblasts1","blue",0.122628842991652,0.317806561693788,0.0150328901225434,-0.0333865301708746,0.152258998721317,-0.209655871722825,0.0327679698780861,-0.0014014747520069,0.0427529507707744,0.122190058625288
"ATP5E","Fibroblasts1","blue",0.0478096030655298,0.367589252285132,-0.0924907145316428,-0.125993771930469,0.105027524035179,-0.145951349650729,0.0764037862742842,-0.0256724415130137,0.0188214956112062,0.0879706279001939
"ATP5G1","Fibroblasts1","blue",0.0818173768920516,0.216809973933806,-0.0152332625290163,0.00759359459052753,0.061636363075093,-0.0839703819470379,0.0376774505195564,0.000541071756853972,0.018720420346673,0.0469218014717977
"ATP5G2","Fibroblasts1","blue",0.107355387631821,0.271891239495086,0.00397182731906777,-0.0879937795875739,0.104846937690326,-0.050604446428206,0.0313071302423141,0.00117054051584461,0.0413917216268036,0.121681324087069
"ATP5H","Fibroblasts1","blue",0.137620524794599,0.190427858003226,0.0723326884446877,-0.0226998745783381,0.108680955030133,-0.00361335989830631,0.0194441554899877,0.0224916141493302,0.0306842138554038,0.0921098993080492
"ATP5I","Fibroblasts1","blue",-0.104162877937885,0.279038311211155,-0.275587216699017,-0.00718010305656374,-0.045117911931014,-0.251620653553845,0.0653896541585801,-0.0663303320080474,0.0198018119021329,-0.00109400074690139
"ATP5J","Fibroblasts1","blue",0.112883289579213,0.272833792321174,0.0137079038632177,-0.00440247267753332,0.112412307586171,-0.128377988385046,0.0220556586723734,0.0189114291343233,0.050892535596315,0.106452998003622
"ATP5J2","Fibroblasts1","blue",0.035405232261019,0.236039690702126,-0.0841619417327921,-0.0241501390528329,0.0389504709172242,-0.094705061993654,0.0480336153212529,-0.00555256579372169,0.0430390108210751,0.0485521086570403
"ATP5L","Fibroblasts1","blue",0.0475619287564878,0.376135577456488,-0.10163502509509,-0.06438127645414,0.113442550013208,-0.213576126406085,0.0411656889748102,-0.0111636616203331,0.0463643051763635,0.114660210598874
"ATP5O","Fibroblasts1","blue",0.071553639291399,0.260834874678395,-0.0557486506580995,0.0359869711238897,0.0919995818000552,-0.143887343028272,0.0194860778390169,-0.0191332912052192,0.0249751617534682,0.106768495791703
"ATP6AP2","Fibroblasts1","blue",0.141106013482565,0.105145944065199,0.0419064072395963,0.0773152343209696,0.0925361781836891,0.0431123393062106,0.0296762769203326,0.0942521017197839,0.113401331763501,0.130314591243392
"ATP6V0B","Fibroblasts1","blue",0.130023914779348,0.23417086967027,0.0513938295542336,-0.0778056838343839,0.156099031476085,-0.118677653707582,0.0103237617905575,0.0475182785161743,0.0756377442601556,0.117875426686719
"ATP6V0E1","Fibroblasts1","blue",0.14486858858697,0.224898831564761,0.0563878373543493,-0.0204906505026948,0.143895439665945,-0.0320709784430715,0.0135941176437065,0.0565050498177811,0.0678779989217794,0.133716753396786
"ATP6V1B2","Fibroblasts8","magenta",0.0770236026533474,0.0398850823368082,0.0356971219205683,-0.0304624357297304,0.0299449840953312,0.0601236097869809,0.0307822160577029,0.0538039660808813,0.0946471621673098,0.0370453912009834
"ATP6V1F","Fibroblasts1","blue",0.0800699306809329,0.241428194266168,-0.0288020221868379,-0.0116001345507084,0.0811059351840666,-0.108591924898147,0.0309289849302729,0.0272122803327391,0.0640688377218148,0.0717403941211981
"ATP6V1G1","Fibroblasts1","blue",0.133819082077714,0.293735005785313,0.000851973036884727,-0.0118835776404007,0.117770034713434,-0.14370679490287,0.037550863249968,0.0321412113993652,0.0820535493736729,0.110138010582988
"ATP8B2","Fibroblasts2","turquoise",0.13367375707219,-0.0516756939974345,0.176045116799469,0.0279318458222436,0.0142776873065676,0.125826539224308,0.0278849137075816,0.10389668364854,0.0620564850420618,-0.0282505341462331
"ATPIF1","Fibroblasts1","blue",0.0998763255313088,0.190528670137102,0.0181574952054608,0.0402277382354497,0.0324640604556783,-0.061265117948385,0.0420245663048033,0.0275815292118127,0.0549103911035813,0.039246925097365
"ATRAID","Fibroblasts1","blue",0.0853642696134565,0.205122667177571,-0.0298606422485685,0.0563010073506077,0.0775133331229304,-0.0739446758719883,0.0415705020679852,0.0772934463659437,0.101350094519382,0.119788061335193
"ATRX","Fibroblasts2","turquoise",0.268345129111394,-0.0258720438025976,0.296124638416437,0.0361248241555602,0.0765755603479921,0.15111838794388,0.0757870595032955,0.139398182985167,0.0751831656057146,0.0411839390098809
"ATXN1","Fibroblasts2","turquoise",0.200207307684528,-0.00817505943601116,0.246906897220476,0.00455935609308462,0.0931573585823865,0.0701269308065532,0.064484138263712,0.0888994838727339,0.0381456623650095,0.0536365086899648
"ATXN2","Fibroblasts2","turquoise",0.16238331426734,-0.00771921528292731,0.20182673565342,0.0236261763589559,0.073712361085963,0.0376875469684731,0.0317429681494471,0.0632727818485364,0.027865588054467,0.0397307123686534
"ATXN2L","Fibroblasts2","turquoise",0.114504463612223,0.0293982710517674,0.149014428475312,0.000142842252475815,0.108194700581164,-0.0232677688029221,0.0146190845750852,0.0328375761899349,0.015475995983649,0.0586886153989877
"ATXN7","Fibroblasts2","turquoise",0.138584663062001,-0.00669857423573154,0.183535259330968,-0.0224221159310503,0.098080397175402,0.0271423167507225,0.0484183491616012,0.05662422667285,0.0203825968393278,0.0546486910799133
"ATXN7L3","Fibroblasts2","turquoise",0.096513547297428,-0.0312978381904866,0.135396616908185,-0.00690067944079587,0.031191698027533,0.103330515865478,0.0311690838940171,0.059487418641412,0.0153885282953558,0.00656170284952623
"ATXN7L3B","Fibroblasts2","turquoise",0.2088743525011,-0.0328113420229979,0.242951809839804,0.0647720418912679,0.0455215937465975,0.138256279706643,0.0601317336719063,0.103152251929737,0.0621656441031144,0.0179301321755507
"AUP1","Fibroblasts1","blue",0.0878949133868197,0.152137680369922,0.0189969014370649,-0.00340969036951951,0.106568356431018,-0.0794697671244691,0.0254325978415608,0.0116943906679456,0.0349692056334876,0.100651451311568
"AURKAIP1","Fibroblasts1","blue",0.122695043374278,0.251972146579388,0.0459502147183917,-0.0363757360920323,0.151140140510572,-0.14130088900034,0.0277906026340131,0.0142710589291401,0.0240151503354527,0.115520477430624
"AUTS2","Fibroblasts2","turquoise",0.101052021874127,-0.0899651848422838,0.156859442596618,0.0215681589895858,0.00177282116921526,0.132515720004411,0.00905972889161066,0.105591820694418,0.0616878923752285,-0.0369553133836137
"AVEN","Fibroblasts2","turquoise",0.131481451913539,0.0164236236102671,0.172484156612802,-0.0236419701020597,0.0804790572400875,0.0518126762523106,0.00309484524645459,0.0616457112351843,0.0175162367627907,0.032799231591199
"AVPI1","Fibroblasts1","blue",0.0265806911320654,0.0840755618235929,-0.023328366631695,-0.000561939041650748,0.0621727816368668,-0.0466017243998716,0.00396284085510099,0.0597770396610287,0.067812346066548,0.0677660671740528
"AXIN1","Fibroblasts2","turquoise",0.0748432698070749,-0.0141474209265633,0.0987479894846788,-0.00122257702809152,0.033713079397851,0.0294703157444164,0.000611328027354804,0.0269410743073851,0.00592976846416285,0.00222231328589983
"AXL","Fibroblasts1","blue",0.0186012165463823,0.129153152347401,-0.11653854319643,-0.00707632835919252,-0.0281077832310961,-0.0324041910728413,0.277448927385533,0.0914210171062581,0.153617929757167,0.000849575262773391
"AZI2","Fibroblasts1","blue",0.127110335493508,0.130430275776729,0.0712349886420287,0.00231260805350811,0.130364713081384,-0.0711091480673419,0.0445247819856384,0.0509098164259994,0.0409888384775847,0.108562932202606
"AZIN1","Fibroblasts1","blue",0.137058686422373,0.137129636968374,0.0721323439441715,-0.097643111143501,0.137651325213165,0.00438478367006455,0.0535490044821619,0.087420186056383,0.107873290945153,0.14174062975105
"B2M","Fibroblasts1","blue",-0.203597487183999,0.39972457359211,-0.429814063143237,-0.196457180983769,0.185426734371164,-0.401398091661597,-0.0180234244597311,-0.187963565864876,-0.0745105264157086,0.349271841118797
"B3GAT2","Fibroblasts6","brown",-0.0533618117019378,0.036242060108369,-0.087583035818504,-0.0126715775127624,-0.043553352775507,-0.0526521798368788,0.00967469009787427,-0.0218082485307801,0.0159399061228132,-0.0212508435823
"B4GALT1","Fibroblasts6","brown",0.0809889260330794,-0.121846361341753,0.128327757490651,-0.0266128207892974,0.014599255056836,0.208321835859531,0.458749864480814,0.160399006123303,0.105302427059871,-0.00256113055660681
"B4GALT2","Fibroblasts2","turquoise",0.149918802825618,0.00511547121929891,0.184095885433036,-0.00210792496146875,0.0182049505124779,0.139398563539352,0.0113784228629087,0.161924865793557,0.123059955936968,-0.0147930662645917
"B4GALT5","Fibroblasts2","turquoise",0.137931049537764,-0.0485799794466288,0.193046657346767,0.0136301204002679,0.10941795180808,0.110623855210971,0.0274120435005326,0.0754463152924901,0.0175194662549576,0.0767747126288474
"BABAM1","Fibroblasts1","blue",0.0621939343140706,0.139297091244453,0.00103726001307419,0.0101721235871611,0.0601666207724734,-0.0770986287903856,0.00427516479337913,0.0115214840830731,0.032370593204973,0.0677860858970092
"BACE1","Fibroblasts2","turquoise",0.25839210234593,0.00601213073589917,0.314482300441445,-0.00280958044908955,0.12907656893319,0.124985216110839,0.053627902542424,0.138093042830837,0.0647428015293055,0.0657681874827736
"BACH1","Fibroblasts2","turquoise",0.136141632111131,-0.0240090195177338,0.179116509689644,-0.0245911675621828,0.0998508439500847,0.0432788586841301,0.0220842646288909,0.0687435591611822,0.0277916150746274,0.0441414157795728
"BAD","Fibroblasts1","blue",0.0900223251820833,0.23284620083218,-0.0203450762870268,0.0138729337067737,0.0774750608000785,-0.146068349510043,0.0283192293446528,0.00388613190522581,0.0420307564980442,0.0959726233122957
"BAG3","Fibroblasts2","turquoise",0.130993239841913,0.00379854214078346,0.159620606233532,0.0210830531303523,0.110861496686485,0.0500109134400106,0.00517437951121807,0.0491014578242119,0.0184630205677835,0.0760163572456698
"BANF1","Fibroblasts1","blue",0.0917954665973367,0.143949687405868,0.0142481710388976,0.0264629824356662,0.0154296246600933,0.0306424980515066,0.0207057897921406,0.0414717691754175,0.0601775893730733,0.0235832325075124
"BASP1","Fibroblasts2","turquoise",0.282197344793343,-0.0328389107713204,0.377498270741047,-0.000814500844239166,0.140205773439926,0.222426814734436,0.0201651437778654,0.229997343265608,0.10831856304466,0.0508348704270351
"BATF","Fibroblasts4","red",0.0996119538048954,0.131914334843624,0.0921654017743249,-0.111788218003507,0.271775885493129,-0.0792433252474006,0.0044827365653809,0.00462798065949236,-0.0324350148198939,0.214228788132593
"BAX","Fibroblasts1","blue",0.103926799349637,0.201087885181562,0.0232698689198597,-0.116896085942098,0.146008230863523,-0.0644694208971891,0.0345976397008109,0.0344125134591942,0.0415913212021439,0.145438901734906
"BAZ1B","Fibroblasts2","turquoise",0.227960767690251,-0.0487255748143327,0.268212097139096,0.0202783091485625,0.0498420928738223,0.197308522158492,0.0495040005871365,0.0970777831642043,0.0427797558146805,0.0248730557590627
"BAZ2A","Fibroblasts2","turquoise",0.153228132197011,0.0144409652774507,0.172455163489595,0.0148354046938686,0.0890100053267891,0.0356629432038109,0.0331903475939125,0.0438375486844977,0.00912704018521472,0.0593678222150973
"BAZ2B","Fibroblasts2","turquoise",0.176787382234671,-0.024949269751404,0.206709692136815,0.0535669833114391,0.0685814118462475,0.0625654486673983,0.0267095568565938,0.0750623328836338,0.0425803139088578,0.0402898922479515
"BBX","Fibroblasts2","turquoise",0.224955973558364,0.0242881199316326,0.219899328702657,0.0895063123028865,0.0914550954368036,0.0970400269710962,0.0517543261505876,0.0754531889040212,0.0387365515360803,0.072381597375063
"BCAP31","Fibroblasts1","blue",0.089848693054373,0.109541170332814,0.0354522232023674,0.0192148227125889,0.0614412577341258,-0.0362957911699802,0.00128534467374326,0.00116131251948767,0.018593501304396,0.0673779168219138
"BCKDK","Fibroblasts1","blue",0.0517975878663555,0.106378796009948,-0.00774875746471726,-0.0120924838227658,0.0476859894106239,-0.0521107575149449,0.0168707888551146,0.00907533107324471,0.0157466597793445,0.054616444048218
"BCL11A","Fibroblasts8","magenta",0.0519234089605666,0.0244815084750654,0.0341486126082317,-0.0359204460116904,0.0197641662507152,0.0341906275051427,0.0394887855605066,0.138713865095,0.179554659560701,0.0240926226971147
"BCL9L","Fibroblasts2","turquoise",0.189083284265509,0.0182557094902311,0.234662067897202,0.0234524158428854,0.115835215226395,0.0119574410110515,0.0479006151619561,0.0753529148866911,0.0354146185275499,0.0651202688752353
"BCLAF1","Fibroblasts2","turquoise",0.270409056346848,-0.0225179513334059,0.316034745139127,0.0455057787844158,0.143156487554585,0.107917189040669,0.0567105810260199,0.111209181169878,0.0642768074934794,0.100200904794662
"BDP1","Fibroblasts2","turquoise",0.194658164590058,-0.0108109930893946,0.224386028414248,0.0160766305509251,0.0807133719764987,0.0432783073438163,0.049736151570672,0.0768737932231672,0.0400240192511623,0.0173489217625117
"BET1","Fibroblasts1","blue",0.027126727953822,0.086554070106395,-0.0460323007936763,0.0151265234968225,-0.00699898162803801,-0.0215245932936922,0.0302244761035013,0.0274718392421159,0.0401318310573388,0.0169067839194741
"BEX3","Fibroblasts5","yellow",0.0802229734722714,-0.298800133391219,0.164325059354406,-0.0305814869331373,-0.157012322555659,0.660171808079894,-0.00150626624664351,0.151006615484045,0.0625913645926527,-0.105389090487969
"BEX4","Fibroblasts1","blue",0.0553138252749111,0.0661163218895711,-0.00159316590370472,0.0801258179751635,-0.0279221397812836,0.00420214039770573,0.00884194643280124,0.041908709872438,0.0596322473477687,-0.0263446297158054
"BHLHE40","Fibroblasts2","turquoise",0.172256567144682,0.0299340806062961,0.222924282068722,-0.0448087666027719,0.227302126045765,0.030072551320261,0.0331038098661179,0.0630793589963476,0.0207064656744088,0.22745936619152
"BHLHE41","Fibroblasts6","brown",0.0635696855821837,-0.0469122795261618,0.0665423728771668,0.151428842368035,-0.0708350027612167,0.0708930169173684,0.057095419967936,0.0729271188669181,0.0600888605961315,-0.0699182112430347
"BICC1","Fibroblasts6","brown",0.108094219550004,0.125393007253637,0.0163631824136036,7.62275482980454e-05,0.0739519312614743,-0.0632824399752266,0.334623165255886,0.0932639098381335,0.0985882624008227,0.101554406323086
"BICD2","Fibroblasts5","yellow",0.156049490480345,-0.0819968391152284,0.190132582251604,0.0223901803714461,0.0107831434491075,0.212660753970375,0.028728682105092,0.0944362215151074,0.0536584161567098,-0.0132449614641271
"BIRC2","Fibroblasts8","magenta",0.0880639027362067,0.0394661465029342,0.0550172513984375,-0.0306651603033245,0.0339864558426727,0.0449896967932205,0.0644938238771664,0.0854408995986734,0.111685212490387,0.0295144849333624
"BLOC1S1","Fibroblasts1","blue",0.0846948827231919,0.247058980294358,-0.021328743620276,0.0195698992205302,0.107879637052528,-0.14887053937875,0.0363384868541319,-0.0288218963923026,0.00674450110457135,0.100953210691871
"BLOC1S2","Fibroblasts1","blue",0.0688637938576652,0.105757560242145,0.000925931910592337,0.0133837403964689,0.0260991720993188,-0.0198642565565804,0.0252599668744649,0.03993219804275,0.0538179312854548,0.0305554461446813
"BLOC1S6","Fibroblasts2","turquoise",0.211371395131425,0.0157722015223455,0.221292819592424,-0.00414620531316845,0.0970152768799132,0.137049697991378,0.0635362399249857,0.137500319355915,0.0890607249676958,0.0686152388493546
"BLVRB","Fibroblasts1","blue",0.0974453827330451,0.178455649178162,0.0318519991590395,0.0897650147536659,0.0470054572606952,-0.121688742171541,0.00905817287939062,0.00289632582234354,0.0403848974496909,0.0487486170053323
"BMP2","Fibroblasts2","turquoise",0.189776716276755,0.024041740065261,0.247586547914453,-0.108115505189329,0.195058077001244,0.0688471174146965,0.0226312164870079,0.0964458598569265,0.047959467670456,0.113435406014296
"BMP4","Fibroblasts3","green",0.0761163844298548,0.0599996843972949,0.0240194670096022,0.169105501542276,-0.0736996756593722,-0.000572143667731911,0.02434685932495,-0.0372622683443637,0.0240690567457763,-0.041317322704989
"BMPR2","Fibroblasts5","yellow",0.179273236438801,-0.0654459622314653,0.199996899301037,0.0517172508529217,0.00961300165764712,0.208003946443415,0.0536357403803791,0.130916959694724,0.0731598827061327,-0.000532102867287289
"BNC2","Fibroblasts5","yellow",0.0890987253704014,-0.113629890222384,0.110378401773506,0.125391044483337,-0.055388408360755,0.196691463666663,0.0204383963357364,0.0857998719552979,0.0403075315176576,-0.0708813696213982
"BNIP3","Fibroblasts1","blue",0.0997449543690951,0.151730695824367,0.0440894202034512,-0.0171704430344293,0.0848865250401292,-0.0499941711183211,0.015628491361153,0.0129612628011171,0.0224311136637238,0.0763399883207436
"BOC","Fibroblasts2","turquoise",0.177345063115549,0.0335327431524747,0.21622221947813,0.0850392616908834,0.140294654856965,-0.0447864581089712,0.0358739513334203,0.0133410641047836,-0.0270192358843659,0.079477185900996
"BOD1L1","Fibroblasts2","turquoise",0.297883262056105,-0.0718257588414801,0.398944602676275,0.0459041979269528,0.108674358867691,0.138983459882824,0.0449180686132386,0.118594493745463,0.0444919608796454,0.0355406905816185
"BORCS7","Fibroblasts1","blue",0.0971447627752391,0.114469888395664,0.013984928471464,0.0251213007870284,0.0605739775527489,-0.0185488811873719,0.0605882004131479,0.0632438174220201,0.0953261167451162,0.0747729538224497
"BPGM","Fibroblasts9","black",0.180640208207542,0.243366605700699,0.0917181896182984,-0.216121518457836,0.22862724620457,-0.0363240423959532,0.0380329662484847,0.07257230156258,0.0913305281011926,0.261628349398031
"BPTF","Fibroblasts2","turquoise",0.286013612756576,-0.0308923598398219,0.342550725972033,0.0632123012958822,0.0903230808797037,0.14576977850164,0.0597255996665066,0.139597361951965,0.0718903422035456,0.0358711784514915
"BRD1","Fibroblasts2","turquoise",0.16031668976354,-0.0421166284311832,0.210105725605047,0.0184518109582461,0.065177005990074,0.0732023817431517,0.0139990832546645,0.0652038455453618,0.0196134739565068,0.0325168489166504
"BRD2","Fibroblasts2","turquoise",0.225462026389139,-0.0153864855951592,0.29268729303757,0.0492489493968844,0.180335744968938,0.0734242542467195,0.0481404514760908,0.0687422040776463,0.0298404324615826,0.113720324970636
"BRD4","Fibroblasts2","turquoise",0.238088256912296,-0.00629961835013824,0.300808646506089,0.0180587256843633,0.145396724975377,0.0881529149223126,0.0607029922416303,0.0944985851113538,0.024318945948842,0.0848109473323871
"BRD7","Fibroblasts2","turquoise",0.182250582714239,0.0536870866159726,0.19954479878337,0.0386499030581785,0.0691517541197493,0.00398136996115699,0.0365052058761807,0.0700193503222782,0.0408633683876137,0.0288990248398949
"BRD8","Fibroblasts6","brown",0.0728620862714191,-0.010308493926337,0.0705486734885724,0.0378948211706786,-0.00516942903313489,0.0500360598279074,0.0426533671450293,0.0370683293894001,0.0240874369940045,-0.00809655791568331
"BRI3","Fibroblasts2","turquoise",0.273402064771056,0.129503689569237,0.330417206394666,-0.0125701363753669,0.172392504819151,0.00921601142538666,0.0210946775093142,0.153876080152881,0.125726575034511,0.0810399047859328
"BRK1","Fibroblasts1","blue",0.106319111965735,0.340475062183237,-0.0662408573226615,-0.0149259627892033,0.123994139564562,-0.112987989639717,0.0365009523914419,-0.00252631146626286,0.0529721946625638,0.148690747972794
"BRPF3","Fibroblasts5","yellow",0.107895374220951,-0.0665947327759307,0.147171659902804,-0.00270259343656364,0.0163619481523424,0.152948232072532,0.0214382398679973,0.0744921177275681,0.0281511051263145,0.00327524646241526
"BSG","Fibroblasts1","blue",0.0303626336671382,0.2516712020316,-0.130494301654364,-0.0154149394416061,0.0656920272275757,-0.165469991586444,0.0344446529344256,0.0305266013029888,0.0964521350977381,0.101133065989386
"BST1","Fibroblasts3","green",0.0232498629410675,0.00547150644280788,-0.0113349343740108,0.162254799292664,-0.0368691425240512,0.0241131788724652,0.00859884218926024,-0.0363949564833777,-0.0138661788311157,-0.0150436312302652
"BTAF1","Fibroblasts2","turquoise",0.123808531570025,-0.0239651330745807,0.165849486891723,-0.00325018682581083,0.0697599170065071,0.0434824186227798,0.0330695727093595,0.0461309793768287,0.00881302828367747,0.0251031113545024
"BTBD2","Fibroblasts2","turquoise",0.0982408343115835,-0.0386313210904252,0.137648097230948,0.0284757641976948,0.0139591884398899,0.12232120311404,0.0152599810497018,0.0659664155546126,0.0232214626911132,-0.00606838842983177
"BTBD6","Fibroblasts2","turquoise",0.144159433816088,0.000129886137870247,0.194992260322298,0.000527143338916892,0.0524121940221018,0.100388219606872,0.00242786002326353,0.0791716023571378,0.044059910398878,0.0131184765498671
"BTBD7","Fibroblasts2","turquoise",0.175716234261238,-0.0246455164168738,0.212009886945234,0.0339639688595615,0.0646468405319585,0.0691989526338496,0.0515723374400864,0.0900112435419296,0.0437195995439043,0.0265454867181044
"BTF3","Fibroblasts1","blue",0.147007238249206,0.339641808976504,0.0245176431624735,0.0289093891075898,0.153471734758121,-0.104324356381655,0.00566754756276829,-0.0459286457044026,0.0175115785697365,0.152526738599193
"BTF3L4","Fibroblasts1","blue",0.0910951082162141,0.131183768024836,0.010133879916191,0.0226923067976686,0.0412603158445612,-0.038177928997486,0.0578875063128713,0.0206785307669193,0.0457118979581241,0.053217835461782
"BTG1","Fibroblasts9","black",0.13653432731454,0.14149467295601,0.114738391759208,0.0100730929444107,0.294993122344196,-0.118566724182836,0.0347449713052454,0.00439305255955777,0.0068851971204869,0.342543248504221
"BTG2","Fibroblasts4","red",0.143728924474137,0.0285084402767445,0.165483846000582,0.101327804483283,0.268574087844586,-0.0303906544893172,0.0169944666941297,0.00708551954952654,0.0137133075521718,0.268889529150228
"BTG3","Fibroblasts4","red",0.152890352250232,0.145938449457368,0.138346115681244,-0.0912645807617166,0.301350863725801,-0.0797768880416298,0.0153911718032055,0.0652298035016771,0.0442207318144044,0.215718532193694
"BUB3","Fibroblasts1","blue",0.0840952168148344,0.0647708114460264,0.0163922656037195,0.0402653724476919,0.000645379903999091,0.029107143409729,0.041705696432768,0.0307338319835032,0.0440803685657572,0.0168836975739789
"BUD31","Fibroblasts1","blue",0.0961182303426192,0.18840994406525,0.0251399816200359,-0.00645319885530755,0.100609901316624,-0.114137177499521,0.024024414306402,0.0226603193975655,0.0455813392191841,0.078260316555531
"C10orf10","Fibroblasts1","blue",0.0187060258113065,0.143833506268435,-0.0342049198995121,-0.150943825725012,0.145945672360624,-0.118049288892477,-0.00330464888238875,-0.0190598797884131,0.0146472318243306,0.270036099064995
"C11orf58","Fibroblasts1","blue",0.104592953844659,0.219403681191474,-0.0293868067479961,0.039766680773851,0.051933713169828,-0.0696740472296644,0.0612389373105253,0.0163274650078827,0.0547928527007125,0.0772077763021332
"C11orf68","Fibroblasts2","turquoise",0.113588040650056,-0.0279010674728833,0.144613016734365,0.0292794148000054,0.00209262882506116,0.141813830028003,0.0112455790972253,0.0933139808052749,0.0559797946903612,-0.00914279981965561
"C11orf96","Fibroblasts2","turquoise",0.265365392293634,0.0725206730731419,0.434116981023281,-0.125101391535092,0.563432039261967,-0.100478145285784,-0.0297292184562431,0.0500199774527646,-0.0525080328147123,0.395413640736773
"C12orf57","Fibroblasts1","blue",0.1449948454791,0.360073947820031,0.0596276816582477,-0.0171340080424415,0.172799429792048,-0.251902189108766,0.0430406023920626,0.039866381012891,0.0988144306088915,0.133521071665812
"C12orf65","Fibroblasts3","green",0.0684398247628609,0.0144564742885665,0.0432344495475936,0.0857827080492485,-0.0330939640046963,0.04267624655306,0.0263251569756069,0.0245217988532713,0.0305034218024049,-0.0244422042758426
"C12orf75","Fibroblasts1","blue",0.0830729749273083,0.246074188411794,-0.0105104153207594,-0.144463243097249,0.0620372726823528,-0.0765428862981083,0.0482336266872034,0.0726421268235792,0.089070355162183,0.0427704724051137
"C14orf2","Fibroblasts1","blue",-0.0337985534580325,0.297255303152072,-0.199691555061388,-0.0605811204836381,0.0330240953627599,-0.188588162239681,0.049572286526338,-0.0268698140895362,0.039442411459996,0.0591924163183354
"C15orf61","Fibroblasts6","brown",0.0349154443139317,0.0859879573981573,-0.010400944089749,0.078569214209522,-0.0187006537955127,-0.0504633029953191,0.0346825298974175,0.0212123816557871,0.0470006155748653,-0.0101388862519984
"C16orf52","Fibroblasts2","turquoise",0.169400275253273,0.0129005112397305,0.220331458632926,0.0127052421644949,0.115948864207252,0.00796244856596194,0.0216630888340588,0.0557344118197411,0.00843236338847713,0.0557404645240122
"C17orf62","Fibroblasts1","blue",0.0669978170220427,0.0871675167157651,0.0244303023694873,0.0101144366910686,0.0529167866634343,-0.0423165052244921,0.0336902950857331,0.0337395512126385,0.0322437640846362,0.0560419355735531
"C18orf32","Fibroblasts6","brown",0.0183379029207025,0.0732014263205198,-0.0358933508269867,0.0282420947158443,-0.00850467824430316,-0.0474519395109981,0.0694719018853759,0.0047382726649775,0.0199817965033319,-0.000513083115367415
"C19orf48","Fibroblasts1","blue",0.0128641551778012,0.0786292449485924,-0.0356335757032632,0.00854050856208168,0.0117066198894041,-0.0538642288080393,0.0136980128801259,-0.0114871677713369,0.00675947724287485,0.0206461493764979
"C19orf53","Fibroblasts1","blue",0.142931504541994,0.288412782172681,0.0544671290549614,-0.066900801642,0.165418855065462,-0.137680113239501,0.0433830239051877,0.024464142610416,0.0512254946939149,0.128304835788093
"C19orf70","Fibroblasts1","blue",0.0610318734847283,0.271849436140589,-0.0550422841331209,-0.0156326419151302,0.0887900374030015,-0.171717545497235,0.0277211927432456,-0.00618559253313744,0.0348938172222203,0.0931928147887817
"C1QBP","Fibroblasts1","blue",0.119127043821545,0.209836586650913,0.0580882930583791,-0.00521379344768913,0.136879256967139,-0.11458432737759,0.021995539928834,-0.00629216679199637,0.0138831142008693,0.106728289771717
"C1QTNF1","Fibroblasts2","turquoise",0.11917324710968,-0.0254233191372023,0.157497548957022,-0.00467451459810182,0.0664798850092052,0.124830266528011,0.0226000435120776,0.0694806602504578,0.0262063398345828,0.0350508189057524
"C1QTNF2","Fibroblasts1","blue",0.0197056629345683,0.0914088771733158,-0.0745392999213139,0.0702915739680759,-0.0583068156220153,-0.0146302071186123,0.0250992863275475,0.0769889344828644,0.133510131712813,-0.00259140464727304
"C1QTNF6","Fibroblasts7","pink",0.122359189610309,0.0364717794318575,0.0920726544521576,-0.11900497388541,0.0378700820800017,0.152926598024938,0.0413303290161244,0.258201958026183,0.177866368952479,0.046698627090097
"C1R","Fibroblasts2","turquoise",0.147968406974044,-0.0578189906331852,0.222193734085486,0.0922454485823489,0.193819915654287,0.0939680610117811,-0.0950409662519764,0.106206093398053,0.0299175676588284,0.23683252554678
"C1RL","Fibroblasts2","turquoise",0.142515639295793,-0.0132125957875999,0.177598609255529,0.00249784098621652,0.118264279693114,0.059669247531768,0.0259182555159108,0.0447311332772966,-0.00565351862177645,0.0994636590817948
"C1S","Fibroblasts9","black",0.00261844540606802,-0.0640087785610094,-0.00153555355494959,0.0486640027885112,0.120432428434307,0.087333904721256,-0.0493430166174739,0.0821160786114154,0.0289060870183175,0.27268607062205
"C1orf132","Fibroblasts2","turquoise",0.106324949310875,-0.000131888143881626,0.141535085972516,0.00437384816585932,0.0874410902936332,-0.0273551137553233,0.0216302888471618,0.00501124072506444,-0.0138114143432472,0.0437324997422447
"C1orf56","Fibroblasts6","brown",-0.0969860222743945,0.0366474565131764,-0.148460275896081,-0.0194258853108149,-0.0637914202769391,-0.100177854666247,0.378953973632752,-0.0423198307933995,-0.00686433005673203,-0.0518711601791611
"C2","Fibroblasts4","red",0.143399618825926,0.0673632381101519,0.154106708457649,-0.0272479547272364,0.218695745497798,-0.0105731506070782,-0.00833441701035039,0.0499579167233237,0.0172313188606346,0.192470434127496
"C20orf27","Fibroblasts1","blue",0.0444075640656252,0.090761385067467,-0.00817002613694381,0.0203711253766331,-0.00221496983025866,-0.0383450548334716,0.0241521159812306,0.0055080770008156,0.0414971259806929,0.00523609739972548
"C22orf39","Fibroblasts1","blue",0.0292976836697709,0.0966839858897268,-0.0245980136322895,0.0157230100831876,0.020110862439926,-0.0437275973243279,0.0164471045743664,-0.00994462862678122,0.017058735493756,0.0357067221676574
"C2CD2","Fibroblasts2","turquoise",0.122913515072672,-0.00937966466161811,0.154322794787165,-0.0182981356302599,0.0947309407905565,0.0344513226783051,0.0284809820652827,0.0398886173117663,0.00308787652552629,0.0567606691769924
"C2orf74","Fibroblasts1","blue",0.0390516641949311,0.11237380827195,-0.0290245344578733,0.0329565119822243,0.0163540468412587,-0.0679189953047944,0.0148237590339703,-0.0103648972669148,0.00815717605564559,0.0288922994342989
"C2orf76","Fibroblasts1","blue",0.0021095511881932,0.0959906581693296,-0.0627173627794239,0.025908878969639,0.00595703567806881,-0.0625970611877611,0.00387590942287873,-0.0158036961495267,0.00794093373036213,0.0221058880562074
"C3","Fibroblasts2","turquoise",0.129977594685119,-0.160778557321336,0.248407084611471,0.153465329134933,0.126277803472922,0.174515306007783,-0.0455300452051596,0.0320310331506867,-0.0895550941687122,0.0793941835708149
"C3orf58","Fibroblasts7","pink",0.10256114538768,-0.0416095655129471,0.116902396490559,-0.00361709193727741,-0.0254357159483897,0.146520514949935,0.0440252693634081,0.226287555311196,0.150245000050545,-0.0386814403785844
"C4orf3","Fibroblasts1","blue",0.140744224366493,0.266533294932618,0.00989921720139708,-0.000270660656404033,0.0981530856837917,-0.0439297992106868,0.0575725492913686,0.0621456877594096,0.0907118139173432,0.111557617782627
"C4orf46","Fibroblasts8","magenta",0.0247192691004994,0.025316083736503,-0.0214658467535459,0.0246732952229785,-0.0202403619595696,0.0321248871108888,0.0431520235132993,0.0452436933238511,0.114713887009204,0.0185116161588063
"C4orf48","Fibroblasts1","blue",0.0494603543814455,0.253842121422263,-0.0458735554787226,-0.113479809396154,0.0882574680447354,-0.171054906381696,0.0351025657112774,0.0553023490696749,0.0824358013579384,0.0687735308496199
"C5orf15","Fibroblasts1","blue",0.0713469101659952,0.108816081434272,-0.0177780121093554,-0.0252291797639955,0.0712526154851713,0.0179422004025515,0.0463538487305373,0.0961865487160947,0.097689245998471,0.120783573164147
"C5orf56","Fibroblasts6","brown",0.0132273058928,0.0740283020865441,-0.0363502107408685,0.0374488187793587,0.00520873481117463,-0.0634707733318374,0.0664702955023229,0.000590688147028669,0.0310936541837622,0.0262322222654046
"C6orf106","Fibroblasts2","turquoise",0.138299254936103,-0.0114179831141599,0.173166650281284,-0.0111864985184691,0.0678825219341218,0.0944961002146681,0.0332026086518593,0.0699297430983585,0.0292107543719503,0.0241684947459205
"C6orf48","Fibroblasts1","blue",0.0237749733972576,0.15436086800774,-0.088556970916019,0.0731435707187281,-0.0574955165451675,0.00233432305584059,0.0252261056134988,-0.00245764501937035,0.0601622737832075,-0.00781767028845752
"C6orf62","Fibroblasts6","brown",0.12240015622803,0.0604787693728599,0.078973995370047,0.0161559738096756,0.052251395286278,0.0186744202696327,0.14580295653675,0.0801963529426343,0.0683216841839655,0.036187394974937
"C6orf89","Fibroblasts2","turquoise",0.219512030379487,0.013454367587991,0.241204691262032,0.0726520905699324,0.0756090077374179,0.129243477466356,0.0464223128755657,0.130117168775797,0.0861822885549099,0.0490657799930593
"C7orf50","Fibroblasts1","blue",0.0350287721932335,0.134047643387049,-0.0503908506721758,0.0394719569173528,0.00647803321445014,-0.0457301157161858,0.0322714048844799,0.00659680292553458,0.036393454758182,0.0395650482316725
"C8orf33","Fibroblasts6","brown",0.0430366741331249,0.0634968450798131,-0.00233736163654814,0.0291579103911391,-0.0185710289723324,-0.0050999182233089,0.0722479319934712,0.0239605786655481,0.0336268515900439,-0.0100248988005084
"C9orf16","Fibroblasts1","blue",0.111303427153176,0.310731095926486,0.0114675168690503,-0.0888415346663676,0.141748759447302,-0.17567864297102,0.0369614565345653,0.0578450670010048,0.0842652222898915,0.109508786238911
"C9orf3","Fibroblasts1","blue",0.1329898493834,0.179700860847109,0.0607145900064762,-0.0166884344559854,0.0598034633642872,-0.0908510829949319,0.0424937090667283,0.0552339442814858,0.097488340786362,0.0514710153225851
"CA11","Fibroblasts6","brown",-0.0166990097511079,0.0384234990425159,-0.052351008298442,0.0385705229281683,-0.0283615231717463,-0.0391515029558535,0.0303089292473539,-0.0190151891667424,0.00763806399816747,-0.00764592314367089
"CAB39","Fibroblasts2","turquoise",0.181179051216099,-0.0089831200126075,0.218300073562718,-0.0506600534662597,0.115591486607597,0.127433315221119,0.0410765849089985,0.0835066069927041,0.0316625471171356,0.0759670204609803
"CACNA1C","Fibroblasts2","turquoise",0.138119968715505,0.000656150911344517,0.188320448095568,-0.0461277910140456,0.106452576496176,0.0134048498084715,0.0235097002180632,0.0819917093494241,0.0338781220103554,0.0505227366618863
"CADM3","Fibroblasts3","green",0.0344413728326575,-0.0821906701808708,0.0221070817438467,0.291138863350653,-0.069134368791699,0.115727619525846,-0.00937146370632033,-0.0015747979305273,-0.0247050026102454,-0.0477166464549913
"CALCOCO2","Fibroblasts2","turquoise",0.210363332548131,0.0285199066448856,0.21732759285799,0.0322175301107381,0.0794229387668851,0.0769555401403751,0.0544298871001916,0.0946916432068022,0.0780491546968538,0.0576534119044272
"CALM1","Fibroblasts2","turquoise",0.298561328475481,0.11538859571598,0.280652715218635,0.0936076294701624,0.136692853637777,0.107542693344603,0.0481527355659251,0.0893470892975097,0.0718663985242695,0.0951947429983572
"CALM2","Fibroblasts1","blue",-0.0622352667711577,0.362435755506398,-0.316801859164755,0.0279439662947556,-0.0718997236310224,-0.196968435643404,0.0539138177368883,-0.0740731727012025,0.0624436209709255,0.00512939672575312
"CALR","Fibroblasts4","red",0.227851239997206,0.18247720214532,0.224665786606178,-0.0335652991396355,0.281498542522705,-0.14744349741889,0.127707582680078,0.0609143465001988,0.0427727310845065,0.181321716998901
"CALU","Fibroblasts7","pink",0.303338948748586,0.0688561208632135,0.270842269325449,-0.104542141144635,0.158249800070465,0.231956394322535,0.0864186190319713,0.409546377098116,0.25013361425821,0.130209442969701
"CAMK2N1","Fibroblasts2","turquoise",0.208391155828833,0.00208107246238783,0.236692609778138,0.0460427554298848,0.078247471172127,0.122428301645197,0.0429857650097732,0.0764794559484926,0.0470216238361698,0.0395387724185623
"CAMSAP2","Fibroblasts2","turquoise",0.197215215073922,-0.0516676250761477,0.240336192631037,0.0236971555549041,0.0447979088499009,0.137163099763706,0.0563467042669038,0.116405758317062,0.0538590030938967,0.0016893304425232
"CAMTA1","Fibroblasts1","blue",0.0528922989860403,0.195817091556009,-0.042523959869495,-0.0587934920698115,0.0556436202888249,-0.0643782566096837,0.0352117389823309,0.0277866939040139,0.0628658245199128,0.073159558069804
"CANX","Fibroblasts5","yellow",0.266285000496107,-0.0509341226832369,0.298877717949962,-0.000129722518698573,0.0652326857722412,0.278866398409943,0.0540336992063914,0.170204668693403,0.0970808242990218,0.0377309739147094
"CAP1","Fibroblasts1","blue",0.167112422907325,0.208238002078396,0.0721748388503434,0.0160797952305558,0.14521299864616,-0.13282266139118,0.0466784655060548,0.0243214239407485,0.0274408270890999,0.127218297259311
"CAPG","Fibroblasts1","blue",0.000372708247204073,0.128716244567947,-0.101130498525603,0.030926592659898,-0.0602843981063354,-0.0210876014119358,0.0172786827402211,0.109137753297206,0.154789411715979,-0.0373010849445844
"CAPNS1","Fibroblasts2","turquoise",0.227852921082947,0.0200775884369176,0.266591330523423,0.0452598104099673,0.0690016208566746,0.16519527644046,0.047807450952303,0.119490778941943,0.0532877303559125,0.0387237833040662
"CAPZA1","Fibroblasts1","blue",0.058257444549849,0.0935250909209026,-0.033439072025118,-0.0210728211861718,-0.00310052239293095,0.0374003161190188,0.185914729022527,0.0519577962435235,0.0577926354819948,0.0355356107182184
"CAPZA2","Fibroblasts1","blue",0.0461570855588883,0.196361069661851,-0.103010807495994,0.0185807808499768,0.0448038800768211,-0.0904584724742654,0.0686723518534954,0.00658992179052976,0.0565268160631529,0.0874294346888314
"CARD19","Fibroblasts1","blue",0.00707603533628838,0.153220406898816,-0.0770442960438539,-0.040634127395324,0.0386718881974439,-0.107095184030329,0.0253213293851494,0.0113538909328278,0.0583049966538084,0.0553545180457747
"CARS2","Fibroblasts2","turquoise",0.13657601073878,0.0486648794049201,0.178155608916626,-0.0322856904770964,0.110205988730225,-0.0202234604728779,0.00951426968099393,0.0657366751528908,0.0329175080824807,0.0654467477347215
"CASC4","Fibroblasts7","pink",0.161000163226658,0.00785900656388961,0.140859518333124,0.0352112110230956,0.0139006446520254,0.102838425160209,0.0606420406965096,0.196467299543562,0.138190559346909,0.00629178021976814
"CASK","Fibroblasts2","turquoise",0.179818324684057,-0.0453133555610793,0.223603741623161,0.0611801367089917,0.0277472440649443,0.124943585314207,0.0557082702210295,0.13737483882763,0.0725296154293871,0.00854136717971302
"CAST","Fibroblasts2","turquoise",0.295525224452307,0.0578316582129328,0.291037175977175,0.111199219447498,0.058676343913317,0.100414216484932,0.0951584304602838,0.123739893639977,0.0964940419264075,0.0298474340127259
"CAVIN1","Fibroblasts5","yellow",0.101298468860669,-0.396065968634909,0.219061575979132,0.028506248628684,-0.216689291064282,0.814159204594852,-0.000826426642830135,0.189205207311442,0.0792991536972411,-0.156443557578765
"CBL","Fibroblasts2","turquoise",0.11478948875987,-0.0266943871990648,0.146876458479384,-0.00532604245617263,0.0389217369111347,0.0821778180712122,0.0140431340331468,0.0457383833271858,0.018612154578904,0.0136865256967062
"CBLN2","Fibroblasts9","black",0.00801767216212309,0.0369313201649631,-0.0349148477624771,0.0148247264391634,0.0184130921960752,0.0223795476525959,0.00729513012104256,-0.0105915889283313,-0.0272190078301149,0.0940431435997541
"CBR1","Fibroblasts1","blue",0.0965980094409417,0.139375938469536,0.0144342708117161,0.0638703641043498,0.0341757779880628,-0.0599545437349827,0.030850982376075,-0.0058268154002244,0.0201282434189592,0.0377838941816449
"CBR4","Fibroblasts1","blue",0.0242362086029334,0.0425229393192584,-0.0198286944450036,0.0131837034283322,-0.0054739523721497,-0.0251462918524288,0.040286250685849,0.00775111313263127,0.0174049330912531,0.00471686036300393
"CBWD1","Fibroblasts6","brown",0.0155031343504752,0.0361129638815087,-0.0368131437693666,0.01322575583835,-0.0130552826549801,0.00779784926181006,0.0513622827593919,0.00875424286386918,0.00113005433644212,0.00518748317943706
"CBX3","Fibroblasts6","brown",0.14486770934927,0.0778659276114619,0.0989861450800878,-0.0488111630786921,0.0442420949214362,0.118922827379899,0.100737783791812,0.101022339871109,0.0687378334627903,0.0384463093106429
"CBX4","Fibroblasts2","turquoise",0.148223113847635,-0.0277471523490936,0.211767319008811,-0.000619518971851011,0.111398703566457,0.0814013328996817,0.0137601165404456,0.0569693632827851,0.00983156469565528,0.0769112314422095
"CBX6","Fibroblasts6","brown",0.0605848245557253,0.0807449720577497,-0.0158832956514799,-0.0085493062170145,0.00904366394142573,0.00575165496177227,0.320647997894737,0.0312529495628088,0.0714669765603175,0.0531521849296688
"CBY1","Fibroblasts1","blue",0.065017145260699,0.119256703268448,0.00112120843707987,0.0383196360025281,0.0392431718261029,-0.0489824134149433,0.0199305559577986,0.0151192267232178,0.0239400242099148,0.044557217949119
"CCAR1","Fibroblasts2","turquoise",0.2031219025771,-0.0136815280661855,0.234157688386098,0.000810257995508163,0.0951184087738201,0.138926549485438,0.0258616116207286,0.0864324816714561,0.0301787808110659,0.0588117736309697
"CCDC115","Fibroblasts1","blue",0.0254488999003656,0.122749211617125,-0.0726910197310039,0.0658239795791091,-0.0266404598507594,-0.054720221025285,0.00897759980027846,-0.0038151829836433,0.0280420130239553,0.0239903825415434
"CCDC12","Fibroblasts1","blue",0.0681607190406842,0.103812117805006,0.0193759100770067,0.0137102523085183,0.0521627529587462,-0.0617912448631729,0.0184758937739566,-0.0018987868771946,0.021615426931331,0.0388381550556392
"CCDC124","Fibroblasts1","blue",0.0540706118933585,0.174921897076686,-0.0355130900908428,-0.00479109146843255,0.047860428933867,-0.0885371860459961,0.0353276849950606,-0.00345921837272195,0.0324325169683631,0.0536908838682707
"CCDC146","Fibroblasts3","green",0.0330636806346587,-0.0429520276560455,0.029923790436015,0.197739956106961,-0.0678356017013081,0.04498757990843,0.0131986473615079,-0.0211242759815176,-0.0282951986239607,-0.0571748233600844
"CCDC167","Fibroblasts1","blue",0.0485092366230164,0.106806669130376,0.00116010104456661,-0.00421570547168642,0.0239714769845692,-0.0526192129788455,0.0163881898679073,0.0221212596045694,0.0349621577847768,0.0173676258763955
"CCDC186","Fibroblasts2","turquoise",0.204323676724311,0.027427248641385,0.21015757148721,0.0159705627278973,0.0650153984335683,0.0697987317549688,0.0678833477038708,0.108659877839939,0.0876701805829363,0.0372713189124388
"CCDC28A","Fibroblasts1","blue",0.0215696247711508,0.0607227007309312,-0.0324166600385237,0.00595044142318405,0.000689575383858151,-0.00822409941077774,0.0135225619624714,0.0169050913119591,0.0341798065637239,0.0259111878489763
"CCDC28B","Fibroblasts1","blue",0.0496565204473288,0.122313652720219,-0.00613217229489969,-0.00580151770498692,0.054439927367071,-0.0579867967349978,0.0300412473237917,0.0297677335360073,0.0502758928732466,0.0717882561322858
"CCDC47","Fibroblasts2","turquoise",0.19784733827201,0.0161273133683626,0.22081197596665,0.0263504387024138,0.102401094715898,0.0771700237242916,0.0383834725008716,0.0753495671708083,0.0451750884062004,0.067607320560524
"CCDC50","Fibroblasts2","turquoise",0.188422317469075,0.027713884212136,0.192142911957822,0.0627679399676447,0.0720041564858461,0.0541110189087279,0.0414598305686573,0.0581928080080295,0.0346910803032652,0.0493530559810347
"CCDC66","Fibroblasts3","green",0.0567965658545169,0.0597487216194985,0.00878916550714507,0.0850462865972317,-0.000901526735505947,-0.0387447645770048,0.0201778227741387,0.00569665174770036,0.0143981183290226,0.00807577454977633
"CCDC71L","Fibroblasts2","turquoise",0.171284570658285,0.020289782000361,0.2538226590479,-0.060926038615485,0.254085740299443,0.0103283679699594,-0.0164151445062796,0.0316246556564921,-0.0254152419405746,0.187476906606604
"CCDC85B","Fibroblasts1","blue",0.143397954516291,0.27836932493302,0.0575222741819525,-0.0580077397357112,0.166920590109878,-0.19406491040046,0.0206587851519265,0.0130968296455886,0.0524008717864731,0.107007891839567
"CCDC88A","Fibroblasts5","yellow",0.169290553895649,-0.0971211761863434,0.211072954222052,0.0404154248546565,-0.01084356141261,0.238013624332792,0.0276928769301697,0.137547723389205,0.0808917871517488,-0.0144983354786657
"CCDC93","Fibroblasts2","turquoise",0.125153582570455,-0.029693602354954,0.149285590054962,0.0472434689957,0.0280463060221564,0.0690478983483622,0.0201235698297348,0.0508491131981779,0.0293573059945281,0.00556333130696242
"CCL2","Fibroblasts1","blue",-0.0438629489201821,0.15930309851374,-0.0878748048611847,-0.0333180094654855,0.289657925934302,-0.204410649159963,-0.0176267196482683,-0.141082978154618,-0.123414376050276,0.31750578038329
"CCL21","Fibroblasts1","blue",-0.0442230799973343,0.0430203496944542,-0.0978890959254863,0.0154461607231962,-0.0148939651267124,-0.0570779036601036,0.0213754558405804,-0.0526020990530363,-0.0294784023433218,0.00874282330846215
"CCNC","Fibroblasts1","blue",0.066637594667078,0.105020983008135,0.00997527097013393,-0.0136566513227882,0.0639946195445245,-0.0443661351492033,0.0367806818731436,0.0133524672672868,0.029008774852595,0.0624288824503114
"CCND1","Fibroblasts2","turquoise",0.276632224580794,0.138488461783671,0.282872134281476,-0.0720782498194916,0.182225750137111,-0.00206629360265866,0.0709682329257149,0.151156742493139,0.105061326955581,0.0933001330135758
"CCNH","Fibroblasts9","black",0.0685708068767651,0.0490024360992546,0.0517182785072764,0.00112251433083201,0.0649858810877953,-0.0129042489985045,-0.000187056242960951,0.021439328196201,0.0186868120925288,0.0776468132476632
"CCNL1","Fibroblasts4","red",0.203414087712378,0.0557314314655078,0.236273118600569,0.0161634579733933,0.345573048505196,-0.113024444858134,0.0158032234665075,0.0057768735353384,-0.011341701627341,0.300266633355548
"CCNY","Fibroblasts2","turquoise",0.17474321339776,-0.019793613054898,0.20705591380685,0.026338386415091,0.0454394255801047,0.141956123401172,0.0389182139483535,0.122956925488644,0.0805668035535233,0.0217747302860268
"CCT2","Fibroblasts2","turquoise",0.186342345983421,0.018048110981649,0.213380350668938,0.00715157307145516,0.10112483556079,0.0880566255445895,0.0208189499981838,0.0562191984475543,0.0186111032864106,0.0462463916677551
"CCT4","Fibroblasts1","blue",0.0956773606884125,0.13781454582982,0.0317362308655011,0.0117348866385748,0.0906094548243086,-0.0638945263437162,0.0131873797959048,0.00363092564553601,0.0169930201555753,0.0707000807061283
"CCT5","Fibroblasts2","turquoise",0.185628621577045,0.0781333204532043,0.186120652350828,0.0242267524094689,0.134313478274975,-0.00338015774736668,0.0283245425755175,0.0420355095993779,-0.00455984366292313,0.0816556342756425
"CCT8","Fibroblasts9","black",0.125395041402265,0.116416760488695,0.0754191338679909,-0.0117416645237653,0.0993286281134176,-0.015897183846297,0.00918804541919757,0.0341500174745487,0.0282115277838888,0.0937126852461685
"CCZ1B","Fibroblasts1","blue",0.00535458965049944,0.0685305323463793,-0.0358270918096436,0.0031412290628314,0.0044274916621141,-0.0437522236620474,0.0140150264164598,0.00341345653514402,0.00412200488354534,0.0104980385129548
"CD109","Fibroblasts7","pink",0.147884052300625,-0.0286043295260765,0.142803378745965,0.0469328465410489,-0.0542747376552259,0.151077353319191,0.0445623492553718,0.188844100932105,0.140354978237887,-0.0490053913452597
"CD164","Fibroblasts1","blue",0.103071687442136,0.105348031049744,-0.0173203903223983,0.0424777365107501,0.0115464530571574,0.0296644090097137,0.0881874943376971,0.0908317698901882,0.109637642070158,0.0633080064643734
"CD248","Fibroblasts2","turquoise",0.207409279665066,-0.0470790178652803,0.25907080838037,0.111665986141502,0.0737457386034886,0.169349516064317,0.0226152719486643,0.109232685595281,0.0328711379737111,0.0637105832804949
"CD320","Fibroblasts1","blue",0.0257847550096627,0.0847363864188503,-0.0350558785531007,0.0635027319729287,-0.00232664008690306,-0.0552892076430006,0.028097490988362,0.00109564931174579,0.0300217031698524,-0.00930564407910402
"CD34","Fibroblasts3","green",0.00267644468141267,-0.110229943960734,0.00180955196569453,0.322177950883045,-0.120388057045239,0.144642676762821,0.00899525675758907,-0.047671633391383,-0.0488011516848109,-0.10809443893352
"CD44","Fibroblasts4","red",0.167534374889356,0.0719546477604006,0.209743803261304,-0.0554688493489438,0.405332407366958,-0.0927876129835795,-0.00814018294737686,-0.0474037014540786,-0.101965051910924,0.274545668307378
"CD47","Fibroblasts6","brown",0.0407296329878998,0.0523316316413683,-0.0427991702295714,0.0876545817306446,0.0122819265751683,0.00630717764344125,0.222019162400032,0.0434352988840162,0.0514790528261409,0.0519594884974213
"CD59","Fibroblasts1","blue",0.130674621435672,0.215832218321344,0.00133028104201263,-0.0576622220817968,0.139006802833811,-0.00606468223673249,0.00203665107689025,-0.00178385819648946,0.0230182137683228,0.151179136252236
"CD63","Fibroblasts4","red",0.149070111887862,0.250829540445397,0.0791540898134609,0.0651110614714622,0.266636714932449,-0.137417689358858,-0.048508538526925,-0.0194023306782742,-0.000124954254615523,0.244146898264426
"CD68","Fibroblasts1","blue",0.0636530326640989,0.170567779353564,-0.020307433876524,-0.0618356523247582,0.158915270037593,-0.0980404425539361,0.00991003245046416,0.0159243151949214,0.0391336629390912,0.176920467196263
"CD69","Fibroblasts6","brown",-0.0606966533320343,-0.0128187505084565,-0.0733600277392707,-0.0198915963497046,-0.0511748772133636,0.010617718956549,0.0682878715520183,-0.00547411402195043,-0.00444629198941988,-0.0307662659331803
"CD74","Fibroblasts9","black",-0.0630750140779443,-0.013037310548965,-0.105538805878531,0.0249952525950385,-0.0149292079257201,0.0493889667805868,0.0341230012912173,-0.045843430111323,-0.0631673975756866,0.0711588311253374
"CD81","Fibroblasts2","turquoise",0.379093068105705,0.00372113303691407,0.560766911459585,0.146167936704165,0.244275573557534,0.0280576093422788,-0.0443829724102752,0.0747255865889097,-0.0151506031680114,0.100425830058466
"CD82","Fibroblasts9","black",0.197030688428101,0.132584522723425,0.174739271740441,-0.137996505825787,0.29259107961398,0.023425273685906,0.0181995088674512,0.0459251699733405,-0.0162464867393499,0.296321144382593
"CD9","Fibroblasts1","blue",-0.0294605859525348,0.25687445796727,-0.19775980751945,0.119768629732966,-0.0682992239821591,-0.233819360812091,-0.026692884812916,-0.0345750525464417,0.144300925009467,-0.0145633445952157
"CD99","Fibroblasts3","green",0.120867997450397,0.0414829439780247,0.0609056910162439,0.216310333488441,-0.106381525173539,0.194770434224226,0.000708940764910519,0.191882520847088,0.204490110874413,-0.0332337130538054
"CDC26","Fibroblasts1","blue",0.0740726992687702,0.192963593879807,0.000828684849719278,0.0148678131675183,0.100463005036496,-0.120049749731273,0.0238497502502493,0.0158678362049976,0.0474419873548144,0.0895272094340221
"CDC34","Fibroblasts2","turquoise",0.0822742259204,0.0346640987752396,0.112986776226863,0.00461567551859446,0.0654064410864142,-0.0233898757353093,-0.0048376160391824,0.0177603145782185,0.0034272502175615,0.0260251270055269
"CDC40","Fibroblasts2","turquoise",0.175219036989877,0.0325158714891713,0.191418910861222,0.0365381157444401,0.0953361286048528,0.015075391184005,0.0398390352569827,0.0478607487273613,0.0195446048393684,0.0604150737920234
"CDC42","Fibroblasts6","brown",0.0598858912698232,0.06620552666235,-0.0273535481202635,0.0447591883077774,-0.0673496884121918,0.0745755066761571,0.379051499032025,0.0631703459741542,0.0860207495771398,-0.0210830216441575
"CDC42BPB","Fibroblasts2","turquoise",0.183584032217003,0.016300981170443,0.217154040274025,0.0241208240503413,0.0870099127032568,0.00446021033229646,0.0409122355997993,0.0871754761354975,0.0563025850488831,0.0306111023328877
"CDC42EP5","Fibroblasts2","turquoise",0.217005590485467,0.136792227446512,0.269998711786205,-0.0501477585957381,0.223143842399674,-0.0692486693348572,0.0258903049550824,0.0889604333393019,0.044976726780075,0.125136084993277
"CDC42SE1","Fibroblasts6","brown",-0.064863707256701,0.0345470628905244,-0.106515809888283,-0.0422681992001043,-0.0385995223858826,-0.0956036935985632,0.414549626412476,-0.0235402311416714,0.00801464624397202,-0.0384011700625531
"CDC42SE2","Fibroblasts6","brown",0.0541858571196145,0.0423576344079644,0.0244928011878318,-0.025363473209634,0.0386765553981403,-0.00887018831022722,0.137252521516382,0.00914893871966225,0.0230518763975153,0.0371799808271751
"CDC5L","Fibroblasts2","turquoise",0.182074324566184,-0.0117520642838893,0.207199742255385,0.0390697741316428,0.0601247073977316,0.125496538614985,0.0269690139006469,0.07934169370943,0.0413155937263614,0.0295055824628482
"CDH11","Fibroblasts2","turquoise",0.298806463292662,-0.081467479468733,0.37171307454271,-0.0508060791003857,0.112533290533603,0.259293289781049,0.0529826201334359,0.267632018366497,0.143940307027285,0.0776901672626394
"CDK12","Fibroblasts2","turquoise",0.161607264986241,0.00934513831737837,0.176393816502281,0.0169024450187351,0.0680235234523312,0.0466861558087509,0.0408555553167333,0.0726141478872581,0.0377715071398912,0.034363932545618
"CDK13","Fibroblasts2","turquoise",0.154169423591296,-0.0501336747688653,0.204534404970606,0.027131094748495,0.0447416246309539,0.090818072452907,0.0303462860050898,0.0684878855283773,0.0376606242310753,-0.00309192430854859
"CDK14","Fibroblasts5","yellow",0.154238186275524,-0.086881391235797,0.188354262996687,0.0392947010741649,-0.0149942260351254,0.227734778686233,0.0282135879826129,0.152678633422686,0.101108902327217,-0.0187265174055247
"CDK2AP1","Fibroblasts6","brown",0.0171069990064791,0.0788072055487621,-0.0546599944513328,0.000359393372720309,-0.0271401951614754,-0.0219434305246937,0.0558302674495599,0.0415533100229724,0.0675693796394288,-0.0146772758422861
"CDK4","Fibroblasts1","blue",0.114820819714141,0.189243591196554,0.0355655400171823,0.0113159800337248,0.099057407706393,-0.115638720108487,0.0210195160160057,0.0234498784120614,0.0433486467247133,0.0831077946388032
"CDK5RAP2","Fibroblasts2","turquoise",0.160013172217215,-0.00705329779689159,0.194330750485339,0.0188481864011148,0.0430297054162503,0.0582029665587718,0.0126583501234262,0.0797595179069346,0.0457767617327773,0.0188172113383355
"CDK5RAP3","Fibroblasts1","blue",0.0141413742946089,0.0857975221195611,-0.0419597794466165,0.0437011990933173,0.0107438604274068,-0.0949020114237712,0.0226858133439603,-0.0107852282296901,0.0163778083457292,0.023215671478854
"CDKN1A","Fibroblasts9","black",0.114211948262455,0.121200006557672,0.108431529512062,-0.0966598022799385,0.303228783565023,-0.0666762678282978,0.00573902352108036,-0.00154358512817944,-0.00303329778588529,0.377333473497066
"CDKN2A","Fibroblasts1","blue",0.0350844185634084,0.101564349871046,-0.0137633452540375,-0.0367690247382497,0.089281879762149,-0.0404902619870643,0.0106827844843639,0.0371964428167035,0.0374049024560331,0.110167478181762
"CDO1","Fibroblasts3","green",0.0166226898538245,-0.0356308362991918,0.00495588213369157,0.16843960515655,-0.0419853481252406,0.0272323699874532,0.00410465529697067,-0.0141570566012586,-0.00986835016204487,-0.0477658070092986
"CDV3","Fibroblasts2","turquoise",0.282238117933707,0.0328304847177469,0.355967731345267,-0.0381603298941466,0.1903742363655,0.0743342857754038,0.0520706618696904,0.109908441554116,0.0417412358852241,0.0993225506602295
"CEBPB","Fibroblasts4","red",0.202731615944015,0.209601315204563,0.231135310374974,-0.189455542033701,0.472088344219603,-0.170084514603925,-0.00442384322416046,0.0224732342365249,0.00898458465535829,0.409516916379749
"CEBPD","Fibroblasts9","black",0.137677733155595,0.248441355141419,0.12198392188497,0.00262339013503694,0.388887949877476,-0.261427908446298,-0.0357326680501654,-0.0902231164942348,-0.0567090997086568,0.479354759741289
"CEMIP","Fibroblasts2","turquoise",0.0830150922080656,-0.0195010503929314,0.163366459723586,-0.0667320031959248,0.155810968368931,-0.0240591483740821,-0.0253685718551209,0.00106970375535214,-0.0522945587951043,0.0564365863147945
"CENPB","Fibroblasts2","turquoise",0.159680691227146,0.00242567609876559,0.19720439225921,0.00235142227827787,0.0527420271451672,0.0871807102448241,0.0293883450520916,0.0675472007731534,0.0287777278549381,0.00778069310438742
"CEP126","Fibroblasts3","green",0.137825861639694,0.0224567730670149,0.118380043225864,0.132131309181234,0.0219413734065417,0.00717037877664651,0.0440365534670348,0.0353272000229164,0.0344758809026083,0.0108605963936332
"CEP170","Fibroblasts2","turquoise",0.17394848180209,-0.0185228285578522,0.209063693710881,0.0440697831446465,0.0622251345240706,0.0728001237856333,0.0508224734328672,0.0717938978423546,0.0288078759380648,0.0287894080815165
"CEP350","Fibroblasts2","turquoise",0.251092717892733,-0.0217661912860079,0.299073814188922,0.0140543164591257,0.118087442340842,0.11680347926935,0.0540085317001503,0.110367209434269,0.0586483493753905,0.0635291871928592
"CERCAM","Fibroblasts8","magenta",0.131733110175662,0.100104060526128,0.052716385880404,-0.0560526748260312,0.030109134613186,0.0897795922695291,0.064338983203571,0.229965264914921,0.31863073624684,0.0579789570636449
"CETN2","Fibroblasts1","blue",0.0254321280970135,0.105897425986683,-0.0474626190120527,0.01422317490294,0.0182064347248981,-0.0308564612792304,0.0458398852478572,0.00993253879546393,0.0218183476008125,0.0381192710516042
"CETN3","Fibroblasts1","blue",0.00433758351731061,0.031794890542235,-0.0502215821211306,0.0549637161871806,-0.0368956570936357,0.0302037121070111,0.0158537257006193,0.000749338003717299,0.0136271671888392,-0.00157065920558191
"CFAP69","Fibroblasts2","turquoise",0.159241368203934,-0.00890471932552964,0.222058715750077,-0.0196515763306552,0.190092580726803,0.021612148768116,0.0344118083458714,0.0228149287645637,-0.0316271902686297,0.112031985364601
"CFD","Fibroblasts3","green",-0.031950948571425,-0.0214374638131919,-0.0785022152480921,0.641630760270087,-0.0889747702013613,-0.166307250023352,-0.0240711099918297,-0.198441648012234,-0.15366916216999,-0.0376353713646614
"CFDP1","Fibroblasts6","brown",0.0796368379887059,0.0219683481512857,0.0554053734440443,0.0344585292557694,-0.0103170508444769,0.018292151475641,0.0463480295895719,0.0356342720132816,0.0280692202010982,-0.012266581572027
"CFH","Fibroblasts3","green",0.0848076968265005,-0.0476124937022289,0.0259634215592581,0.445812331439346,-0.0430588392768017,0.0339768513734438,0.02891825060948,-0.145787344080847,-0.139338895546822,0.01549332265091
"CFL1","Fibroblasts1","blue",0.188613426976258,0.255185340023525,0.0603797911050059,-0.0493167334290676,0.0906955149922007,0.132357214069154,0.0797482264887482,0.0879486559466812,0.108244655324313,0.115518979013617
"CFLAR","Fibroblasts2","turquoise",0.24631779094055,0.0294385667730845,0.29555121240881,0.000739155353287898,0.192972039910753,0.0118289511869931,0.0460078149621771,0.0393630915552022,-0.0224565114072975,0.119301578189614
"CH17-340M24.3","Fibroblasts1","blue",-0.00363441685793932,0.0715290110933951,-0.0558817855497045,0.00357114782850271,-0.00920685042403364,-0.0520010650197381,0.0102616110576054,-0.00420288842128542,0.0202986174445581,0.0168786641442767
"CHCHD10","Fibroblasts1","blue",0.133637233920818,0.27415659349135,0.0510596481270297,-0.0491730342841917,0.153192453287448,-0.162262915351855,0.0438179616910773,-0.0207157264101329,0.0252135714504099,0.13708587928373
"CHCHD2","Fibroblasts1","blue",0.166162810143684,0.323761074868003,0.0698085085730042,0.0481016767940873,0.172375741519507,-0.190825687742385,0.0279877764973569,-0.0282407697788772,0.00731439647531023,0.117922168780928
"CHCHD5","Fibroblasts1","blue",0.0663298566400517,0.169549638486674,-0.00539669118668305,-0.0337031012311606,0.0773614175840593,-0.079765213469193,0.0298901333659109,0.0226459625419162,0.0405075019780915,0.0771440588389922
"CHD1","Fibroblasts2","turquoise",0.176076440954901,-0.00196917748693697,0.218919960327339,0.0229834335680255,0.144340167127119,0.0269859036530551,0.0504426783932396,0.0519187623254079,0.0290270807603566,0.0863644189275842
"CHD2","Fibroblasts2","turquoise",0.118120955001066,-0.0683985213980337,0.16705671145594,0.0188049064407968,0.0353553112706479,0.0883144702201482,0.0181996412725571,0.0776481771875385,0.0356093465603195,0.00382498528274405
"CHD3","Fibroblasts2","turquoise",0.158078506321146,-0.027122417208561,0.205063534875914,-0.00277196237930472,0.0718860659318551,0.105993690542623,0.0224366883136226,0.0847766070278178,0.0292117970432565,0.0330757217233262
"CHD4","Fibroblasts2","turquoise",0.245919368243008,-0.00187274220093136,0.293113366908386,-0.0196781834903937,0.115443961020687,0.127324746503626,0.0463487308898813,0.108262735781761,0.0584911278981168,0.0670978989120549
"CHD6","Fibroblasts2","turquoise",0.139769623287664,-0.00827709390442772,0.169174165407826,0.0358330356925129,0.0565450500366409,0.0216132832163101,0.0249958851288587,0.0563400246919003,0.0348329079371806,0.0304614672499933
"CHD8","Fibroblasts2","turquoise",0.153420985601093,-0.0300068046652079,0.194544670768414,0.027356937835199,0.0544404597033376,0.0918593378899149,0.0360872702267915,0.0602127340754652,0.024992569993454,0.0201758172393342
"CHI3L2","Fibroblasts4","red",0.0833900992301024,0.0789186485438237,0.129104910417818,-0.150978307613374,0.365144270123734,-0.0567616037602634,-0.0668254307989792,-0.0101118948334342,-0.080168989751243,0.272308144894984
"CHIC2","Fibroblasts1","blue",0.0778033163715362,0.131266513473508,0.0261946099504231,-0.0230984963103725,0.099161622442605,-0.0413998664628292,0.0104956925395657,0.00260474715035223,0.0221268048132466,0.0902655010290341
"CHID1","Fibroblasts1","blue",0.0761746119231896,0.116185357612898,0.02932302470035,0.0543657138382833,0.0621333529966119,-0.0559055519664486,0.0135643709379772,0.059119286534774,0.0540878467963956,0.0659514133418721
"CHMP4A","Fibroblasts1","blue",0.0371654943216716,0.140685978589065,-0.026798488727957,0.00788151135795179,0.0517693753484848,-0.11734562170524,0.0244412574880264,-0.0257915801135302,0.00691986601480685,0.0573494866686188
"CHMP4B","Fibroblasts1","blue",0.0602395190605586,0.044977649242984,-0.00951993298067443,0.023828268735389,-0.0118291289088926,0.103606375564714,0.042793369324218,0.0440871937489307,0.0540323249933469,0.0204682584477316
"CHMP5","Fibroblasts1","blue",0.0932263614999535,0.179683156281952,-0.00674080145580849,0.000991797169738803,0.0870240647300996,-0.0484300000687116,0.0260707923538908,0.0367512330838857,0.0697179204645703,0.0968612530553396
"CHMP6","Fibroblasts1","blue",0.040691460336624,0.100948586738766,-0.0203117270714199,0.0145859172837675,0.0162349963187173,-0.0613385305262701,0.0229157255076312,0.0374949076955515,0.0539076757044981,0.0269375750230468
"CHP1","Fibroblasts1","blue",0.0261273379726448,0.122598840442559,-0.0625350673823547,-0.0441680582124319,0.0235206209401811,-0.0295243766894253,0.1631587841502,0.0181447915295763,0.0551043883318196,0.0524618842457882
"CHPF","Fibroblasts1","blue",0.031026939331396,0.0864842488352079,-0.0436169929820459,-0.0760084701389845,-0.0148953936485209,0.0210898186289066,0.0540708746774779,0.183929794917583,0.206179660690815,-0.00558362151860294
"CHPT1","Fibroblasts1","blue",0.0886220419327136,0.145869548290842,0.01224652842352,0.0262054764303173,0.0756141847014279,-0.0739885785752743,0.0201560117365499,0.0348912522603694,0.0600720828212005,0.0809091301521592
"CHRD","Fibroblasts3","green",0.0247059392762108,-0.00625318457038938,0.0257682072800041,0.0643677401302857,-0.0278615446800546,-0.00160001720342415,0.00409883661961802,0.0138145188318359,0.023598762698076,-0.0352837382484468
"CHRDL1","Fibroblasts3","green",0.0708203531515247,-0.139127159320158,0.0745926573924751,0.389414342720814,-0.117850603620436,0.194517330054105,0.00692088266377684,-0.00592771627178041,-0.0234481334977219,-0.117860314237182
"CHRDL2","Fibroblasts2","turquoise",0.0889588013310524,-0.0672316841079024,0.169999759731408,0.0270043212904395,0.0745553041865142,0.100917403545709,0.00429228134297246,0.12283867833937,0.0275530832568718,0.00876742154513037
"CHRNA9","Fibroblasts1","blue",0.0292097975788952,0.0559147437128765,-0.00728762991493655,-0.0736432133846231,0.0538674761872583,0.0175289031467586,0.0120655766518142,0.0806115706218115,0.0550444050829064,0.0658882243088215
"CHST11","Fibroblasts2","turquoise",0.165442626746345,0.0240458094184062,0.199595151994277,-0.0752889555022372,0.209213381233889,0.0495474629073256,0.0208631649412736,0.0510887758492922,-0.0109937404540974,0.144834950662509
"CHST12","Fibroblasts1","blue",0.0763055863286314,0.0983439556398177,0.0286598884927014,-0.00592193886565695,0.0926561799791765,-0.0469218643549536,-0.000924851028302609,0.0225491065521119,0.0419881769483427,0.105218565784555
"CHST15","Fibroblasts2","turquoise",0.192352544008734,-0.00529623052324057,0.246888002571736,-0.0829896397724023,0.152221160189523,0.102473420024468,0.0289442253906513,0.0282051404246305,-0.0198466055206778,0.105095677174715
"CHSY1","Fibroblasts2","turquoise",0.187975418308169,-0.0428850087827229,0.239164994646277,-0.010866631400458,0.110712262740213,0.142575529396224,0.0465750199843441,0.0835898983333658,0.0181347388379314,0.0644358732272141
"CHURC1","Fibroblasts1","blue",0.138635331397406,0.162032180397711,0.0425669217594732,0.0401788352513102,0.0646031285382171,-0.0536106289913499,0.0864877524995771,0.0483621128819391,0.0642939222144029,0.0752071463372053
"CIAPIN1","Fibroblasts1","blue",0.0542655877303633,0.0940391795164539,-0.0046825268562816,0.0159966211677633,0.0319112951227394,-0.0295293129012317,0.0127551503438766,0.0174188870108454,0.0281809945904888,0.034198750206945
"CIB1","Fibroblasts1","blue",0.101138342466367,0.197729589914999,0.0221095915867795,0.0109437964957489,0.0750361759474804,-0.112008325892754,0.0385812734730191,0.0420338896630631,0.0664828321774815,0.0689147095016526
"CILP","Fibroblasts3","green",0.0177143494244106,-0.116186825332185,0.0237943715687213,0.26956494686884,-0.120890046472585,0.138417094372454,-0.012475169810931,0.0162962806605487,0.00736181449013238,-0.118329758214219
"CILP2","Fibroblasts5","yellow",0.0292691338012653,-0.175376097243044,0.094445840970748,0.00870780198830124,-0.140480878846358,0.295601087640711,-0.0159598285801134,0.214960537241335,0.139900639463277,-0.15408686403287
"CIRBP","Fibroblasts1","blue",0.0165103032109035,0.240344697060448,-0.152116991434462,0.0816117496641905,-0.011080820400218,-0.106431778946385,0.048246295801149,0.0165760526042722,0.0880125281055668,0.0742990968024793
"CISD2","Fibroblasts1","blue",0.0423678582643344,0.11364121272423,-0.0311789206312155,-0.00756548459527144,0.056534932624879,-0.0575496108079166,0.0274964397708794,-0.00374247262735613,0.0316487759690444,0.0652685719864514
"CISD3","Fibroblasts1","blue",0.0488698899302621,0.133036088922408,-0.0118837314591203,0.0184909900276444,0.0448015012422041,-0.0820351546336502,0.0227644803664335,-0.0290779418444727,0.00157167581860625,0.0387388079395505
"CITED2","Fibroblasts3","green",0.0288298878373972,0.0202489442293781,-0.00554653213673162,0.108543350594746,0.0100449699559668,0.000738375524366349,0.017849739596677,-0.0119016971910556,-0.00202427461441404,0.0274123653447536
"CKAP4","Fibroblasts5","yellow",0.226420565609998,-0.105640088777525,0.268135274897941,0.00742493263022672,-1.28773095119908e-05,0.346101895170142,0.046377020163267,0.262480734556528,0.144309260267561,-0.00925662116201432
"CKB","Fibroblasts3","green",0.003362560455321,0.0142402821964064,-0.0482386713150766,0.211414891684281,-0.0801974709319584,-0.023761862531599,0.0112821124120937,-0.00829026306705771,0.0195936763884415,-0.0687531252250123
"CKLF","Fibroblasts1","blue",0.0158866576798508,0.131969135526343,-0.0668809559667679,0.0160460955730697,0.0122169651712369,-0.0974792069779909,0.0498458661985154,0.0094547755665558,0.0403375732019097,0.0314404653735821
"CKS1B","Fibroblasts1","blue",0.0368289762606547,0.092733937145793,-0.0259642248546684,0.0969880554905013,0.0175784169935701,-0.0675934559918151,0.0353551951124273,-0.026544545183371,-0.00808001495661085,0.0323451819888908
"CLDN11","Fibroblasts3","green",-0.0148825073243429,0.00860621428639195,-0.0806480251862415,0.137884606943094,-0.0887680283905635,-0.00930830154504923,0.0821736111654802,-0.0365550269667169,0.00173659925206184,-0.0860480476415492
"CLEC11A","Fibroblasts1","blue",0.0501321089197948,0.146709961724075,-0.0581195901971406,0.0482381756360504,-0.0458936122986024,-0.00592277160665418,0.0432166592158257,0.0891173809400854,0.130517025135444,0.0111711293046447
"CLEC2B","Fibroblasts1","blue",-0.00494619284370363,0.133799306396076,-0.121199468311231,0.0658296616801534,-0.00304296937487974,-0.0799157663246864,0.0239885171947598,-0.0255061963044178,0.0290100798693861,0.032376949062966
"CLIC1","Fibroblasts1","blue",0.131893434300771,0.284317820445967,-0.00428193818087823,0.0342651293427922,0.156129155763571,-0.156858403597573,0.0398739161446617,-0.0186314064080661,0.0203102563586147,0.144684150466235
"CLIC4","Fibroblasts7","pink",0.156466642043457,0.00936260950523538,0.142016660983985,-0.00692669761415807,0.0566312901812718,0.131220475555072,0.0603741778921334,0.180863689274082,0.121894453801329,0.0359922056446535
"CLIC6","Fibroblasts2","turquoise",0.133563664808974,-0.00951319527225705,0.167170788683662,-0.0201607001559837,0.0745005809048139,0.0882326588519439,0.0225759858038354,0.0716801869942578,0.0304965384414561,0.0461218477256588
"CLINT1","Fibroblasts2","turquoise",0.19227862187265,-0.051793497418849,0.228885478476893,0.0790927009133961,0.0538972142040044,0.120313620663228,0.0439011208067179,0.0708793973235911,0.0237304644327853,0.0308795507510357
"CLIP1","Fibroblasts2","turquoise",0.226297019930163,-0.0122640297295259,0.275118853754446,0.00164206724853185,0.0999891996740813,0.083872875263204,0.0479314893106115,0.107122560079433,0.0499431217992949,0.0460071656952841
"CLK1","Fibroblasts6","brown",0.0569328619357083,-0.00172500433747961,0.0412677069408203,0.0140673839535266,0.0464830369207078,0.0406641192687403,0.0960769913649026,0.0302232150682515,0.0384881519840566,0.0624783457626058
"CLMP","Fibroblasts2","turquoise",0.257090405905109,-0.0318055309123458,0.320919654411391,-0.0173403480039674,0.115678684896882,0.218858454056272,0.0396380161868846,0.19046181792351,0.0914541429340404,0.055979606195812
"CLN5","Fibroblasts1","blue",0.0553690464641117,0.0687337929717642,0.0186194475630504,0.0411395292425515,0.0636776383266835,-0.0490094257624764,-0.00298099816230641,0.0159465391718314,0.0173882510900914,0.0778601580700082
"CLNS1A","Fibroblasts1","blue",0.111191708340987,0.121554527109241,0.0457672379524645,-0.00595759181738348,0.0741488457227928,0.00521236495340889,0.0312940238251823,0.0463248236523342,0.048462575465204,0.0829373325174947
"CLPTM1L","Fibroblasts2","turquoise",0.175736772928738,-0.00603202817041208,0.227158186130653,0.0168111336346876,0.0771742226544269,0.107280876587998,0.0116887969703039,0.0804589617329285,0.0430037814075655,0.035244507424569
"CLSTN1","Fibroblasts2","turquoise",0.145665938170599,-0.0329615672940145,0.186601794700104,0.0289089954068111,0.0224686650376894,0.0865532851789236,0.0183435325588137,0.100287731856638,0.0678028709141556,-0.00416423588342103
"CLTB","Fibroblasts1","blue",0.137605194395225,0.247333023598785,0.0613275645198893,-0.0237349205175319,0.146930984650956,-0.150396928422947,0.032466228898909,0.0131161161691264,0.0443512841505821,0.110586506129476
"CLTC","Fibroblasts5","yellow",0.268849208782,-0.0367928358459644,0.292376529350254,-0.0257973245231155,0.069848785634421,0.241243159015245,0.0613845030516337,0.179905282376855,0.087467837432223,0.0216316311892627
"CMPK1","Fibroblasts1","blue",0.099779110654198,0.14137574620622,-0.0211839273855649,0.00677317337237161,0.0135772310808154,0.043349208493626,0.0570877010131602,0.0678280292361555,0.107260443059961,0.0483950238790009
"CMSS1","Fibroblasts6","brown",0.0206820408394071,0.0656237607197551,-0.0222700590349433,0.0539790027813143,5.72021757769774e-05,-0.0464201008150308,0.0312168765484069,-0.0242519551038636,-0.00547505606585217,-0.0206716183010978
"CMTM7","Fibroblasts1","blue",0.0323745970352984,0.058956959229805,-0.00681947041130835,-0.00800766037492441,0.0274338770142004,0.00617824905343089,0.00388362570611349,0.0197979445290692,0.0211217557119852,0.0351891114363182
"CNBP","Fibroblasts1","blue",0.170925458301897,0.197425827358291,0.0506620423913075,0.100670401796747,0.0618065392119544,-0.00826210483027576,0.0191668159666862,-0.00203566507913837,0.0429295546534709,0.0851845004506864
"CNIH1","Fibroblasts1","blue",0.0426086099659981,0.130721166774526,-0.0501322646318535,0.00703314961862019,0.0366150896847502,-0.0393529606287479,0.0189944790321836,0.0323714677097652,0.0612171737685439,0.0659343210991541
"CNN3","Fibroblasts1","blue",0.129152553139729,0.13669488589061,0.0149685855261978,0.0128088894924359,0.0389174136202869,0.109727856679071,0.122521436004976,0.0661600260330669,0.0727890887107941,0.0905098466494749
"CNPY2","Fibroblasts1","blue",0.0397860494260511,0.171252969790661,-0.066837277460956,0.0298556559301204,0.00840652154573975,-0.123475615655744,0.0480802501973184,0.00699988867506247,0.0405405657130435,0.0256588894850931
"CNRIP1","Fibroblasts1","blue",0.0531670008785169,0.077320606487329,-0.00821597040295841,0.0148838483070451,0.00873839411157479,0.043695899918586,0.0147497964601203,0.0636984255867004,0.0719477784524364,0.0451643047965209
"CNTFR","Fibroblasts3","green",-0.000411503236406646,-0.0465304064781028,-0.0134997538121346,0.311391529596117,-0.138958747630968,0.0531113748600083,-0.0109861066477787,-0.120029190750422,-0.0789809742014746,-0.113727260267085
"CNTN1","Fibroblasts3","green",0.0183489495271474,-0.123273903693289,0.0369711138205301,0.228017422915129,-0.139021830814033,0.123858815047111,-0.0056149519635473,0.0194075001908901,0.000712093849274545,-0.129768771532431
"COA3","Fibroblasts1","blue",0.0587986695270979,0.160492222448274,-0.0183174871250281,-0.0083098563158565,0.0330047599639802,-0.0469138801746467,0.0262678944617061,0.00537937254160405,0.0279247799475246,0.045743418981613
"COL11A1","Fibroblasts5","yellow",0.104762068968456,-0.231404279170612,0.189212535721717,-0.104954269468192,-0.232438799561405,0.455946460912866,0.0370251516266002,0.536095145280882,0.408561692918179,-0.22989733543618
"COL12A1","Fibroblasts5","yellow",0.241303523781066,-0.176500519438191,0.363591112615139,-0.211689748082825,-0.0487924380799921,0.412561682402843,-0.00129247831461286,0.491316246004605,0.344811948889094,-0.126079147527911
"COL14A1","Fibroblasts2","turquoise",0.280801520477399,-0.263020777532291,0.436050333263453,0.252942612588574,0.00107742909497491,0.350831542918298,0.0113403924127765,0.242465036817806,0.0658082851228842,-0.0408371943652356
"COL1A1","Fibroblasts5","yellow",0.194128572709552,-0.181151176020349,0.300153465323082,-0.287167978653236,-0.0744729511155593,0.461780655077565,0.0687251443731773,0.566390833810764,0.418385621396404,-0.0743556738544352
"COL1A2","Fibroblasts5","yellow",0.19374091383911,-0.182441458215178,0.256979523204934,-0.210818083898831,-0.144224715070932,0.485503500447014,0.0162755628548114,0.58247723034136,0.430838395387276,-0.120934426704028
"COL23A1","Fibroblasts2","turquoise",0.129887314124311,0.00937163825922771,0.191746296792659,-0.0217886592768884,0.123571435489731,-0.0105531933990207,0.00289851436658177,-0.00480223401589649,-0.0555688836731265,0.045658107553625
"COL27A1","Fibroblasts2","turquoise",0.18656368453162,-0.109297751145007,0.279180685921086,-0.119663303171842,0.0249829894187053,0.247354271308532,-0.0105560286221596,0.165891293232468,0.0828979555190114,-0.0346692615220889
"COL3A1","Fibroblasts7","pink",0.174228907730435,-0.0692818575239396,0.215154518700326,-0.369216359581744,0.0591333652201538,0.332227804386932,0.0280105629725148,0.476870990456842,0.312873280771499,0.0928419567235171
"COL4A1","Fibroblasts2","turquoise",0.327569217337758,0.110011726646071,0.356424562096396,-0.220736792117989,0.322718710813579,0.0131085687335519,0.0693519127848188,0.0656011855096705,-0.0143119404479674,0.21484260679622
"COL4A2","Fibroblasts2","turquoise",0.279115800260217,0.12134072811673,0.301940087685282,-0.220722805664865,0.291453215883295,0.00744479530602456,0.0573782062996316,0.0668298291390282,-0.00214963366985684,0.206972576813763
"COL4A3BP","Fibroblasts2","turquoise",0.168663501869093,-0.0175733588285402,0.190642331250528,0.0511653916620585,0.0394758052477917,0.108039809863442,0.0266663465795748,0.0717444071606675,0.0366569864498556,0.0241850069799336
"COL5A1","Fibroblasts5","yellow",0.25159813063319,-0.156793381442799,0.35341037708593,-0.188055933487497,-0.00895708206735295,0.424295409892776,0.0274681814576855,0.396205167113721,0.259207079238276,-0.0499727808577996
"COL5A2","Fibroblasts5","yellow",0.322657624822808,-0.0758098849861585,0.400646054825899,-0.279745433675439,0.128557781501365,0.364178268339726,0.0431736643884062,0.455738629839993,0.285605615998964,0.0964442584479079
"COL5A3","Fibroblasts2","turquoise",0.219392996032676,-0.0209249999948939,0.260856903686886,-0.0990675736160886,0.101816881041248,0.161937258270392,0.0550171327751178,0.121094655629565,0.0395750196667938,0.0743290060264557
"COL6A1","Fibroblasts2","turquoise",0.263460173937738,-0.00392259260507377,0.276053194312207,-0.0696512262655101,0.0684529997835086,0.136724628437718,0.0578308040719015,0.158485029656976,0.104119930113182,0.0439834033371074
"COL6A2","Fibroblasts1","blue",0.0772975247575317,0.184258720429117,0.0283484042181068,0.0199572066849538,0.10402945082149,-0.277119305819236,-0.00711734040285493,-0.0175526172844437,0.0028602747009618,0.0866190068103323
"COL6A3","Fibroblasts2","turquoise",0.240691217032933,0.0058535513496972,0.255978744325547,-0.211395473639994,0.114467573870899,0.111726132292562,0.0611331007793907,0.177158923589436,0.0944795989659907,0.070946270919996
"COL8A2","Fibroblasts7","pink",0.112898246404807,-0.0965190578018281,0.16613190252619,0.0597747201662788,-0.0931135616139601,0.173291031910232,0.0173348102539326,0.272878311559567,0.169128631332082,-0.122671329426434
"COMMD1","Fibroblasts1","blue",0.0874715245744882,0.145551067021832,0.0425294532275134,0.0190306198698431,0.0842904607980282,-0.0753661794805237,0.0239021174184428,0.010659294623079,0.0235824609122425,0.0742501583611255
"COMMD3","Fibroblasts1","blue",0.0833011151397544,0.157217754359588,0.00892319465938344,-0.00343874159059734,0.0852800107696685,-0.0662800252885541,0.0190167003140663,0.0328318283341962,0.0462969505867281,0.0969091128684
"COMMD6","Fibroblasts1","blue",0.0267026280368819,0.280586544336894,-0.106241823268572,0.0311479927255984,0.0284057197138721,-0.122833200114996,0.0386740106934536,-0.00546023794412597,0.0504295892897909,0.0594699321627851
"COMMD8","Fibroblasts1","blue",0.0689252278519236,0.109776364787507,-0.00107153156291918,0.0335608947730145,0.0282432784871131,-0.0372051161806067,0.0264375701301191,0.0247313359997096,0.0276245949149903,0.0303440229413627
"COMP","Fibroblasts1","blue",-0.0592725031323296,0.151057606857399,-0.193840871867857,0.0868829436865954,-0.150584711491479,-0.115134249471283,-0.00339525902355305,0.0221979978039959,0.148598528084581,-0.13519684358416
"COPA","Fibroblasts2","turquoise",0.274773769000492,-0.075735059920009,0.332617557039049,-0.0142663763470617,0.0675479514568327,0.276991786175444,0.0462598011672826,0.181283652477932,0.0947834266637298,0.025807174438978
"COPB2","Fibroblasts2","turquoise",0.246889740024281,-0.030977163052567,0.287279864738834,-0.0241799107509952,0.0861657803501103,0.217475406020942,0.045625115861889,0.161164753091489,0.0782633511726159,0.0392111180250426
"COPE","Fibroblasts1","blue",0.0926538126512317,0.264685587634202,-0.0274862888321599,-0.00931864241395601,0.118160132143129,-0.139092599555228,0.0375681942193416,0.0500813085632711,0.0914515776387807,0.117837320292045
"COPG1","Fibroblasts5","yellow",0.149695816443411,-0.0171701524865203,0.167752496955651,-0.0264545932905665,0.0258427424915199,0.190236867548449,0.0246609959354165,0.119378539514882,0.0702018555131349,0.00823731161713633
"COPS4","Fibroblasts1","blue",0.0764466687973917,0.093954614432264,0.00753913123255779,0.0463482716970413,0.0386904691269229,-0.0154956363858088,0.0189203457832303,0.0260950745854194,0.0386238622889148,0.0551586605420817
"COPS6","Fibroblasts1","blue",0.0814529581549003,0.150946090468017,0.00286939586328146,0.0336516058692025,0.0451639940977021,-0.0414454353578227,0.0195685198765736,0.000146609710676741,0.0322604989064647,0.0574571636364061
"COPS7B","Fibroblasts6","brown",0.0347382023877437,-0.00594800619758176,0.0196959903986013,0.020608756235054,-0.0315354267042995,0.051207863351326,0.0334979440171455,0.0227386125611086,0.0336372847599553,-0.0275344307277234
"COPS8","Fibroblasts1","blue",0.0592822911846949,0.20437707921344,-0.0858079483883062,-0.0375686274226698,0.0401868654841992,-0.045019829736993,0.0280207603133733,0.0485245367567453,0.0846365294878434,0.0718449825900893
"COQ10B","Fibroblasts9","black",0.116799788616386,0.109758085359367,0.0707460023086262,-0.0221095883816147,0.159711200745652,-0.0272331287752919,0.0410745168163769,0.0455803988182133,0.0452404764080015,0.184706469934272
"COQ9","Fibroblasts1","blue",0.0610842011246768,0.0981401267545093,0.0112928826193409,0.007299620335377,0.0355174672493102,-0.0363005610995151,0.0354264204024799,0.0302847887613322,0.0484774231303221,0.0378785414912113
"CORIN","Fibroblasts3","green",0.0176827681541313,0.0028141463424538,-0.0101730903892296,0.0757425216947527,-0.104623094896064,0.0410263284896051,0.0136194419643373,0.176131286949897,0.175793503687126,-0.055071870250297
"COX11","Fibroblasts1","blue",0.0379343448967131,0.0990222859196158,-0.0382207688160625,0.0188793000116762,0.00864544824867117,-0.0501517202242158,0.0328971400513504,0.022125278267314,0.0431833488889045,0.0270981354223418
"COX14","Fibroblasts1","blue",0.114105138887433,0.215675907613137,0.0372000455029923,-0.0326403322328082,0.121587140748686,-0.111334085990882,0.0298353783505473,0.012690408948545,0.0280486516265087,0.107629452369639
"COX16","Fibroblasts1","blue",-0.0263632164447962,0.0846111402449469,-0.0997826151392159,-0.000197369567133891,-0.0221722832004268,-0.062706418281839,0.0295197481714524,-0.0123082277019201,0.0223625368811903,0.0113581345919769
"COX17","Fibroblasts1","blue",0.0450487226854268,0.16551545868096,-0.0121911810502558,-0.0724336956861625,0.0833838865713723,-0.0782173800722491,0.0376812980381904,-0.00475388061266336,0.00591684135478313,0.0575805680207466
"COX4I1","Fibroblasts1","blue",0.0822575935988912,0.352366438101669,-0.0513556292816507,-0.0483416315968352,0.159817194904024,-0.207526579174116,0.0507517608210349,-0.0359022858486056,0.0315073392788029,0.170829792936093
"COX5A","Fibroblasts1","blue",0.118546987808454,0.203085822356576,0.0501287389846046,-0.0862138272149886,0.144979075247735,-0.0592595276979385,0.0287184349816746,0.0444387077731422,0.0523576296007854,0.119226489184262
"COX5B","Fibroblasts1","blue",0.0783377260050798,0.349616654968193,-0.061651144979593,-0.0127305382038479,0.127838439606635,-0.237160627280314,0.0397566819575536,-0.0239165236521321,0.0431679837157186,0.123308926460539
"COX6A1","Fibroblasts1","blue",0.0305803832122793,0.310894915011492,-0.101284507618667,-0.023525198785727,0.0730194800329715,-0.201424549654224,0.031654733424481,-0.0265555888158324,0.0340767951066802,0.0846445297134927
"COX6B1","Fibroblasts1","blue",0.0695014174238952,0.29427381659109,-0.0489311899380541,-0.0341486783346095,0.096544864041735,-0.130580000258721,0.0132194740337463,-0.0146824437778346,0.0290182360393499,0.0922305358851736
"COX6C","Fibroblasts1","blue",0.0466425587348433,0.262841243031893,-0.061666555280543,-0.0827571399994448,0.148568994964711,-0.0734628804073892,0.0121648475233009,-0.00214563168344503,0.0210930748001789,0.18455626515536
"COX7A1","Fibroblasts1","blue",0.00206822083458842,0.285656973560148,-0.143755296037623,-0.0348867927810945,0.0279940477027824,-0.190241330531143,0.0597283479991559,-0.0400855133209024,0.0349516877796808,0.0448686506844256
"COX7A2","Fibroblasts1","blue",0.0547316551764873,0.356392238481637,-0.0997954885459965,-0.0799869959357577,0.133924926696543,-0.220606393637162,0.066287972266861,-0.0268393123585018,0.0420625497280446,0.118040903735017
"COX7A2L","Fibroblasts1","blue",0.104900719536089,0.260615538446893,-0.0275790438548922,-0.0448130621918657,0.100089513846442,-0.0571791503836806,0.0167464261677798,0.0510259500606041,0.0722954008954932,0.117947656591393
"COX7B","Fibroblasts1","blue",0.0607196071492674,0.33839077501409,-0.0786700988187538,-0.0874860349425054,0.146873250010747,-0.212441510755098,0.0386198168392268,-0.00889016713096479,0.0385849612729823,0.144390168164103
"COX7C","Fibroblasts1","blue",0.0673314614529486,0.303328052477885,-0.0483850401677971,0.00461010350569061,0.0856343323403188,-0.184403000738955,0.0375906930040945,-0.0244369233430767,0.0289090771065748,0.079308424104227
"COX8A","Fibroblasts1","blue",0.119351508927846,0.300253281841442,0.0168152213914768,-0.0579794127615658,0.138248786416788,-0.135768984435761,0.0616689485070981,0.026061054449424,0.0540155110994216,0.127525962556892
"CPD","Fibroblasts2","turquoise",0.142394994213241,-0.0218442527871607,0.171465938786432,-0.0130573750731094,0.0815837003660726,0.0828660469098943,0.0275288257980372,0.0572362866312153,-0.00358748311842513,0.0490416484522525
"CPEB4","Fibroblasts2","turquoise",0.195331905493469,0.0309975897366495,0.238362882872651,-0.0623166330262869,0.138940623982848,0.022513062966098,0.0489481176201982,0.0578452737587283,0.0274312760038538,0.0897985096163311
"CPXM2","Fibroblasts2","turquoise",0.212683275638883,-0.097235510653304,0.31135826453773,0.00372839470572443,0.0406573933428262,0.23068074486735,0.00450743121958725,0.272047973509524,0.166501137450352,0.000472575912189893
"CRABP1","Fibroblasts1","blue",0.0975485825036483,0.227994557208486,0.0293051191335472,-0.0656000938703137,0.210336700808391,-0.133836131470619,0.0105455361883841,-0.0775994270419564,-0.0364722969860123,0.206736800471802
"CRABP2","Fibroblasts1","blue",0.115454098788809,0.199250466472574,-0.00854818928172457,0.026526329527608,-0.00169922035108522,0.0552503418156269,0.0369871517471822,0.133465120025504,0.173413989837432,0.0306370196460476
"CRBN","Fibroblasts1","blue",0.0639479381573148,0.0785507357983328,0.0123598066673721,0.0799969062311583,-0.0030549097705809,-0.0365645957707639,0.0407325691868989,0.0066916581382407,0.0323819068592934,0.00753253531912039
"CRCP","Fibroblasts2","turquoise",0.129207425464685,0.0176077047085077,0.143299784739822,0.0439808718680196,0.0450696505910072,0.028933952088625,0.0375868908559995,0.0479111974963412,0.0236459700437744,0.0145877915009695
"CREB3L1","Fibroblasts5","yellow",0.127552039543862,-0.148410696974301,0.156240229293847,-0.0157681498027806,-0.143978462518131,0.438973116791504,0.0253486448960877,0.265310711495127,0.195502531761578,-0.11426435279998
"CREB3L2","Fibroblasts2","turquoise",0.206949838005876,0.0122612552570528,0.230053969993705,0.0209116095840883,0.123991372537303,0.0417092023884321,0.0347842971996946,0.0458553951729666,0.0217508962583458,0.0610111728688017
"CREBBP","Fibroblasts2","turquoise",0.200479464782776,-0.0592862995075984,0.254881724083461,0.0632500306029854,0.0486759524307728,0.137025211446928,0.0177095047402724,0.10160141031552,0.0521179445969761,0.0189613551163051
"CREBRF","Fibroblasts2","turquoise",0.18841131892278,-0.00833199131801286,0.22369005400743,0.0547890410221051,0.0865109624886691,0.0581291666700932,0.0428535645722766,0.0542375140082438,0.0347798490635373,0.0566771213496399
"CREBZF","Fibroblasts2","turquoise",0.113638415856234,-0.0451306356490997,0.155433160277998,0.0273391479968728,0.0117492014838976,0.0399836141923734,0.00643637865863336,0.0371096468389743,0.00423090751511726,-0.0192768477603641
"CRELD1","Fibroblasts6","brown",0.0489677403370636,-0.00433008903722545,0.0375174185226063,0.0293482828445201,-0.0221590727481751,0.0580329850107998,0.0327653351719658,0.0334162247363748,0.02785291498767,-0.0157452052088167
"CRELD2","Fibroblasts1","blue",0.0758520133212423,0.127305059726239,0.00660961343277739,-0.0128261167736805,0.0723302264518712,-0.020857381563945,0.0276879422671646,0.0453173766433614,0.0447909232020316,0.0846595783193746
"CREM","Fibroblasts8","magenta",0.0895770650544685,0.0874112947229907,0.043694771236669,-0.0279832382727167,0.0543797346809849,-0.000348880755725411,0.0297817661688288,0.0996131732661542,0.154720589784452,0.0609016305541472
"CRIP2","Fibroblasts1","blue",-0.00112407402424908,0.129791299683348,-0.111812676747046,0.0434112430150472,-0.046939861168243,-0.0651639350279994,0.0652963736979353,-0.0239994237040038,0.0169737095379798,-0.0418224166244529
"CRIPT","Fibroblasts1","blue",0.0651307993617839,0.131276118946584,0.00386093068047961,-0.0303525452648883,0.0610253484662304,-0.0521803105057604,0.0486314813898931,0.00463716801383443,0.0282278096559838,0.064846881725267
"CRISPLD1","Fibroblasts7","pink",0.100396404432824,-0.0399904589784244,0.0970496367687883,0.0390888657854834,-0.0493573048432565,0.170996553761196,0.0412299987255645,0.24621925071853,0.143439433722212,-0.0204040786361381
"CRISPLD2","Fibroblasts5","yellow",0.187545212996776,-0.119741134140671,0.234317236255814,-0.000521107329234725,0.0591267431528921,0.272703605405586,0.119822550678656,0.166864399389177,0.109697568417723,0.0483652940227795
"CRTAC1","Fibroblasts1","blue",-0.0385242961296308,0.199205581927056,-0.182263580383686,-0.129196289689876,0.162893353170431,-0.10854439654817,-0.0194514134716574,0.0979641547867456,0.117747426599188,0.241640467041836
"CRTAP","Fibroblasts5","yellow",0.224811784928175,-0.0293370177444729,0.223185712461456,0.0367486085025463,0.0143209527399409,0.331958590387343,0.0534571563572609,0.171008753654846,0.100778340841119,0.0292751059736563
"CRYAB","Fibroblasts3","green",0.0868348358618022,0.110314379903959,-0.000575793160016133,0.175511666242127,-0.0570420270203774,-0.00902938725929746,0.0378178870998503,0.0510655528216727,0.0840427369928181,-0.0302170188283167
"CRYBG3","Fibroblasts2","turquoise",0.164994354826439,-0.0256704213995104,0.192092592032118,0.145235127423267,0.0498924511282395,-0.000746885241949888,0.0432796154049425,0.0201276538056174,-0.0043082200227762,0.0236156786896563
"CRYL1","Fibroblasts3","green",0.0223570139171701,0.0296394785574272,-0.0144587027082211,0.135985100454605,-0.038404533481323,-0.0116835608787046,0.0122421549879553,-0.0304694880762691,-0.00251027294851252,-0.0255402748222267
"CRYZ","Fibroblasts1","blue",0.0143801118843672,0.0360526579432989,-0.0530705272008747,0.0469532331325819,-0.0549004575353779,0.0407467764966259,0.0143574523664876,0.0487242207207533,0.0557671151064684,-0.0146011893388412
"CRYZL1","Fibroblasts1","blue",0.0392984013106493,0.0840719513829964,-0.0283389260196007,0.0321225585225226,0.0106576297326566,-0.0385011744421104,0.0344812010840963,-0.0014354842005457,0.0274788867491366,0.0318267276320373
"CSDE1","Fibroblasts7","pink",0.242929386044338,0.0475842371425891,0.213858225885979,0.000690513109300713,0.0845012044054918,0.180864748454292,0.0751743889584566,0.217272830752931,0.134239693288771,0.0786053683739488
"CSF1","Fibroblasts2","turquoise",0.151157588828248,-0.0229105403026017,0.206173553041607,0.0381264252896582,0.148821853071069,0.0438445346906513,0.0315278942993013,-0.00789252464136179,-0.0631800534015653,0.135515464768601
"CSGALNACT1","Fibroblasts4","red",0.243649586359488,0.0260803696809901,0.24388635903363,0.0812416377493054,0.23551313480917,0.0626153096801919,0.0782595202640871,0.0410528927222619,-0.0177683060241513,0.189846466031252
"CSGALNACT2","Fibroblasts2","turquoise",0.195365435700007,0.0302333287360212,0.209480911863074,-0.0397666450348052,0.0941248056078034,0.0723207125735133,0.0446558723435468,0.119095233982914,0.0916316640742201,0.0563678919901173
"CSNK1E","Fibroblasts2","turquoise",0.181947863946269,0.0128813534675149,0.221068315117424,-0.0113968019655384,0.123447915549463,0.0441797314604977,0.0272417660620369,0.068967187775603,0.0351632546871466,0.0641218353478192
"CSNK1G1","Fibroblasts2","turquoise",0.127388455401665,-0.0134018521694098,0.149230511938397,0.024323540832288,0.0509248412340791,0.0733297066227745,0.0292014846739892,0.0569545371107195,0.0239092729972032,0.0319550763944505
"CSNK1G2","Fibroblasts2","turquoise",0.164735062744035,0.0218888024168158,0.21558912875427,-0.0204098187831394,0.116642211222356,-0.000730130015061095,0.00778227795133866,0.065591968671871,0.0204446172188847,0.0555850413721315
"CSNK2A2","Fibroblasts2","turquoise",0.169585450106744,-0.0173642601045838,0.208032546004583,0.0113297762717384,0.0670776361217392,0.101101694132201,0.0462678669065187,0.0895496741877079,0.0532790923120254,0.0268915114877714
"CSPP1","Fibroblasts2","turquoise",0.109223161651052,-0.0319460322263252,0.141478716034434,0.00449115868351844,0.0430253453541364,0.0623117455697044,0.0230304200668203,0.0506907002984624,0.0158633293063598,0.00591852951819105
"CSRNP1","Fibroblasts4","red",0.144898396163581,0.0589157684895433,0.182475105417053,-0.0115253075703866,0.306769698289354,-0.0334574940952352,0.0149457167892313,0.0334249272705791,0.0148745828308942,0.258974921004823
"CST3","Fibroblasts3","green",0.00342063828987229,0.203655193986191,-0.148348555578454,0.489933072376641,-0.0154718872311787,-0.29160583645109,0.0409972654682943,-0.126144392197493,-0.0612636490797421,0.056613768483017
"CSTA","Fibroblasts1","blue",-0.00127705905942953,0.133409394685757,-0.0784602634773291,-0.0320225455465124,0.0827197583634506,-0.0752384068687052,0.0428129826105774,0.0188806854850457,0.0187185859057528,0.101427523620277
"CSTB","Fibroblasts1","blue",0.0698543891975712,0.21342250382129,-0.0336038969900516,0.0508750447679945,0.0592390665124097,-0.0988986680282753,0.0540006874121653,-0.025832035990777,0.0121483114807346,0.0657018944251526
"CTCF","Fibroblasts2","turquoise",0.162603611698767,0.00760221995148116,0.182115802502928,0.0401957058672259,0.0532372232546827,0.0781362694980497,0.0343447540667191,0.0653473396168353,0.0254924431116311,0.0452308637665858
"CTDNEP1","Fibroblasts2","turquoise",0.21935717490808,0.111687071240096,0.274138210480801,-0.0275796402948423,0.195662889307232,-0.059166444061799,-0.00343027339531764,0.0730591154006054,0.0249410336791795,0.115519675236995
"CTDSP1","Fibroblasts5","yellow",0.142860714035215,-0.020116723996952,0.156111918309923,0.0248628541038315,0.0116778015498907,0.19312196742913,0.0341088893253749,0.0849435051856676,0.0620872244438977,0.0197443377979308
"CTDSP2","Fibroblasts2","turquoise",0.197091758321608,0.000288168324972941,0.20770711172689,-0.003940232639724,0.0761163902108348,0.182542807557624,0.0466515885005369,0.109405029858621,0.0617186486046194,0.0591610153021976
"CTDSPL","Fibroblasts2","turquoise",0.263820303360617,0.0168596333212202,0.306503141839305,0.0929054136111537,0.0670507574486536,0.130144412559028,0.0438795453720052,0.129258326186335,0.0785992925708203,0.0316153245853529
"CTGF","Fibroblasts4","red",0.171897027492396,0.103928301087302,0.170520779929347,-0.0801535483661426,0.297273814175604,-0.0361240577812537,0.0240811854193289,0.056515473175636,0.0211187410354248,0.168196135015907
"CTHRC1","Fibroblasts1","blue",0.055304779900336,0.257991333148143,-0.039891642490091,-0.405477764747583,0.176167987309897,-0.0234648364378193,0.0204015650960487,0.334867252715773,0.340926995729011,0.201710630162836
"CTNNA1","Fibroblasts2","turquoise",0.222683658097829,-0.0161091558449741,0.252573323666648,0.0385938136489541,0.0744565512704155,0.114131459314182,0.0439788571804179,0.0889417969307969,0.0315868005579062,0.0329285550049574
"CTNNAL1","Fibroblasts2","turquoise",0.174849247694327,0.0500732759010333,0.195502029150496,-0.0515514778191334,0.142218128009204,0.0297210774097052,0.0289794462228095,0.112454240782254,0.0788652218137696,0.0978608256007452
"CTNNB1","Fibroblasts6","brown",-0.00583175048294076,-0.0238668753453656,-0.0291160551850441,-0.0308099401258404,-0.0628274381407226,0.0365410039256384,0.486568141397141,0.0883844728683807,0.0748777759190255,-0.0748947526888339
"CTNNBIP1","Fibroblasts1","blue",0.0397172380594998,0.0821544271332021,-0.00546725594629632,-0.0128948227196293,0.0345161450662434,-0.0351794972911606,0.0216781098044362,0.0210823168353935,0.0259981799790202,0.0319605318236237
"CTSA","Fibroblasts1","blue",0.128817481365869,0.204600446835145,0.0471208426366102,-0.0460842677695082,0.181805547899589,-0.129639749272537,0.00194564878509026,0.0390461572791026,0.0637065965170668,0.189710325617889
"CTSC","Fibroblasts2","turquoise",0.187385942599453,0.0788342571189896,0.223988081622019,-0.0674905595439284,0.263328267416709,-0.00384431982136802,0.0245201796147605,-0.014456537615349,-0.0710183566913203,0.227006771357011
"CTSF","Fibroblasts1","blue",0.0570215556569717,0.109287172490902,-0.0243305742383419,0.186808981501616,-0.0284431987141913,-0.0830269049331754,-0.000496850408247442,-0.0202757871552155,0.0424603387994325,-0.00124458366746038
"CTSK","Fibroblasts7","pink",0.194846177579888,0.07380601550078,0.182420343447836,-0.136970319027347,0.166966505320039,0.20346377228552,0.0227333979882105,0.436503123947725,0.293541331352881,0.21589511611551
"CTSL","Fibroblasts4","red",0.178277271860531,0.0800816760917226,0.176482464634383,-0.0253555536258871,0.212868425946667,0.0184428459758663,0.00872076999796969,0.0743695528416408,0.0457801279200238,0.149563728502248
"CTSS","Fibroblasts4","red",0.152240111052283,0.0751995872881401,0.150030599646563,-0.0562306547542823,0.223415236365394,0.0292838338767863,0.0253365143648344,0.0485612944362386,-0.00497765774821358,0.1977190451208
"CTSZ","Fibroblasts2","turquoise",0.286465601678783,0.101063195524947,0.346545790687071,0.0798604038906701,0.181268102562634,-0.0261317628201529,0.0343369683206964,0.105371241152947,0.0497406976902366,0.11323812407228
"CTTN","Fibroblasts1","blue",0.0568740807221335,0.1031962029154,-0.0295318444026816,-0.0238897691862209,-0.0160951331336646,-0.0131629903441128,0.249762883111469,0.0713805596512651,0.0995764793575967,-0.00863132800178464
"CUEDC1","Fibroblasts2","turquoise",0.116423162845034,0.00809660219909552,0.137342012497407,0.0301280702548656,0.0341522374800797,0.0461866138632165,0.0203099281382479,0.0690863025987632,0.0456892710150347,0.00726653163505116
"CUEDC2","Fibroblasts1","blue",0.0944254921469854,0.154740270110623,0.0313129309397083,-0.000549631141649401,0.0783057683620571,-0.0742341008506457,0.018244292603176,0.0258379472378667,0.0452822373986977,0.0732415380955472
"CUTA","Fibroblasts1","blue",0.0878386707056014,0.220804194121971,-0.0102699582421034,-0.0251489153716349,0.0505721880925777,-0.0625851450914152,0.0371317118005797,0.0591955487017662,0.0969021008477535,0.0524263008212061
"CUX1","Fibroblasts2","turquoise",0.219710865135956,-0.0127773561274513,0.272702271154858,0.00760710577542749,0.0981638868027813,0.0958090581951464,0.0402999882553525,0.115182659474247,0.0613355728584934,0.0396815659551941
"CWF19L2","Fibroblasts6","brown",0.03219898582693,-0.00632178225478632,0.0103887011227909,0.0701387073547624,-0.0508306595210291,0.0115168973476101,0.0678430016796397,0.00312836788066652,0.00999892410561959,-0.0409897435042862
"CX3CL1","Fibroblasts2","turquoise",0.110663881074889,-0.024833787279352,0.16889499510727,-0.0220282601748647,0.134403810014476,0.0387120390695396,0.00646790728797751,0.0333909239948442,-0.0182968885368184,0.11707108531254
"CXCL1","Fibroblasts4","red",0.123377812855434,0.12249464483929,0.193185203979362,-0.250325424159343,0.483184668906315,-0.0780316094095923,-0.0294263427221588,-0.101328539458516,-0.197659533255057,0.325535461998398
"CXCL13","Fibroblasts9","black",-0.00176285912400415,0.162092603814615,-0.00866635378785767,-0.341708089325813,0.414980271312203,-0.0897685353076106,-0.0532064809692485,0.111933477447061,0.0109401010924734,0.48534001509834
"CXCL14","Fibroblasts3","green",-0.0694853381615341,-0.0653229301955486,-0.140564177241836,0.387731836422219,-0.168331061603506,0.0284486911375211,0.0555357968361907,0.150075940829556,0.107267818653905,-0.0930461027399788
"CXCL2","Fibroblasts9","black",-0.0080580714933109,0.181939764054896,-0.0457463294375251,-0.168771646905899,0.500112937532437,-0.183776288743527,-0.0467096578736633,-0.105622591468369,-0.126709411404942,0.551445678080957
"CXCL3","Fibroblasts9","black",0.0238965537623331,0.0604627403547869,0.0438793837842226,-0.106640274513626,0.301624080696026,-0.0711347465654298,-0.0362102317639156,-0.0558848637177944,-0.0990533272744306,0.305733412322869
"CXCL6","Fibroblasts2","turquoise",0.178418893354243,0.0416402379784873,0.285312647356157,-0.222614494305051,0.327057005145687,0.0325686125214167,-0.0287973755778206,-0.0297282310630622,-0.133676311417743,0.16636164145478
"CXCL8","Fibroblasts4","red",0.083017380611629,0.0482069418568595,0.148464805067755,-0.217710925463406,0.335591114599388,-0.024568403888115,-0.0163541591171428,-0.0401675395877333,-0.111197647767136,0.150507943034305
"CXCR4","Fibroblasts5","yellow",0.0199216429740717,-0.129446117728778,0.0642236948372539,0.00728937998394903,-0.0714203001991428,0.284392085836672,0.00358810744049125,0.0621210890162253,0.0207148605152782,-0.0568180068659172
"CXorf40B","Fibroblasts1","blue",0.00561610476055903,0.0562194977868044,-0.0474455026078448,-0.010055777572379,-0.000445600125629304,-0.011008374617198,0.0184956516093046,0.0237235918951251,0.0222672866783974,0.0124934979966979
"CYB5A","Fibroblasts1","blue",0.158630025619835,0.264329884419458,0.0748187344809384,0.0052926879427058,0.182352864738584,-0.112701465188307,-0.00363820238305329,0.01619266043977,0.0330267481221127,0.1934891771522
"CYB5R3","Fibroblasts1","blue",0.112493249585582,0.186598485673689,-0.00273913299562989,0.0548753562183295,0.0563361335676692,-0.0207104312748342,0.0438330583136522,0.0723050871597463,0.118340854379651,0.07176565268581
"CYBA","Fibroblasts1","blue",0.0474974434618363,0.332539414973192,-0.049547127715278,-0.0413472528674128,0.236939565271017,-0.320964776154581,0.00150988991450015,-0.0326172808968641,-0.0102237610037804,0.206608234063056
"CYBRD1","Fibroblasts3","green",0.107580766225099,-0.0622488929465493,0.0578443932270468,0.305369611378357,-0.0972544584776426,0.171135340079972,0.0378640881174067,0.103924122860055,0.0939325257917649,-0.054902853976499
"CYC1","Fibroblasts1","blue",0.0677098742433784,0.17811059694103,-0.041959145417654,0.0279437825485226,0.056844682331786,-0.0726739234659967,0.0223980974202457,0.00364212599886058,0.0388986644425248,0.0834843644381565
"CYCS","Fibroblasts1","blue",0.145732711101558,0.246961573338994,0.0429321220186782,-0.0763941954915767,0.258886480409454,-0.0763338340289178,0.0224186124009117,0.0266226883727964,0.0362447053439097,0.250966701106134
"CYFIP1","Fibroblasts2","turquoise",0.176996465524921,0.00935996718152374,0.201058474680686,0.0249902770424147,0.0789247380604489,0.0733998484643965,0.0258261622483931,0.0713490924358631,0.035509323168065,0.0425763389533055
"CYGB","Fibroblasts9","black",0.138721600563222,0.184801413810952,0.0810493734987,-0.144194530996066,0.230812708056965,-0.0629922489808341,0.0306779561032055,-0.0811486973662007,-0.0818752613870099,0.203413456822165
"CYHR1","Fibroblasts1","blue",0.0579908916729437,0.110751017512975,0.0189626123281372,0.0347891371764488,0.0399662392999095,-0.0868775671093118,0.0197410152063678,-0.00132229020991103,0.00660613219373937,0.0506970414169384
"CYLD","Fibroblasts2","turquoise",0.206087717507826,0.0177119266234654,0.251302533528753,-0.059439753916757,0.172530676940095,0.0448536062629008,0.0455702286387552,0.102223151154301,0.052810033867656,0.11434088131347
"CYP27A1","Fibroblasts9","black",0.0636994975077236,0.0781645290474901,0.0506626303479345,-0.0120973078799764,0.117556207346316,-0.0444768674965205,-0.0236879229295675,-0.00251432625013757,-0.00917776348260899,0.156019471498591
"CYP7B1","Fibroblasts2","turquoise",0.274419130318566,0.053595126497142,0.379258046713892,-0.0833357902126217,0.341210619036862,0.00965202494296252,0.0102896929214087,0.0585397312830499,-0.0372258068395385,0.236361342724348
"CYS1","Fibroblasts2","turquoise",0.143420457856817,0.0454922176715287,0.161229026974001,0.0897065329478267,0.0117487954172246,-0.00151626431123874,0.0177743571790649,0.0460605993691949,0.0587442000841024,-0.00588634659110754
"CYSTM1","Fibroblasts1","blue",0.067494920111985,0.173561089429523,-0.0313867297497333,0.0477035028993503,0.0642848520058349,-0.0876392068808841,0.0358919048274077,-0.0708018305576337,-0.0191886505044397,0.0626701673963171
"DAB2IP","Fibroblasts2","turquoise",0.111746207708764,-0.0263158872397105,0.145352642948021,0.0164955343837904,0.0386107699957475,0.0730653562531749,0.0121272934393126,0.0377608095379383,0.020716503804814,0.0143268342768599
"DAD1","Fibroblasts1","blue",0.121545581309703,0.218556885505387,0.0472856745449842,0.00268205535953203,0.123815331447171,-0.0888977309372288,-0.00669398144936219,0.0119895697463421,0.0347221734177361,0.103971352464923
"DAP","Fibroblasts8","magenta",0.128501389150012,0.0955678224893826,0.0757651841035764,-0.0615182068710556,0.0158133725589731,0.103344402777817,0.0469733793688522,0.192186048370917,0.263688099636961,0.0105090099077594
"DAZAP2","Fibroblasts1","blue",0.0817364021985317,0.0813662133809564,0.0197099032074396,-0.0400047571132103,0.0457038275595683,0.0663379744116144,0.041093072780147,0.0493344572601134,0.0610991722498666,0.0730402105659608
"DBI","Fibroblasts1","blue",0.113149822259841,0.280639189964463,0.0113367881665434,0.0147512394515058,0.15210053632334,-0.142875839504578,0.0373994101312544,-0.0463135511398032,-0.0241897837415749,0.145133105371819
"DBP","Fibroblasts1","blue",0.0689636815756621,0.117241787395475,0.0186115710989092,0.0510345071791183,0.01065556005961,-0.0769668096520734,0.0180780674976476,0.0449339542662941,0.0746333304030066,0.0146448931954446
"DCAF5","Fibroblasts2","turquoise",0.163972646735428,-0.0453072436960429,0.199574318613437,0.0222055680316618,0.0241018398212736,0.160420820611315,0.0435135558851217,0.108475039598114,0.0644208633550847,0.00779822403437537
"DCAKD","Fibroblasts6","brown",0.00632246802616415,0.00812358971319775,-0.00858805211646674,0.00187369385110173,-0.0318655973934224,0.044782915371174,0.097068483062382,0.0326784089253832,0.0398218985137227,-0.0158277397243343
"DCK","Fibroblasts6","brown",0.0179837807596957,0.0457742213288345,-0.0436670999784693,0.0219074640376025,-0.0199763564818024,-0.00714418728240408,0.0441612378770369,0.0150273550259019,0.0369299179559132,0.00676618960626403
"DCLK2","Fibroblasts2","turquoise",0.0825618137690923,-0.0106468401093712,0.116590581633651,-0.0184710725199258,0.0582196742585228,0.00688832779947574,0.00724287256747431,0.0336598455300405,0.0125183267650967,0.0288288490341235
"DCN","Fibroblasts9","black",0.0702423212421521,0.233795567249635,-0.0743434877821788,0.0506598852282966,0.196823735897759,-0.0381030832083031,-0.0628367950156449,0.104654895970528,0.136344224701389,0.334661166017628
"DCTN3","Fibroblasts1","blue",0.118799588429249,0.208134286824253,0.0407404298620309,0.0267245529228145,0.116392270948376,-0.0943003725673318,0.0228811783741838,0.00450506770042597,0.0358922473175125,0.108580996144324
"DCUN1D1","Fibroblasts6","brown",0.0819765857760621,0.0336894972662834,0.0493567154017212,0.00969020484637117,0.0255124186620347,0.0113064131167684,0.123511039281529,0.0491635555892507,0.0424053983015691,0.0209596611855394
"DCUN1D3","Fibroblasts2","turquoise",0.0994560978987058,-0.00657765229466937,0.13215508977733,-0.0125214845953411,0.0859825720434135,0.025412678730481,0.00881918211575242,0.0573191806559988,0.0211054597772618,0.0530723622399148
"DCXR","Fibroblasts1","blue",0.029631020978033,0.11365955273933,-0.0294187610629046,0.0288936546562406,-0.0174668403647758,-0.0427253607137446,0.00760269844661889,-0.0255763606500921,0.0167038512876308,-0.00392134324798007
"DDAH2","Fibroblasts3","green",0.0727581763398841,0.0756616293953023,-0.0129627249475935,0.28472690477293,-0.0483928207273059,-0.0242288382660558,0.044402333729588,0.0325463024804816,0.0589374816431832,-0.0142417247862358
"DDB1","Fibroblasts5","yellow",0.15898592806017,-0.0555295917211428,0.189884289501611,-0.0117645001302552,0.0156598626979013,0.196785904571512,0.030899951859899,0.0917539947707432,0.0450207884606888,-0.00638927401167418
"DDI2","Fibroblasts2","turquoise",0.149681930367237,-0.00542491747348682,0.1672229259542,-0.00177954067071959,0.0580528962127225,0.0787796814982901,0.0311869517859577,0.0608372368658113,0.0336304047427548,0.0314578039093923
"DDIT4","Fibroblasts1","blue",0.0525902079091884,0.146082153626248,0.0121073679933286,0.00047010793009754,0.181360907020402,-0.132753525138299,-0.0123945998148021,-0.0632143172752036,-0.0397283562329752,0.198272648940251
"DDR2","Fibroblasts2","turquoise",0.344359789415751,-0.0443937841216328,0.422425607728506,-0.0720784915074407,0.198649462110476,0.245259074534134,0.0619703805491866,0.172744648364249,0.0521751397109475,0.110251935683483
"DDX17","Fibroblasts2","turquoise",0.270326746742043,-0.141484720329424,0.366771414706694,0.0404685342265132,0.0299800483105618,0.220709197676348,0.033062921659954,0.124401543035537,0.0379404773474209,-0.0237849826552303
"DDX18","Fibroblasts6","brown",0.0995476452792086,0.066484726070945,0.0641378867485481,0.0577472517886846,0.0386270698251384,-0.0305646218272648,0.0734047822452166,0.00176654123838475,0.00764229666729103,0.0183650621912908
"DDX21","Fibroblasts2","turquoise",0.179466229993653,0.0173654483587418,0.203865059455291,-0.00144629623099545,0.128758279540392,0.047992754357425,0.0505354382033065,0.0442120326686751,0.0109118786873167,0.0545325850777501
"DDX23","Fibroblasts2","turquoise",0.136363896777355,-0.0188628726880609,0.154716105447101,0.0130770930409857,0.0509165024231789,0.0760051604762732,0.0228192016387568,0.0559981749316606,0.0274443955627508,0.023437366977385
"DDX24","Fibroblasts2","turquoise",0.232685093756269,0.0294354202218795,0.248950970033663,0.0919822666126118,0.116123109868675,0.0495711409504203,0.0820665329664646,0.0782622609222661,0.0411748309744331,0.0670687829276211
"DDX39B","Fibroblasts2","turquoise",0.151614833939091,-0.0382770144674392,0.199931837723573,0.0147148934756318,0.0740325152914071,0.0616301500032941,0.0279694446562539,0.0595487952615825,0.0173046496357643,0.0327417777087512
"DDX3X","Fibroblasts2","turquoise",0.225004871475812,0.0125474331668,0.260708555173178,-0.0199402715148485,0.20416456663734,0.0469884288722269,0.0495954717495894,0.107351036703343,0.0510901656110605,0.152208905029848
"DDX3Y","Fibroblasts2","turquoise",0.273433169076334,-0.0439583667077846,0.381727444658616,0.0654911796699966,0.162257500219902,0.0884477631091482,0.0340327426002509,0.0756953040400149,0.00801923713727446,0.0779270589384286
"DDX42","Fibroblasts2","turquoise",0.198524402805211,-0.0262642596502777,0.235339125716377,0.0218125470487735,0.0653568370692482,0.109556410845993,0.038281269186608,0.0927928139796371,0.0341827579383255,0.0275825040593553
"DDX5","Fibroblasts4","red",0.289985342137203,0.058483613821418,0.306965610356095,-0.000990400411809394,0.331091218726127,-0.0237267526225664,0.0548593284439275,0.0567622378810599,0.0150349898829389,0.227974052771111
"DDX6","Fibroblasts6","brown",0.125950873292776,0.000814762374313632,0.11818323706173,0.0602607738292991,0.00252457443097532,0.0489144616422826,0.111328971288448,0.0543928187504235,0.0343792273436426,-0.00676127517354104
"DENND2A","Fibroblasts2","turquoise",0.100156324827676,-0.000584453702067905,0.138002561406332,-0.0020205072255925,0.0564391690737715,0.0105242589281119,0.0121796002749619,0.00733992966103598,-0.0293963829719571,0.00690464163826172
"DGAT1","Fibroblasts2","turquoise",0.100975783803685,0.0295525350958941,0.135990302699371,-0.00111507972328129,0.0782752835852133,-0.0159724535564494,-4.542288704598e-05,0.0286086427900033,0.00554994072091157,0.0340235600672581
"DGCR6L","Fibroblasts1","blue",0.052987232181058,0.175792983910303,-0.0411174098092515,0.00952121917851011,0.0328028277240368,-0.0803444449537418,0.0296281909753411,0.0183030724125937,0.0492976215996117,0.0549382409152049
"DGKZ","Fibroblasts2","turquoise",0.116159289322075,0.00967977190470556,0.147679280564156,-0.0075974774178114,0.0628126108117667,0.0166191663224719,0.0235520325245735,0.0479138891561481,0.0137879936767201,0.0285113829089683
"DGUOK","Fibroblasts1","blue",0.0655658790275749,0.165977186191486,-0.0147355119102314,0.0319263255607173,0.0401499740907488,-0.0914211923036606,0.0140375504117558,0.0149148243398414,0.0426082002195264,0.0399022733975578
"DHPS","Fibroblasts1","blue",0.0534465918841164,0.109868805672833,0.0064928421688686,0.00155470329217593,0.063246111532196,-0.0747354863914251,0.0270068028247818,-0.0159353417055602,0.00522411429177527,0.0603809072867953
"DHRS4","Fibroblasts6","brown",0.0135360462735434,0.0609768993238725,-0.013230084708931,-0.00173741876896991,0.00654857869092437,-0.0298070467908355,0.0537451996606032,0.00867143830834533,0.0199451791305536,0.0164579704674131
"DHRS4L2","Fibroblasts1","blue",0.061807357881778,0.14520812135139,-0.0112089845912409,0.000447195307107112,0.0699474904916661,-0.0784913564095118,0.0181162015340098,-0.00942863203061894,0.00936626908010398,0.071290317652705
"DHX36","Fibroblasts2","turquoise",0.211449175933625,0.0401839141394791,0.226046570482842,0.0375124474113394,0.129514242786312,0.015327048624784,0.0475889787817552,0.0686021484169211,0.0389739430302345,0.0757388536046508
"DHX9","Fibroblasts2","turquoise",0.19224452727116,-0.0337399474029112,0.233766814276646,-0.00772174571816084,0.0665351718761788,0.149295142846656,0.0238649498284972,0.0882224374313028,0.0340974171668009,0.0220452982226472
"DICER1","Fibroblasts2","turquoise",0.160869861792618,-0.0135252306730471,0.190446412317994,0.0126052107528331,0.0601415976604435,0.0484252905696879,0.0308379980405574,0.0762815911581023,0.0325347827235361,0.0209833684096167
"DIO3OS","Fibroblasts6","brown",0.0106792785521422,0.0474676756961931,-0.0278392856412614,0.1458607390386,-0.0528056440680646,-0.0626480388276947,0.0397203996409027,-0.0396589957526306,-0.00838599703529134,-0.0110068601118228
"DKK2","Fibroblasts3","green",0.0165227189493688,-0.0216254641089411,-0.0129888445678219,0.240485342855974,-0.131151106276109,0.0141183475416581,-0.00152895782561922,0.0192999995020864,0.0404490515265496,-0.122105635275421
"DLC1","Fibroblasts2","turquoise",0.16751374854607,-0.0337312268533446,0.199120326730201,0.0750188157150929,0.0580121997379398,0.091664441603627,0.0493551917544387,0.0708180359677712,0.0170787592362333,0.0165144145942207
"DLD","Fibroblasts1","blue",0.0636094960868326,0.0823720063676774,0.0129591429108461,-0.000373638918333823,0.0379715892976072,-0.0181198498926863,0.00744460769692225,0.0421361497925242,0.0441191196376907,0.0463833630486608
"DLG3","Fibroblasts2","turquoise",0.118875131557285,0.00914829995581381,0.14229987645398,-0.0121616862470287,0.0710711305116787,0.036362852479175,0.0210839361240937,0.0353555029694489,0.00587275109196624,0.0400294041675537
"DLGAP4","Fibroblasts2","turquoise",0.157625994932446,0.00863354914773882,0.193833703347635,0.00734794144693859,0.0786893375018351,0.070227049713665,0.0229643903799725,0.0828898417754446,0.0422566531908019,0.0215479167601929
"DLX1","Fibroblasts3","green",0.0358786298219332,-0.0263533256782906,0.0223330781740423,0.0932085149024912,-0.0655470966548048,0.0786080052447813,0.0162071789345832,0.0330780527470309,0.0223151192790736,-0.0455440399797164
"DMWD","Fibroblasts2","turquoise",0.160878463900741,0.0124945631510671,0.215420408126041,-0.0042230141554241,0.100436670985882,0.0456091124780956,0.0195990787156322,0.0671670182332849,0.0210260320844308,0.0512058104351558
"DNAJA1","Fibroblasts2","turquoise",0.25522155779147,0.047925850698954,0.32861995591221,0.00696959547876004,0.311582639196525,0.0335980825821849,0.0348809126428276,0.0844691466114151,0.0290330619923569,0.220189678546034
"DNAJB4","Fibroblasts9","black",0.13099332409731,0.068813172757115,0.0925272176302713,-0.00204791714801827,0.126384611441725,-6.22273758958181e-05,0.0517893063129112,0.0766105071745444,0.0600748059827256,0.148238696656465
"DNAJB6","Fibroblasts1","blue",0.117876141827141,0.159297516418415,0.0353891806860045,0.00322091162728268,0.125132475756944,-0.0813490126852624,0.0371471769231006,0.0111351804916089,0.0247474074945758,0.111184430993991
"DNAJB9","Fibroblasts1","blue",0.0449202827904159,0.0769813698688737,-0.0220088540097797,-0.00334213813046551,0.0480751740381745,-0.00115172953672186,0.020782631512122,0.0200700822274676,0.0458041168003886,0.0726503207777144
"DNAJC1","Fibroblasts2","turquoise",0.193622685570469,0.0238826934584722,0.225203948217525,-0.0151814625413073,0.131391121957779,0.0549556370799742,0.0291422683316243,0.132656756292048,0.0825227650952108,0.0760295905189472
"DNAJC18","Fibroblasts2","turquoise",0.0942586276659419,0.00328216555283142,0.112976684357618,0.0404746705075504,0.0382946900939584,0.0632705401996525,0.023780343069305,0.0352394942366832,0.0147216925596401,0.0184398487295124
"DNAJC19","Fibroblasts1","blue",0.0757884512698499,0.124436767343102,0.00814392207526622,0.0469895772445103,0.0416712167804359,-0.0507341168348237,0.0135226427043826,0.0147540910733308,0.035406823095173,0.0408050909386278
"DNAJC21","Fibroblasts2","turquoise",0.195666619491048,0.0339841242673876,0.219687053661766,0.022646269108385,0.0880067621592229,0.0493608568658794,0.0352263071897256,0.0772594932132488,0.0427863772148487,0.0506236343258169
"DNAJC4","Fibroblasts1","blue",0.0382372019219812,0.0913750718529881,-0.00564876479941319,0.00541405412276482,0.0350037353150401,-0.043066008959545,0.0282756344085674,0.0173489433024816,0.0330524930287864,0.0522790391028763
"DNASE1L3","Fibroblasts1","blue",-0.0794606862061942,0.0299439295208967,-0.114171490641467,-0.0186177138204342,-0.0165021919496802,-0.0473490809544906,0.0214108426895746,-0.0377063129254986,-0.032554177238966,-0.0026254942427054
"DNASE2","Fibroblasts1","blue",0.0643237047643104,0.0873432731825666,-0.0136312104799494,0.0476509087076598,0.0252844538389864,-0.0104449057761139,0.0198332661929863,0.0234658298041644,0.0493948051403014,0.062541916513122
"DNM1","Fibroblasts2","turquoise",0.167191611563353,-0.0294906587628463,0.206095660628387,0.056862386227071,0.0242059388610369,0.114336433646709,0.0265553901271898,0.0999066396221985,0.0699271772899885,-0.00839078297093167
"DNM1L","Fibroblasts2","turquoise",0.169146662233205,0.00728564815880361,0.191896864253996,0.0106636015580875,0.0855777068688788,0.0536509649401207,0.0498943399733435,0.0682222596433065,0.0345778679852588,0.0285534587462549
"DNM3OS","Fibroblasts1","blue",0.0279696633418876,0.0253007730389846,-0.0194423457760208,0.0151403813637882,-0.0632800559613058,0.0231889423155119,0.0166953456481533,0.0578520585153685,0.0696242034774581,-0.0499033886774413
"DNPH1","Fibroblasts1","blue",0.0767198899275827,0.168900896674642,0.0107214490783277,-0.021070924243535,0.0762741575289695,-0.0598237513991373,0.0107775206646775,-0.00614457492102388,0.00716452838744193,0.0685653650264084
"DOCK1","Fibroblasts2","turquoise",0.203991296877861,-0.022800755203471,0.247998332525656,0.0142841900792957,0.064651776440081,0.116484657834352,0.053694039976791,0.114965570797107,0.0579571309390479,0.0377145167882551
"DOCK4","Fibroblasts2","turquoise",0.138796663355035,-0.00910029241617301,0.167350550977036,-0.0136470314077125,0.0704734094932275,0.0361199942606858,0.0217230736048881,0.0631414779636721,0.0385074288738341,0.0425021471270269
"DOCK5","Fibroblasts6","brown",0.0351073733327595,0.0794744826155556,-0.0148661316304643,-0.0647965519631575,-0.00523945374179427,-0.0569341961786333,0.244215753538275,0.0149569705419749,0.0477855763578592,-0.00122851520321411
"DOT1L","Fibroblasts2","turquoise",0.0871925427710018,-0.0238385361174827,0.136975271093083,-0.0325445089762429,0.076003740438841,0.0126395711773849,0.0129147564389943,0.0396823789457268,0.00516977849446857,0.0175011206806314
"DPCD","Fibroblasts1","blue",0.0474257146873455,0.114493315356579,-0.0117967954326113,-0.0178867507990954,0.0614961106207783,-0.0536770946433909,0.0101757557733335,0.00535234587982792,-0.000576819458685591,0.0606768736441807
"DPM1","Fibroblasts1","blue",0.053846746024037,0.101382825209283,-0.0234557631757404,0.0182713381633235,0.0473339102100054,-0.0183431548966618,0.0181561373229642,0.015774817524005,0.0379763827238972,0.0552677808466091
"DPM2","Fibroblasts1","blue",0.0578246967186552,0.121652460622756,-0.0174841895471109,-0.00850687151993706,0.0202858264599666,-0.0213729230510683,0.0183378194998908,0.047177073873657,0.0591772219872984,0.029789859775352
"DPM3","Fibroblasts1","blue",0.036428842626107,0.132404114846616,-0.0355312688031469,0.0451112475509957,0.026217386924186,-0.0933911944647104,0.0391723245147588,-0.0054075186578943,0.015942715814191,0.024491281271153
"DPP7","Fibroblasts1","blue",0.108111366327706,0.186028616613469,0.0360563241374675,0.04956348339086,0.104758516958928,-0.134252583014852,-0.000930614926554851,0.0432955778619165,0.0719826635716664,0.102989087448007
"DPT","Fibroblasts3","green",-0.0341550641733328,0.0790059540668887,-0.165182515533969,0.360016753795415,-0.170143412256216,-0.0390208856397365,0.000200261965467284,-0.0121717471475374,0.0759654811971471,-0.0827617180054726
"DPY19L3","Fibroblasts5","yellow",0.111237796636181,-0.0993046189554499,0.145053038631646,0.00238457123851979,-0.0140555840455797,0.224521449655136,0.0209543908104165,0.133189962399946,0.0596307004094222,-0.0115443121960634
"DPY30","Fibroblasts1","blue",0.0267273611215435,0.108325170900873,-0.0402987470442888,-0.00869376301012674,0.0219999035261393,-0.0300813905955726,0.00790188615002227,0.0257228213816913,0.0612620607693688,0.0468515691361282
"DPYSL2","Fibroblasts3","green",0.175796344906125,0.0214569343150885,0.148598466783777,0.110443342888615,0.0020894326446135,0.126269152489027,0.0804967629532203,0.0485733719141872,0.0316648614880743,-0.0101560000976658
"DPYSL3","Fibroblasts2","turquoise",0.211441236640851,-0.100783056832383,0.27794091006933,0.0129626136516622,0.0497534633191413,0.291231185773792,0.0468761612835847,0.21107519458681,0.124603103066304,0.0208610098646352
"DRAM1","Fibroblasts2","turquoise",0.193900606018184,0.0541072172217385,0.235752974512613,-0.0327728226463943,0.199812197826201,0.0157762311822543,0.0226638982937446,0.080752583157726,0.0205861646355457,0.124865153251435
"DRAM2","Fibroblasts1","blue",0.0176655207609975,0.108808865576187,-0.052521807565546,-0.0297821251650911,0.0777254780098142,-0.0355438593503272,0.00328053099414798,-0.00384189533003491,0.0105946620103601,0.0939680583320795
"DRAP1","Fibroblasts1","blue",0.111099893989432,0.239857146699121,0.0101473762776145,-0.0399798688653822,0.109920775964152,-0.123691694808561,0.0597464458081892,0.0391840198749023,0.0669643826661662,0.097180192682599
"DSE","Fibroblasts2","turquoise",0.160900393845806,-0.0257774246031006,0.190541095958512,0.00345030275314803,0.0463765609143846,0.125412634966398,0.0403827103384303,0.113214608479793,0.0750528413889851,0.0179117504046183
"DST","Fibroblasts2","turquoise",0.306598074407216,-0.0829624856527273,0.363215860012355,0.0953081472368377,0.03667796971148,0.161607618875799,0.0767637741526623,0.148531451781634,0.0796311665927826,-0.0128978937428837
"DSTN","Fibroblasts1","blue",0.139644938508605,0.337778505815523,-0.0363946531873984,0.00927278933703227,0.074045940738919,-0.105538737901143,0.0850297832547397,-0.00308989660462933,0.0849856962807531,0.0851938462155111
"DSTYK","Fibroblasts2","turquoise",0.158901354574273,-0.0317688693843092,0.187814023095537,0.0259053686083292,0.0441982309568098,0.119959056856185,0.0382355439054189,0.0894616617621631,0.0619633331469199,0.0417001581533232
"DTX3L","Fibroblasts2","turquoise",0.13568880508431,-0.010544907224149,0.150686730399395,0.000816293276836451,0.059417234745984,0.0735670714708506,0.0495436864971008,0.0641433691176772,0.0210470304121894,0.0381272388010414
"DTX4","Fibroblasts2","turquoise",0.149283104702958,0.0234103784101641,0.177018033593964,-0.0590094780897152,0.120147599710391,0.0525104827136518,0.038840744753417,0.0613649339483851,0.0195662089784409,0.10078491504713
"DUS1L","Fibroblasts2","turquoise",0.137510346237202,0.0287716017034755,0.181427578907945,-0.0135609370015248,0.0952763883437027,0.00790044842636186,0.0035198648164792,0.0488947507000543,0.0170390086613788,0.0420590771997525
"DUS3L","Fibroblasts1","blue",0.0249623504981587,0.0665102541887646,-0.0174982898794682,0.0129844757202908,0.0167012687097621,-0.0382557107616456,0.0064120995208196,-0.00338882796449351,0.0177277099926023,0.0201969575505846
"DUSP1","Fibroblasts9","black",0.115429703888596,0.22564929154093,0.0720266590452841,-0.086476617956373,0.464881199775357,-0.161522541312829,-0.0570358734694007,-0.0441089161649992,-0.0167217954643097,0.605013089368729
"DUSP11","Fibroblasts1","blue",0.0558059119298943,0.0825169298377006,-0.00644825503481031,0.0226192589983075,0.0249178037730097,-0.0280410157733738,0.0132681324896975,0.0252170092659057,0.0330462708219582,0.0292989683903528
"DUSP12","Fibroblasts1","blue",0.0376056791344711,0.0706455197233192,-0.00745284717231594,0.00522020428356165,0.00507055789206073,-0.0259043500037181,0.0103873053871888,0.0120614453358884,0.0263611720892133,0.0148310507885475
"DUSP16","Fibroblasts2","turquoise",0.101093552959429,-0.0417945770562747,0.146310058706803,0.00251486421458584,0.0636359938456074,0.0965213777968869,0.00713639080814212,0.0456353607656532,-0.00831923182153751,0.0280435689931534
"DUSP23","Fibroblasts1","blue",0.0288164332850871,0.113253575095715,-0.0390286856920818,-0.00982074912632206,0.0108158230678136,-0.0464952994646576,0.0370778697702694,-0.00618635701504484,0.0231341998096032,0.0222451039486625
"DUSP5","Fibroblasts2","turquoise",0.103672991858938,-0.00449096130966422,0.167778492920103,-0.0460833387000678,0.177426246951527,0.0363947545164039,0.0137777394824389,0.0354385661681738,-0.0146680603026391,0.134371150999347
"DUT","Fibroblasts1","blue",0.0780649238430367,0.191407762652702,-0.0420418443391804,0.0245883679449624,0.0476754465779045,-0.0550129459321419,0.0241863102906008,0.0354463203865886,0.0707110948126833,0.0792425826526488
"DVL3","Fibroblasts5","yellow",0.148009840228394,-0.0628702744803483,0.181873261165901,-0.000981962125822851,0.0224598308538639,0.212178765725145,0.0296469338899238,0.123830615708357,0.0633546734978853,0.00423914723471611
"DYNC1H1","Fibroblasts2","turquoise",0.216445432883573,0.0271399354278325,0.258920140673399,-0.00757019860898299,0.110738925895428,0.0244681175449007,0.0404333050762713,0.086718442903797,0.0409534550571525,0.0538436342729198
"DYNC1I2","Fibroblasts6","brown",0.0771502872824709,0.0296301580834732,0.0167286840828188,0.0925690394375331,-0.0647158211464276,0.0491530700897594,0.110484195330589,0.045978913802749,0.0629424124306203,-0.0562574460405039
"DYNC1LI1","Fibroblasts2","turquoise",0.186265108833632,0.0627425082287629,0.188087565194716,-0.0124414407934804,0.113586627448985,0.0302460676756458,0.0505867632489661,0.0532700705208533,0.0324049016500889,0.0741422366492439
"DYNC1LI2","Fibroblasts2","turquoise",0.219893654076057,0.0221417122120989,0.25334436860174,0.00139939611280593,0.0994178261259005,0.0710947930133571,0.0485387787887364,0.109539816730591,0.0652487824873371,0.0434228254561014
"DYNLL1","Fibroblasts1","blue",0.180517213305937,0.344680419506201,0.0667159715364155,0.0333819966149252,0.173688541371647,-0.198018498105302,0.0275198583273534,0.0269042519865106,0.0615649540809429,0.141715344540211
"DYNLL2","Fibroblasts2","turquoise",0.156144773615791,-0.0694024031965131,0.205130301603045,0.0277392882380159,0.0159880427676298,0.190281963992345,0.0348679642300188,0.098743555794962,0.0477717296795069,-0.00518051183463041
"DYNLT1","Fibroblasts1","blue",0.0980649992166028,0.223228066565765,0.0170021148395095,-0.0685790420471159,0.154509116047607,-0.112486310847939,0.0407609408522493,0.0322811788114035,0.0391121904999966,0.136888383275354
"DYRK3","Fibroblasts4","red",0.120563655400185,0.0496429134258071,0.145647085124439,-0.0629896823332456,0.222589122322107,0.00272575811776018,0.017437802838378,0.0482962634330045,0.00939122105846366,0.137741795245771
"DZIP1","Fibroblasts5","yellow",0.15684011850835,-0.0310100618555141,0.17998014768419,-0.00543285788823559,0.0300485061718454,0.178649114898271,0.028921978228491,0.110250318028287,0.0604655694835725,0.00813118425161514
"E2F3","Fibroblasts2","turquoise",0.110490793399341,-0.0194707403630809,0.133217884294202,-0.000286178376382536,0.0475475530708544,0.0894644643073506,0.0301555556264911,0.0616487119219263,0.0224869789653069,0.0227915374680867
"EAPP","Fibroblasts1","blue",0.0734680556459123,0.125817828667387,-0.0103375224815645,0.0657099639332874,0.0261029205599839,-0.0268445080171734,0.0409696494531704,0.0243184905438354,0.0380020593136202,0.0594478070438978
"EBF1","Fibroblasts3","green",0.123953358403782,-0.0215922347149574,0.0973337416616272,0.226884455735048,0.0796011840541608,0.0229171978077081,0.0693784619936205,-0.074320064203571,-0.102342691997882,0.0987332293253668
"EBP","Fibroblasts1","blue",0.0307256432572396,0.0716562579859633,-0.0206465342307982,0.0368663806359263,0.0161908679958935,-0.0333088656556605,0.0171554817733922,0.00513490710016929,0.0314015609904964,0.0223741127986314
"ECE1","Fibroblasts2","turquoise",0.184471102321548,-0.0292474934910958,0.233172478306386,0.0671279679016433,0.113771619055447,0.0321502017011695,0.0368001862901121,0.0202967259091591,-0.0155725560336989,0.0678007652063816
"ECH1","Fibroblasts1","blue",0.0267139245787771,0.138352347863258,-0.0638655851487009,0.0471544051647864,0.00423140551978847,-0.0683795750256002,0.0230215008028326,-0.00549897100794449,0.0343479707165792,0.0364741419431072
"ECHDC2","Fibroblasts6","brown",0.0247397373496466,0.0136291877260138,0.00520152239763258,0.104022615195414,-0.015541349145015,-0.0414860412519295,0.0470437372874707,-0.0203987517653114,-0.0078971916138459,-0.0189019547463715
"ECI1","Fibroblasts2","turquoise",0.157807304307457,0.089299273652379,0.187455444714176,0.0226724720266513,0.114263491208971,-0.0404319608812864,0.00551321906438094,0.0385019405007979,0.0211112085102838,0.0662890008986623
"EDEM3","Fibroblasts2","turquoise",0.177072486749866,-0.0452309146166101,0.205796445704269,0.0101949643953044,0.0556953923214277,0.133444480171282,0.0519766509551238,0.107531901634307,0.04389978805947,0.0244786684097296
"EDF1","Fibroblasts1","blue",0.0897631019935306,0.381271292887855,-0.0393730845732335,-0.027292862933595,0.180683127490479,-0.278020585721489,0.0240917326496499,-0.023751693883816,0.0245623428742874,0.166186075672803
"EDIL3","Fibroblasts5","yellow",0.231286116622008,-0.052956515516033,0.267533358820543,0.0344353335015415,-0.0179835524533313,0.204930873967458,0.0544649177908815,0.310316349090591,0.231079169380076,-0.00824799430020797
"EDNRB","Fibroblasts2","turquoise",0.152796493002355,-0.0283076290547613,0.220112291336605,0.127530221014045,0.158232160522613,0.00661058068068592,0.0254321544823243,-0.00553091227232854,-0.0673956377985322,0.0846292171322857
"EEA1","Fibroblasts2","turquoise",0.238541212521946,-0.0346784175382357,0.280548802393702,0.127919003332272,0.0437612521883334,0.140992916756302,0.0717307348596418,0.111798642493705,0.0675633368577335,0.0136991292177405
"EEF1A1","Fibroblasts1","blue",0.222576209834343,0.562627023743065,0.0929247393100002,0.016780513168928,0.343158925380577,-0.439328878144408,0.00203952972116229,-0.050408715806669,0.0289251188793776,0.286036412652494
"EEF1A1P5","Fibroblasts5","yellow",0.117319312189266,-0.264680458121676,0.190174161935047,0.00369182794663854,-0.140344010554664,0.673201391137536,0.0291052766363922,0.177722498873,0.0893681092877414,-0.0852356476820784
"EEF1B2","Fibroblasts4","red",0.265849775775277,0.277630239068191,0.254209829596675,-0.00596385715036389,0.307625645998869,-0.117554543521255,0.0337840922828442,0.0398289741718804,0.0319097134484346,0.182960364351211
"EEF1D","Fibroblasts1","blue",0.0246603819389049,0.476837188455806,-0.131908673688356,-0.0484089586882426,0.217405562008436,-0.453100800974056,0.0073505111553865,-0.123896134319201,-0.024712542450124,0.205791002707785
"EEF2","Fibroblasts1","blue",0.193857208877767,0.289561409303839,0.0600508491940631,-0.0183495115808808,0.149933584366277,-0.0538477072657231,0.0663516827862087,0.0859499004298592,0.128009766642939,0.159972712016976
"EFCAB14","Fibroblasts2","turquoise",0.188704673181626,-0.0467790606601125,0.205804556172704,0.0992095033058914,0.00220057208950798,0.173139055580071,0.0518246715849508,0.083252515378414,0.0455718022854132,-0.00278771875072597
"EFHC1","Fibroblasts1","blue",0.0476970017554603,0.0790651400962074,0.00852745346945896,-0.0104018954453908,0.0485921320309093,-0.0553056291026035,0.0122738821874033,-0.0066130818697554,-0.00230543532532786,0.050711544356678
"EFHD2","Fibroblasts2","turquoise",0.115399681649642,-0.0152504839215996,0.151619271172749,0.0138000871374734,0.042413139836738,0.100762025748481,0.0131202203334246,0.0558333152419787,0.0132513676727812,0.00456748339489759
"EFNA5","Fibroblasts3","green",0.0269210272822553,-0.0434914861549024,0.0317849488686001,0.143977607282698,-0.0398543219707658,0.0256686698448603,0.0674336139703667,0.0122423856527297,-0.00892710410130448,-0.028293151541549
"EGFL6","Fibroblasts2","turquoise",0.133710973178474,-0.15257306072983,0.247482999137992,-0.0913081258074084,0.142721550200841,0.279176972937864,-0.0358378803658896,0.219092345708506,0.0564948220658651,0.151577279048064
"EGFL7","Fibroblasts6","brown",-0.0192337113965171,0.0338714513998901,-0.0400607017026159,0.0102928519099518,-0.0129212424395012,-0.0434239093541208,0.0336381217907894,-0.0314221197714519,-0.018983644826741,-0.0147430653164073
"EGFR","Fibroblasts2","turquoise",0.249446083287649,-0.101705402753338,0.338232075482732,0.137304919822682,0.0978231534590237,0.1775538830429,0.0357103341106824,0.0967952008888813,0.00709323811200667,0.0400158146952452
"EGR1","Fibroblasts2","turquoise",0.312662301132213,-0.0643909671746348,0.424969642775419,0.0163208446001277,0.357480965092818,0.252041631265638,0.0415031357362632,0.103673535785857,0.00763800298397105,0.381719554081298
"EGR3","Fibroblasts2","turquoise",0.175545365809448,0.0241467345127682,0.264967689395378,-0.0139444482310395,0.317598660781322,-0.0417407616225824,0.0155642670108823,0.00661257295463847,-0.0594546601392065,0.194451841756683
"EHD1","Fibroblasts2","turquoise",0.0826461892889171,0.00170730642347839,0.126520498987762,-0.00845598458903871,0.12737768104165,-0.0130742018034636,0.0104829731841033,0.0131325094581158,-0.0244805227354278,0.0744540341255061
"EI24","Fibroblasts1","blue",0.114191616864996,0.129253828947512,0.0291202150220977,0.00479618610295086,0.0589760044140838,0.0288123953000989,0.0292455201660742,0.0462381247742002,0.0470224297397872,0.0740221441876324
"EID1","Fibroblasts1","blue",0.20875404808048,0.238895947045366,0.0741448478174547,0.157967150611952,0.068283019549834,-0.0121581892819458,0.0319775156057912,0.0872283367639122,0.118652874208043,0.104239711034292
"EID2","Fibroblasts2","turquoise",0.134973391299665,-0.00171342031051174,0.1677464052063,0.0201077430712745,0.0643756086767755,0.0686905204492619,0.0120824238141048,0.0472995509478595,0.0114815580653459,0.0387474857491166
"EIF1","Fibroblasts1","blue",0.0870289006758876,0.409296416134683,-0.0371698351258267,0.0396975379978335,0.285892845908478,-0.36323309964321,0.0319956506099749,-0.0855267944925816,0.0238111599302228,0.270237955570902
"EIF1AX","Fibroblasts1","blue",0.169325193584822,0.184068079438111,0.0823567703963521,0.0630858152897806,0.124673157190117,-0.0848250793196088,0.0604397187189319,0.0280879344463203,0.0341190467750368,0.101528043656486
"EIF1B","Fibroblasts9","black",0.154823330028857,0.140142927857377,0.128010846678313,0.0214060266206857,0.191042742266168,-0.0724474454356277,0.0179120219818067,0.0199047450625036,0.00955101086286856,0.183994058874812
"EIF2AK1","Fibroblasts5","yellow",0.1844512256283,-0.0377811266743228,0.190591033898021,0.0207164949654996,0.00829203542914758,0.244400583139895,0.04238416338688,0.13029507042511,0.0828411379256581,0.0108033191981657
"EIF2AK2","Fibroblasts2","turquoise",0.225902070566297,0.0172636244907078,0.227567646239838,0.0232915954468372,0.0743204653724252,0.117164700070154,0.0585928921502797,0.108045326018051,0.0831712263383514,0.049388909095843
"EIF2AK4","Fibroblasts2","turquoise",0.199400155043493,0.0212486817163875,0.223975665593315,0.0298308251023182,0.0724488670842193,0.0756162704101639,0.0464117493725257,0.0840067469900514,0.0439474939748668,0.0558977621750379
"EIF2S2","Fibroblasts6","brown",0.118020733091116,0.131198125972618,0.0452597751940478,0.020942216252309,0.0469274423424161,-0.0270797325233583,0.0907152493770986,0.0267582032359902,0.0434689247505185,0.031736293016924
"EIF2S3","Fibroblasts1","blue",0.0614901542935119,0.0773237993358298,0.00286222849777633,0.00383011817713941,0.0247873482770707,0.00318076502738065,0.150996367322147,0.02117687069108,0.0337094426039152,0.0481281372325856
"EIF3A","Fibroblasts2","turquoise",0.306925902880493,0.00475323901643889,0.356338843796893,-0.0184711236784118,0.161562804178859,0.148162139945712,0.0769724306622812,0.135478023986557,0.0638591386384526,0.0754879702344517
"EIF3B","Fibroblasts2","turquoise",0.193103969203182,0.0384590047571137,0.238505926454245,0.0099229810248625,0.130535617702995,0.00715403218446714,0.0207728288376042,0.0592570378222808,0.00443141027448767,0.0503199182363288
"EIF3D","Fibroblasts1","blue",0.109602208534799,0.149369406603732,0.0398445047554159,0.0243481755410204,0.0879504510993397,-0.0479882519529552,0.0244216294576287,0.00617701309721798,0.0220374130599993,0.0895725003721225
"EIF3E","Fibroblasts1","blue",0.0104492421913769,0.28303327427452,-0.166538615131676,0.0298027124158012,0.0312170145508503,-0.163203485942689,0.0647824671096608,-0.0412008986766837,0.033720751288403,0.0935244474518385
"EIF3F","Fibroblasts1","blue",0.138577020679832,0.250953777576343,0.0383939265872831,0.0290531118827469,0.133491168547682,-0.125088703434362,0.0326702486707432,0.0285202471622552,0.0533101645830503,0.131554128514156
"EIF3H","Fibroblasts1","blue",0.138007893129086,0.176371472321054,0.0676025627791928,0.012163802339704,0.107327168749451,0.0106760850692117,0.0106631128258486,0.0182279184813629,0.0484794865962911,0.110067143506838
"EIF3J","Fibroblasts6","brown",0.0828251777330285,0.0662031877662614,0.0460638586006025,-0.0203002197799391,0.031208299621267,0.0221716306514658,0.0766556298940354,0.0430141774315721,0.0392106113022681,0.0187422167651588
"EIF3J-AS1","Fibroblasts3","green",0.03603474484584,0.0323294991805105,0.00717673324606863,0.0503675251004365,-0.0338121724869691,-0.0224321276330229,0.0128115220719692,-0.00953827816288452,0.00988713765102739,-0.022871901698589
"EIF3K","Fibroblasts1","blue",0.158942786732546,0.261485738891159,0.095732338200222,-0.00107156449156322,0.175173853078424,-0.129117577773635,0.0199715754669864,-0.0122854754805997,0.017839420079001,0.152642586821723
"EIF3L","Fibroblasts1","blue",0.0888229097052145,0.246493611682153,-0.0220713659739727,0.0331821188278061,0.108917491241563,-0.160014631824562,0.0171357625323073,-0.0386486654923029,0.0165043089000675,0.104060642265728
"EIF3M","Fibroblasts1","blue",0.102209049929633,0.174461447809181,0.0323140460211079,0.0067356148943449,0.0972010946178396,-0.0855285613520652,0.0122189218979436,0.00221412370754026,0.020563179737182,0.0887530651140758
"EIF4A1","Fibroblasts1","blue",0.118832697800506,0.185422150189168,0.0744835951085808,-0.0142570082422041,0.228834625219868,-0.195181026685704,0.0207494704669066,-0.0212026677051165,-0.00858027884045297,0.173338625816664
"EIF4A2","Fibroblasts1","blue",0.0958195077887897,0.0534500541549125,-0.00695525601537835,0.141583055338088,-0.0492055039296275,0.0786787590455223,0.0283831942782833,0.0258281465637188,0.0620423507156138,0.0131000128532322
"EIF4A3","Fibroblasts4","red",0.127823942699388,0.0857960483179789,0.129229901379082,0.00326769086577558,0.209868829981104,-0.0241562901526674,0.00104882074923644,0.0133981737623533,0.00195416722736016,0.156729151045833
"EIF4E","Fibroblasts1","blue",0.00230658235077784,0.137278681238381,-0.102488235621783,0.00531166531528776,0.0122251616831901,-0.088876220176735,0.0519512866299081,0.000962418820944334,0.0325857801205161,0.0366926833053544
"EIF4EBP1","Fibroblasts1","blue",0.0422832287442739,0.141849296784861,-0.0297150142248471,-0.0191945414389602,0.0111505392374652,-0.0524176802839,0.0304399630584004,0.0250422417500605,0.0455295957682055,0.0136502138352567
"EIF4G1","Fibroblasts2","turquoise",0.226630911106938,-0.00941879722860083,0.277291620908129,-0.0116690863962535,0.109304262981095,0.112327586063944,0.0371617733014061,0.125805077244681,0.0486197452463623,0.0480627354732962
"EIF4G2","Fibroblasts5","yellow",0.298350351935297,0.0252633058048828,0.301271368584306,-0.0228947501362257,0.113964543567641,0.217254694898768,0.0801952449215491,0.217045322969781,0.135009178595892,0.0802551400852129
"EIF4G3","Fibroblasts2","turquoise",0.24035663492769,-0.0904253409384535,0.317731773328559,-0.00712160571029392,0.0626048813748831,0.238940410234867,0.0512173313722557,0.159585361904305,0.0796203391879507,0.0302607759222737
"EIF5A","Fibroblasts6","brown",0.0865862164754694,0.0957135469758172,0.0730923636806755,-0.0342760599884987,0.0731581978709526,-0.00838392953009012,0.337542182879197,0.0135188879481615,0.0124583404075462,0.0354901207610197
"EIF5B","Fibroblasts6","brown",0.0654344519462796,0.0677183419393881,0.00793450541237721,0.0353460337315618,-0.0202445146849473,0.0105038291697043,0.0891093315509725,0.00478258725647265,0.0263448413057023,-0.0230108760321263
"EIF6","Fibroblasts1","blue",0.082130699941817,0.170812373096776,-0.00206484369591434,0.0137034043994902,0.0649647408720817,-0.0704947876464965,0.0298429663858962,0.0177676687174071,0.0348596294399217,0.0617837791623242
"ELF1","Fibroblasts2","turquoise",0.169737166620896,0.00170033629040706,0.189320912270712,0.0646194460891146,0.0593383027389402,0.0725642006464056,0.0428189858546505,0.0739142825823789,0.0420377900912401,0.0340111175497004
"ELK1","Fibroblasts2","turquoise",0.128572432812972,0.0164080266939914,0.162289833528578,-0.0282464862305064,0.0998353182349603,0.067529138030799,0.0187551988772916,0.0368724762548807,0.00408444681385818,0.0604421222643339
"ELK3","Fibroblasts2","turquoise",0.195339741134905,-0.0139271676561569,0.226044495837367,-0.0500312916832902,0.09682972805894,0.171579610040588,0.0590079304693154,0.113088471547789,0.0644296672025831,0.0647858878101953
"ELL2","Fibroblasts2","turquoise",0.174121836932111,-0.00828411049629513,0.240611115430553,-0.0441378484194993,0.182737041996759,0.0617554630401547,0.0194213723859987,0.06607599473883,0.0109707960574888,0.115536970854128
"ELN","Fibroblasts3","green",0.0331396018123431,-0.0994723222429371,0.0151968034296775,0.295630068544517,-0.180614497001592,0.159030846264101,0.00966417593006656,0.0381018705912869,0.0482175163175702,-0.173565615248592
"ELOF1","Fibroblasts1","blue",0.0495359466491548,0.111169499755857,-0.0154117578016334,0.0129164841483001,0.0357571099129695,-0.0419564185048034,0.0181195074681085,0.0169177796174786,0.0428760930405461,0.0408216161807131
"ELOVL2","Fibroblasts2","turquoise",0.164151494301034,0.0525142339127169,0.19698217125599,-0.0807139578940798,0.202870089156225,0.0238940435910453,0.0178031233317914,0.0047844053636131,-0.0390983885635989,0.171461522913808
"EMC10","Fibroblasts1","blue",0.0653255189994699,0.102147388591397,0.0102249334026662,-0.00351750443682537,0.0464547504103221,-0.0573571742906203,0.0481271913429298,0.0653519958495861,0.0803908708684039,0.0383705258329706
"EMC2","Fibroblasts1","blue",0.0798096997808352,0.11389730744842,0.0163378868994278,0.013261101542534,0.0571579359008288,-0.0395159349231082,0.0137212934508838,0.00371004354034118,0.0339994382539686,0.0621444453930041
"EMC4","Fibroblasts1","blue",0.0735169014894023,0.184999872668195,-0.0160314686658704,0.0222404257940025,0.081380565657708,-0.0943384509122978,0.0191177442970885,-0.00147052437181705,0.0398719093482863,0.0864374078377085
"EMID1","Fibroblasts2","turquoise",0.153286461150106,0.038754376930072,0.20814050719572,0.0845174462183316,0.120315399490582,-0.0312999549209764,0.012762540512515,0.00788745284905627,-0.0253278334984081,0.0675826000401788
"EMILIN1","Fibroblasts4","red",0.170577465167658,0.0611911168459364,0.236071189086804,-0.0795334637307229,0.244709015020604,-0.100566146770998,0.00485515137077571,0.0796681223443886,-0.0195423520353522,0.111252557558865
"EML1","Fibroblasts2","turquoise",0.241979474410861,0.0767981470969128,0.263789916877839,-0.0974038269311036,0.195801328227404,0.0517493694701391,0.026701497532801,0.083993176408272,0.0368161214551078,0.144528557650172
"EMP3","Fibroblasts1","blue",0.0544120949492239,0.306637037429975,-0.0943182096468896,0.0523575086946739,0.108938965990674,-0.224572725714679,0.0288815980746516,-0.00917559676774541,0.0612401520906563,0.11129797867209
"ENAH","Fibroblasts5","yellow",0.226349148448354,-0.0828489629506741,0.28149911633135,-0.0112966691489913,0.0263798351088552,0.308361036500362,0.0454426028333426,0.262560040982425,0.157711750391521,0.0164639328058686
"ENC1","Fibroblasts2","turquoise",0.168026373911111,-0.00858274028269266,0.227437397157878,-0.0316470199025349,0.133589515077876,0.0805267425934426,0.0420329268699106,0.121556635192657,0.0358703890928463,0.0819261732364146
"ENO1","Fibroblasts1","blue",0.177167512478838,0.24663018291037,0.0678704331101177,-0.0157372699925848,0.130212136304605,-0.0373850165706803,0.037437247416151,0.0170030645213988,0.0353092449811119,0.102067504363399
"ENTPD4","Fibroblasts2","turquoise",0.147857853961893,-0.0340954057562933,0.180171081346568,-0.0513264731668653,0.0744821239099215,0.0815220408533084,0.0161938125012718,0.0853708277703149,0.0353468790936414,0.0413525233033689
"ENY2","Fibroblasts1","blue",0.149891803047681,0.192116342082256,0.0816866124809043,-0.0508169292635496,0.13692822101999,-0.0503128550000905,0.0254504271676812,0.0556382791402248,0.0635747141684772,0.107243796577404
"EP300","Fibroblasts2","turquoise",0.200827063325866,-0.0751193376514097,0.25939698923619,0.0355173946744575,0.0396363284789991,0.178174039188842,0.0500090753614223,0.101992093463528,0.0459241168824951,0.00764402043148915
"EP400","Fibroblasts2","turquoise",0.126121294431779,-0.0133537503464598,0.150758670066612,0.0100963857842817,0.0477853350653083,0.052451019873316,0.0240928255102186,0.0648172479152559,0.0333024928122583,0.0217425737957765
"EPAS1","Fibroblasts2","turquoise",0.298423965530736,0.0502316626627995,0.394673163801291,-0.123454835660732,0.3715477624647,0.0323276712902324,0.0407190904388125,0.0600613321876784,-0.0549260582067983,0.255848816831337
"EPB41L2","Fibroblasts2","turquoise",0.216008922636798,-0.110292767725887,0.276134249180398,0.0767945908688608,0.047568365517117,0.212782185002041,0.0584579097744388,0.15701403150933,0.0741221334946184,0.017046268996847
"EPB41L3","Fibroblasts3","green",0.0558061625212713,-0.041341461973832,0.0624045216115841,0.0961884461520897,-0.0343966682380342,0.0820972648059805,0.0278864101771947,0.0506615139352738,0.02093288429799,-0.0280931641066374
"EPC2","Fibroblasts2","turquoise",0.145805811394335,-0.0138897828329816,0.176509538513744,0.0438470914434438,0.0516178596727571,0.0805761902953877,0.0271819216701853,0.0516639845876976,0.0227119051144893,0.0211348267826371
"EPHA7","Fibroblasts7","pink",0.0424609033859975,-0.0971022222396949,0.0746989229788862,0.0134501069421649,-0.0593416192243232,0.181390586904432,0.0236571218412456,0.194599752581483,0.0993622760984845,-0.0295012128642323
"EPHX1","Fibroblasts3","green",0.0194430399456871,0.0875712394425345,-0.0614795894597164,0.329491843438636,0.033348294428618,-0.137265594813377,-0.00940513317434644,-0.173043462466425,-0.121437132444915,0.0886754761264091
"EPN2","Fibroblasts2","turquoise",0.174316877584608,0.0564650842979597,0.194706784842348,0.0185876441986819,0.108971452750469,-0.0377544210579538,0.0423187759080246,0.0250726872598986,0.0235693450599862,0.0791992925870242
"EPRS","Fibroblasts2","turquoise",0.23699363815014,-0.00920628258603231,0.269455144751696,0.0197404355846324,0.0660091658014883,0.177576780640372,0.0406176640151869,0.13212545272016,0.0687443287881014,0.0223353718850259
"EPS8","Fibroblasts2","turquoise",0.202997507743146,-0.011496434951068,0.228133974701096,0.0927968390203688,0.0873462704334034,0.0667352908924027,0.0589532619101726,0.0397489536088085,0.00442492952142061,0.0488670121573236
"ERC1","Fibroblasts2","turquoise",0.194240294756403,-0.0497530741455817,0.243151450101239,0.0200106670079665,0.0625795806971234,0.125825998739458,0.0489354915896947,0.097302151063786,0.0475541427846805,0.0257848628032227
"ERCC6L2","Fibroblasts2","turquoise",0.154063636280533,-0.0226398544503676,0.183969286670744,0.0332608354528562,0.0558211703933997,0.0580424322372753,0.0390997001440182,0.0657960310047358,0.0209238850310725,0.0219644041530035
"ERGIC1","Fibroblasts5","yellow",0.187678881790852,-0.0423187109842077,0.210637819445465,0.0570408092793696,0.0348904115344737,0.208979020011093,0.0312180569144819,0.10047460143631,0.0603596315956859,0.0248415568726388
"ERGIC2","Fibroblasts1","blue",0.108231611278803,0.148212813395112,0.0142098392962927,0.0203874353487775,0.0823507484166129,-0.0519773676464656,0.0392828448622288,0.0622982833274919,0.0672980709506028,0.0976680977327363
"ERGIC3","Fibroblasts1","blue",0.0812132498408982,0.175780016505986,-0.0156190050776014,0.00918897329741219,0.0976591519134064,-0.0572627087081258,0.0314228774201092,0.0215141613376304,0.0375596015851695,0.115201706741116
"ERH","Fibroblasts1","blue",0.0454581608332007,0.269946856531584,-0.110673122297566,0.010213590904594,0.0600576578586097,-0.129133652729596,0.0362341420571524,-0.0179635386358011,0.0502399139312978,0.0950764370074293
"ERI3","Fibroblasts1","blue",0.0743629833912426,0.123721555383802,0.0114255117928694,0.00447945762991359,0.0259371869053514,-0.042229636192536,0.0240044413844422,0.0456962730452568,0.0615780802451509,0.0326723576161417
"ERLEC1","Fibroblasts8","magenta",0.19161169931204,0.106781603892292,0.131188586243211,-0.00484085874076486,0.079329535918203,0.0687437000107118,0.0852286679140084,0.177854752640294,0.202627637848159,0.0787307234754234
"ERN1","Fibroblasts2","turquoise",0.0835858198536791,0.00664351188073438,0.134609394673731,-0.0360061296589484,0.143199762371505,-0.00965717370070081,-0.00761535840024411,0.0146758956504234,-0.00194341939900329,0.080625314144546
"ESD","Fibroblasts1","blue",0.0398107210436282,0.153075360418644,-0.0792224205191953,0.122966845427343,-0.00771228715851633,-0.0616923883381455,0.0468845667978243,-0.0177228970211142,0.0304291133578519,0.042154647484442
"ESYT2","Fibroblasts2","turquoise",0.150313596735546,-0.040370590738054,0.178086984078469,0.0220362397966974,0.0207446358199092,0.133194871188896,0.034501631483262,0.114910984417149,0.0770463471179731,-0.0111549339001503
"ETFB","Fibroblasts1","blue",0.0879930445594072,0.19705625209427,0.00970812018361393,0.0267413635577918,0.0954475389595464,-0.126263290904052,0.024718391444491,0.0130541950711708,0.0274442765327974,0.0988105318168864
"ETHE1","Fibroblasts1","blue",0.0782024388689904,0.184406330330477,0.00234585880250888,-0.020237178694182,0.0891570888360017,-0.0739829838366948,0.0227243564445806,0.0304309250811512,0.0506931598330107,0.0927007408838514
"ETS1","Fibroblasts2","turquoise",0.228578859566123,-0.0190973120215265,0.303131010553906,-0.070517503983598,0.18062754840589,0.10462043818312,0.0524310052190854,0.0434560681157237,-0.0147420443684081,0.106429746672356
"ETS2","Fibroblasts2","turquoise",0.1835386840601,0.0684798813667671,0.265614831522168,-0.135730049227029,0.304711140568064,-0.0534108905493521,0.00781735058271467,0.0169154218577318,-0.0271973729231528,0.173838485388615
"ETV6","Fibroblasts2","turquoise",0.150138578710734,-0.00467283758668344,0.204997802031815,-0.0552681637985409,0.120862749591463,0.0735544831606355,0.0475284108050623,0.0726899285258824,0.0270230399630123,0.0818014487834929
"EVA1B","Fibroblasts2","turquoise",0.310848055965424,0.148643972064296,0.408620640222086,-0.0483135693942768,0.281200022972768,-0.100395091993463,-0.00246448359790746,0.0650798428195865,0.0034772841738409,0.148102362271621
"EVC","Fibroblasts2","turquoise",0.130030776484483,-0.0204345035364641,0.156449181438346,0.0319084780702389,0.0262247941007848,0.065588313935262,0.0263779712376285,0.0574050301390975,0.0409932703743985,0.00631243061245992
"EVI2A","Fibroblasts1","blue",0.00141862804477431,0.00951060953573497,-0.0396085946543021,-0.0251710939720286,-0.0323651460254111,0.0318977695488259,0.00672416890971704,0.0734190315255294,0.0825787765543885,-0.00959086141147774
"EVI5","Fibroblasts2","turquoise",0.17891041852129,0.0464499781114357,0.183807434346058,0.0132476054691146,0.0939334637875684,0.0389346877365888,0.0404497539403315,0.0745767101090457,0.0358778308428841,0.0630000822114112
"EXT1","Fibroblasts2","turquoise",0.221239590983736,-0.0485862124086405,0.287619728434399,-0.0269974870416591,0.120666731259994,0.170072675846164,0.0451237304533055,0.120158213957808,0.0366781746651002,0.0574094377549792
"EXTL2","Fibroblasts6","brown",0.109426580304783,0.0115900780976444,0.0716847135807439,0.0472920469450106,-0.00351319425331125,0.08910198857145,0.0670879650016811,0.0929511539583679,0.0741795591673209,0.0118097763954826
"EYA2","Fibroblasts5","yellow",0.0838982571230195,-0.0618547424468277,0.1170863714423,-0.0382239288411935,-0.019768671359591,0.165823550084302,0.0147292263481333,0.135719945854977,0.0862258906666765,-0.0363912328085301
"F10","Fibroblasts3","green",0.0132662402504391,0.0209615036220042,-0.0332957453722917,0.286041024978001,-0.080583293319531,-0.0702359765146392,0.000807522892522087,-0.120579493910555,-0.0838965505613941,-0.0633905694694912
"F13A1","Fibroblasts3","green",0.0480865681389745,0.0720676863982919,0.00233487602843481,0.16611593201697,-0.0960603631723381,-0.0777007040730387,0.00854732683655042,-0.113183227429714,-0.0335189177828082,-0.0925663338539366
"F3","Fibroblasts2","turquoise",0.165950473338655,0.0368520111418585,0.210620695441532,-0.0904305138748132,0.205809689451862,-0.0276828398043525,0.0622323985404021,-0.0388963688213267,-0.0669242329528978,0.127568121183907
"F8A1","Fibroblasts1","blue",0.00217966849358865,0.0534990674239392,-0.0715805951350809,0.0221045982711472,-0.0356108748457357,-0.00716905551072365,0.0288079669159367,-0.0114570636227527,0.0242338001523233,-0.0117121381514804
"FAAP20","Fibroblasts1","blue",0.0508254855513281,0.182000798135894,-0.0241875228916286,-0.0383954083028178,0.0664254087344385,-0.121448487515115,0.0283191406831681,0.0290260701461051,0.0442970746545226,0.0660083928876502
"FABP5","Fibroblasts1","blue",-0.124058925179884,0.0679402076267921,-0.186246353317784,0.000115235605271997,-0.08805272696829,-0.112310542466898,0.057481240066186,-0.0551951183868616,-0.00861261772686663,-0.0553165513219239
"FADS1","Fibroblasts2","turquoise",0.220376917189101,0.0759650830225249,0.229247285740021,-0.0419822808000513,0.165766831446477,0.0253362002507965,0.0607102666493331,0.0535017447048385,0.0379977875627438,0.131154186968415
"FADS3","Fibroblasts2","turquoise",0.147129665924086,0.0776617791685325,0.201530391540573,-0.0515096982073839,0.204947177479268,-0.0658834629660761,-0.0115679483569639,-0.0259575862098163,-0.0477267836845024,0.137118367172037
"FAF2","Fibroblasts2","turquoise",0.179345535010546,-0.0271988588096973,0.212723839200291,0.0415908937095395,0.0785646234408364,0.118760025444008,0.0247383067301472,0.0849108054413458,0.0454715147542288,0.0523919809690818
"FAM103A1","Fibroblasts1","blue",0.027864792658612,0.103462262128768,-0.0271438222137076,0.0319503415064044,0.0212661353142399,-0.083937102724574,0.00922956987062119,-0.00884544313642608,0.00800112780579798,0.0263900422594342
"FAM105A","Fibroblasts1","blue",0.0746739775748438,0.104292972835421,0.0111025433995654,-0.0478438753370951,0.0333152098042353,-0.0428746485777076,0.0289482949250075,0.0521377907979593,0.103003198845496,0.0581098967793774
"FAM107B","Fibroblasts2","turquoise",0.206758326076773,-0.0190524872063918,0.296237975842484,-0.0763403403889701,0.169909731236876,0.106968367999559,0.0143317404625747,0.112246181583858,0.0384032443777226,0.0774812998727544
"FAM114A1","Fibroblasts2","turquoise",0.289372761272264,0.0871548771785959,0.293285008147566,0.0125037335114039,0.106913298133201,0.102718485225092,0.0505760801018646,0.177859516321559,0.144246440631818,0.0588666459173146
"FAM118A","Fibroblasts6","brown",0.0833325132605761,0.000805687705421251,0.0989029290448213,0.0330536364228688,0.00491400193972387,-0.00549460179087169,0.0897370946951478,0.0635834569582738,0.0554823856019434,-0.00886015918792965
"FAM120A","Fibroblasts2","turquoise",0.217944714875361,-0.00344720883218885,0.240557878512513,-0.00213538583319281,0.089802415162865,0.154500221027731,0.0481648104982275,0.123981104571313,0.0607782810342107,0.0605142271975107
"FAM126A","Fibroblasts2","turquoise",0.214152889618332,-0.000443040705514093,0.27103963917209,-0.0255803001188526,0.168580935923923,0.0676559402610229,0.0475791746620596,0.102469954335076,0.0139076836443103,0.0819314301573866
"FAM129B","Fibroblasts2","turquoise",0.149443422223201,-0.0202861976447655,0.191696896749083,-0.0319242960877537,0.0691160080825194,0.103973219983305,0.0229568876173159,0.0644642147664808,0.00926182722099499,0.0168410981756434
"FAM168B","Fibroblasts5","yellow",0.14377851570105,-0.0500427101599981,0.168721568642497,-0.00233169867370445,0.0186015566196185,0.188662776658918,0.0243617317599218,0.103204868941526,0.0574350576644237,-0.00187185076843011
"FAM174A","Fibroblasts1","blue",0.05494662231728,0.0956649642492287,-0.00234687277474816,0.00244737922487356,0.0342137313939368,-0.0258181773947389,0.00301097471450858,0.0279048464614655,0.0462711888947178,0.0366810323955112
"FAM192A","Fibroblasts1","blue",0.0707851259666181,0.0616118844553447,0.025436313780156,0.0199344766677867,0.0158013802402644,0.017363132372678,0.0473687247564533,0.0338422510441504,0.0505238906705215,0.0212806590236128
"FAM193A","Fibroblasts2","turquoise",0.109424552938821,-0.0456778361787227,0.161192314655022,0.00698456084908322,0.0375906233369123,0.0911630118250312,0.0146510086999743,0.0514668858841067,0.0206072164401858,0.00428661762722006
"FAM198B","Fibroblasts8","magenta",0.133505426438389,0.0456831999118282,0.0921824756571752,-0.091639891631935,0.0807227214472122,0.0905213918899822,0.0904103474866746,0.14989431191257,0.190093152687426,0.088236649383871
"FAM200B","Fibroblasts1","blue",0.0566507245489656,0.0980634613086214,0.0119261585098127,0.0306904494438754,0.0319505139920906,-0.0261793945620241,0.0260550466062263,0.0153538412637114,0.0338488861070042,0.0393069973353767
"FAM208B","Fibroblasts2","turquoise",0.1847589276765,-0.0152531110713938,0.214483808349838,0.0197904367011812,0.0792756562492889,0.053330927469648,0.0606718941437006,0.0716309740610703,0.0256068348931725,0.0340802493021913
"FAM20A","Fibroblasts4","red",0.175977279015999,0.0637133397152152,0.214787366576619,-0.155881342323991,0.270922183788249,0.0207932148018667,-0.0133029744764511,0.0541425678596966,0.00200451190260655,0.197679264087235
"FAM20C","Fibroblasts2","turquoise",0.306045495169071,0.0725726905275873,0.443313698214223,-0.15814219797177,0.349627384920688,-0.0186870613619252,-0.0178535775099714,0.106946184544823,-0.00505432956722353,0.200205722496273
"FAM213A","Fibroblasts9","black",0.123705757132883,0.129071562813883,0.0753482508363874,-0.0256632086505236,0.0979522864736663,-0.0170118551560522,0.0291723746778059,0.0391835384463392,0.0678674413500805,0.1350383060615
"FAM32A","Fibroblasts1","blue",0.101034361735751,0.12199116675857,0.0286778826824571,-0.00407852011355763,0.0485453919063576,0.00399533911896543,0.0371622251732589,0.0505455410783907,0.0543790314370364,0.0648181453184463
"FAM45A","Fibroblasts1","blue",0.0941890541722766,0.104433809878208,0.0345647781205883,0.00507442217452738,0.0634366867885081,-0.0106197996648651,0.0310653068062699,0.054772222992011,0.0681894443584594,0.0825839692123008
"FAM46A","Fibroblasts2","turquoise",0.187477734048728,-0.00535688668516883,0.219032119099564,0.0602209522994155,0.0453532554794336,0.0950610532517228,0.0232604010446402,0.133176095785216,0.105911840693704,0.021210272718337
"FAM76A","Fibroblasts6","brown",0.0397513720095054,0.0368532396821013,0.000591090568617018,0.0427660465365891,-0.00481468260882918,-0.033918231929017,0.175179544356701,0.00631564973406178,0.0244131006238289,0.00832441499660483
"FAM84A","Fibroblasts1","blue",-0.000437112212070728,0.0502252065937807,-0.0360003428041706,-0.0127845434095217,0.0172901086382327,-0.0383369024906227,0.0188704095474146,-0.0120750450546136,0.0108018629272923,0.0507428909276034
"FAM89A","Fibroblasts2","turquoise",0.120826472625815,0.0116625008720336,0.156677832900493,-0.000372260071521608,0.0671934369391398,0.0401207347969789,0.00522028327659166,0.0347934983747814,0.0109927531576179,0.0293669806882211
"FAM96A","Fibroblasts1","blue",0.0404445234292111,0.12543859744932,-0.0483003736016438,-0.0332604448357615,0.0456094547075162,-0.0302528123910479,0.0389411046239262,0.0145950921456171,0.0343934623307385,0.0695479078510282
"FAM96B","Fibroblasts1","blue",0.0859990851704331,0.21308588763562,0.0319829156597278,-0.0184038906117769,0.140213025835687,-0.144077735459206,0.00311054902732323,-0.0169855880741622,-0.00130580328333995,0.108717181107319
"FARP1","Fibroblasts2","turquoise",0.246301627666185,0.0661778056632913,0.295038417300657,-0.0494052540906637,0.155133620253717,0.00760557795861304,0.0440528023978361,0.123150532856501,0.0767132022250081,0.0900975898522716
"FAS","Fibroblasts9","black",0.106540377419093,0.0549448479364067,0.0746616384323698,0.00026612747547631,0.108422582377079,0.0415509795842956,0.0242400919172203,0.0720956023535233,0.0471780459990396,0.155245780050412
"FASTK","Fibroblasts1","blue",0.0528199471956033,0.119378338399186,0.000112836101536571,-0.0339770789762307,0.0442859683781458,-0.0728530060129523,0.0250807027717976,0.0399178108186284,0.0554925492927464,0.0417711590622286
"FAT1","Fibroblasts2","turquoise",0.205617267953979,-0.0528569209422297,0.260865016790753,-0.0635839344958689,0.078143795760301,0.134926690337055,0.0289513657538168,0.127514342312754,0.0445555847549977,0.0270960638803748
"FAT4","Fibroblasts2","turquoise",0.228356669051431,-0.00642915794921779,0.301019941370542,-0.0742445392057735,0.152536985955741,0.0708960739680134,0.0275216334315187,0.106108720972151,0.0443564196406689,0.0985740678478407
"FAU","Fibroblasts1","blue",0.0815271802985532,0.449254076575599,-0.00623671718888865,0.0312919228603088,0.229982308899132,-0.444121078761181,0.0125747173075834,-0.131262344353882,-0.048161200294734,0.165046113616697
"FBLIM1","Fibroblasts2","turquoise",0.155270566342393,0.0323883963715933,0.18279115983033,-0.0788239475062332,0.161501913995118,0.0412890681237841,0.0207001497791467,0.000530436470574756,-0.0312796242493905,0.124251726865985
"FBLN1","Fibroblasts3","green",0.077117027131795,-0.103546356239649,0.0856587199894537,0.384670536454021,-0.0713215359544213,0.0747583091385118,0.00948410972292682,0.173223051962208,0.121702605517993,-0.0879076305031388
"FBLN2","Fibroblasts9","black",0.146475640322174,0.15812600921785,0.0837636910503986,0.0115272509526561,0.213166902715478,-0.156870509898074,0.034624813297021,0.0758056804213149,0.0732512827266864,0.310713897356862
"FBN1","Fibroblasts2","turquoise",0.335988566700689,-0.0593662060920599,0.417410437876583,-0.04554149959112,0.230546958092413,0.197674307215513,0.0565309351858118,0.304707550605919,0.132323368069015,0.181048734900783
"FBRS","Fibroblasts2","turquoise",0.120987421629213,0.00382637635513746,0.165246996969954,-0.0214193997778913,0.0918731689481263,0.0440026573833577,0.0216339138729692,0.0489633692320728,0.00753978733934597,0.0500532727378297
"FBRSL1","Fibroblasts2","turquoise",0.0855115998748809,-0.0438183475553411,0.128945714777961,0.0183783550646072,0.027209575431159,0.0803408621903098,-0.00115194532485243,0.0435402666324804,0.0170826826880219,-0.000404043286073512
"FBXL15","Fibroblasts1","blue",0.0431762287906962,0.127896146008114,-0.0336907969873712,0.0140570546331001,0.0202712039734363,-0.0719515001713976,0.0265150509682023,0.0261386402547105,0.0574920273626661,0.0276894619568314
"FBXL5","Fibroblasts8","magenta",0.0713960900269298,0.0353528120403189,0.021547476495773,0.0515025063804261,-0.00846231407670794,0.0355864509734671,0.0437011011049697,0.0589510896892654,0.0988114865663224,0.0154417054367642
"FBXO4","Fibroblasts1","blue",0.0284801782105037,0.0719901475824236,-0.0312084456397161,-0.00613059787756113,0.0087598101562754,-0.0217341348976219,0.0414826878058677,0.0244546169704837,0.036664218284311,0.0311110298266367
"FBXO9","Fibroblasts2","turquoise",0.149765863700394,0.00844541501070431,0.168327024354971,0.0103060472362943,0.0418059090149937,0.0735009255694443,0.0431579468322001,0.0655488670242633,0.0448737083107131,0.0125358956760372
"FBXW8","Fibroblasts2","turquoise",0.124143031493603,-0.000923081905991411,0.170368921131926,-0.0363459204918858,0.0830115302434083,0.0738093389320551,0.00696671252161508,0.0819651759474251,0.024172021875242,0.0568418138956771
"FCGRT","Fibroblasts3","green",0.0543298403932604,0.118573562993111,-0.00622476028242197,0.218708605865358,0.0191427015823714,-0.100226685011077,0.00554275648761066,0.012809509721111,0.0350240217359156,0.0403965957998472
"FCMR","Fibroblasts9","black",0.0668916058401269,0.0987225489537593,0.0522086874906217,-0.0985258436949429,0.138727349640408,-0.0276083817831414,0.0108433867181104,-0.014291810419268,-0.0220908243140506,0.155977797040038
"FDCSP","Fibroblasts1","blue",-0.358490424619459,0.129779710652447,-0.531141284282309,-0.103290778294257,-0.143972818727697,-0.159018242748715,0.0150283580612293,-0.0900423751003716,-0.000324989192965604,-0.0171248552681009
"FDPS","Fibroblasts1","blue",0.087116905577528,0.151770467761425,0.0382002235340611,0.00360745369263655,0.101050538969006,-0.113852929742256,0.0214162267407825,-0.0217301039030032,0.00298542300278536,0.080795538650363
"FERMT2","Fibroblasts2","turquoise",0.209532989536875,-0.0285164174428457,0.250993919624528,0.0511892155102252,0.0654411656141971,0.137583474677416,0.0489397366403978,0.147660787892964,0.0964437876043609,0.0184521271116599
"FGF2","Fibroblasts2","turquoise",0.204153542756691,-0.00194251170355985,0.263107052924882,0.012977083478163,0.139549791735461,0.0601728493655338,0.034807368605922,0.0646296558610659,0.000133846079522711,0.0765864618449144
"FGF7","Fibroblasts3","green",0.0739103967528626,-0.0474223346842326,0.0674922081525286,0.278521158487713,-0.0473154262939801,0.0414855495915603,0.0541299106170752,0.200949723318585,0.141501114826322,-0.0574148486726864
"FGFR1","Fibroblasts2","turquoise",0.298617984859604,-0.0335843185756526,0.37669406407807,0.0618113831773606,0.125684688280734,0.125666158543433,0.0994034476146295,0.177757797576722,0.111690674882102,0.027038739303127
"FGL2","Fibroblasts3","green",0.0360994403049734,-0.0569575953571174,0.00521514798707525,0.396772130045274,-0.0530070930259454,0.00432532627947855,0.0266993171996018,-0.102409104050289,-0.0961151065959208,-0.0342341732166918
"FHL1","Fibroblasts3","green",0.129197354727034,-0.0134204925330074,0.0800754022245097,0.263602758920513,-0.0652516767266307,0.14485901778232,0.0407395368848653,0.111576243802599,0.118179795472495,-0.0231178574998139
"FIBIN","Fibroblasts3","green",-0.00894132471633876,-0.0405421725324115,-0.0550288129348166,0.247796845145627,-0.149449893545234,0.0506955382337227,-0.0110283535350878,0.049457044609374,0.0722210496667499,-0.142391917939831
"FIBP","Fibroblasts1","blue",0.120671027098161,0.172994771892732,0.0551404150646079,-0.0111100345154976,0.0938993698862619,-0.0445769909702066,0.0241412673716357,0.0542043022666217,0.0582279001104649,0.0800229043589768
"FILIP1L","Fibroblasts2","turquoise",0.266507949391027,-0.0284819724662475,0.334147819988858,-0.0133804998872445,0.224733705351515,0.114981812993523,0.0548536835803658,0.0980850387717777,0.0258596926605983,0.171635035429279
"FKBP10","Fibroblasts7","pink",0.174525850212873,0.0475490892305621,0.154240722317237,-0.102230410811591,0.066675149284103,0.181671371917555,0.0193890781419908,0.274088425805521,0.173985372706673,0.0719617167652424
"FKBP11","Fibroblasts1","blue",0.0435834021113709,0.149595465807689,-0.0367529449575628,-0.0784225001610125,0.0533502502590905,-0.066433734728433,0.0636193321015015,0.095012295700122,0.116393077471554,0.0623970888697698
"FKBP14","Fibroblasts5","yellow",0.209521847095685,-0.042854747969797,0.229003245192411,-0.00470819802740234,0.0464576019714848,0.235710472266337,0.0587171804832474,0.224359223451605,0.154679910717602,0.0340809129009181
"FKBP1A","Fibroblasts1","blue",0.0264550413762472,0.247370538774442,-0.137531125034693,-0.00893906517154254,0.0774216428503413,-0.0396928772636839,0.0493163065021145,-0.0321117972369234,-0.00118471500526287,0.133148397985743
"FKBP2","Fibroblasts1","blue",0.077237805817349,0.202161748903891,-0.009502905530786,0.0454661959997841,0.0779102277769832,-0.135451603753347,0.0282574430355938,-0.0336461754040084,0.00918102950841892,0.0575430415256631
"FKBP3","Fibroblasts1","blue",0.0978161257836633,0.145678299101631,0.0386691174387904,0.0119288962657301,0.0719378436307489,-0.0656937101803051,0.0339920377754658,0.0296018763724909,0.0374040563101723,0.0602235173196406
"FKBP7","Fibroblasts8","magenta",0.0766488524185669,0.048537131041087,0.0127234915797005,0.00256606964141727,-0.0218938209498517,0.11050203376197,0.0200002719118802,0.149502816329609,0.237720827977835,0.0173359916515457
"FKBP8","Fibroblasts1","blue",0.124135118353133,0.22893910532343,0.0370544039860261,0.0538922200145149,0.10732300827198,-0.150024837131085,0.0296352967659697,-0.00310285398423085,0.0370029392919972,0.106929284202407
"FKBP9","Fibroblasts7","pink",0.14128898830987,-0.0524898729950108,0.136099275269758,-0.000426068789885434,-0.0264427979430333,0.227133048740801,0.163915079257802,0.230717672704301,0.147524503146723,-0.000697798256591478
"FLCN","Fibroblasts6","brown",0.0192433212989632,-0.0392756983813139,0.0436570680667388,-0.00649341592710993,-0.0157312967205821,0.00513662406056923,0.164687290673147,0.0113493227843016,-0.00469602862468409,-0.0417463419506766
"FLNA","Fibroblasts2","turquoise",0.217143905870946,0.0486895005923101,0.279157350824738,-0.000993817505441819,0.112092163695526,-0.0229946917690894,0.00487815529449971,0.100499394607356,0.0406806870526074,0.00456924473397944
"FLOT1","Fibroblasts1","blue",0.0928695807130115,0.112149850751382,0.0404305024186663,0.0268824554372129,0.0646536089398203,-0.03691932454299,0.0275966722519492,0.0295717601506786,0.0410610212102588,0.0808896849926137
"FLRT2","Fibroblasts2","turquoise",0.197111779740115,-0.10720231930984,0.257197629617539,0.0695294488969283,0.0429344701552191,0.230323696910054,0.049870360071132,0.164302624122145,0.0562549870230952,0.0316446249437247
"FLT3LG","Fibroblasts1","blue",-0.013972768652997,0.112511091447591,-0.097291013614564,0.0271847874751626,0.0330959457677353,-0.0982756505686963,0.0265445937176121,-0.0565408136566678,-0.0166985330039356,0.0781838035112956
"FLYWCH2","Fibroblasts1","blue",0.0351801359155351,0.163783765672043,-0.053170669050434,-0.00295638583811762,0.0482084086158598,-0.100423645424211,0.0173564634356301,0.0111966352428564,0.044195899302085,0.0731382412550897
"FMOD","Fibroblasts2","turquoise",0.263319675631495,-0.0212216935643661,0.331675271363098,-0.116548077888566,0.170565935790989,0.230051318729909,0.0226978047153674,0.254355121637212,0.14099488192553,0.167932622687967
"FN1","Fibroblasts7","pink",0.25651159457221,-0.0128056128459208,0.240479674377841,-0.0201227073049208,-0.00493243340391538,0.196048146873655,0.0741255207765283,0.354686464801441,0.216195025857163,-0.0608497463574722
"FNBP4","Fibroblasts2","turquoise",0.157747685937897,-0.0201204993479468,0.195886296086108,0.0177228928705273,0.0732311180430026,0.0166687978187729,0.038770251158612,0.0508088237999307,0.013097962235449,0.0303205341264265
"FNDC1","Fibroblasts7","pink",0.110507892946435,-0.0637345806973381,0.144226431467953,-0.00587524410200492,-0.0499014288481586,0.192018491632579,0.0359060412532362,0.36854350382252,0.229452164300474,-0.0950216133575528
"FNDC3A","Fibroblasts2","turquoise",0.184208263641261,-0.0160782594822289,0.209276150411012,0.0821130599479114,0.0427912835332129,0.0754432606621752,0.0447189855555632,0.0805876414318247,0.0458861287253431,0.0210885775290057
"FNDC3B","Fibroblasts2","turquoise",0.354812442125616,-0.060067580307998,0.463807316594967,-0.0354248347753857,0.208309955653242,0.182291524360394,0.076873404874017,0.222938390631553,0.0902776522719896,0.097572812093666
"FNTA","Fibroblasts1","blue",0.0710967352357518,0.0845296741655079,-0.000692511518261439,0.0554242679777489,0.00911975501268803,0.0142407597598783,0.0224710584566488,0.0247143898796742,0.0402185577767478,0.032044121627956
"FO393411.1","Fibroblasts5","yellow",0.0790636734423232,-0.246918288500955,0.147278831080554,-0.0156842567317999,-0.136595232015184,0.592296118699606,0.00316374667595301,0.144185960050325,0.0639711665259917,-0.0912266099182432
"FOSB","Fibroblasts2","turquoise",0.304554731289116,-0.0397976077617287,0.481079860994107,-0.0282203979676609,0.454748834029961,0.0658329099002538,-0.00235457816528195,0.10635561974089,0.0202243221761295,0.385809138367973
"FOSL1","Fibroblasts4","red",0.0912781183368936,0.0501137636465592,0.141629488134064,-0.106980847329852,0.238301275981889,-0.0314234609502676,-0.00653459701811449,0.0153217514940927,-0.0325444514425303,0.110955565386054
"FOSL2","Fibroblasts7","pink",0.117628417007941,-0.0669512850808644,0.145304115894322,-0.0893885769440766,0.0193129983658712,0.189070471253906,0.129685978628634,0.219471478902611,0.136277037479875,0.0430337191043307
"FOXC1","Fibroblasts2","turquoise",0.206059522248868,-0.0136732884512296,0.279596737528334,0.00540890317435416,0.18512723313489,0.0490615866646139,0.0340638009242757,0.0407325776081298,-0.0110703033313603,0.133738001826559
"FOXD1","Fibroblasts2","turquoise",0.0973003985699833,0.0331652446873416,0.121224808779847,0.0102837972150347,0.0748809400323875,-0.0256248655362169,0.0112421181807347,0.0411494727420524,0.0283411599356321,0.041272419872027
"FOXF2","Fibroblasts5","yellow",0.170616515495266,-0.0560162275993693,0.21602938408338,-0.0206265278903385,-0.0206182645203266,0.240852726248213,0.0171074771081117,0.192387814396453,0.135225740460346,-0.0219956846113688
"FOXK1","Fibroblasts6","brown",0.0316992254048462,0.0160313127060578,-0.00417481542483653,0.0394539081868705,-0.0195319112138964,-0.00785115006738526,0.0528382040823915,0.0282564272202319,0.0371351055350962,-0.00494668804489377
"FOXN3","Fibroblasts2","turquoise",0.171545248195884,0.000672927004633646,0.19860224258725,0.00396080472319555,0.062494936654508,0.0797958996841808,0.0402642450430191,0.111184023934851,0.0912557802262165,0.0368976212914998
"FOXO1","Fibroblasts2","turquoise",0.132810831276428,-0.0399475291501655,0.176421197106642,-0.0129927237329524,0.0605567571896765,0.0903931661714778,0.0291868634951638,0.0709593037188035,0.0333563280343016,0.0225306110771605
"FOXO3","Fibroblasts2","turquoise",0.194727705081974,-0.00924791162309212,0.23120417585787,0.011252385419748,0.125725664615692,0.100932470057429,0.0428493039017932,0.0954454151748239,0.0439285405574496,0.0936922427742287
"FOXQ1","Fibroblasts5","yellow",0.0823581938385911,-0.182724719310887,0.142437955582542,-0.0641905561543307,-0.0646290283208655,0.380740148095919,0.00374790975991657,0.090395267358533,0.0417968088321905,-0.0328345254946186
"FREM1","Fibroblasts3","green",0.0464711345349692,-0.0202256153041885,0.0519892600716503,0.117391960812525,-0.0336409709074583,-0.00329297754763097,0.00573866770190121,-0.00644175978456642,-0.00317459092131092,-0.0315215614150237
"FRG1","Fibroblasts3","green",0.091367235034063,0.0641882205225146,0.0421345361438788,0.0702756694143437,0.0142226062401529,-0.0204971731591578,0.0485460172126232,0.0183759590477405,0.0232087262929998,0.00163942932033245
"FRMD6","Fibroblasts2","turquoise",0.285034953221093,0.0291799254139028,0.29024272239715,-0.026389162170366,0.160447834777033,0.112254522887822,0.0896068826912655,0.146587644132058,0.0822075810644611,0.158090776459529
"FRZB","Fibroblasts3","green",-0.00505000378396337,0.0417620480059153,-0.0614628733210129,0.175064125962169,-0.0920591977695521,-0.0021820724672349,0.00597728067910667,-0.0075875336655738,0.0323382719219029,0.0236458208118953
"FST","Fibroblasts2","turquoise",0.180602395582977,0.108703665751637,0.198205253135159,-0.00960224372704944,0.196509553062254,-0.0495644895338054,-0.0159168817651467,0.0303665468636772,0.0239551480856281,0.123822089959224
"FSTL1","Fibroblasts7","pink",0.273987955264684,-0.0262127700954894,0.303492024373327,-0.0909802182818156,0.17502354861944,0.235706063814968,0.0698117662314718,0.378935427613886,0.178597644845238,0.130602133880884
"FTH1","Fibroblasts1","blue",-0.0304206030207733,0.568214517288346,-0.15001299934189,-0.248629279264031,0.463989629618438,-0.741900592913583,-0.00463948021945836,-0.150134166100432,-0.0634088609676572,0.361400694101478
"FTH1P20","Fibroblasts5","yellow",0.144007005597132,-0.294222551295781,0.219536697572365,-0.0368402423798883,-0.124789858360179,0.754406969755025,0.0249453374119734,0.167148138951029,0.0768795666536938,-0.0578971284548961
"FTL","Fibroblasts1","blue",0.0238769862734388,0.557214830645718,-0.12206732967978,-0.142811684418721,0.243958063397755,-0.45530194132165,0.00567562111852017,-0.0109338868269237,0.10195255434933,0.203484139944658
"FTLP3","Fibroblasts5","yellow",0.113624607446495,-0.326841243362997,0.205348114353422,-0.0108303920408739,-0.180257766762086,0.789653186679703,0.00940140051771727,0.201347569500375,0.0993154486649857,-0.115383123290184
"FUCA1","Fibroblasts3","green",0.00745385890040976,0.00595573934678557,-0.0168672494035887,0.143104855289232,-0.0444003167703866,-0.0133318181280968,0.0107764847141897,-0.00434286275791695,0.0124995354305363,-0.0392144845041581
"FURIN","Fibroblasts2","turquoise",0.130548682134568,-0.0259980918993935,0.177092772688802,-0.015953928032945,0.0762916681743912,0.105770656180134,0.0213224904846021,0.0769478559503799,0.0194755451652267,0.0396454976142876
"FUS","Fibroblasts2","turquoise",0.23167565596934,-0.0251340972740958,0.312100892879909,0.0604240646584839,0.154998904833441,0.00266266374107759,0.0301284999240154,0.0847556592728463,0.0144238217607108,0.0660833785775129
"FUZ","Fibroblasts1","blue",0.0105385369666379,0.0646800106518442,-0.0267141745896658,0.00704217435943168,0.0211577485165778,-0.0491736437476925,0.013517297020486,-0.00168852240496926,0.0146347779827873,0.0430896398292879
"FXR1","Fibroblasts2","turquoise",0.195017269414414,0.0246808036910075,0.216137079444343,0.0268676827902069,0.0848464433496993,0.0957491722320274,0.0398742977033517,0.0702159323475272,0.0358389273944651,0.0444613775690983
"FXYD3","Fibroblasts1","blue",-0.0638957532704041,0.0365588864047459,-0.0916118086702939,-0.0146505944738021,-0.0351956402922858,-0.0517159257980276,0.0391119062264535,-0.0319776607489561,-0.0210113137884243,-0.0109999332171726
"FXYD5","Fibroblasts1","blue",0.0147565533533294,0.175757726782442,-0.104632075655918,-0.00205734237255007,-0.0278634391052187,-0.0883172795787376,0.0203880401145106,-0.0241111084871849,0.0488437418589174,-0.030025039627268
"FXYD6","Fibroblasts3","green",-0.015822036745585,0.0249961500986274,-0.0887767735213078,0.166271143120862,-0.0844969929877031,-0.0385488200429221,0.0185908566616955,-0.0262161012030075,0.00751367801777343,-0.0582449869842308
"FYN","Fibroblasts2","turquoise",0.2490125127877,-0.00174250876281734,0.325406980512383,0.0376415016170154,0.185460813970756,0.0732345181053939,0.0216686469177053,0.086135792118505,-0.00922857273102808,0.102683078701185
"FZD1","Fibroblasts5","yellow",0.129697357779307,-0.0700823601642845,0.166373971827453,-0.0321347763261968,-0.00763264692333314,0.223347076693814,0.0146547307447519,0.198465979134679,0.146719120349295,-0.0146221076498523
"FZD10","Fibroblasts2","turquoise",0.124749691307411,0.0249649698749498,0.158343306099941,-0.0106572086303718,0.120985556024978,-0.00701447519330468,0.00810303935915726,0.00496980245385175,-0.0055868542063856,0.0796354101147162
"FZD7","Fibroblasts2","turquoise",0.125254962683974,-0.0717537002945247,0.185487405651902,0.0778843136566154,0.0209979945832634,0.120143596069979,0.0160453993197112,0.122020849603527,0.0757727060196209,-0.0174938526684073
"G0S2","Fibroblasts4","red",0.0703020692242282,0.0825637857563187,0.115220703279319,-0.132556202794394,0.400598446801761,-0.0815755441895617,-0.0274944904460374,-0.0549212980141729,-0.132785924791524,0.264384441914097
"G3BP2","Fibroblasts2","turquoise",0.151560951554895,0.00221090095177413,0.182703224884211,0.0129259651765736,0.0732643398818154,0.0558929526827592,0.0423267424822666,0.0678998214421601,0.0293980560206999,0.0395115468482281
"GABARAP","Fibroblasts6","brown",-0.0150316057610478,0.0880082134356215,-0.0797650500374239,0.00908625899032189,-0.0180987101957101,-0.0662460523438925,0.0825336079017603,-0.0109290210247637,0.0141629936397571,-0.00324173193408462
"GABARAPL1","Fibroblasts2","turquoise",0.152282725527363,0.0168325798047064,0.182651900521448,0.0103065548969979,0.127217205453174,0.0643576673208373,0.0215810438584526,0.0764073950842426,0.0358170541200831,0.083050248522416
"GABARAPL2","Fibroblasts1","blue",0.143926184231389,0.22344725426321,0.0443692287238317,0.0455421020494761,0.108788481694215,-0.0858004968087349,0.0179137988393894,0.0131349538614995,0.0422630184593085,0.0957369511116902
"GABPB1-AS1","Fibroblasts2","turquoise",0.163698781657495,0.00739720994965282,0.219103598888515,0.0340197431890192,0.117955795441693,-0.0454985393406029,0.0110526808703784,0.032681862556233,-0.0116376340166526,0.0607483325754168
"GABRE","Fibroblasts2","turquoise",0.0966001403674544,-0.0176411716345334,0.134589061561047,0.0159784369349531,0.073948447881745,0.00426708749593184,0.00601460947302458,0.022382546726288,-0.0089122027800548,0.0327055971697672
"GADD45A","Fibroblasts9","black",0.0874995914267322,0.0967472868947444,0.0859874831309303,-0.0398913392926725,0.216005420901007,-0.0489211805841867,-0.0104056309787976,0.0396580499746808,0.023590879888174,0.324689563845766
"GADD45B","Fibroblasts9","black",0.0391529881755664,0.16564981424142,0.00982997438544233,-0.00967655383622217,0.282804171746803,-0.186657459356635,-0.0223934347416074,-0.0520024960987585,0.000699829408321111,0.414652168516995
"GADD45GIP1","Fibroblasts1","blue",0.10395939606056,0.245122256448728,0.00657068417371158,0.0349449802704499,0.0661315197631427,-0.157019910188899,0.0328258708929355,-0.022290885882243,0.00919150363745055,0.0468285803794883
"GALNT1","Fibroblasts5","yellow",0.237339221032541,-0.120756231710404,0.313182846554127,-0.0337670110895966,0.00210389566330569,0.36381695791513,0.0545846216748925,0.337822872021397,0.225612366156548,-0.0181765501459491
"GALNT10","Fibroblasts5","yellow",0.101750486247951,-0.127369295650602,0.144559410289506,0.0486913791110552,-0.0666556366184236,0.242960901401462,0.0197715804745266,0.15383953453152,0.0981560111068808,-0.0638022690126823
"GALNT15","Fibroblasts2","turquoise",0.178977156691794,0.020019625671355,0.22265781594498,-0.0441219175310675,0.0778548727776837,0.0599383923364134,0.0233260595717005,0.142355977370341,0.101377167744349,0.00705154422477314
"GALNT2","Fibroblasts2","turquoise",0.136699046819011,-0.0390984035746141,0.174377370836913,-0.00157468009947289,0.0668130544223748,0.122481615323739,0.0321286132294659,0.0898902239692619,0.0397349589135073,0.0403074924299096
"GALNT5","Fibroblasts5","yellow",0.206368564738339,-0.0474022798309713,0.240489435330055,-0.041449924088194,0.0135109986905987,0.229042214866119,0.0488489046906352,0.234718635093991,0.158430631381729,-0.00404456954600834
"GAMT","Fibroblasts3","green",0.0363220431350635,0.057496688487147,0.00505014422038761,0.0748521018052173,-0.00902953600328226,-0.0458394856763853,0.00153669339800113,-0.0162978452667793,0.00269603344338379,-0.00582651430890052
"GANAB","Fibroblasts2","turquoise",0.180704249754497,-0.055494649049073,0.242532262152251,-0.0147661224112306,0.0803060338173391,0.181720017693962,0.0198294899772796,0.105130862577673,0.0308240862385262,0.0479274076299856
"GAPDH","Fibroblasts1","blue",0.133540321432259,0.531376680926288,-0.0263036567396909,-0.108710180695348,0.332460870418154,-0.444285072077973,0.0407860634228229,-0.0515157383713607,0.0127696410227425,0.26812464843977
"GAPVD1","Fibroblasts2","turquoise",0.149153918643321,-0.0146944524593489,0.17847211261232,-0.0243295924280985,0.0684664721431596,0.0832892713151534,0.0396355600047908,0.0785403639970232,0.0377327171183512,0.0331561926889742
"GAREM1","Fibroblasts2","turquoise",0.165384635403991,-0.0297090582913368,0.212395463061736,0.0523815544451312,0.103812431374582,0.0629865054455231,0.0394739889723325,0.0400241524084536,-0.0175960315679555,0.0572165938557843
"GAS1","Fibroblasts2","turquoise",0.238302989968288,-0.0139058236151195,0.320291212014156,-0.0336172478821739,0.117210229991885,0.159192218574799,0.0136556415386041,0.224169268605795,0.116730116452536,0.0734113866992229
"GAS6","Fibroblasts3","green",0.0413052595055696,0.0109612726285756,0.013293677530035,0.325198653001993,0.0142280753461505,-0.0687232409289491,0.00566932183756006,0.0438448282845147,0.0370115027858462,0.0361425405734912
"GATAD1","Fibroblasts2","turquoise",0.188648565453747,-0.0130466393358533,0.24240049397005,0.0216290290378524,0.0739843075958234,0.0626747249093247,0.0274718581895803,0.0947152812472236,0.0422559050747178,0.028905652432815
"GATAD2A","Fibroblasts2","turquoise",0.133486538288091,-0.00161479610854219,0.153039195600367,0.00629125761827748,0.0632862615543248,0.0697969513807278,0.033167252421983,0.0573314632977813,0.027748686184826,0.0371819800419105
"GATAD2B","Fibroblasts2","turquoise",0.123464963637387,-0.024941685408528,0.146828502096802,0.0520390039287229,0.0108813574846771,0.0893414221962238,0.0304447963289225,0.0481015841268952,0.0302360787929062,-0.00817694265014996
"GBF1","Fibroblasts2","turquoise",0.145120709856536,-0.0114614996385995,0.171326599640158,-0.000255375604280737,0.0661739642026397,0.0862751299376036,0.0283923527172107,0.0820090105516381,0.0406339120108456,0.0403718670732659
"GBP1","Fibroblasts2","turquoise",0.163741361018998,-0.0113761743407078,0.220411756870475,-0.0372208973206958,0.215887895618483,0.0425430432894688,0.0305358058725705,0.058232132905644,-0.00901182190792891,0.143965202915476
"GBP5","Fibroblasts2","turquoise",0.102010713394417,-0.0226717858726267,0.14512167120329,-0.0678450142943415,0.121936270619311,0.024097753546342,0.00541968424670226,0.0102101723882309,-0.0186586791316979,0.0868199722396358
"GCA","Fibroblasts3","green",-7.23423728834952e-05,0.00282309371734846,-0.022319023525095,0.0753627281484186,-0.0321774963464681,-0.010579848244716,0.0120243410871402,-0.0171587243050284,-0.00252169457231757,-0.0188145975059857
"GCC2","Fibroblasts2","turquoise",0.214141110632228,-0.00493883522753216,0.227906022435497,0.0651790168451426,0.0839272684889807,0.086358327688923,0.0545700353458499,0.0725722536690554,0.0357875935203043,0.055332652517041
"GCN1","Fibroblasts5","yellow",0.100226372640626,-0.0546866988804012,0.137884375545102,-0.0102676357590894,0.00771566951125348,0.149743184195478,0.0104034922484351,0.0781208965293156,0.0412894365818418,-0.0150487856411185
"GDF10","Fibroblasts3","green",-0.00434143089191873,-0.0392598873027239,-0.0547873389407621,0.296780602622626,-0.113834599058291,-0.00596083719002599,0.0164696815204616,-0.047960449678309,-0.00390044535129168,-0.0922982273148318
"GDF11","Fibroblasts2","turquoise",0.0909105831658164,-0.013277657387013,0.120980231893239,0.0141833975840413,0.044084770433255,0.0583284362361234,0.0181178362278485,0.0417064866623784,0.0185546478514568,0.0289283336489817
"GDI2","Fibroblasts1","blue",0.142059590909274,0.111216975822453,0.0505509860842267,0.030432766807764,0.0524460295983406,0.0882243983165475,0.0427036167832967,0.104141872558418,0.109284677984249,0.0787561338655872
"GEM","Fibroblasts9","black",0.115160163031781,0.152180664418248,0.0783685174042487,-0.0526557572247528,0.291699162050286,-0.112170339047759,0.0168488022584648,-0.0402793536061462,-0.00659247925028832,0.346660624111916
"GFPT2","Fibroblasts2","turquoise",0.146924026535638,-0.0206074940071137,0.201513491387759,-0.0200252493469772,0.149954193149398,0.0878285437391235,0.0110527692597988,0.0411050132480198,-0.0137461815324455,0.0755464657599676
"GGH","Fibroblasts1","blue",-0.0115746269095351,0.0867163325940934,-0.0753205190851787,0.0385843238381725,-0.0107598928224991,-0.0468474038286065,0.00788756332502272,0.00885109429553872,0.0441227784160903,0.0385790431490256
"GGPS1","Fibroblasts1","blue",0.0663383255015297,0.0833084088794418,-0.00173322620392853,0.0250662240205882,0.0183435870026899,0.00335407154658708,0.0316451023388006,0.0304604128585101,0.0364893920693923,0.0356773030238717
"GHITM","Fibroblasts1","blue",0.114904360294545,0.156923449380297,0.0146509169530332,0.0216975658945711,0.0841117282792645,-0.00583990006520316,0.015159254984382,0.0182448293479059,0.0395051420064517,0.1009256582704
"GIGYF1","Fibroblasts6","brown",-0.00575351693836342,-0.0518704955601338,-0.00420708332440102,0.0159430641394956,-0.0619592146033367,0.0625013434235741,0.227289937146747,0.0238013875510294,0.0234533294220992,-0.0488597554188489
"GIGYF2","Fibroblasts2","turquoise",0.19770141077106,-0.0242491296166648,0.233897388885532,0.0441915866678219,0.0501175117020371,0.100260361391,0.0388550802466121,0.0729342283716745,0.0304820504243871,0.00839680718537206
"GINM1","Fibroblasts4","red",0.229154413062958,0.116400866514367,0.200999677676734,0.0367828375006352,0.212184416958206,0.00479780726862651,0.0418911285212586,0.0825703729763702,0.05961826053333,0.163221509553688
"GJA1","Fibroblasts7","pink",0.125808374612949,-0.0835794718704242,0.136178670534798,-0.0499040786594407,-0.067713188958879,0.251189537220519,0.0350321883566122,0.332986556537213,0.213973642067152,-0.0842444773275375
"GJC1","Fibroblasts2","turquoise",0.113596279820651,-0.0316332751735323,0.162535922883613,-0.0464606607967492,0.0712620064462133,0.0738529350506828,0.0113041029303894,0.0499213932401092,0.00813900893755715,0.0254583800073813
"GLG1","Fibroblasts2","turquoise",0.255103044466449,-0.0968632575216668,0.312301969643521,0.0549654219055154,0.0623360909602651,0.22754560638606,0.074492807877513,0.177114072811109,0.0992877766840536,0.0312011704734293
"GLI3","Fibroblasts2","turquoise",0.196576141553351,-0.0387058502375425,0.248374680521942,0.0176166744870723,0.0381519139050616,0.148253338749924,0.0322310023015773,0.162453277264781,0.103748268362909,0.0220072154092268
"GLIPR2","Fibroblasts6","brown",0.0279927014593201,0.0752132663660142,-0.0328925770812214,0.0589558570890153,-0.0203909724591182,-0.0204124284862378,0.0564927790096883,0.0416136840732399,0.0667373596348246,0.00135646561398908
"GLIS3","Fibroblasts2","turquoise",0.20282346502547,0.011228632754508,0.290031037117753,-0.0906057126094078,0.260841629728591,-0.00678228895374352,0.0273824116355687,0.0607148933780442,-0.00733477784387239,0.136786310494797
"GLMP","Fibroblasts1","blue",0.0691270876171889,0.118658084007884,-0.0034048762862038,-0.0112954378381883,0.0383863126877993,-0.0448841633841613,0.0363548569979403,0.0531588540909814,0.0674330057205201,0.0492502116583452
"GLOD4","Fibroblasts1","blue",0.0412086174434241,0.065700735964434,-0.0185083374094597,0.0517162045024087,-0.00387168686836354,-0.0110872918231485,0.0219026160321496,-0.00098952229611369,0.0207515848927986,0.0196047008892304
"GLRX","Fibroblasts4","red",0.169509272011449,0.129151579735001,0.163687016219486,-0.0468675032771339,0.225855835976743,-0.0309289834021824,0.018035705969867,0.0204765220223044,-0.0136944044844019,0.132154078683299
"GLRX3","Fibroblasts9","black",0.0902927439070406,0.118321921758082,0.0436667663115394,-0.0205271630918527,0.104571023965898,-0.031944045063684,0.0186553221187314,0.0143528350631078,0.0239965849658191,0.109090406560057
"GLS","Fibroblasts2","turquoise",0.200556303351809,-0.0563643990670471,0.261379231783565,0.00868531725076171,0.0506170672940758,0.115200891674667,0.0510262927348987,0.108341343572049,0.0597274357231966,-0.0117195011043015
"GLT8D1","Fibroblasts1","blue",0.113301841248877,0.107096375597351,0.0484560670583219,0.0129447813547509,0.0446831404687276,0.00992147791617776,0.0240131844581995,0.105294687156523,0.1092128889573,0.0674913766587442
"GMFG","Fibroblasts9","black",0.146129380154138,0.228425449581743,0.101568601192174,-0.127224946190876,0.184040152788667,-0.11433544548136,0.0277719792579163,-0.0291588916920918,-0.00358541045922417,0.183681762262905
"GNA11","Fibroblasts2","turquoise",0.160240809742911,-0.000431617180520839,0.196950540304879,0.0267359623696341,0.0843028668760946,0.0254362710431936,0.0268074523812124,0.0548289860453769,0.0166237272516557,0.0399822677321871
"GNA12","Fibroblasts2","turquoise",0.172161649148337,-0.0195083472079612,0.229525838961819,-0.0272268170400126,0.101919939291311,0.101448169561497,0.0334944187072943,0.0858979175140659,0.0256947114901785,0.0495178071991985
"GNAI1","Fibroblasts9","black",0.161308424158122,0.15283125703693,0.10929670614977,-0.132808964326048,0.198656162725322,-0.0193290989835535,0.0193783874495809,0.000645646313892406,0.0065285011789133,0.219087333311619
"GNAI2","Fibroblasts2","turquoise",0.351720956238567,0.0340660092900905,0.44971157515032,0.0139928980520167,0.196924560458057,0.151673438855551,0.0463714171630896,0.183909908198509,0.0830412653575379,0.107827559427949
"GNAS","Fibroblasts2","turquoise",0.393033062139254,-0.114350815166163,0.563904788297314,0.0732941978462675,0.0938965259592825,0.363904486327298,0.0188994056416689,0.250017287342466,0.12643232902871,-0.0110983279613742
"GNB1","Fibroblasts2","turquoise",0.301372577806911,-0.0967922986348785,0.384352543547467,0.00538029157052751,0.0623427951177406,0.349823816775165,0.0555001299823134,0.206222701185969,0.116301174500636,0.0125915390310225
"GNB2","Fibroblasts1","blue",0.147191707284746,0.191061342936561,0.0837216701136647,0.0173677301407761,0.144239959487516,-0.0970224724146134,0.0289222561681928,0.0443517440025882,0.0509860945459752,0.132064674475102
"GNG11","Fibroblasts1","blue",0.104553047336528,0.247614554545516,-0.00754792214832297,0.070683890093382,0.0768860248242658,-0.155224622779728,0.0343731585770441,-0.0920313397498133,-0.0410742310920555,0.0557342295061581
"GNPDA2","Fibroblasts1","blue",0.0534260771420692,0.0434336868171147,0.000803433477232835,0.0473253281430784,0.00248185286184747,0.00114148363045022,0.028628291963587,0.0363699079562817,0.0443590643739386,0.0185542302577029
"GNPTAB","Fibroblasts2","turquoise",0.136114156267099,0.00321124042972421,0.162749215758991,0.00838085830087329,0.0791013772321508,0.0431384078677235,0.0270852871139668,0.0586106108198059,0.0204095911221218,0.0376371905068152
"GNS","Fibroblasts2","turquoise",0.142343858496561,-0.0740672807879135,0.184010798113287,0.018708260303028,0.039185744552512,0.174407991870427,0.022346526878676,0.107132555373789,0.0479637891228511,0.0155577030111883
"GOLGA2","Fibroblasts2","turquoise",0.228127052320979,-0.00797650809474027,0.265865938697448,0.02966857499447,0.0565830221652447,0.132062572813825,0.0770461253552403,0.14388500037022,0.100971933753331,0.0177060382961122
"GOLGA3","Fibroblasts2","turquoise",0.202021176759907,-0.0692563913015484,0.244925095229465,-0.00501370825979603,0.00945881597280436,0.190055152980942,0.0660177422959026,0.163410212324482,0.108423375217555,-0.0261948299077479
"GOLGA4","Fibroblasts2","turquoise",0.302028324118028,-0.0507199232996611,0.36914144406452,0.018382744198985,0.0865915697535821,0.184838984579813,0.0678864044768797,0.176469469315396,0.0881442933029612,0.0223178990547797
"GOLGB1","Fibroblasts2","turquoise",0.32013987705784,-0.0929993389852404,0.411021377295875,0.0130188153566287,0.102605300113503,0.212014335485096,0.0671953447060099,0.174661642079967,0.0832472021969447,0.0386480984368985
"GOLIM4","Fibroblasts6","brown",0.0647520163534101,-0.0097171287406771,-0.00288567177775357,0.0756325820846908,-0.108498090956181,0.0544747068302493,0.464281822546039,0.118293748212497,0.126445584631162,-0.0780608048194959
"GOLM1","Fibroblasts7","pink",0.161598360661872,-0.0526459709044813,0.170730380683724,-0.0150847859419717,0.047242801821402,0.222444708101892,0.0340890306225719,0.219865025717004,0.114645593918573,0.0571585921576873
"GOLT1B","Fibroblasts1","blue",0.0762500015863735,0.11039232038978,0.00362765165361338,-0.0594246355472289,0.0387596881767434,-0.0116780737231956,0.0556716173897275,0.0775997364298432,0.0912213256560078,0.034297969580332
"GON4L","Fibroblasts2","turquoise",0.131439675484128,0.0189818960775043,0.157495614943979,0.0269420303324123,0.0801127461545952,-0.0283945372649337,0.00775229640284331,0.0280389135485412,0.00412613516439283,0.0326942810578846
"GPAT4","Fibroblasts2","turquoise",0.106747222682889,-0.0124833390552222,0.131118992474025,-0.0286322343755742,0.0443195469165478,0.0772538408710595,0.0236509971527039,0.0648554164715991,0.034451799665693,0.0266848598551034
"GPATCH2","Fibroblasts2","turquoise",0.124047431341152,-0.00585212376163826,0.156972675168608,0.00215894851508215,0.088067657245086,0.0140863947351068,0.00530404490892383,0.0373382565217217,0.00087240594877135,0.0401869592505718
"GPC3","Fibroblasts3","green",0.00906479515497099,-0.115200787901839,0.0187284347238525,0.309832754125209,-0.0961541546887494,0.118220798740039,-0.0157534568646638,-0.0166930884146577,-0.0317113306759084,-0.0968361270089288
"GPNMB","Fibroblasts3","green",0.111434527310657,-0.0135600268871564,0.0620749376380323,0.183072086909113,-0.0883087250211663,0.114215419207797,0.00516247592478237,0.103681890644776,0.133791783918104,-0.0501184065858286
"GPR1","Fibroblasts8","magenta",0.0208369209230909,0.0623556202138328,-0.0423661726075165,-0.0319150625847823,-0.0410748595596763,-0.00361547405899288,0.0513473644537521,0.157926859018701,0.265548312212481,-0.0246608808813706
"GPR107","Fibroblasts5","yellow",0.139412455447841,-0.0912613269243455,0.182212280468493,0.00348943091309852,0.0173015119483036,0.210168923904493,0.0230415309307119,0.121536119834282,0.0555698484871193,0.0050973012291915
"GPR176","Fibroblasts2","turquoise",0.171966362211807,-0.0164258703130603,0.222272115779771,-0.0510532739263899,0.09042450302557,0.123077993461711,0.0311727007145165,0.117372606991935,0.0701379183889656,0.0599081571277674
"GPRC5A","Fibroblasts4","red",0.0396945010745061,-0.00855443804768527,0.0805748157327819,0.0056930301809225,0.20807500032418,-0.0305552266377155,-0.0130326109224003,0.00112681813977349,-0.0151602948925353,0.158423299114189
"GPX1","Fibroblasts1","blue",0.161398729136727,0.365593699719264,0.0445204285922272,-0.053827068761261,0.232008896554822,-0.181286404556214,0.0283220497411008,-0.0037074294513379,0.0325679308490763,0.223926514928072
"GPX3","Fibroblasts3","green",0.0293684308897147,0.0133638708164059,-0.0271454921611307,0.294312354124198,-0.0328956387232789,0.0144349950902981,0.00733523552726475,-0.138436628755423,-0.111457431380928,0.0084050197816224
"GPX4","Fibroblasts1","blue",0.130446714758703,0.398025520456062,0.00765406095043683,-0.00799885034556773,0.205539783978202,-0.272364621213307,0.0260279998806114,0.0472406943479708,0.102592800277482,0.198955802493383
"GPX8","Fibroblasts7","pink",0.156821688618021,0.0399722688774557,0.107300185477756,-0.026164516588989,0.00643683458590431,0.181612423627672,0.050705341470796,0.311230378663592,0.210180869246114,0.0334543425223661
"GRAMD1A","Fibroblasts4","red",0.12318014147197,0.0762258039542368,0.168695509885961,-0.151490117429858,0.323129889714067,-0.05681035126134,-0.00910824905250174,0.0121370353246966,-0.0522178678732453,0.188364193734054
"GRASP","Fibroblasts2","turquoise",0.103232130418658,0.00766020651525058,0.159361800072391,0.00477499468106335,0.107582310355324,-0.0278068932101256,0.00311932531806685,0.0254553580902687,0.00910377359533714,0.0575812663480462
"GRB2","Fibroblasts2","turquoise",0.192196382513216,-0.0174174634819232,0.212493183203942,0.0251247740192766,0.0567419226219249,0.170182212640192,0.0491799848837629,0.0961088566615815,0.0586288579879246,0.0314586070821189
"GREM1","Fibroblasts2","turquoise",0.213389859222979,0.0358499329852896,0.232035557223887,-0.175677213502022,0.121427596560334,0.131168636389659,0.0193198338651392,0.0610194232799443,0.0428312336293839,0.0420293754174703
"GREM2","Fibroblasts3","green",0.0324087888322549,-0.0611238195341241,0.00891083255482971,0.311836206509708,-0.102833369442005,0.0739087266935771,0.0145562753529521,-0.0547074737821157,-0.0381006352938657,-0.0856112650029158
"GRK5","Fibroblasts2","turquoise",0.145930303142065,-0.00353136412835723,0.180928481375325,0.078282618611859,0.0987702483701332,0.009163771362386,0.0382160152551194,0.0357623013370244,-0.00837895897426579,0.0355006506892449
"GRN","Fibroblasts1","blue",0.111827030974184,0.148315369967121,0.0245503915274473,0.0511629255922091,0.0809830190013178,-0.0443285723839603,0.00380555024304758,0.0481977266530204,0.0639655439667245,0.115843927631812
"GSK3A","Fibroblasts2","turquoise",0.14600825595584,-0.0327304623461608,0.206886839275754,0.000420824088833903,0.0645459722460708,0.122877737829538,0.00822589850081815,0.0746059114158441,0.0328770976568962,0.013078300841032
"GSKIP","Fibroblasts1","blue",0.0304233124247759,0.0751117442302262,-0.0314267505149623,-0.0161050522692163,0.0221989311562177,-0.0248832874410498,0.0302161341493772,0.0300202115228338,0.0363135720949117,0.0343812725397297
"GSN","Fibroblasts3","green",0.0078873884956585,-0.0541083919980017,-0.0769097237816515,0.651994250341016,-0.208092341917199,-0.0477899385929623,0.00242033389429542,-0.184075468206184,-0.101729606717866,-0.163972117025624
"GSPT1","Fibroblasts2","turquoise",0.194042357368974,0.0305624669942326,0.218054256088714,0.0153225914123469,0.107465777469099,0.0592160676164582,0.0597374003814344,0.0880694428654755,0.0442587970624964,0.0497963567767744
"GSR","Fibroblasts2","turquoise",0.109435511888518,-0.0427811038203053,0.149527814339845,-0.028447701777235,0.025326518842376,0.13794559692104,0.025029030932728,0.0799515264359492,0.0423755028169488,0.00501079513943352
"GSTA4","Fibroblasts1","blue",0.0657600188261139,0.0790798778784197,-0.00872940105598447,0.0256139488873784,0.027142641901115,0.0398346581946751,0.0106878719066996,0.0358500995815854,0.0483204448779865,0.0672446078883397
"GSTK1","Fibroblasts1","blue",0.0915106818499314,0.149832623644415,0.0135982524117696,-0.000635246514994047,0.0731839887688369,-0.0437172346484736,0.0243755873482053,0.0114442082164293,0.0460458244526451,0.101061103647649
"GSTM3","Fibroblasts3","green",0.0919161327139194,0.126559149900601,0.0469022562757,0.124908046016377,0.0480350277165526,-0.0666773257948022,0.0116709854165227,-0.0565349001249722,-0.0275602987576196,0.0375967919659372
"GSTM4","Fibroblasts1","blue",0.0395755273038662,0.0735368994674085,-0.0281386280752869,0.00343541675204997,-0.0160511669923736,0.033852778231489,0.0293812747621967,0.0202366866875516,0.030806350485766,0.0127832655392319
"GSTM5","Fibroblasts3","green",0.0363124758508526,0.00977962108782438,-0.0161731765722602,0.184412007955312,-0.083901167312238,0.0505224188364804,0.0107594657254713,-0.00216634951325205,0.0219345305742654,-0.059866361790718
"GSTP1","Fibroblasts1","blue",0.102271242853833,0.292458078766064,-0.0174924417318069,0.0876960057407866,0.0337989538170169,-0.139418157481417,0.0385657473404512,0.0123546102398685,0.0808847863085256,0.0173405209271745
"GTF2H2","Fibroblasts1","blue",-0.00125310999506399,0.0463311644758168,-0.0362124393076748,-0.000535069607419611,-0.0188026668033731,-0.0515263438123647,0.0286293969094274,-0.00562120772338393,0.00388952516277175,-0.0183405387276723
"GTF2H5","Fibroblasts1","blue",0.0810373994047772,0.158893861063848,-0.00159822306931402,0.0501313420624305,0.0314586124535452,-0.0782250014462419,0.0434599185879478,0.0289220276937378,0.03616530463773,0.0379704948697322
"GTF2I","Fibroblasts2","turquoise",0.208933507925319,0.0790838973278407,0.234808679054845,0.0054614111841774,0.129020745797943,-0.0737215599685165,0.0462973243916057,0.102530100448401,0.0656458576881568,0.0638893134408346
"GTF2IRD2","Fibroblasts3","green",0.0423907122612424,0.0119168669019432,0.0247640292158195,0.0707945041298299,-0.0197869485795699,-0.0235424034832185,0.0334299570889719,0.0150026687033815,0.0274916345121287,-0.0137168578957983
"GTF3A","Fibroblasts1","blue",0.134835177782843,0.203412150583475,0.0523677185795297,-0.0100981301374365,0.102390503165935,-0.0653707721813707,0.0322561741283786,0.0460801741932641,0.067722563532487,0.0893504938729478
"GTF3C1","Fibroblasts2","turquoise",0.147010762235416,0.00342969833763269,0.178941530681608,0.00986128536563682,0.0704243434903066,0.019903417125914,0.0203628932142232,0.0518287564178216,0.0198060808490173,0.0417098728853569
"GTF3C4","Fibroblasts2","turquoise",0.112848399893505,-0.0511444529243326,0.139480715275517,0.0269874362715732,-0.00430973062317407,0.11804178830977,0.0245271634752296,0.062503175128335,0.0256946198102361,-0.022437062459013
"GTPBP2","Fibroblasts5","yellow",0.0951343400948039,-0.0630539270562431,0.126708992360619,-0.00390891974388471,0.00121932902197394,0.162683180651493,0.025805634646203,0.0442806323201831,0.0161540488156489,-0.000580640423139443
"GUK1","Fibroblasts1","blue",0.11678323384213,0.369433871746279,-0.0301665311735519,-0.0525949253420321,0.156202202932556,-0.234494271019171,0.0528410825852398,0.0470389502911916,0.100402920572948,0.140440554784319
"GULP1","Fibroblasts1","blue",0.0654033510654452,0.0587904983990105,0.00894956114570565,0.0101727187568736,1.84800192965466e-05,0.0295847945857061,0.0286427332471306,0.067410173343833,0.0651632659632458,0.0302308222897343
"GXYLT2","Fibroblasts5","yellow",0.174693093341195,-0.0824453224195246,0.223334028368509,0.04552808040698,-0.0227716701687522,0.263560049833512,0.0947647544521992,0.225217934551885,0.154271697321662,-0.0266997246815183
"H1FX","Fibroblasts4","red",0.182898729435738,0.129832946459501,0.217301851900374,0.0267400885104833,0.191373241161618,-0.121268696658043,-0.00753700823348071,0.0140516001394142,0.00182700917031667,0.102435793503573
"H2AFJ","Fibroblasts4","red",0.198023654100455,0.227899607670269,0.170838431427836,-0.0507581439998593,0.288165895656426,-0.149016792760341,0.0175033197432825,-0.00892258197821292,-0.0226620038585397,0.197683641145886
"H2AFZ","Fibroblasts1","blue",0.096872404552341,0.24143473843175,0.000859746078041084,0.00345232514775116,0.130558245504951,-0.134879002961759,0.0257913652981335,0.00514744244567644,0.0284138604470319,0.12845819447317
"H3F3A","Fibroblasts1","blue",0.139229656658121,0.435615177855509,0.0181691172371665,0.058189209487835,0.250665352541601,-0.493423560355185,0.0220294953957068,-0.0640920362851725,0.0180225809272574,0.201422565370987
"H3F3B","Fibroblasts1","blue",-0.000270784391692496,0.379155636158882,-0.1662929871432,0.0194715592399031,0.251643597432953,-0.336041005220601,0.0160136192860467,-0.180605155423215,-0.0729380791122449,0.303040905290312
"H6PD","Fibroblasts2","turquoise",0.16383639847315,-0.0592730635830842,0.207957275052558,0.0332614730413482,0.0765047325240843,0.15090417446131,0.0871066124119637,0.0838917789745188,0.0141514603060305,0.051000820629582
"HACD3","Fibroblasts5","yellow",0.148298850967365,-0.0625529781594474,0.163358730376014,0.0728953869337208,-0.00127426083826534,0.245641098808769,0.0168488891432433,0.099905573544372,0.0635453676155207,0.0106158196158334
"HAGHL","Fibroblasts1","blue",0.0482738647958411,0.102797977763487,0.00487804132917096,-0.0495015373357084,0.0452825981314911,-0.0435995216115657,0.0111060578439817,0.0561845479100386,0.0531664895945761,0.0465906232599682
"HAPLN1","Fibroblasts7","pink",0.0460111532275096,-0.0564061751096083,0.0541415034096514,0.045694056893352,-0.0907288301978332,0.129623442884088,0.0351416834942376,0.276328946903276,0.173936123416972,-0.0988418730856392
"HAS2","Fibroblasts9","black",0.0763561918076228,0.0321059166556098,0.0527139000621081,0.0798193089143202,0.129177528351027,-0.0166240950027965,0.0794406669105273,-0.0211002704182077,-0.0430438751677703,0.200408840866318
"HAUS1","Fibroblasts1","blue",0.0487647814056712,0.0769739420485096,-0.0018385494477917,0.0051845169678723,0.0323428595354962,-0.00804935892850188,0.023119081838045,0.0279252869387852,0.0421358584968722,0.0439940524600352
"HBA1","Fibroblasts6","brown",-0.129647308741679,-0.041761970009613,-0.144864453258957,-0.0219048858232739,-0.0988972629393845,-0.0716059358194354,0.191125217850564,-0.0665085933916759,-0.0397511843101447,-0.0888950222163046
"HBA2","Fibroblasts6","brown",-0.188241779870385,-0.00943470050394975,-0.250381510437783,-0.0269784893430738,-0.138423980388409,-0.120212011774444,0.24409628941244,-0.073701480454226,-0.0335885862846634,-0.104147568246526
"HBB","Fibroblasts6","brown",-0.225160630392357,0.0142849745468022,-0.303851025769866,-0.0441525880483247,-0.138724832489173,-0.167371316897591,0.230677412723319,-0.103939037189953,-0.0358875026917547,-0.089547583492892
"HCFC1R1","Fibroblasts6","brown",0.104880957441077,0.135120654818431,0.0162697703974244,0.0624139714922576,-0.0793988104812494,0.0561041091066245,0.0389312350867485,0.135046587711426,0.168384885343997,-0.039197692244825
"HCG18","Fibroblasts2","turquoise",0.144715066135056,-0.0204034426513068,0.177809767033716,0.00314562763483449,0.0544119317645769,0.0498612919401459,0.0358319738404184,0.0698489477680253,0.0464294650308567,0.0221030518447011
"HDAC2","Fibroblasts1","blue",0.0810161651920712,0.0534145289388444,0.0240399444065244,0.0181234487945078,0.0097178806394744,0.0485304160914093,0.0283403096330922,0.0320795937249026,0.0351516521189197,0.0292659474554859
"HDAC7","Fibroblasts2","turquoise",0.13349420909277,-0.00521467007620527,0.167777881957906,0.00320884625591702,0.0786716819178816,0.0195042003922416,0.0164077075866936,0.0356332825276888,-0.00310147667342936,0.0387484550764062
"HDGF","Fibroblasts2","turquoise",0.292457734051411,-0.0473021143213257,0.379830231113199,-0.0476176308991581,0.129422117741213,0.268213116249178,0.0377632924486585,0.144640362437998,0.061433840641604,0.0610131575844064
"HDLBP","Fibroblasts2","turquoise",0.33855830468434,0.0212142809734151,0.38279576341573,0.000475000327652925,0.105785250568403,0.23696126344052,0.0647866796380423,0.237931521025936,0.148074602311281,0.0440587457217452
"HECTD1","Fibroblasts2","turquoise",0.18366987177744,-0.00519225970259698,0.209803227722345,0.0325840175040234,0.0621108966473037,0.0542538167026657,0.0474324076611269,0.0755193041453906,0.0278780066540366,0.0208757416807472
"HEG1","Fibroblasts2","turquoise",0.187740917007314,-0.0562596921520415,0.233575776790801,0.0426995773737666,0.0706435721558355,0.14829063819218,0.042832004806297,0.0998240926924828,0.0287444905693666,0.032606230628762
"HELZ","Fibroblasts2","turquoise",0.146858177076413,-0.0373130515668356,0.181405063829555,0.0173110862202655,0.0442724350324116,0.0799278089972836,0.0323719286720877,0.0959712614505408,0.0545626183864023,0.0166554025865954
"HEPH","Fibroblasts2","turquoise",0.182775339375528,0.0493624161999963,0.217424410549035,-0.0500530290101231,0.168363454303205,0.0149324638621782,0.028996866100726,0.107948951399819,0.0326297084657983,0.119769119721329
"HERC1","Fibroblasts2","turquoise",0.156840221142504,-0.0492051345605937,0.205266271755398,0.0368092392435538,0.0554942940797777,0.0871253178732435,0.022773367033055,0.0777751035725468,0.0251932062255809,0.0196853313157931
"HERPUD1","Fibroblasts9","black",0.153425396469957,0.138170875111622,0.0742909691778396,0.0130244320808796,0.122888089928838,-0.0122983126273837,0.0417721629161873,0.0523646506604537,0.0781621115274531,0.161134267405909
"HES1","Fibroblasts6","brown",-0.00776880436375574,0.08509219628458,-0.0454486376871623,0.0885437897025512,0.132587090942945,-0.152043998846989,0.0862230184581428,-0.16436460201139,-0.122511101972035,0.174694380272658
"HEXB","Fibroblasts1","blue",0.102431522348816,0.131732697095694,0.0276068718093847,0.0494639497233844,0.0794127408737026,-0.0450305836203832,0.0162582714771995,0.0626414175098391,0.0854290965279109,0.0932434254093309
"HEY2","Fibroblasts8","magenta",0.0752056367561088,0.0688896603059896,0.0207744685512683,-0.0522154490812706,0.00412348961550347,0.0351143636472489,0.0431686609360708,0.0663965654114121,0.108840834169411,0.0365051398483576
"HGF","Fibroblasts2","turquoise",0.115754404467876,-0.0160824259280906,0.148819506149824,0.0431827139712687,0.0688428562164488,0.0556172786529952,0.0217250131504423,0.0162327437760816,-0.0255513496590464,0.0357919595934779
"HGSNAT","Fibroblasts5","yellow",0.147379014155919,-0.10176444087878,0.188698626364206,0.0318812173241649,-0.00658730271378078,0.23303261498685,0.00669971877464313,0.128330832352032,0.0698048733719721,-0.017492191307281
"HHIPL1","Fibroblasts2","turquoise",0.129421283417544,0.00531999616772223,0.15658049325774,-0.0300677527766398,0.087083804598589,0.0565859702042107,0.00272017686459999,0.0647136807342191,0.0165633069218349,0.0640546633642245
"HIBADH","Fibroblasts1","blue",0.0450693750354922,0.112144407354271,-0.0375403133612906,0.042790118501082,0.0428087491693218,-0.0316577959211959,0.0172736543868805,0.00915479738733904,0.0279706450555391,0.0718276890637526
"HIC1","Fibroblasts2","turquoise",0.144654675324955,-0.0374991897780594,0.215170227450844,0.0771646760201477,0.124550127369516,0.0554356709439363,0.0247295775946022,0.00892737990974196,-0.025058128721485,0.0708494697982813
"HIF1A","Fibroblasts2","turquoise",0.264108409040262,0.0874086024491521,0.315426473877871,-0.166184477731469,0.345372290049986,0.0138528035892731,0.0465197111485496,0.114153331452286,0.013499618816463,0.210575476678671
"HIGD1A","Fibroblasts1","blue",0.0472378869609316,0.160348918634789,-0.0645541393896711,0.015646072699315,0.00917420831672358,-0.0478072091156062,0.0315145419418634,0.0292778507105064,0.0603935920380451,0.0302147399814874
"HIGD2A","Fibroblasts1","blue",0.0902195476165242,0.268755378393515,-0.019861514132147,-0.049385972671363,0.137007610407596,-0.136509970110239,0.026822357412123,0.0124618654463649,0.0516495140162313,0.14712528950039
"HINT1","Fibroblasts1","blue",0.14632190798607,0.27531410820481,0.0585768053414182,-0.0191315730630342,0.139618861727255,-0.113892882008099,0.0228239461440938,-0.011271533037149,0.011323830286498,0.109120870015188
"HINT2","Fibroblasts1","blue",0.0522764534754902,0.146882576791613,-0.0245788280861458,0.0298836491526775,0.0455819627634788,-0.0901230349089084,0.0222317920248263,-0.0280015811887151,0.00721071945220491,0.0554678506944949
"HIPK1","Fibroblasts2","turquoise",0.161381623663102,-0.0121111090459857,0.198626834624527,-0.026990246047622,0.0842000416737773,0.103985351816512,0.039803758408976,0.0937673213729364,0.039616733291921,0.0379461889817058
"HIPK2","Fibroblasts2","turquoise",0.139014687452568,-0.0488077727519569,0.188891623376834,-0.0131290176308634,0.0824439066530336,0.10540875114684,0.0301336786882816,0.0635953482442936,0.0121355462603891,0.0368162502395946
"HIVEP1","Fibroblasts2","turquoise",0.180198358853643,-0.0106158479939676,0.236661303803551,0.0210308910841303,0.12114766292409,0.0373043133033827,0.0235351573747657,0.0458244815648911,0.0109756538768078,0.0673182600264282
"HIVEP2","Fibroblasts2","turquoise",0.174708996155516,-0.0698162682051648,0.238694611712753,0.0137672759456183,0.0687789543299876,0.169715792833008,0.0330066295496547,0.129345530084457,0.067007565063769,0.021956239553281
"HIVEP3","Fibroblasts2","turquoise",0.118873816665783,0.00673838912370944,0.172042268289741,-0.0529973617671498,0.173174754326542,0.0038793986957401,0.0157443237436646,0.00708901979083318,-0.0284667052972866,0.100704492891526
"HLA-A","Fibroblasts9","black",0.106078943674588,0.137757213817405,0.0262566724297032,-0.0620024607590423,0.210636324481393,-0.00244664307358124,0.00828928100297416,0.0076758190797982,-0.00421134316433677,0.343148305094053
"HLA-B","Fibroblasts9","black",0.0906598667456404,0.220558368054117,-0.0128123218509207,-0.131275992812673,0.326142226316915,-0.105694322111418,-0.00862514198363041,-0.0182761966112238,-0.0318983352078234,0.46821461985608
"HLA-C","Fibroblasts9","black",0.166028596529921,0.223656988707801,0.0646144930393477,-0.0632774902636169,0.22794067654107,-0.0401128166445561,0.0265649770364064,0.0875697647537213,0.0900871668353149,0.356326108093657
"HLA-DPB1","Fibroblasts6","brown",0.00653004588285519,0.0472267004935409,-0.018471971541509,0.0178453428723373,-0.00476880131693158,-0.0262058981766092,0.0481902162366132,-0.0176554858845968,-0.0142966362463687,-0.00647183424968562
"HLA-DRA","Fibroblasts6","brown",-0.0768872938052448,-0.031578195368553,-0.0907988075322786,0.023500353536196,-0.0581211920666609,0.00683940213543302,0.0551196799955416,-0.0465510807508572,-0.0489113999921067,-0.0317537084279443
"HLA-DRB5","Fibroblasts6","brown",-0.0201525562497029,-0.0192542665463027,-0.0205948934679507,0.0344120198770624,-0.0129829569834123,-0.016620609087267,0.058874737525197,-0.0291704303525276,-0.0258086859894006,-0.00495570398071131
"HLA-E","Fibroblasts9","black",0.215338449948856,0.132792072345388,0.152207535916327,0.0393076498107429,0.230742152667415,0.0198943650400972,0.0259370118778017,0.0160562065136592,0.0418690743888693,0.334358123855875
"HLA-F","Fibroblasts4","red",0.15277065771686,0.091216634237504,0.168516690748385,-0.0374181024727062,0.256339371499897,-0.0521596208065423,0.0242739986624041,-0.0166579866022568,-0.0566582286323766,0.218955942231887
"HLF","Fibroblasts3","green",0.0744591061375688,0.0122165336237835,0.0378044876038553,0.179417348357264,-0.0574205285023311,0.0143456530661469,0.0214264957656088,0.0421666149801678,0.0642032048834574,-0.0416046754199385
"HMCN1","Fibroblasts5","yellow",0.188395646100746,-0.15265010854084,0.250450127361836,0.0471049043746523,-0.0234992587911195,0.31348314084847,0.0451115337130189,0.25791036284266,0.151220113533766,-0.0292047433386782
"HMGB1","Fibroblasts1","blue",0.114214510583096,0.313465678452813,-0.0225838231218627,0.0560629528926025,0.102140648808304,-0.263572022843349,0.0814352857325034,-0.020568682701906,0.0488542309084001,0.0891360336078635
"HMGN1","Fibroblasts1","blue",0.0975175297331688,0.164796567749958,-0.0157752132590297,-0.0207009897207186,0.0564162259952872,0.0241364321101672,0.0422558508451133,0.10977343463593,0.0888471814725198,0.0899675520503843
"HMGN2","Fibroblasts1","blue",-0.0179317246088743,0.315633739165752,-0.221100802573983,0.04269338082355,0.0451606708163403,-0.252926117392569,0.0583394214047149,-0.0241795602437178,0.0518346266353356,0.117131670347051
"HMGN3","Fibroblasts1","blue",0.031604544882554,0.217570644157424,-0.105461769421089,0.0356580789561214,0.0186040230767909,-0.119246690200546,0.0318351983526732,-0.0119819861372421,0.0368691311710087,0.0620419779397157
"HMOX1","Fibroblasts2","turquoise",0.069172725132024,-0.00245671431637753,0.126724680368972,-0.0164580599324305,0.106503495369905,-0.00864792850549655,-0.00963272292744273,0.00589644024936065,-0.0210594688261396,0.0405248092054941
"HMOX2","Fibroblasts1","blue",0.0570778705193933,0.100089916103307,0.00147487289235273,0.0148521594886588,0.0405449512577246,-0.0384942757713207,0.0353334738444023,0.0166463275145688,0.0353110327764977,0.0528578632818326
"HNRNPA0","Fibroblasts1","blue",0.128449478474727,0.149442544842152,0.0170338295264024,0.0783442353322256,0.0755094528979356,0.0158737886953685,0.0672499769347745,0.0545471790890728,0.0853137953410532,0.106143446060371
"HNRNPA1","Fibroblasts1","blue",0.0648090186319275,0.312828853322578,-0.0992424043823544,-0.0105570357305836,0.135656491684087,-0.172624826093075,0.0483024968228176,-0.0502686623172795,0.0109557221087594,0.165634113610511
"HNRNPA2B1","Fibroblasts2","turquoise",0.282569613634936,0.00395315837043623,0.321819033102533,0.017481123764883,0.170853903510183,0.130337683457029,0.0208696289269357,0.0765219275580118,0.0203662999768662,0.115795469654266
"HNRNPAB","Fibroblasts2","turquoise",0.256597526786237,0.0396208741788423,0.297100383145352,-0.00325612733243177,0.167876917126807,0.0676841327306273,0.0534229262243365,0.0984380252050772,0.0453751266563979,0.0902560766349386
"HNRNPD","Fibroblasts2","turquoise",0.241355879393487,-0.0263564698101573,0.300762789797747,0.0441334370669662,0.0865146686139715,0.156803555271783,0.0193308339736264,0.0942739510267727,0.0257822364075398,0.029936656128842
"HNRNPDL","Fibroblasts1","blue",0.0922903712279045,0.0761695914873547,0.0235562549643736,0.0117283744850286,0.047223892797407,0.0104436862507008,0.0439976798042966,0.0278757758861623,0.0424800967212855,0.0608604500119138
"HNRNPH1","Fibroblasts6","brown",-0.0612415348830044,-0.0233509703031896,-0.0800519859339876,-0.0161303218871908,-0.0547031875950743,-0.0734644258362406,0.478343596581132,-0.0255502297636943,-0.00784946375968928,-0.0558432245308921
"HNRNPK","Fibroblasts1","blue",0.172767977535778,0.12480930636689,0.0861729937648927,0.0630390771840874,0.065445831189139,0.037196262187852,0.0630814968714893,0.064616984401674,0.0556397615275857,0.0761114850366957
"HNRNPL","Fibroblasts2","turquoise",0.13597141828888,-0.0664007440636303,0.197379106480165,-0.00174592863691426,0.0492238244345724,0.131664466052098,0.0753055014053253,0.066308780330472,0.0289069275427555,0.0141980201459533
"HNRNPM","Fibroblasts6","brown",0.118430664015287,0.0610734490676268,0.0990873075988074,0.0214210606975227,0.0568878694053426,0.0215252009539305,0.0646891631809373,0.0291124721345356,0.0217616453626322,0.0327892379109299
"HNRNPU","Fibroblasts2","turquoise",0.298289790773119,-0.0275525118159143,0.34719705433711,0.0215114612084007,0.171436144428209,0.136788331464551,0.0764028531942442,0.112637273510816,0.0414689861204326,0.115301082804676
"HNRNPUL1","Fibroblasts2","turquoise",0.220906040170206,-0.0689580915170284,0.272239920527245,0.019060613787486,0.0605294142371876,0.253545093931406,0.0565349062420497,0.142318635224595,0.0671388896803837,0.0352011649207278
"HOOK3","Fibroblasts2","turquoise",0.254678777331066,-0.0108753173206497,0.283612638156824,0.0727152223269297,0.0702679298024044,0.127906380678885,0.0634425271620331,0.105180372317402,0.0796849501287588,0.0289251068588205
"HPRT1","Fibroblasts1","blue",0.0542492620529785,0.100039278284012,0.00998765356638171,-0.0390840171661024,0.0844428831697297,-0.0402905469423098,0.00895709525904945,-0.00672313537483742,-0.00975568144031843,0.0679334721784295
"HS6ST1","Fibroblasts2","turquoise",0.159758467754518,-0.00516331167937268,0.211736358109879,0.0310642723308719,0.107254389497309,0.041205313120703,0.0194043801707837,0.0507470014472126,-0.00862850303509045,0.0577588157782995
"HSBP1","Fibroblasts1","blue",0.102780776890581,0.274874788766915,-0.0106354869145121,-0.0366410280222887,0.0939155317567953,-0.113540989600174,0.0498613758474236,0.0312977576525299,0.064676070671145,0.0996264545312342
"HSD11B1","Fibroblasts4","red",0.0966486611969105,0.0329845577466194,0.168760259104906,-0.102703015642972,0.296172317123414,-0.0233985678499236,-0.0192926715398834,0.0399827429974397,-0.0306003835334272,0.186004014683184
"HSD17B10","Fibroblasts1","blue",0.0563205793342515,0.155675643457916,-0.0190975404098121,0.00733668956743645,0.0563674182033262,-0.0662585560490362,0.0194565649312815,-0.0156397157442468,0.0063212834821287,0.0571520946824783
"HSD17B11","Fibroblasts1","blue",0.0125553862310145,0.060766017201491,-0.0605251370449297,0.0935086008787001,-0.0149232880321509,-0.0437240932455198,0.0132389159055781,-0.0457512423562499,0.00524173774509902,0.0197315705580807
"HSF1","Fibroblasts1","blue",0.0546099187129382,0.0901604460576632,0.00833652515065088,-1.66994882866431e-05,0.0665895583464948,-0.0746644941578659,0.0236088571067652,0.00515641627237209,0.0156090463073517,0.0593001636763971
"HSP90AA1","Fibroblasts2","turquoise",0.311210209020141,-0.0640142802329046,0.444354729908265,0.0352013020977419,0.246680061262089,0.113622057801907,0.0106499854926382,0.127638855721148,0.039639483294706,0.137611633348137
"HSP90AB1","Fibroblasts2","turquoise",0.295824847448368,-0.0117221429941826,0.368191794257139,0.107856165730839,0.145539159627167,0.144072423340698,0.0463390283546714,0.0611044929549835,0.0176279901069233,0.0567524424547267
"HSP90B1","Fibroblasts2","turquoise",0.314469845123248,-0.0802125871703135,0.416530759390642,0.00379431688119757,0.173949426229294,0.22493399845148,0.02151163858936,0.155955890194771,0.0369530987648933,0.088246672332509
"HSPA4","Fibroblasts2","turquoise",0.200602337702018,-0.0373669747417135,0.240465414962329,0.011017610375474,0.0632880336855801,0.171619670545004,0.0848294904006439,0.102574633685358,0.0512118519480569,0.0285056923637589
"HSPA5","Fibroblasts2","turquoise",0.230066779456034,-0.0310290357958108,0.265217452805268,0.0101830522076216,0.132085441729253,0.182002962480117,0.0017684691341995,0.110134688083153,0.0393255996741228,0.0833242009744384
"HSPA8","Fibroblasts2","turquoise",0.29955766976539,0.102396575577535,0.335443320518801,-0.0355886422592648,0.300262633408631,0.0655894534115735,0.0448367136331023,0.110503429544558,0.0508686783081243,0.21062205846497
"HSPA9","Fibroblasts2","turquoise",0.210831861344189,0.0323060149624717,0.225504568571981,0.0122954840396537,0.119089210652781,0.0683124742466965,0.0402305313639728,0.0750732164867006,0.0394823880737931,0.0552122542761475
"HSPB1","Fibroblasts1","blue",-0.0478181279389079,0.174905061813949,-0.171403794153398,0.116267987661273,-0.0355566308854673,-0.157338814456619,0.0479612221840831,-0.0668217692797679,0.00100840050347311,0.00220095924430453
"HSPB11","Fibroblasts1","blue",0.0538677812673556,0.135556579200782,-0.00949693557059234,-0.00503725329319154,0.0707729383988162,-0.0817972354853433,0.00549422763858882,-0.00391955624767706,0.018064603444021,0.0674437956394999
"HSPD1","Fibroblasts2","turquoise",0.22574517966764,-0.000193767743663773,0.264062951027275,0.0313365211201564,0.145424582938084,0.105363778704458,0.032239800465776,0.056656033084594,-0.00734607117110046,0.0842815774963595
"HSPE1","Fibroblasts1","blue",0.118069672039208,0.243588026072893,0.0341059852955359,-0.0204192617800782,0.187431622216511,-0.175572904658463,0.0325510402370449,-0.00728445377751704,-0.00553646614195151,0.1404845834096
"HSPH1","Fibroblasts2","turquoise",0.215046960717488,-0.0417078965328575,0.29722161581159,-0.0361404611231359,0.18427902976907,0.10789139221121,0.0530147258486376,0.122922372617138,0.0467581902093458,0.0929431457958299
"HTATIP2","Fibroblasts9","black",0.0893374211013967,0.106460924065647,0.0423813713496843,-0.0313981259112824,0.106529552028644,-0.0390276910996971,0.00954425392143881,0.00208712525159673,0.00313836865776123,0.129712526795317
"HTRA1","Fibroblasts8","magenta",0.0618893838028807,0.020377352135269,-0.00735968615953013,0.050887215599208,-0.163922300094707,0.183715301506989,-0.00455284448405034,0.297218968356617,0.427201093131431,-0.062480439903864
"HTRA3","Fibroblasts1","blue",0.0722312825332538,0.0879301062648962,0.0225574622847211,-0.0966214784448438,0.117995811643226,-0.0147165750294012,0.0260739326660796,0.100665679884831,0.114716316033099,0.12458267925536
"HTT","Fibroblasts2","turquoise",0.0994399881704996,0.00264140259341498,0.124605881195881,0.0133437573613069,0.0472656328387273,-0.00351010808937187,0.0218742317793296,0.0317474947256074,0.00543714116643066,0.0162905167810996
"HUWE1","Fibroblasts2","turquoise",0.21221902257448,-0.0662606763627493,0.274715271879032,0.0154188523797145,0.0571944056662238,0.169079891786269,0.0500131204840874,0.117484802767808,0.0428139368190264,0.00696005247888682
"HYOU1","Fibroblasts2","turquoise",0.0978189374028023,-0.00171592801531824,0.131474930159589,-0.0198642421506599,0.065496882581894,0.000357548892032379,0.0148070922462158,0.0371940491509507,0.00380701502874671,0.0181711372728023
"IAH1","Fibroblasts1","blue",0.0847416667505365,0.148833396955843,0.0104121998502504,0.00341357172835147,0.0516440004616538,-0.082154223039558,0.0841604529325615,0.0308516121308917,0.0665941540007765,0.0435033222761541
"ICAM1","Fibroblasts4","red",0.0771736169014648,0.0884201803860147,0.121554659549132,-0.114132528353718,0.425257559642167,-0.127757558088519,-0.00844721826258242,-0.0635571240691336,-0.0932302443443209,0.338457638891562
"ICE1","Fibroblasts2","turquoise",0.153415257239559,-0.00592880637169226,0.176492765362258,0.0144731664102288,0.0580748827823399,0.0493022716335371,0.0408361705504151,0.0638018981305105,0.0205265368859865,0.0279251955880331
"ICK","Fibroblasts2","turquoise",0.139924677462176,0.011116523688497,0.153510332801248,0.0330756013722803,0.0476256669252118,0.0689740093355635,0.0438711594953432,0.0778480128348358,0.0610576171114756,0.0346347862548865
"ID2","Fibroblasts3","green",0.0146927692383532,0.0439197545011072,-0.0156477923570051,0.0923540036283093,0.0395365254916727,-0.0213147489743816,-0.00649065053253491,-0.0156885616180661,0.0211152399919817,0.0473368740416914
"ID3","Fibroblasts1","blue",-0.0133147465570437,0.188689043515703,-0.122933284864582,0.0504530136567514,0.0517944726919014,-0.156104938208543,0.0298919635319931,-0.0146065601882145,0.0641791618129191,0.101079087924737
"IDH3B","Fibroblasts1","blue",0.0390261436542213,0.0984637468745698,-0.0225516071132458,0.0130386493718379,0.0319632283141036,-0.0475458413592517,0.0154644812151299,-0.00957766495776213,0.0123041703386839,0.0453092830618642
"IDS","Fibroblasts2","turquoise",0.189522705933898,0.00739557656474301,0.206923224302593,0.0199594446025885,0.0928171270595469,0.090001529430287,0.0442210795936784,0.0887265098223117,0.0559781864115765,0.0527322366698732
"IER3","Fibroblasts2","turquoise",0.267172951792187,0.12845510113998,0.422344182999272,-0.170253600130013,0.537849526270246,-0.197327116402118,-0.0347521434069838,-0.000895790599545861,-0.0569275659415551,0.354918884741368
"IER3IP1","Fibroblasts1","blue",0.0184002564267883,0.210527550218557,-0.126177992180176,-0.0154062134074901,0.0154526604466022,-0.104691578364704,0.0449236374387991,0.00960693446668404,0.0622612341912903,0.0581299706728172
"IER5","Fibroblasts2","turquoise",0.206359994294514,0.00252142044543924,0.314663486896603,-0.00619146054933963,0.240979459135648,-0.00246859333500314,0.0122195168519809,0.058820577523825,0.00115710040138533,0.170755664272655
"IER5L","Fibroblasts2","turquoise",0.200461816854838,0.00223147610347805,0.337415088093569,0.0114216903888942,0.219029909676039,-0.0839325016120995,-0.00703725676296796,0.00119043871304062,-0.0349084336033235,0.125472769436809
"IFFO2","Fibroblasts2","turquoise",0.0914194006306328,-0.019666542917786,0.14577750804143,-0.0361768306119904,0.118683309769217,0.0198527921635943,0.0157760096852147,0.0497546738349011,0.0103464072751772,0.0811083259745727
"IFI27","Fibroblasts1","blue",-0.0542507801393854,0.252059249068499,-0.2099538664108,-0.105004006652853,0.0152063165905473,-0.202287165061722,0.094978030400695,0.0118934616508519,0.0998794448379286,0.0943935982451942
"IFI27L2","Fibroblasts1","blue",0.033154424426978,0.237990673471233,-0.0825811593365151,0.0114712337817614,0.0391820158045468,-0.145413151534546,0.0429837111098521,0.0093272526493268,0.0410907654778648,0.0705099123961152
"IFI35","Fibroblasts1","blue",0.0965807203327616,0.173917063840678,0.0237570223023204,-0.00535130929082756,0.126133798447256,-0.0870590859281623,0.0234673209476262,0.0147118923850334,0.02328636126621,0.125396515223214
"IFI44","Fibroblasts8","magenta",0.0564881372525386,0.0302468351670326,0.0149843678478313,-0.0477789826383514,-0.00709288552826581,0.0722084259039239,0.0195524426723931,0.0899397851828612,0.116612771791491,0.0179907364711749
"IFI44L","Fibroblasts1","blue",0.0159051127049885,0.050029370124407,-0.0533709297616574,-0.0303652093613337,-0.0123999568505569,-0.0139281997018447,0.0457200974428652,0.0943695535694823,0.108040976456416,0.0271200639856012
"IFI6","Fibroblasts1","blue",-0.00370418431334552,0.122031766543436,-0.10909652017711,-0.0833235804324129,-0.0554811189104246,0.00544580346836282,0.147495896024313,0.134031388672902,0.173122483143593,-0.0197040160972179
"IFITM1","Fibroblasts1","blue",-0.137731803062924,0.165626686309828,-0.295860522810368,-0.079449464958197,0.0290297440653763,-0.116608246826986,0.0162898651463327,-0.0559607335110354,0.0119471166811554,0.134097729918313
"IFITM3","Fibroblasts1","blue",0.00118347780651285,0.377222611933328,-0.12805333536692,-0.0445274174948413,0.253150400347034,-0.285418270374536,0.0570610053583407,-0.162884340726901,-0.130308252973775,0.281735371702009
"IFNAR1","Fibroblasts2","turquoise",0.212168402756015,-0.000633565769401424,0.232243619357177,0.0155267538170854,0.12496757814047,0.151352436086942,0.0558868327280095,0.0987920360014531,0.0568763889411706,0.107470451205832
"IFNGR1","Fibroblasts1","blue",0.0948193306028508,0.137017187708868,0.0170304885046399,-0.0654599039017038,0.263957762352924,-0.0723383786466986,0.00768025779541527,-0.00471732194014526,-0.0250410035285009,0.32376321592112
"IFT20","Fibroblasts1","blue",0.10129883777354,0.167436510808909,0.0341867433741524,-0.0334829327572733,0.0790785809576759,-0.0680062522921206,0.0269347707310415,0.0879190971606238,0.0879048760717872,0.063470773891573
"IFT27","Fibroblasts1","blue",0.0351205860626838,0.0942147109354321,-0.0251782286968031,0.00322765112229528,0.0259286878742039,-0.0636175103252761,0.013938272876951,0.00600169190551525,0.00825959067124801,0.0351689152942354
"IFT43","Fibroblasts1","blue",0.0794039776482768,0.125367443845694,0.0275415174878571,-0.00510853098218589,0.0867998362499053,-0.0569643831145792,0.0243823451398227,0.0124882085031226,0.0233942948135608,0.0739962245700203
"IGBP1","Fibroblasts9","black",0.11309271559506,0.123350128432767,0.0679180131842803,0.0248828040550375,0.081653474886141,-0.0233181404413777,0.00999382372285766,0.0282381726653557,0.0401549857804113,0.0988497213557901
"IGDCC4","Fibroblasts6","brown",0.0488297713020842,-0.119659982901283,0.086558108089211,0.00282056216770351,-0.038735291171036,0.20656455746984,0.119217331761656,0.0889038379805099,0.0251160625450406,-0.0202915904584571
"IGF1R","Fibroblasts2","turquoise",0.190023499556108,-0.0146309012042078,0.23710412829458,0.0492983444525092,0.0782796318139376,0.0437070154673336,0.03762583707041,0.0624288624590446,0.0250423558739373,0.0235996191727793
"IGF2","Fibroblasts2","turquoise",0.129632536822008,0.020888652799306,0.216796116722442,-0.0559646035189079,0.0544399802843831,-0.0517226502667502,-0.0191334183867172,0.172896501222036,0.141934113214385,0.00427492591935684
"IGF2R","Fibroblasts2","turquoise",0.207818610418121,-0.0566159695962642,0.275548163659299,-0.00965670225971461,0.110065776818699,0.129429934418561,0.0321758296497343,0.0960065940761965,0.0254000525242488,0.0494652509909075
"IGFBP2","Fibroblasts4","red",0.151449286891397,0.297495662921969,0.161496225041524,-0.12045383597076,0.346266375426547,-0.306177841410337,-0.0256281565076577,-0.12362439945681,-0.101110854460055,0.261682418485251
"IGFBP4","Fibroblasts2","turquoise",0.342545047764045,0.04751064552548,0.42600633566949,0.0183001744560267,0.272137781620071,0.173356519685927,-0.00343729481986705,0.211397050931423,0.105932622900846,0.217915997639354
"IGFBP6","Fibroblasts1","blue",0.0322981274492635,0.197107904672117,-0.126569334991698,0.190176628241066,-0.0724373276359867,-0.152739956079531,0.0413752464181358,0.0829280512568313,0.170524349824167,-0.0366786142560285
"IGFBP7","Fibroblasts3","green",-0.0243658363398988,0.190896435630713,-0.148672594622646,0.308023779084812,0.0504952949712125,-0.294405037198285,0.0718279398798888,-0.20915118709149,-0.148528276920796,0.11893827297161
"IGHG3","Fibroblasts6","brown",-0.0439952079923658,-0.181728793621561,0.076414006920834,0.00307639543397175,-0.070376332630771,0.196619172304897,0.0153802463444312,0.0390744564961223,-0.0113774090378259,-0.0736542752972679
"IGHG4","Fibroblasts2","turquoise",-0.017590221121382,-0.154095329828007,0.145846398770165,-0.0212578803664554,0.00620768972820136,0.0608917658914709,-0.00344451555020614,0.0195161064558932,-0.0375435797838662,-0.0525118951065771
"IK","Fibroblasts6","brown",0.145326599867425,0.0759214906602072,0.119310877150692,0.0543545194387346,0.0464195344460682,0.00045822708699032,0.0659852249199553,0.0340225634836195,0.0324214488300475,0.0223162630554449
"IKBIP","Fibroblasts2","turquoise",0.210693726998222,0.0666667313906689,0.222203301028405,-0.0654575369105089,0.139530734332093,0.105823941723792,0.0383279051233118,0.143720893233659,0.0901433250178089,0.103948724100084
"IL11RA","Fibroblasts3","green",-0.0167746565109378,-0.00497545534449788,-0.0676268246761794,0.341634115643238,-0.0562260319111821,-0.0110299318891911,-0.00684995585611463,-0.0953872161267735,-0.101637027918056,-0.0030664882271288
"IL16","Fibroblasts3","green",0.0333431646054509,-0.0127112354070538,0.0108662595491411,0.183484294946628,-0.0532845646480395,-0.0289715008895108,0.0171042971387792,-0.0401621988689162,-0.0269001844537426,-0.0523912099037485
"IL1R1","Fibroblasts2","turquoise",0.364172087366638,0.0461973065308017,0.458205744916194,-0.0864825137533052,0.31565182495207,0.0887807527736351,0.0698416211006695,0.103519129682926,-0.00664529046814892,0.203304876128634
"IL24","Fibroblasts4","red",0.10103509977045,0.105342948277538,0.144409422546155,-0.266872523344201,0.363332167576223,-0.0817856108020664,-0.0293042898792393,-0.0840528027861382,-0.131332873188322,0.190001277399143
"IL4I1","Fibroblasts9","black",0.0316932419935807,0.0689721295302787,0.0228954577921769,-0.107704787267384,0.171292791793884,-0.0503055129287903,-0.029435396006863,6.9861349934128e-05,-0.0332715302218203,0.185984131706697
"IL4R","Fibroblasts2","turquoise",0.106499457125105,-0.00375056565780258,0.149590247132222,-0.0249904337802416,0.132900101544484,0.00976820160453834,0.0147043500184751,0.019844895803907,-0.0209780818541679,0.075971509018215
"IL6","Fibroblasts4","red",0.0829772291579219,0.0739351405375076,0.146649287472796,-0.0963113088051822,0.4646205087662,-0.0772643174978297,-0.0441411468371924,0.0159695613223767,-0.0848994162004121,0.323019406453618
"IL6ST","Fibroblasts2","turquoise",0.311483528513418,-0.0827535609506945,0.393676609734954,0.104029060261522,0.153433148991762,0.226569505673811,0.088499724007633,0.124810543475208,0.0059953285341447,0.0972734997101052
"ILK","Fibroblasts1","blue",0.108464975902709,0.206278054023291,0.0120772937414318,0.00350668479404483,0.104486776384542,-0.141923554255168,0.0366594297602667,0.031750415285753,0.0635042520050669,0.0826620411303432
"IMPAD1","Fibroblasts2","turquoise",0.228450756928293,-0.0330456570723321,0.276724569877599,-0.0242944651288488,0.0853713222473992,0.215088986897515,0.0472932706598343,0.156734841340527,0.077767471448422,0.0457340999244703
"IMPDH2","Fibroblasts1","blue",0.114557159470375,0.152189387039579,0.043311480839998,0.0165037976333251,0.0756309621625331,-0.0236389509683407,0.0195132734643713,0.0421626746290022,0.0627926473757672,0.0817013068639736
"INAFM1","Fibroblasts1","blue",0.0563930805194541,0.125283481926989,0.00901617399111098,-0.0813320606377111,0.11650413478595,-0.0536917336017373,0.0236069051766146,0.0466211300995234,0.0351363937792556,0.109295476915801
"ING1","Fibroblasts2","turquoise",0.14890117758721,0.0704805133436089,0.186726003977901,-0.0352076090906228,0.184091049771303,-0.0170264661402996,0.0202796025316433,0.011338757410596,0.00365593313956899,0.135362011278163
"ING4","Fibroblasts3","green",0.0301172483866975,0.0212417009410205,-0.0011903474074456,0.0457585710880864,-0.0455534951175243,0.0409550200249007,0.0183575934508503,0.0128808352561526,0.0214756985436154,-0.0233302466736503
"INO80","Fibroblasts2","turquoise",0.142586576038827,0.0153405613297324,0.170124411173627,0.0266555293467368,0.076480574349091,0.020317526535052,0.0306305269902622,0.0458578445001379,0.0223684539989058,0.0383828741880777
"INO80D","Fibroblasts2","turquoise",0.131378484807072,-0.0125347019315051,0.150701939132856,0.0354783774932577,0.0561933814631648,0.0208127325412094,0.0497463173443481,0.0540681352185212,0.0163236281205387,0.0257572726496357
"INSR","Fibroblasts6","brown",-0.00127229209276574,0.00593957490889691,-0.0364352831262696,0.0417866084792754,-0.0407045893084579,-0.0045005994154916,0.211077670381771,-0.0172854732509001,0.01223170781907,-0.0148976399643741
"INTS1","Fibroblasts2","turquoise",0.115681085197464,0.0141009602187293,0.14956389573775,0.000332688667827875,0.0757635572514307,-0.00547844772714795,0.0168299975267495,0.0481398536792967,0.0158499373192142,0.0282975748411282
"INTS10","Fibroblasts9","black",0.121710479207628,0.0675672742824869,0.09974937636764,-0.00837909340067814,0.0996222049118476,-0.00873874062665168,0.0281472151662404,0.0702461811695553,0.0452816255395281,0.103548539595858
"IP6K2","Fibroblasts1","blue",0.0579078771986125,0.0524713004884045,0.0190833118181203,-0.0115802324648932,0.014778529997747,0.0156304129509676,0.0358652994710342,0.0535201191405572,0.0536798927155263,0.0233007499517356
"IPO5","Fibroblasts2","turquoise",0.17025367442777,-0.0187002300930098,0.181379149532572,0.0256467744110819,0.0533164345283713,0.133082522244989,0.0374503761520091,0.07475615486343,0.0367404357927628,0.0220609197467833
"IPO7","Fibroblasts2","turquoise",0.184103485144407,-0.0257208347453708,0.222780854257267,-0.0105155308165902,0.0757097549959094,0.154860725152964,0.0471379450303655,0.099092270361461,0.0376326944988681,0.0305055943970061
"IQCK","Fibroblasts1","blue",0.00612149642205695,0.0530743965289973,-0.0288823070081568,-0.00109908033864541,0.00137472765071176,-0.0577102559085838,0.10596224180524,0.0110591511732755,0.0374359017681034,0.00982728292624297
"IQGAP1","Fibroblasts2","turquoise",0.280789339691889,-0.0692031591849715,0.32496615953976,0.0653049116602376,0.064951479254522,0.253938491353435,0.0558887898542778,0.153733422928444,0.0919702032871752,0.02466618123066
"IRAK3","Fibroblasts2","turquoise",0.190548712167497,0.026611801603885,0.221307487764917,-0.0127335009570867,0.168399220658049,0.00722117760655791,0.0378975062089633,0.0679244389071736,0.0221030673950455,0.109068440174549
"IRF1","Fibroblasts4","red",0.187359496958191,0.0685979197520211,0.241422417721013,-0.0195583764677219,0.389868169305337,-0.0954961730781033,0.0139762777684845,-0.000286950921294921,-0.0328754917136539,0.346146222154743
"IRF2BPL","Fibroblasts6","brown",0.0494420202145245,-0.0326988057662052,0.0464762993635905,0.0336997261000229,-0.0189884219531566,0.0614669618215195,0.205714836553202,-0.00596058611030449,-0.00749357939683342,0.00461063648469462
"IRGQ","Fibroblasts2","turquoise",0.0944467518764385,0.00570680714589336,0.113668996832994,0.00304891729949334,0.0450029328226109,0.0188014560370493,0.0191245283633211,0.0534956792651131,0.0259444338488881,0.0211240512532574
"IRX3","Fibroblasts2","turquoise",0.102166059956354,-0.0586357747320862,0.153108501216636,0.0484709388353159,0.00921334638233783,0.104381805263355,0.0232909828251147,0.0364759848569391,0.00950929239006707,-0.0196694894114953
"ISCA1","Fibroblasts9","black",0.124637531699597,0.128273121118663,0.083189921151172,-0.0211117879108016,0.113220375596184,-0.0338657142685978,0.0198922674073585,0.0433481118480667,0.0663986582859722,0.118064611140112
"ISCU","Fibroblasts1","blue",0.123136715388581,0.20329982914503,0.0092910522433461,0.0227900174180183,0.059799574783321,-0.0138833759293524,0.0514202689133096,0.0792057992354256,0.10656402986045,0.0811283753173744
"ISG15","Fibroblasts1","blue",0.0217854820269772,0.18039552710555,-0.0596627953295281,-0.0920361116650487,0.0609748302279786,-0.115395586288599,0.0460766769790395,0.0537067941214733,0.0969916682056931,0.0649910449371768
"ISOC2","Fibroblasts1","blue",0.0875338452568335,0.164815599929371,0.0148999200987177,-0.0296587538414658,0.088388043166768,-0.0483068988441779,0.0362813240982106,0.0676094794743917,0.0794085429194201,0.0934019644423472
"IST1","Fibroblasts6","brown",0.0920547259693181,0.0115012214963591,0.0809926391917975,0.0151579595912858,0.0236316741798091,0.0345187692032125,0.048856131812096,0.0380255780149776,0.0328011599697302,0.0163163333702098
"ITFG1","Fibroblasts1","blue",0.054225369612216,0.0679745192713781,-0.00470753306579053,0.0124752264571126,0.0294740625403545,0.000569951194689668,0.023339799558048,0.0461090189898162,0.0642844628155051,0.052817428039296
"ITGA11","Fibroblasts2","turquoise",0.152187270875825,-0.0703506866904769,0.214342064853376,-0.0286532787841868,-0.0378630118521887,0.194638599215449,0.0209310097689345,0.201187607260239,0.16382185042963,-0.0846964220090142
"ITGA5","Fibroblasts2","turquoise",0.147947026503669,0.00937526514010407,0.205320046662856,-0.0640879060094301,0.150051461432974,0.0462355448264892,0.0182110614833208,0.0492221489867271,0.00140851524785047,0.065613043605336
"ITGA8","Fibroblasts2","turquoise",0.195170756548638,-0.000391508240580642,0.263390343379567,-0.102134190114658,0.178100222757666,0.100675951700519,0.0174684862991715,0.0193678198100034,-0.0440061335383764,0.150023935340687
"ITGAE","Fibroblasts1","blue",0.0910787704233331,0.160684117109668,0.0332636970332444,-0.0277033121874427,0.0719847845895752,-0.0723011238785414,0.0216875469416632,0.0213603880969815,0.0203823987774248,0.0551202301520012
"ITGAV","Fibroblasts2","turquoise",0.248424475061412,-0.0263194465928076,0.273290708956453,-0.00563555334402141,0.0896717498608155,0.166847550053491,0.0684496269878919,0.178900204591263,0.0947961857174164,0.041228111926288
"ITGB1BP1","Fibroblasts1","blue",0.0927132540860314,0.180147709325952,-0.0181235472771787,0.0699766247242276,0.0166526190934996,-0.0455314436589732,0.0294131770459829,0.00561043684171955,0.0443324891496042,0.037604408273753
"ITGB3BP","Fibroblasts1","blue",0.0317016258383076,0.0752747234772041,-0.0176605489481568,0.0127623127012878,0.0303059306987931,-0.0274251646505476,0.00253740307851485,0.00194357170382794,-0.00298019617384239,0.038624115808558
"ITGB5","Fibroblasts2","turquoise",0.298914530043025,-0.0491375306620136,0.403809763963513,-0.0243572783616165,0.0780359347559735,0.198197025750438,0.00544774631501036,0.239095213232541,0.165191225029939,0.0269953501856008
"ITGB8","Fibroblasts2","turquoise",0.100091179371671,-0.0134505573760912,0.137494275544017,0.000157544984482106,0.0757832938350117,0.0449237576844563,0.0253330682753502,0.0497022336654961,0.0103641117792942,0.0429150296676103
"ITGBL1","Fibroblasts3","green",0.198235113458232,0.0998700777316913,0.126337624775245,0.220452006303705,-0.0374510539456936,-0.0674771431926742,0.0697956324293747,0.244034666800447,0.253096056190368,-0.0267110709310022
"ITM2A","Fibroblasts3","green",-0.0484382208662596,-0.0704291622739527,-0.0787536436576348,0.334942468996128,-0.13184111465631,-0.00438037452554222,0.0283192400287943,-0.113261507880953,-0.0980786956589849,-0.107688773520808
"ITM2B","Fibroblasts1","blue",0.0806816704384802,0.0883369708222767,-0.00197324586151113,0.238283036092202,0.0293060856580951,-0.0550618974704155,0.00265354734942451,0.0345250283354849,0.093851262215961,0.0943965993331839
"ITPKC","Fibroblasts2","turquoise",0.0887645301250704,0.0108343117522748,0.122210134570195,0.000400351153911922,0.115541437431365,-0.00452964872525753,0.0157254714487504,0.0107729179806427,-0.0137727307459775,0.0996148957883703
"ITPR2","Fibroblasts2","turquoise",0.145958571858836,-0.00261313686084578,0.172627345004367,-0.0077681263117239,0.0636043630943259,0.0570756042109747,0.041065015121082,0.0598103891107255,0.0381687001751862,0.0354618420165919
"ITPRIPL2","Fibroblasts2","turquoise",0.251988823422012,0.00934312378475395,0.309365878389401,-0.0313777364746792,0.129510646623367,0.0583791629220976,0.0919846833275257,0.111965416491933,0.0500042527506119,0.0413255947612992
"ITSN1","Fibroblasts5","yellow",0.13786062506619,-0.0330566312073194,0.15657022664255,0.00996128703108894,0.0127372064595826,0.14946751269848,0.0228917958249533,0.0667309126654139,0.0364280885271591,0.0144272300651001
"IWS1","Fibroblasts2","turquoise",0.14530191282039,-0.0339116348460631,0.173447967111096,0.0345950722435323,0.0382141140092587,0.136180286734074,0.0347190751275295,0.0581740332223932,0.0232607885526843,0.0191327839359218
"JAG1","Fibroblasts6","brown",0.114992504424804,-0.0186261945278988,0.114242561719004,0.0771779092217164,0.0219712429294247,0.0448839247839021,0.0745085087030696,0.0249393152489743,0.0126292741742351,0.0165881459988272
"JAK1","Fibroblasts2","turquoise",0.28732392442441,0.0648677156772137,0.304797891217522,0.0314821113155967,0.181777775326637,0.0924661570459591,0.0659599228251601,0.107903825323066,0.0509599060274775,0.125710466331088
"JAM3","Fibroblasts2","turquoise",0.170503229380927,-0.0435355101455857,0.202908205051094,0.0744808322791405,0.0276274283095795,0.143137350677112,0.0284859367904892,0.0769609730096591,0.0400446616590663,0.00723464182668456
"JDP2","Fibroblasts2","turquoise",0.278752269510245,0.012963902813527,0.398335687351278,-0.0205625139421973,0.222759664561955,0.0697173626419485,0.041921345817269,0.121410253631808,0.0464755425472196,0.119547923205791
"JKAMP","Fibroblasts1","blue",0.0320295134262376,0.111369008789983,-0.0462349371972104,0.0108595510097906,0.0428520035936934,-0.0606406170821981,0.0284475042201641,-0.00200237875293059,0.0133134121414061,0.0609550196847499
"JOSD1","Fibroblasts2","turquoise",0.130543685871667,-0.00463550548905285,0.156164126345241,0.00721306522344606,0.0665910933011835,0.0618483162047788,0.0339768586202319,0.0695219689053649,0.0456506327849487,0.0268169158203393
"JOSD2","Fibroblasts1","blue",0.0666638487352549,0.181166414163101,-0.00953633821080888,-0.000891459908314992,0.0601756092413809,-0.105007319405993,0.0196231755695089,0.00277629485634737,0.0324730248538057,0.0538076179624555
"JPX","Fibroblasts1","blue",0.027061518450449,0.0910438210552727,-0.0247140955232483,0.0103302047637067,0.00975003069391453,-0.0844037358528674,0.0288991189872803,-0.00873953169065666,0.0147373154066661,0.0120223626143241
"JTB","Fibroblasts1","blue",0.129606721963654,0.185352261617991,0.0369441361248452,-0.0540703632383958,0.0356296424571636,0.0799893021125755,0.0527563593456751,0.180799116835864,0.190975355486404,0.0517045462793408
"JUNB","Fibroblasts9","black",0.0701350045362194,0.239047133524498,0.0124469894431538,0.0513320614585093,0.4030995022922,-0.22882589225956,-0.00579521285493475,-0.119562444903262,-0.0589143857553357,0.580262111432498
"JUND","Fibroblasts2","turquoise",0.396420056707542,-0.127218698114196,0.686187667793883,-0.0556059849993928,0.378919075172556,0.178687172271674,-0.031975314657415,0.145865740503368,-0.000950451713999579,0.224826905648358
"KANK1","Fibroblasts3","green",0.0334181854437305,-0.0128750912825306,0.0312474336170296,0.0975529025998191,-0.0392889375971356,0.0194626984963159,0.0101443790969075,0.00171927980644364,-0.000149874179424622,-0.0394683374531102
"KANK2","Fibroblasts5","yellow",0.184331391387314,-0.0663126144813916,0.210184000309129,0.0903985716281182,-0.0326746562906517,0.256192223785824,0.046411903008743,0.13283704884887,0.0787025230610661,-0.0257824945178256
"KANSL1","Fibroblasts2","turquoise",0.116230463135726,-0.00421051420406932,0.139422170062303,0.0128937429897204,0.0533412687599472,0.0291916202755519,0.0381719707701739,0.0593941793239369,0.0426611772044003,0.026094606471397
"KANSL1L","Fibroblasts2","turquoise",0.11943149825166,-0.0214291974611772,0.145731705784735,0.0324670199769297,0.0430333956150085,0.0428340951540646,0.0318172924792489,0.0388661715190838,0.0247594109999613,0.0140946781008699
"KAT6A","Fibroblasts2","turquoise",0.20278765493537,-0.038798130831269,0.252018403063188,0.0251824315037031,0.0809141178905419,0.125765907879672,0.0435259366538739,0.0913932889788923,0.0407203056971904,0.0455902192237402
"KAT6B","Fibroblasts2","turquoise",0.207363065252787,-0.0173383674553367,0.250575376295378,0.0469637238829986,0.0436004344932249,0.0722323932009071,0.049048075562975,0.101862864239548,0.0687190573140368,0.0270268957992636
"KAZN","Fibroblasts2","turquoise",0.170310626100818,0.049325981061414,0.214883188443922,0.0182359742349897,0.128142152207521,-0.016762627180658,0.0463662608377279,0.0242124920084342,-0.00417378936077407,0.0716561972130536
"KBTBD2","Fibroblasts2","turquoise",0.150486474807867,-0.0177016197516918,0.181269040438682,-0.0131782675385995,0.0929130692048235,0.0992817521010418,0.0247121316254584,0.057170189790622,0.014668543009249,0.0670133508326713
"KBTBD7","Fibroblasts3","green",0.0337259533725107,0.0216973115960309,0.000449118728864696,0.0607264245192302,-0.0270357954611335,0.00756200528083994,0.000893546929532501,0.00536070785309872,0.015830502117059,-0.013694108426777
"KCMF1","Fibroblasts2","turquoise",0.172665963735068,0.00992125703348166,0.214952199277745,-0.00665204114107602,0.100344225372996,0.0930635295309928,0.0336735956797661,0.0762789605266488,0.0359577962162861,0.0599342339287925
"KCNIP3","Fibroblasts2","turquoise",0.112427646672475,0.00734150526279058,0.154658095594341,0.00190735328505921,0.100655763282,0.0142510816534376,0.00679535542823779,0.0247892343053941,-0.0239245415539957,0.0654547552602791
"KCNMB1","Fibroblasts6","brown",-0.00146265706127546,0.0179021618294294,-0.0232883920699761,0.0400376274758755,0.0029601039217538,-0.0242822254230047,0.0377308206714823,-0.015940231544284,-0.0142293044023882,0.0024907095342767
"KCNQ1OT1","Fibroblasts2","turquoise",0.192291527459419,-0.00454670117127822,0.252330681212482,0.03017598447132,0.125136227898011,-0.0468529147101015,0.0469568271772491,0.120615856367041,0.0737322417814052,0.0629673078714338
"KCTD15","Fibroblasts5","yellow",0.0671480397119574,-0.0776605846241682,0.0917797050737827,-0.0012891851022353,-0.0531023317791688,0.198208226817789,0.0146110620608327,0.103215393488664,0.073957680315374,-0.0407866482697932
"KCTD20","Fibroblasts5","yellow",0.199413423835197,-0.0152005419415022,0.208487909047331,0.0136096728585405,0.0620193658482577,0.193993578463162,0.0599532425138506,0.13454184015457,0.0813639215592055,0.045377112027124
"KDELC2","Fibroblasts5","yellow",0.207932162026713,-0.0498394330364281,0.220977567052987,0.0726829607664819,0.0164545998878773,0.244312425908302,0.0739180421373726,0.146106059748661,0.0944384066677562,0.0135833591186956
"KDELR1","Fibroblasts2","turquoise",0.305240476782959,0.0248260873839417,0.342409301972207,0.00245174170288111,0.116254923735412,0.23622902139286,0.0411792091324005,0.189339398226695,0.126917042247859,0.071632286518393
"KDELR2","Fibroblasts8","magenta",0.197137580750942,0.149893104758246,0.113133719942125,-0.0810766210283488,0.0945008801663336,0.118089744512362,0.0584688198425735,0.227973576005014,0.282630795918311,0.10293606288563
"KDM2A","Fibroblasts2","turquoise",0.186712999931725,-0.06346998060394,0.256797185715536,0.00185181569587399,0.075588714177308,0.113820887758349,0.0397187871722139,0.0947918312601418,0.0347061932559535,0.0247062823777048
"KDM5A","Fibroblasts2","turquoise",0.205379605938976,-0.0403762776369223,0.261660072777782,0.0213788323542586,0.0727553690643281,0.119812117818619,0.0392412351877449,0.0989015503896974,0.0482368941178235,0.0356387845911363
"KDM5B","Fibroblasts2","turquoise",0.190638154930534,-0.0393233985069128,0.232472229511242,0.0170495092952402,0.051453410906692,0.162786919651696,0.0423818720069453,0.121496010880717,0.0666129555750184,0.020956099175379
"KDM6B","Fibroblasts2","turquoise",0.197533075221356,0.000263625895890692,0.307704678479856,-0.0583457598391095,0.322947308588911,-0.000776260033127443,0.0431132297964706,0.071842295116877,-0.00141316998371471,0.203605622713639
"KDM7A","Fibroblasts2","turquoise",0.115065171325177,-0.00818324353154863,0.145058450234659,-0.0188185005969931,0.0902256694955175,0.0440542639305818,0.0113636496668794,0.0396418086812315,0.0144842417437813,0.0389438412256548
"KHSRP","Fibroblasts2","turquoise",0.15593849218008,-0.0682295869201515,0.217341665957962,0.0248804176853031,0.0520306382015985,0.166213902953517,0.0342724547174461,0.0811561255580165,0.0266802503495386,0.0184762198473245
"KIAA0100","Fibroblasts2","turquoise",0.157409242705323,-0.0247396366983322,0.200695367379917,0.00604078700490066,0.0597912101684206,0.0848272684979614,0.0385701840517931,0.0696140154924853,0.0278187425833157,0.018545688242837
"KIAA0232","Fibroblasts2","turquoise",0.164554378692635,0.00181263919280903,0.18445936541939,0.0212096361268192,0.0643051975802667,0.0628244440234282,0.0438277949536756,0.0636788503723533,0.0265842405926029,0.0282755423845563
"KIAA0355","Fibroblasts6","brown",0.0566429740570993,-0.00966853790218923,0.0492907884549253,0.0212080766088402,-0.019984102895611,0.0570095036939517,0.0700465427998251,0.054486905912764,0.0490035809612039,-0.0187691368225472
"KIAA0368","Fibroblasts2","turquoise",0.159133792996355,-0.0629422456821895,0.201721040395862,0.0104676566968692,0.0348972103722442,0.164974412316401,0.0274877529165115,0.0704713158126347,0.0169832597937091,0.00658940774844596
"KIAA1109","Fibroblasts2","turquoise",0.147880354038572,-0.0520841561273241,0.168182611874838,0.0749633415397389,-0.00578041865947738,0.0984593389926491,0.0409945645650611,0.0725003276737204,0.0472544447915015,-0.0195593469472636
"KIAA1217","Fibroblasts7","pink",0.173102512401583,-0.0457026155355831,0.219033274717092,-0.0950232546875853,0.0474963176879615,0.149283294239602,0.135063355247485,0.29705715731416,0.173932119495644,0.0197865102171234
"KIAA1551","Fibroblasts2","turquoise",0.133892445742399,-0.024578199265701,0.151679462290503,0.0476192880224904,0.0239799834458127,0.0655073975942403,0.0339242142751834,0.0521890343513834,0.0230770184995919,0.00643403368443748
"KIAA1644","Fibroblasts2","turquoise",0.117541674588003,-0.0119261746014807,0.139345470168814,0.0375359467932687,0.0296383389411216,0.0652100499658897,0.0359930300742575,0.0592746493822134,0.0377939541743264,0.00261011532791667
"KIAA2013","Fibroblasts2","turquoise",0.133574817563091,0.00552285200413259,0.173439674271619,0.0113643692658439,0.0767796792270618,0.0246454965239262,0.0183380780310492,0.0552561592816389,0.0213199347987105,0.0352882018703376
"KIDINS220","Fibroblasts2","turquoise",0.192430819023458,-0.104026466756016,0.2393647285784,0.0767315294766563,-0.0198563815105636,0.224705190661492,0.0433924155236893,0.12734029440503,0.0743759169313142,-0.0383879178036231
"KIF13A","Fibroblasts2","turquoise",0.162034464227422,0.0265182993003086,0.183666460076733,0.0138775420052119,0.085858621976228,0.0382082407768885,0.0330464938294841,0.0643044301090944,0.0443546598673711,0.0507396926832854
"KIF1B","Fibroblasts2","turquoise",0.15512358725946,-0.0327510851127451,0.200931851954576,0.018282451272616,0.0633377174107686,0.0751106336979613,0.0317352564538282,0.0604615888524797,0.0189088103261737,0.0125124209927406
"KIF22","Fibroblasts1","blue",0.00751872925946554,0.0942746602506067,-0.0462500722919119,0.00601141168643275,0.0105646338660032,-0.0676824660363756,0.00941764780240193,-0.0266726745474209,-0.00590193588022536,0.0219765557887503
"KIF26B","Fibroblasts2","turquoise",0.160362294707364,-0.0902824336982448,0.237144335260409,-0.0424715710737225,0.0537903183477137,0.190714081487982,0.0463707137080806,0.166590607079498,0.0797902329573989,0.0200186388775443
"KIF2A","Fibroblasts2","turquoise",0.151684541732281,0.00962541214910275,0.157568511476319,0.0433547190195062,0.0374752629493386,0.0731573886300856,0.0472193943754319,0.0568726522184898,0.0345864796063378,0.0218412250506796
"KIF3B","Fibroblasts2","turquoise",0.166090066849846,-0.0297505877051034,0.209956589778165,-0.016957853995143,0.0731989527128377,0.14406434634267,0.0297516308867306,0.0866252693531047,0.0455890368021524,0.0399791333593562
"KIF5B","Fibroblasts2","turquoise",0.26297007312867,0.0246410749154969,0.27032886407633,-0.00749534107966627,0.127452153267478,0.181636238296078,0.0518257922386516,0.151236283454851,0.0976310351101449,0.0828437756461317
"KIRREL1","Fibroblasts5","yellow",0.104106188110799,-0.274184466315854,0.179696532340498,-0.0108651763622549,-0.130805740018174,0.605415595076472,0.0170540479707029,0.154521502208234,0.0766482103478211,-0.0796762850001841
"KLF13","Fibroblasts2","turquoise",0.251275420704742,0.038014507485998,0.310948888322949,0.0231540834596847,0.186155338172703,-0.00672480695658132,0.0316566947261116,0.053517115328145,0.0224439596590652,0.0968425895599499
"KLF2","Fibroblasts2","turquoise",0.174487170481809,-0.0321941343946006,0.266897198544751,0.0996084003346852,0.217740366951675,0.0642945992817038,-0.00820729043819442,0.136709826744411,0.0775332653747547,0.182738733853753
"KLF4","Fibroblasts4","red",0.147835743375536,0.0409691275125854,0.169060578726906,0.163921881359137,0.260844823066508,-0.0161544907282949,0.00230647470308655,0.0567218259299754,0.0486960324135077,0.221954775364311
"KLF6","Fibroblasts4","red",0.206284939824433,0.0329029026188469,0.253428770907062,-0.0978206357730189,0.348888030172045,0.0598300144338987,-0.000605750663904467,0.0467331559868905,0.00321304958748853,0.265643246030438
"KLF9","Fibroblasts2","turquoise",0.330955773775439,0.0153651027105968,0.431514696668859,-0.000268325733859016,0.31165766904848,0.0462957594760591,0.0340069177463212,0.0484260775932344,-0.0113454909169361,0.25041135230807
"KLHDC2","Fibroblasts1","blue",0.0531462503676146,0.138245960842273,-0.0383332200499697,0.0177263300163371,0.0309361212776969,-0.0838616944843855,0.0108182362380989,0.0263678833979424,0.0524312944542933,0.0524470996702972
"KLHL18","Fibroblasts2","turquoise",0.113870425640459,0.0211041413283121,0.129581249654538,-0.00846532182241409,0.0702814027205901,0.0310099815470138,0.0181104937619698,0.0575586944593566,0.0380679736677485,0.0398580298293393
"KLHL21","Fibroblasts2","turquoise",0.115696202976669,-0.0200199593120028,0.156837417708509,-0.0175649219500012,0.0880720546748922,0.0765458189641985,0.022591799666154,0.0538450578434467,0.0174233532628101,0.0465182952317059
"KMT2A","Fibroblasts2","turquoise",0.244998823601999,-0.0589846274684429,0.309599646899355,0.0820453023017365,0.0572028771326803,0.151615884137162,0.0511410725661705,0.110904540183288,0.0552136168733695,0.0243181316853563
"KMT2B","Fibroblasts2","turquoise",0.127147776303811,-0.0217193513543993,0.18371078743902,0.00178865587946523,0.0779137388977944,0.00234611762146856,0.0162155634606664,0.0467481910057534,0.00727961726898051,0.0246162315578718
"KMT2C","Fibroblasts2","turquoise",0.168915385516962,-0.0641083636847902,0.212489206905087,0.0551159770212033,0.0267518380424166,0.117689875709062,0.0506550475911007,0.0925196293669223,0.0477579794733768,-0.00306669386910484
"KMT2E-AS1","Fibroblasts1","blue",-0.018836776406883,0.027341161051302,-0.0404831787060757,-0.0167914115364303,0.00510427471432403,-0.0545686357776511,0.0357173495067434,-0.0297114632114413,-0.0203147900757782,0.0126023355901461
"KNOP1","Fibroblasts6","brown",0.0336414157923958,0.0871207434732094,-0.017736584843223,0.00795346411797394,-0.0318917369377756,-0.0695898359706547,0.0707462778203465,0.0255772057779111,0.0547041583810647,-0.0201960012726304
"KPNA2","Fibroblasts4","red",0.131727421639401,0.0820107545416426,0.151443277417305,-0.0658960098307732,0.256577369220737,-0.0416253151633252,0.0121063616249145,0.0214521568579513,-0.0193239245354393,0.163254990000103
"KPNA4","Fibroblasts2","turquoise",0.207781192859721,-0.0101446833602679,0.252237355032199,0.00694201877062628,0.109338684188177,0.0856349698237971,0.056361425901753,0.0874159587044998,0.0412681028657994,0.041711543042024
"KPNA6","Fibroblasts2","turquoise",0.168392463568309,0.0231566779948978,0.189910959139287,-0.00207699954125396,0.104279940846771,0.0488193736792655,0.0502848270487722,0.0702298809186563,0.0278044103071267,0.068598604106876
"KPNB1","Fibroblasts2","turquoise",0.253337300893649,-0.031711289303475,0.300767860188885,0.030951641028404,0.0840912960456149,0.203911507801523,0.0534924128141312,0.134067671052218,0.0567303249919562,0.0405350281022034
"KREMEN1","Fibroblasts2","turquoise",0.248741195910196,-0.0689028814316402,0.334090734494308,-0.000520642438992883,0.0948502579449862,0.211594641783785,0.0411159006399319,0.0958080764017401,0.037600790684742,0.0462624560330364
"KRR1","Fibroblasts2","turquoise",0.170580761054012,0.0568795296319329,0.185313200964317,0.0413870847553488,0.117994243045389,-0.0263293381608389,0.0272995566145035,0.0305632505239192,0.0123888204014268,0.0692135694735984
"KRT10","Fibroblasts1","blue",0.118341986494164,0.249354721442433,0.031834748890455,-0.022936232468296,0.106575192964451,-0.0909935923449162,0.0249024342691389,0.0807940495160334,0.107714729864452,0.0941371762603873
"KRT13","Fibroblasts6","brown",-0.0981122896987782,0.027107045000791,-0.132384605588053,0.00488800880011576,-0.0662085855473594,-0.0943763180831692,0.0731957964765331,-0.0612917342635566,-0.0303236591573532,-0.0410004240852697
"KRT14","Fibroblasts1","blue",-0.193009352679184,0.0913921853557576,-0.272831456351058,-0.00851652598343373,-0.105348524452394,-0.169823312784349,0.0380759323446742,-0.119590105768781,-0.0519808523423423,-0.0521553832514047
"KRT15","Fibroblasts1","blue",-0.0863871614150939,0.0256068794996935,-0.117993600753667,-0.0188217014534282,-0.0421417930800932,-0.0596661731352359,0.0642519866644099,-0.0439743401342036,-0.0281235786352758,-0.0256759562734224
"KRT16","Fibroblasts1","blue",-0.105359781516354,0.0555802176363519,-0.14989067398343,0.00413377614166245,-0.04158550750444,-0.0925317999901933,0.0272365597895772,-0.0789499195762987,-0.0483048066665543,-0.0163915786699757
"KRT5","Fibroblasts6","brown",-0.0673499889042724,0.0288896322597144,-0.0926035716642722,0.010944881729908,-0.0492451712994999,-0.0712654706682076,0.0619992083447431,-0.0421880681416739,-0.0121136739185607,-0.0367510979220794
"KRT6A","Fibroblasts1","blue",-0.0616630493713108,0.023079818600022,-0.0809964399157428,-0.00132414520451895,-0.037038575144183,-0.0563072902575726,0.0209272725039874,-0.0428957956976196,-0.0177126996441769,-0.0212177222490889
"KRTCAP2","Fibroblasts1","blue",-0.0783990132115027,0.211997555653132,-0.246059124485685,0.0162460435426522,-0.0348059282169889,-0.194409515449241,0.0597706792963991,-0.0466440066741899,0.0437903425796526,0.0163779149087041
"KSR1","Fibroblasts2","turquoise",0.0989892377907171,-0.0173290384174913,0.147634301080496,0.0646771701017311,0.103667126206499,-0.0239205873109061,0.0206216724204279,0.0183688061269924,-0.0253356596235199,0.0539194490578598
"KTN1","Fibroblasts2","turquoise",0.213028096754485,0.0169338549684327,0.239303332810162,0.0128056384732639,0.12694885145489,0.0606110779572076,0.0713730456926138,0.0704606298055757,0.0137496079708941,0.0786659582010672
"KXD1","Fibroblasts1","blue",0.0932261825500853,0.14622267070659,0.0211625514309563,-0.0127332938961937,0.0691044311458234,-0.0450315293010675,0.0358012114955861,0.0589959750377526,0.0682980843271663,0.0619695068940366
"KYNU","Fibroblasts4","red",0.178119007868318,0.150995828366231,0.159955655879684,-0.122601643935634,0.329705825150936,-0.0493888929700528,0.0273117527676449,0.0152594167595849,-0.0361847349813706,0.236565134038793
"LAGE3","Fibroblasts1","blue",0.0416828325928346,0.168576761248934,-0.0383547551296033,-0.00895050113874004,0.0517495550317996,-0.0955058806631447,0.0352267514498571,0.0059867941585896,0.0358462420168714,0.0590402195465098
"LAMA2","Fibroblasts2","turquoise",0.211136784307865,-0.00928582662474103,0.264387733385263,0.00216899863483896,0.122213282978861,0.0583997485200773,0.021772955787898,0.0574068603960873,0.00892630769326233,0.073884667148523
"LAMA4","Fibroblasts2","turquoise",0.259384399355034,-0.0595438718926449,0.322579460183461,0.0254615095965482,0.132763771277195,0.192464331553684,0.0437380804506046,0.0962444937100935,0.0100089466121036,0.130373789529229
"LAMB1","Fibroblasts2","turquoise",0.296935117767158,-0.14384474419119,0.437002117428808,-0.0842259585563384,0.142067358381652,0.312364065428827,0.0209194645661388,0.1651700816196,0.0534103247562432,0.084914921538765
"LAMB3","Fibroblasts9","black",0.0891210442246741,0.0612537050547943,0.0925066975806499,-0.100709511466491,0.168647112424798,-0.0186202379660988,0.0124046990411973,0.00190018208908632,-0.0362648012853696,0.1539110722412
"LAMC1","Fibroblasts2","turquoise",0.251249635425977,-0.0456022291794127,0.281083725564736,-0.000973318966497347,0.122119032828229,0.196522586170311,0.0625084285426674,0.124751111135968,0.028377438576057,0.0893287074185139
"LAMP5","Fibroblasts1","blue",0.0447600432506685,0.14249241114468,-0.0490207778662979,-0.0938707780017819,-0.0222912228641776,-0.0517098786701951,0.0656409082301262,0.0399413305867572,0.140612114567271,0.0320997867932645
"LAMTOR1","Fibroblasts1","blue",0.151347633711524,0.251743382207283,0.0563001950304432,-0.0275438291809856,0.146694293634225,-0.111161470251676,0.0384774758392377,0.0440194733659765,0.0721981970562477,0.125793953054997
"LAMTOR2","Fibroblasts1","blue",0.0646314084052542,0.18951204722315,-0.028798877481282,-0.0383799011992713,0.0581126839768838,-0.0735869817856108,0.0260860482877253,0.00900775042008348,0.0361540364231477,0.0588560399738757
"LAMTOR3","Fibroblasts1","blue",0.0640832589440152,0.0588042802101269,0.0167178421209387,0.0118973830878183,-0.00284944808255836,0.046650696635776,0.0259513991330613,0.0373079997187221,0.0398777945593659,0.0128949188795311
"LAMTOR4","Fibroblasts1","blue",0.0793557957699485,0.293356061089925,-0.033627710753484,-0.000441064381459929,0.102955042505331,-0.180917557639542,0.0396940850249546,-0.00738577239312784,0.0566745246103091,0.106845921603845
"LAMTOR5","Fibroblasts1","blue",0.0833237570674598,0.261695779993808,-0.0146942667549944,0.0196886640606705,0.101558568910812,-0.15088280475899,0.0216288930601708,0.00420494762920461,0.0336646393950378,0.0900906552582746
"LAP3","Fibroblasts4","red",0.185944358881801,0.100193816759849,0.189482052623404,-0.0496428828423519,0.27318991946511,-0.031479677228884,0.0380194057148642,0.0224576670071343,-0.0207353604235477,0.211050364673854
"LAPTM4A","Fibroblasts1","blue",-0.14031678507604,0.192051560900088,-0.354332677981854,0.212877422686841,-0.0954277712463368,-0.156414135939058,0.0252287278965849,-0.0713470967101836,0.058976063635265,0.0662441644429452
"LARP1","Fibroblasts2","turquoise",0.214026695231677,-0.0312758807425951,0.259964959573245,0.0133881315428621,0.0788796187428223,0.137786481822026,0.0411129840042223,0.10301980464122,0.0481820904575665,0.0319064927371041
"LARP4","Fibroblasts2","turquoise",0.136954903781514,-0.0234261845136774,0.158914502430372,0.00785591525546652,0.0470197807388209,0.060582389565569,0.0449829147004613,0.0582629650044614,0.00960084680953902,0.015409453997649
"LARP4B","Fibroblasts2","turquoise",0.143602660058816,0.00594470830860854,0.161989893991579,-0.00239538971691732,0.065073447905825,0.0531631599868175,0.0220741238748141,0.0551000835494708,0.0247618974899708,0.0298063489062871
"LATS2","Fibroblasts2","turquoise",0.20411486327393,-0.0166600163405865,0.247852784740788,-0.0156139904272945,0.100822008998878,0.104088398873767,0.0398971815027642,0.107023661253625,0.0515657456411933,0.0536420389822793
"LBP","Fibroblasts4","red",0.135936934621392,0.0528216700825775,0.215442195834596,-0.117684035714658,0.400741123282357,-0.0190886500066681,-0.0353699456616029,-0.0218834698899456,-0.111311382616783,0.293606519800535
"LDB1","Fibroblasts2","turquoise",0.124857283629176,-0.0519464387568276,0.166152004288723,0.0197274603772696,0.0297528914612827,0.107592589031184,0.0191436659141679,0.0739197141429613,0.0239633492826742,0.0108514964605747
"LDB2","Fibroblasts3","green",0.0768758582171483,0.0423946921776733,0.0337841105652523,0.149568629181041,0.00136379826198617,-0.0102914550215465,0.0289460521595479,-0.0548655963144947,-0.0278332954517552,0.0266009939745175
"LDHA","Fibroblasts9","black",0.214373581945183,0.265084485728084,0.104315231788097,0.0531436835211248,0.256221453971748,-0.0744132173974317,0.0323405524140962,-0.00507364729605498,-0.0122639105243871,0.2825105306953
"LDLR","Fibroblasts2","turquoise",0.18466951088086,0.0470929477385634,0.247835093708606,-0.0870853288919874,0.2632526681051,-0.0309609245805868,0.0289075087549265,0.020984630597938,-0.00901316584666726,0.217819927827561
"LGALS1","Fibroblasts1","blue",-0.0785742890199986,0.590958693157079,-0.300756527405895,-0.120076684842329,0.0867597240211438,-0.495523531238187,0.0341349079114907,-0.0400689907546892,0.108448241370702,0.0800944792240981
"LGALS3","Fibroblasts4","red",0.242413090635895,0.300108396625506,0.179083953242133,0.0925742821990831,0.351570009659587,-0.175037812854464,-0.00674372098921933,-0.0793428963855235,-0.0411168297251526,0.295357315118109
"LGALS3BP","Fibroblasts3","green",0.117044467725129,0.0240860539395023,0.0668829525027911,0.128037786503569,0.0316708556006128,0.130661460085247,0.017826086637371,0.0578935228707759,0.0472234287696526,0.105346190825502
"LHFPL2","Fibroblasts2","turquoise",0.177712928675831,-0.0451912104145634,0.241015707200899,-0.055599187374099,0.0907699502328289,0.153227850331407,0.0267108617589088,0.159047064196416,0.0852664676954813,0.0389031754898955
"LHFPL6","Fibroblasts5","yellow",0.103530913251375,-0.28811794966599,0.184532891425277,0.0541721878871357,-0.143260732053752,0.656333123420664,0.010155188233326,0.110478605342945,0.0412916867627911,-0.0867296026772005
"LHX8","Fibroblasts3","green",0.0567956459326608,0.00154606033073903,0.0181327971140558,0.147089288112771,-0.0772446737811865,0.0637704877981661,0.0150137505855576,0.0606364673401189,0.0768513272154423,-0.0565902289089646
"LIF","Fibroblasts2","turquoise",0.0563190399979606,-0.0173677696712523,0.141824177774851,-0.0669935777654631,0.189623030892895,-0.0265904760560222,-0.00371259418631381,-0.0139271326919156,-0.0540219990194361,0.0865410223242526
"LIMCH1","Fibroblasts3","green",0.056078241254263,-0.00979758534528543,0.0147167321752874,0.185078865659407,-0.072164725014972,0.0522330554636189,0.0393677661083336,0.0765388077434957,0.0697086135053722,-0.0546548118374543
"LIMS1","Fibroblasts2","turquoise",0.288936480459584,0.0428605604646066,0.326552916213483,0.0173651004780954,0.167400454415022,0.0763497565815883,0.0545409423466749,0.1383122060427,0.0768726570804362,0.0994401796120547
"LINC00116","Fibroblasts1","blue",0.0220886912547895,0.13914880786987,-0.0499053397246542,0.0369121976658013,0.000154675324396287,-0.0999686099912306,0.0168563074683667,-0.0179101699392335,0.0148820283627061,-0.00257190933604475
"LIPA","Fibroblasts8","magenta",0.0532541468508401,0.0323163444548487,-0.0133567731586758,0.0621693961970275,-0.00954647833837419,0.0546769429052396,0.028568171615249,0.0307326203350737,0.0741769901808322,0.023997435295866
"LITAF","Fibroblasts9","black",0.168815993226386,0.111947999908955,0.142687722412081,-0.0177811038408558,0.237646981522095,0.00940967972055663,0.0322988320782441,0.0232885822214796,-0.000725062431324063,0.251905544629292
"LMAN1","Fibroblasts2","turquoise",0.318546335049273,-0.0128674238053981,0.377141484050176,-0.0323170206358322,0.151913062995843,0.213965505815423,0.0538698042425159,0.2110257428542,0.121292391769908,0.0790811140830591
"LMAN2","Fibroblasts1","blue",0.0830150681799479,0.158378975485323,0.00668875008059929,0.00859428895192123,0.117794479437026,-0.0803120306570475,0.0185104788972741,0.0415020326147166,0.0532222193245124,0.122076816190987
"LMNA","Fibroblasts4","red",0.218033718915092,0.240039982818171,0.22299731001581,-0.041996262088671,0.490116249630089,-0.278265429191965,-0.0220313843685279,-0.0122919705140774,0.000139414408313594,0.336015398599611
"LMO4","Fibroblasts2","turquoise",0.271299321516186,0.127502354450032,0.283878173311963,-0.0752022260314925,0.301219923893939,0.0161673904712245,0.0724414657215222,0.0929601449556738,0.0227605876263973,0.208471765792365
"LOX","Fibroblasts7","pink",0.137951960526831,-0.0463201793459453,0.120341726054345,-0.015845523780246,-0.0298387638254163,0.253267111959329,0.0399305301776195,0.362718368077069,0.248658190357431,-0.00134182624317611
"LOXL2","Fibroblasts2","turquoise",0.275728054562137,0.0268186611645714,0.332150527586032,-0.181106044516244,0.23059782715341,0.153958282980943,0.0339774586410153,0.075612624947387,0.00755351090328013,0.143691762923686
"LPAR1","Fibroblasts2","turquoise",0.239196634010138,0.0845333231840473,0.260678642805165,-0.0368608742146692,0.238943819415046,0.0794888028283726,0.0353122063957362,0.0966582970295393,0.0314786305150107,0.20207032238225
"LPAR4","Fibroblasts6","brown",0.00207996986958236,0.0381568517134279,-0.0326350842542631,0.053775289161532,0.0065276873752088,-0.042379878817059,0.0526195904752274,-0.0136220559159589,-0.0206998057714135,0.0297811266538308
"LPAR6","Fibroblasts1","blue",-0.0155539464995915,0.0559456162431911,-0.0887976096040063,0.0102154559994601,-0.0563134663862495,-0.00907053408803385,0.0446850415266838,0.0214626846342764,0.0397564456944673,0.00612393552786299
"LPGAT1","Fibroblasts2","turquoise",0.200926626620923,-0.0233767488975146,0.235163554640033,0.00716085631193978,0.0679976041032767,0.136129867167718,0.0440962803140878,0.126247426396118,0.0726614184337814,0.036910472965623
"LPIN2","Fibroblasts2","turquoise",0.174270214886746,-0.0169910615718669,0.213935884337185,0.0603265578535867,0.0612703005299585,0.0761821948367254,0.0300703281452462,0.111009475018604,0.0567469010858564,0.0291435935614576
"LPP","Fibroblasts2","turquoise",0.23349875628152,0.0126288174733393,0.23396482031377,0.0988714798677584,0.082476455886866,0.089264323265083,0.0810936452587491,0.102308094064285,0.0584326431197318,0.0602091818137115
"LRBA","Fibroblasts3","green",0.0795492860477666,-0.0151135552322817,0.0757648698485475,0.108117207230381,-0.00777492732363586,0.0536137420808617,0.0214765114320134,0.0228997913777846,0.0178067024774889,-0.0102099010739398
"LRP1","Fibroblasts2","turquoise",0.1845117379723,-0.116619124734728,0.269095719114137,0.176550156706719,0.00341916431847772,0.130610100583052,0.0211054060188112,0.163605812951733,0.0742827914789308,-0.041406869947443
"LRPAP1","Fibroblasts1","blue",0.126073129139934,0.200901816665078,0.0477190426742388,0.0654810623291787,0.13023760099023,-0.135126024611113,-0.00313751327223344,0.0190196005451596,0.0514426389996207,0.131090758711307
"LRRC15","Fibroblasts5","yellow",0.176413945736079,-0.109252795481467,0.241067595312324,-0.0391049964591075,-0.0146659915422656,0.275607993633786,0.0453473710732721,0.374044756898678,0.276115003240702,-0.038733995917861
"LRRC17","Fibroblasts7","pink",0.00129568713655587,-0.0860746077700722,-0.0150889351234039,0.0418993434386143,-0.174423740419014,0.193189836826651,0.0295727243014168,0.183156657790286,0.147362412950808,-0.154139932816655
"LRRC8B","Fibroblasts2","turquoise",0.178576009129494,0.0381371054896525,0.219548086124053,-0.0846250473832256,0.188383340938847,0.0332641287878263,0.023093259060734,0.052391435489209,0.0034423461345204,0.134963567105262
"LRRFIP1","Fibroblasts2","turquoise",0.189208796319273,0.0312115051159567,0.22865935386134,-0.0894443252495513,0.166985508039215,0.0617223362762329,0.0298956657988075,0.125152604764089,0.0803902860842076,0.0812057824503729
"LRRFIP2","Fibroblasts2","turquoise",0.209349272778569,0.0602670516203734,0.21423367533181,-0.0318584744789249,0.13303676280953,0.0660084342302605,0.0483886766506456,0.0745577155784855,0.045029608478946,0.0817040658057861
"LRRN4CL","Fibroblasts3","green",0.0410820037039939,0.00577653117278764,0.0226038809212159,0.216560506026638,-0.0547484766492387,-0.0108336278175992,-0.00756111876984144,-0.0259010945346387,7.43340948878899e-05,-0.0525485253694197
"LSG1","Fibroblasts2","turquoise",0.110802250299945,-0.0475636868281919,0.140675658708854,0.0115783964702325,0.0264110140439613,0.0817803429274205,0.0138803398303984,0.0400181865880625,0.0202239029998317,0.00314613885228188
"LSM1","Fibroblasts1","blue",0.0866376629084687,0.17250135045004,0.0231309599887505,-0.0432868833792038,0.116825943331423,-0.104704012330592,0.0223975343647191,0.0339693239968018,0.0418303523366774,0.108326552100848
"LSM2","Fibroblasts1","blue",0.0701110431831787,0.165624245061252,-0.00606803035957943,0.0108759466028332,0.0614984271717919,-0.0746730324636822,0.0240394945304704,0.0141453962683986,0.0333379705660084,0.0740913315129811
"LSM3","Fibroblasts1","blue",0.0860401747203941,0.198592792551896,-0.000922220456853536,0.0114681513924648,0.0755468013043221,-0.0771555044546574,0.0120593609630181,0.0261093615556789,0.0431185727632396,0.0765972639559397
"LSM4","Fibroblasts1","blue",0.0561957131075006,0.165313507807304,-0.0300164757258979,-0.00547589214583567,0.0482458185148029,-0.0694133395224286,0.0172749869079899,-6.61743767459803e-05,0.0172822084921879,0.0653947841182896
"LSM5","Fibroblasts1","blue",-0.000337547286708512,0.175060019806696,-0.117984776005804,-8.26785038547273e-05,0.00461004446181488,-0.0887544159888168,0.0312502100822681,0.0406967344676914,0.0726292442220826,0.0422949488449316
"LSM6","Fibroblasts1","blue",0.0688058506303163,0.142642540348653,0.00203010441961206,-0.00753855610967617,0.0959525373985733,-0.0768980343162598,0.0113136260682451,-0.00369493876258895,0.00555685702978631,0.0701105130950233
"LSM7","Fibroblasts1","blue",0.0654720574726657,0.232643200080058,-0.0220952720936567,-0.00958417241342887,0.0728218019574319,-0.150492652931956,0.0210594400466126,0.048227106801688,0.0669355445839295,0.0545107377042413
"LSP1","Fibroblasts3","green",-0.0146597908055924,-0.0861913367970363,-0.0518798448778122,0.382391516596953,-0.142000536263195,0.0421754297551162,-0.00127205411092313,-0.0854415244140582,-0.0779618472670774,-0.128527559984722
"LTBP2","Fibroblasts2","turquoise",0.31088965478371,-0.00600629301375706,0.372180267159219,0.00113732847741126,0.129515030685563,0.159753045930792,0.0407302271825194,0.193698455920484,0.136127786005149,0.0548579276702976
"LTBP4","Fibroblasts3","green",0.0743847907588824,-0.0381127472197206,0.0524550336560361,0.407292005272957,-0.0587949651847296,-0.0433059286602773,0.0133335628152039,-0.0993285550910015,-0.0894406069978967,-0.065986519688275
"LUCAT1","Fibroblasts4","red",0.0793441537942051,0.00660320775396981,0.11667989970581,-0.0528725953820365,0.176441626221943,-0.0283355996488746,0.00678246850804721,-0.0056628567622049,-0.0236155364463466,0.0958456181281074
"LUM","Fibroblasts1","blue",-0.177422298009772,0.305983605468446,-0.40027089379889,-0.305055815613135,0.00641456989148039,-0.172759359535499,0.0130592458446714,0.0506869286121713,0.183009545332595,0.137403793659379
"LUZP1","Fibroblasts2","turquoise",0.153272513253418,-0.022957178574346,0.180662180365302,-0.002888753917885,0.0504402293043327,0.083365613321422,0.032404868287454,0.102708510013039,0.0648583093855805,0.0106405651255958
"LY6D","Fibroblasts6","brown",-0.0775543427764197,0.0251886524662693,-0.104846459951536,0.00842476600261579,-0.0434876090161472,-0.0637454779332774,0.0556317726185064,-0.0482380544802187,-0.0198392152017737,-0.03600070460015
"LY6E","Fibroblasts1","blue",0.0457879807145978,0.396605410042005,-0.169725657663558,-0.0314868602797425,0.108861078069143,-0.266566509279486,0.0448035494772463,-0.0495436804355287,0.0444243650327308,0.146524650348654
"LY96","Fibroblasts1","blue",-0.00876845968373477,0.101507636662345,-0.0837363005205174,-0.0106988385496708,0.0158369795010789,-0.0623902860420617,0.00478079168674352,-0.00210938452956654,0.012092436290091,0.0397561853673151
"LYN","Fibroblasts2","turquoise",0.183006806528759,0.0232745301007536,0.231604277276067,-0.0630038547649819,0.16651259388741,0.0523637358951119,0.0274481133159877,0.0535168661654786,0.00440747792005162,0.114378209406351
"LYPD3","Fibroblasts1","blue",0.0116053014724141,0.0833995633143997,-0.0562413230969622,-0.0083312184471379,0.0990573286086464,-0.0171200255867217,0.0481799375724993,0.0793361910466728,0.054458127625919,0.172891513318552
"LYPLAL1","Fibroblasts1","blue",0.0490874152233565,0.0817320708524154,-0.00863639608285539,0.0386752130084392,0.0157971637791713,-0.0310617489690076,-0.00272723645058886,0.00879519750730401,0.028501690236073,0.033596988274237
"LYRM4","Fibroblasts1","blue",0.0430182423424588,0.119068109919281,-0.0142110787138015,-0.0387753307489065,0.0669356220317555,-0.0509488266106482,0.0147951224304236,-0.00762341932621013,-0.00116224743410956,0.0713403296930301
"MAB21L1","Fibroblasts3","green",0.0115414143921815,-0.00293607917146096,-0.017582777000964,0.16993874943039,-0.0709232887693506,0.000807661924539012,0.00138563420916764,-0.033949419657541,-0.0174257970431778,-0.0564699372345762
"MAB21L2","Fibroblasts3","green",0.0291830056199441,-0.0641574410034511,0.0127358882453562,0.294530353022566,-0.114864931668352,0.0802327273625472,0.00102877868016628,-0.0616843470544018,-0.0389162056755014,-0.117254741472962
"MACF1","Fibroblasts2","turquoise",0.309125844316447,-0.0809096864665289,0.394950439936638,0.0266232754237893,0.111680336507493,0.146793072176359,0.0696902064346717,0.143708451483585,0.0600765362252199,0.0382015399890382
"MAD2L2","Fibroblasts1","blue",0.0399984860722963,0.095434281030993,-0.00285052283015518,-0.0176631703800042,0.0770369127896429,-0.0461357569035835,0.0199750430120865,0.00410714466353401,0.0184939028561415,0.0690086190588864
"MAF","Fibroblasts5","yellow",0.126788165493987,-0.168862051302933,0.198009628960481,0.00373497281360835,-0.127157363779652,0.360734859551229,0.0226122408851545,0.277297775985516,0.211801129599976,-0.119246541342352
"MAF1","Fibroblasts1","blue",0.0993827066557042,0.136578343203314,0.0370664075492454,0.0571770350477911,0.0420457425784604,-0.0686729666324363,0.012378506248083,0.0198591852980577,0.0461313003503788,0.0354372622611188
"MAFF","Fibroblasts4","red",0.189633282435584,0.0998558773070634,0.233549097201235,-0.0466716862062259,0.381191072667428,-0.0771850206281229,0.020667732186795,0.0255065754607241,0.00254842989255925,0.258928547364747
"MAFG","Fibroblasts2","turquoise",0.171485505924919,0.0142258355948637,0.230367308433497,-0.0109330573608525,0.13840010880073,0.0209543117364983,0.0189999584035278,0.062327907721221,0.025013759704153,0.0594979758494365
"MAFK","Fibroblasts2","turquoise",0.151263078027538,0.0367346948834517,0.227568401308084,-0.0766252262084052,0.211411167870354,-0.06520065117782,0.0154689024344571,0.0404342100505566,0.0111243846079949,0.111716713374283
"MAGED1","Fibroblasts5","yellow",0.174106813552891,-0.108861103872106,0.215133892584302,-0.0491570001934819,-0.0411648468741922,0.375162554339328,0.0246827319370587,0.234520604888632,0.142957558299696,-0.055804660139138
"MALAT1","Fibroblasts1","blue",-0.184913315734625,0.184092751966777,-0.305935464521102,0.0704729231150579,0.0331986896537059,-0.685250063078794,0.0425920463051314,-0.234725074906779,-0.100813693645534,0.0408185322857485
"MALT1","Fibroblasts2","turquoise",0.128168925697228,0.0047825723396444,0.155434817890782,-0.0431014878089652,0.0891937466137787,0.0479127011409916,0.0213314387410129,0.0582719948804016,0.0248242986532921,0.0571253382271313
"MAML2","Fibroblasts2","turquoise",0.165180494992846,-0.0468225779923952,0.221046151188023,0.0402954012772184,0.0522773004643791,0.0489216047329416,0.0229294705826198,0.0447200759549207,0.0302334580429347,0.00457330463041138
"MAN1A2","Fibroblasts2","turquoise",0.224171970691637,-0.0236854981877775,0.26050210268477,0.0404793133508104,0.0561961848188514,0.173366774243808,0.0409334272973534,0.122236536446394,0.0548784421826462,0.0265061743117339
"MAN1C1","Fibroblasts2","turquoise",0.167240186677702,-0.018850586116415,0.193001232083479,0.0762731609929551,0.0813163757864108,0.103664557074426,0.036448257994406,0.0602660533498018,0.00884133395998767,0.075935396520968
"MAN2A1","Fibroblasts5","yellow",0.162663602106384,-0.0926951055156377,0.220583539766505,-0.0360859773957821,0.017073536667575,0.252245079109678,0.0470894751856213,0.178896334995261,0.0929708182912687,-0.0126969878302612
"MAN2B2","Fibroblasts2","turquoise",0.115546115646226,-0.0643630033932678,0.157087379813109,0.0414059228352199,0.00525196591602806,0.168100047879046,0.0131844783661282,0.0957690750006722,0.0483011977903469,-0.00592636173228853
"MANBAL","Fibroblasts1","blue",0.0632242116623872,0.0960834965084206,-0.00375548095090085,0.0163798796619525,0.028650239931534,0.00993853421696868,0.0340922687267983,0.0276769754759284,0.0340481197072353,0.0493214507942457
"MAP1B","Fibroblasts6","brown",0.111409389210954,-0.0197815401757384,0.0718568890293917,0.191463659602076,-0.160218262165349,0.117875435100922,0.168691396810446,0.100603042527766,0.111247395510293,-0.115866352883208
"MAP1LC3A","Fibroblasts1","blue",0.0594174208506143,0.14016645626003,0.00912786115140876,-0.0267522236871,0.0943524303508991,-0.09116404006041,0.00633896314773117,-0.00461344192310744,-5.60829174855243e-05,0.0797107277273343
"MAP2K2","Fibroblasts2","turquoise",0.234002142262388,0.128459583006813,0.291986814573902,-0.0337541695269576,0.19632288840992,-0.0661307952264131,0.0148560284127848,0.0661018110365161,0.0309480254376994,0.116234777625159
"MAP2K3","Fibroblasts2","turquoise",0.162817850406266,0.058039175405049,0.200052839049994,-0.0487827835428918,0.195360155052603,-0.0378783455295202,0.025332130560486,0.0293500873351828,-0.00596831410674806,0.109892122109534
"MAP3K2","Fibroblasts2","turquoise",0.234460108006093,0.00442348951103993,0.270431148854251,-0.0112877292715793,0.135502349687429,0.0812830074470381,0.0594729213412815,0.130652818519783,0.0741044472434829,0.0879852433939213
"MAP3K20","Fibroblasts5","yellow",0.116926552406446,-0.2901216587224,0.191926157997959,0.0283458456129314,-0.149516258700029,0.651303495449275,0.0168704584998969,0.162597670122474,0.0759710032895015,-0.0916965016823102
"MAP3K4","Fibroblasts2","turquoise",0.121393103143705,-0.00658865726254677,0.159866820389049,0.0286291038825947,0.0607650638743033,0.0091255408403168,0.01271103981975,0.039919990469867,0.0154459702502932,0.0193975630911178
"MAP3K5","Fibroblasts2","turquoise",0.181621323263518,-0.0137456429700431,0.263431442924787,-0.114488898665589,0.185945561522487,0.0603938496776219,0.0253734802273823,0.0602783245387411,-0.0218563127161657,0.102533316207446
"MAP3K8","Fibroblasts2","turquoise",0.136729443555858,0.0425299041797569,0.183908377279178,-0.0525278827267313,0.222002948057043,-0.0402140164894622,0.0130312562800063,0.0141152583150652,-0.0156839665949771,0.156196246653506
"MAP4","Fibroblasts2","turquoise",0.27864071477375,-0.0389089176105468,0.344925019290833,-0.00523159536274089,0.0589008532323969,0.228678873520334,0.0713650519580914,0.184975847934837,0.110926801339065,0.0119348433396173
"MAP4K4","Fibroblasts2","turquoise",0.282103605295132,-0.0405924955342455,0.372901207290786,-0.0794141858288209,0.208981594165494,0.171499204922246,0.0419835077554606,0.120538320374415,0.0070306775554725,0.135776444441137
"MAP7D3","Fibroblasts6","brown",0.0668420007210491,0.0197447584296998,0.0364601165252523,0.0408754053373177,-0.030049742217403,0.0311148972954411,0.0508143188471039,0.0465615811126115,0.0459718546833465,-0.0315704699883319
"MAPK9","Fibroblasts2","turquoise",0.128639154341595,-0.00678184816734017,0.144748714303291,0.0200917011933445,0.0335340609177068,0.102101303153691,0.0286244376787624,0.0744429198567396,0.0497079101749233,0.0187632359607552
"MAPKAPK2","Fibroblasts2","turquoise",0.212708501454308,0.0225536153633231,0.294931858386809,-0.111969728924597,0.228497175576303,0.0520896671004035,0.017991458408479,0.0756316644846271,0.00206948671408615,0.130096888115481
"MAPRE2","Fibroblasts2","turquoise",0.153474885689781,-0.0204592697449593,0.172040539701413,0.0234355000806764,0.0373808536807975,0.14527427503658,0.025229787387643,0.0718597447930191,0.0490176748736531,0.0257956471499398
"MARCH6","Fibroblasts6","brown",0.0652137344734092,0.00633023943684172,0.0301042251587074,0.0224053598211625,-0.0201768875855826,0.051866747921283,0.144085611956701,0.055856129539798,0.0680596500528595,0.000186864314346877
"MARCKS","Fibroblasts2","turquoise",0.288643328115659,-0.049188689385007,0.354365941910851,-0.0305328639944515,0.127982258033531,0.214399652544306,0.162426706346012,0.252785287790483,0.122940487821527,0.0884328594995961
"MARK2","Fibroblasts2","turquoise",0.112024215110872,-0.0346756804327701,0.152343805894056,0.0331842706099653,0.051095481873218,0.072741945317788,0.00848978233483687,0.0461699281028566,0.0190834345361464,0.0154822345571123
"MARK3","Fibroblasts2","turquoise",0.161638024208504,-0.0161626440240915,0.180663833887616,0.00371856238039287,0.0758799690672738,0.100377672254718,0.0359181025837573,0.0694305311122127,0.0320752243199132,0.0516047150537389
"MARK4","Fibroblasts2","turquoise",0.0872841575372403,-0.0133308833769715,0.120552064259925,0.0062812260293209,0.0383069526199782,0.0756498828414188,0.00544793652010804,0.0647091831615939,0.0340842129122864,0.014175952010553
"MARVELD1","Fibroblasts7","pink",0.14718239686096,0.0161658768956423,0.126471934091689,0.0122753782973924,-0.00687737590471316,0.147919373954149,0.0587875273750382,0.191495490333449,0.137180145890867,-0.00744718615373664
"MASP1","Fibroblasts2","turquoise",0.241940714454582,0.0656172363818305,0.318085453792102,-0.0891391209303849,0.244772416366247,0.0038594233927893,0.0101822233329043,0.0143656648917657,-0.0330557659912989,0.163663766891789
"MAT2A","Fibroblasts2","turquoise",0.17545285794487,0.0753854160401264,0.202705012097942,-0.0109604073882478,0.19292112125629,-0.0715812877699663,0.035112466107358,0.0308202860977893,-0.00448730984139675,0.127669396389084
"MATR3","Fibroblasts5","yellow",0.119941639882963,-0.337538691645007,0.214202420250855,-0.00437469970068425,-0.175546885427778,0.752756221282907,0.0164108860630905,0.186366055898198,0.0797011302698245,-0.117250786860787
"MAU2","Fibroblasts2","turquoise",0.111133624892926,-0.0381994623652745,0.137038071425879,0.0295811898390622,0.0213314013768065,0.103412807353399,0.0187399845192275,0.0558938117525168,0.0180389717458398,-0.00301240962526621
"MAVS","Fibroblasts2","turquoise",0.131834817663392,-0.0413952040616134,0.154524369658217,0.0256764910252103,0.0183511577987781,0.134335447083334,0.0297213592988875,0.0610318322664579,0.0246898410347246,0.00340668844675326
"MBD2","Fibroblasts2","turquoise",0.291355011473029,0.0342190252311343,0.384208359236116,-0.0159756550539183,0.195802838849646,0.0883886225282607,0.0350538054729119,0.0847925876964665,0.0105966709711617,0.0953748899545058
"MBD3","Fibroblasts2","turquoise",0.124096890218185,0.0328849762757032,0.170254427984324,-0.0292689395004166,0.099190272492416,-0.0219208551048716,0.00848302391764312,0.0548531902244946,0.0220499700314274,0.0504489380263607
"MBNL1","Fibroblasts2","turquoise",0.222075324710247,-0.0179053391896962,0.251163494570549,0.0918478582135662,0.0653935917148313,0.0750986474899845,0.0624059560649999,0.0922992197880128,0.0426758138212871,0.0216817289978908
"MBTPS1","Fibroblasts2","turquoise",0.203359855806275,-0.0407310174464965,0.237794657429176,0.0157298666290888,0.0446733250678983,0.148229031255374,0.0520618348411459,0.13423570593453,0.073737650150324,0.0180701011059352
"MCC","Fibroblasts2","turquoise",0.195629601049862,-0.0353666416574988,0.26093603811722,-0.00503947170852793,0.122638276605047,0.101678394678137,0.0567965438660645,0.141723045643126,0.0704076385221928,0.0857158767696083
"MCL1","Fibroblasts2","turquoise",0.320783247264842,0.0144711746915389,0.426835406817754,-0.12501311405608,0.432717837934371,0.0829884564317867,0.0352986776019822,0.114293680810533,0.0261867346250586,0.338099913457061
"MCOLN1","Fibroblasts1","blue",0.0160851232530362,0.060511061823,-0.0198119039827089,0.0183178809021354,0.0199780456719062,-0.0419594401633229,0.0212238194599489,0.00502211387402007,0.0202855190553694,0.0353924231740023
"MCRS1","Fibroblasts1","blue",0.0659148708080947,0.107821469941073,0.00468237484775224,0.00916024752871437,0.0490441098481806,-0.0474170165360294,0.00273966969204743,0.029607973525036,0.02576267133745,0.0477336354334264
"MCTP2","Fibroblasts2","turquoise",0.123538138012647,-0.0297538081650737,0.187336777562802,-0.0361837129862041,0.100247686780968,0.021997270698779,0.0353651466431176,0.126690275013733,0.0679639460804656,0.044839155566855
"MDFI","Fibroblasts3","green",0.0159643231576728,-0.0296776079933146,0.0156815604344813,0.0967173930650686,-0.0546997970930883,0.0741295388625448,0.031095807629664,0.0468860742631804,0.0193660289685934,-0.0580636272902168
"MDFIC","Fibroblasts2","turquoise",0.246374957224967,-0.00797428830954871,0.306996099268357,-0.0607583826546246,0.145349795018349,0.148201565905066,0.0617056671982429,0.119865327164294,0.0492533986697317,0.0870052742454213
"MDH2","Fibroblasts1","blue",0.116944791842022,0.194768423215339,0.0508011620120177,-0.0175731547341287,0.125434822926802,-0.0892174827297103,0.011437437225528,0.00557852198161683,0.0210136069821153,0.102863943811002
"MDK","Fibroblasts6","brown",-0.0529749862027689,0.012425337555933,-0.0917925079490045,0.00596744899717133,-0.0720650887397464,0.102628974433839,0.0261800479727482,0.229589404552408,0.182813650483003,0.0139567743666458
"MDM2","Fibroblasts2","turquoise",0.16103510128199,0.0291855516968133,0.181236117656205,-0.0331097846464867,0.113302492739359,0.0214134322029455,0.0736445163954154,0.073615276896566,0.0333770576378163,0.0857790150718764
"MDM4","Fibroblasts6","brown",-0.00699744386327331,-0.0162541003223673,-0.019740007360398,0.0161359957214267,-0.0409194942351751,-0.0649170581894077,0.324581870266258,-0.0140399259758556,0.00913952345675742,-0.0512981974348863
"MDN1","Fibroblasts2","turquoise",0.114213287177176,-0.040932789848693,0.137587881390636,0.0147740497137269,0.0126151481344864,0.117665399830639,0.0223170812963711,0.0565913703382751,0.0185145803645814,-0.00152099283310471
"MEA1","Fibroblasts1","blue",0.0511538434145248,0.15186306411458,-0.0258592559136341,0.00511991165554025,0.0537069459087187,-0.0848984022630097,0.0319766140368642,0.00657508043187795,0.0386046845910649,0.0612418831168248
"MEAF6","Fibroblasts1","blue",0.0385702215927679,0.150272822764366,-0.0702963833604452,0.0267474772482933,-0.00375216835043773,-0.0526100826679493,0.0363954381290361,0.0288441873053806,0.0740414024540717,0.0303257588333883
"MECP2","Fibroblasts6","brown",0.0476960267715267,0.0149755288689779,0.0229554532627034,0.0500026083956109,-0.0225921444140793,-0.00395040460039453,0.068330472186515,-0.00118320781223728,0.0119144057087789,-0.013943579649381
"MED1","Fibroblasts2","turquoise",0.141920766599183,-0.0464869130957433,0.16951710539259,0.0214358266914552,0.0289206547786456,0.125113616569505,0.0328931514854237,0.0736147413741393,0.0331059052111271,0.0214927866637375
"MED10","Fibroblasts1","blue",0.072562322245275,0.12254074340795,0.0249570451792564,0.0182247245516871,0.0577008616731068,-0.083648019824657,0.0131521149127522,0.0142777207173344,0.0320532129389267,0.0487228258869496
"MED13","Fibroblasts2","turquoise",0.199830294391621,-0.0229272239628863,0.250553685803516,-0.00379850206179104,0.0960980230812833,0.0973586277029237,0.0367886660615298,0.110555375215254,0.05769043198243,0.0528178272248218
"MED13L","Fibroblasts2","turquoise",0.21028607276752,-0.000663084140124106,0.241074974924705,0.0537284681120328,0.0617649771030085,0.0866667861091406,0.0530197204741701,0.0967734437432243,0.0608522993072848,0.0328059212559378
"MED21","Fibroblasts1","blue",0.0234320388252274,0.119669022301612,-0.054959125015588,0.0448325336998304,0.0136257173649017,-0.0758967132156834,0.0327923200913773,-0.00833529616583662,0.0287354462912834,0.040783502809991
"MED30","Fibroblasts1","blue",0.0357605918784001,0.0983069095603681,-0.015856657983264,0.0526575867546072,0.0560630211309726,-0.0630570006098332,0.0136775091798731,-0.0146473530915373,0.000242372164627011,0.064139284951266
"MED31","Fibroblasts1","blue",0.0426796535410409,0.0960915847505085,0.0127648981839566,-0.00940530193760562,0.0670823978917378,-0.0677525041647029,0.0147764595007427,-0.0106027255023865,-0.00349460361561983,0.0516541051829967
"MED4","Fibroblasts1","blue",0.0581356668718293,0.134495529504419,-0.0508458089098969,0.026069424956376,0.018290366852146,-0.032946976019494,0.0237309140182678,0.0180218757210102,0.0511065620045563,0.0458447694003922
"MEF2C","Fibroblasts8","magenta",0.0244344120153114,0.0343990780820386,-0.0257440189077881,-0.0650058103589416,-0.0788962496565118,0.0280876786132207,0.0811397651294987,0.190662403403312,0.282916787886633,-0.063035339892044
"MEF2D","Fibroblasts2","turquoise",0.158045990298208,-0.0345812680738721,0.216154718600695,0.011416684089184,0.0961557112133705,0.0948326814754864,0.0128912432651398,0.060488940593129,0.0210925789385609,0.0449385549268559
"MEGF8","Fibroblasts5","yellow",0.12187945478362,-0.074523723187607,0.16419096716975,-0.00448378883887524,0.023548942536953,0.170741670999213,0.0133269266431361,0.0935437530691551,0.0370220065981351,0.0015535838563122
"MEGF9","Fibroblasts5","yellow",0.122375588938189,-0.0869685054424637,0.154751855995935,0.034928670800919,-0.0177801848574588,0.219480276181574,0.0276648153350722,0.0797599394709126,0.0525788978437073,-0.00943486285819167
"MEIS3","Fibroblasts2","turquoise",0.148723380989522,0.0216154434783467,0.21122511778893,-0.0284375128721092,0.122272626959018,0.00328575377207249,-0.00686712540372441,0.0600445612725991,0.0157598180986759,0.0603283547158804
"MEPCE","Fibroblasts2","turquoise",0.11620618952826,0.000717141449762595,0.136531389055134,0.000124508933763545,0.0612734533229535,0.068260141755272,0.0267976975180862,0.057372902273918,0.0274525947825115,0.0351142959320528
"MESD","Fibroblasts5","yellow",0.0967705602565024,-0.271619151065697,0.168484278729235,0.0238420809273572,-0.143003857105877,0.613040527031247,0.01355056833849,0.143339313805463,0.0575230962131212,-0.0970371452535595
"MEST","Fibroblasts1","blue",0.011796659926042,0.0881595924637373,-0.0718131993424759,-0.0202429597597322,-0.0221907724002844,-0.0456244254675683,0.000767045305448071,-0.0405176524391998,0.0285737464205735,0.0124425049246899
"METAP2","Fibroblasts6","brown",0.117523733560613,0.0549344331708314,0.065089648446971,0.0222177407884953,0.0213812646933881,0.0670855107678184,0.0838696174164402,0.0685285934663378,0.0585299476295386,0.0126158660952095
"METRN","Fibroblasts2","turquoise",0.240882926251297,0.120940553922481,0.310426004502449,-0.0605626568049564,0.200809075916272,-0.0335183083007804,0.0162602211228663,0.119139817825732,0.0788920268458183,0.123385677137615
"METRNL","Fibroblasts2","turquoise",0.268236007548282,-0.0396375798023414,0.404312053621019,0.076472473591475,0.186042878185784,0.0937891172160944,0.0211475527694709,0.194224625494871,0.0779615704443171,0.0700772254473802
"METTL12","Fibroblasts6","brown",-0.0323432089206802,0.030446935096679,-0.0514374191839536,0.0191051445390725,-0.0252842717482114,-0.0695462208796347,0.0479105485195829,-0.0337704623524374,-0.00894310776009963,-0.0127134987338487
"METTL9","Fibroblasts1","blue",0.121902963127423,0.153936595451325,0.0585665383082885,-0.0122035558128881,0.0952825149610399,-0.0185888150667381,0.0287808145922311,0.0790370371333834,0.0781511027253449,0.0931519911067651
"MEX3D","Fibroblasts5","yellow",0.0841648386641663,-0.0609669288521772,0.121433547557419,0.0107669302448041,-0.00793977052631767,0.130576908268269,0.0121772599866942,0.0581774037262369,0.0339863944809443,-0.0173271617046819
"MFAP2","Fibroblasts1","blue",0.0996285511032098,0.200781585063306,0.017355818622678,-0.097056601140295,0.0501473233364438,-0.0858439967021423,0.0302624592810314,0.224409084361596,0.25124005135529,0.0395608523175812
"MFAP4","Fibroblasts1","blue",-0.144786748193672,0.109594060301746,-0.290926125866338,0.306095219425701,-0.156252961085521,-0.118485056309392,-0.00359844700045444,0.0118183896698026,0.137869720695235,-0.00188994584624511
"MFAP5","Fibroblasts3","green",0.00743533479300775,-0.101472950942104,-0.031025773520776,0.365780569985319,-0.151030184314783,0.0964285661287425,0.00697844439118529,-0.0164698292299538,-0.00348208452336174,-0.152658407343164
"MFGE8","Fibroblasts1","blue",0.0963338466121182,0.156363597627845,-0.0163799251558589,-0.00738737818644475,0.0555688556253108,-0.0497722247284459,0.0725412302185932,0.0953188196773366,0.127162266561811,0.0585660295647718
"MFHAS1","Fibroblasts2","turquoise",0.109286547603747,-0.0189493290629143,0.136751432509487,-0.00216095201602141,0.062261680240548,0.0742894473598534,0.0249138557357072,0.0733499651691877,0.0339081317321551,0.0260620524894802
"MFSD12","Fibroblasts2","turquoise",0.126368314342786,0.0555211439594852,0.169836540883204,-0.0556901039971888,0.135038391707419,-0.0351293630163683,0.00873118479810675,0.0359167578544475,0.00610972034992211,0.0751094960282728
"MGAT4B","Fibroblasts2","turquoise",0.144008307736538,0.0340789276846363,0.187833069805261,-0.00244030854743788,0.0982617134323931,-0.00313288345027583,0.0166984655300912,0.0588718346042749,0.0307254217189802,0.0438978889913423
"MGAT5","Fibroblasts2","turquoise",0.164996001507713,-0.0107464728235896,0.197657786947122,-0.0487902747435384,0.0725247076253866,0.109993199825904,0.0268986317617286,0.0969644131582565,0.0540255065749657,0.0338080304082302
"MGP","Fibroblasts3","green",0.045278397130501,-0.0438841828187134,0.0242271214937029,0.430547575742771,0.0430119106899166,-0.0820772842372853,0.00268856970533863,-0.186353477906018,-0.149913122738302,0.0576464977091054
"MGST1","Fibroblasts3","green",0.00421013774087553,-0.0384461931854721,-0.0456432778704772,0.265950057461202,-0.0594020275798948,0.00300885736278009,0.00403265224048834,-0.0573509897527804,-0.0516807775036279,-0.0654162827554336
"MGST2","Fibroblasts1","blue",0.0214640631959494,0.0492178118720643,-0.02412599578059,0.0423932449657475,0.00945200737945933,0.000547573869851776,0.0109800229225429,-0.00333906962027551,0.00537504886327311,0.0151450329470979
"MGST3","Fibroblasts1","blue",0.13454255065745,0.303317459821505,0.00154308464004538,0.0255241644314337,0.0907366706602472,-0.124811713736333,0.0235798871140938,0.084724135581901,0.158701174668952,0.106326140653454
"MIA3","Fibroblasts2","turquoise",0.231869102441903,-0.0542473113251293,0.280296832623102,0.0554044821830933,0.0435089736741219,0.165378390221508,0.0495917215471162,0.13128068788142,0.0683190949221408,0.011701277381298
"MIB1","Fibroblasts5","yellow",0.224717716428136,-0.0598447407768006,0.264986863525816,0.00175773011737686,0.0343954786554361,0.203022021019066,0.0596614302690925,0.150669051436292,0.102717748143719,0.00943403547820537
"MICAL2","Fibroblasts2","turquoise",0.189664048572601,-0.00537351036499581,0.22881066815469,-0.12059403803214,0.092281797088369,0.115864936884017,0.0507106858266509,0.115980826443292,0.0741645021281514,0.0165012210190689
"MICU3","Fibroblasts2","turquoise",0.117355128203199,0.0156627212597284,0.14544416017607,0.017493583964986,0.0823642734780531,-0.00237264557138196,0.0154306560548043,0.0262784449175162,0.000553310407355171,0.0524558941498334
"MID1","Fibroblasts5","yellow",0.125593324012513,-0.0616085661121005,0.15225458463925,-0.0072190052438865,0.0221191062932047,0.205540335373429,0.0257922629582158,0.18862450549266,0.111474535460833,0.0380114918041456
"MIDN","Fibroblasts2","turquoise",0.251992227037391,0.0529954486960477,0.352536870802508,-0.0220956114753636,0.333100341289966,-0.0608670024633613,0.0447358623107113,0.0478336475182704,-0.0102281488013202,0.249800419507292
"MIEN1","Fibroblasts1","blue",0.0666045163919566,0.167531399091936,-0.0129213355055852,-0.0229350470421315,0.0559851821004472,-0.0786094186879357,0.0398431570595167,0.0270468209749212,0.050070283268758,0.0538293591992089
"MINOS1","Fibroblasts1","blue",0.0573207519688621,0.283133214806201,-0.0804519992349127,-0.0459450019640443,0.0485036896033109,-0.175524744712573,0.0737336044171353,0.0345787067915877,0.105672478018151,0.0445640916877622
"MIR222HG","Fibroblasts2","turquoise",0.103521523743714,0.0111129805983684,0.167172230873911,-0.0871186697586826,0.193145520753043,-0.0493077911100314,0.018888812534948,0.0205264498226396,-0.0238235783910316,0.105488551489981
"MIR22HG","Fibroblasts2","turquoise",0.196528544653292,0.0556774165234478,0.234979709159499,0.0253072789619714,0.18549010669132,-0.00577525689090559,0.0329559316216013,0.0755759676714237,0.0409972054502798,0.121322353358038
"MIR4458HG","Fibroblasts6","brown",-0.0354472495332859,0.057535119043495,-0.101700290817908,0.0449294066002106,-0.0501957242498618,-0.0392988884971122,0.0414322728035735,-0.039021599610389,-0.012795584431912,-0.0300366044192477
"MIR99AHG","Fibroblasts3","green",0.00668050546443335,-0.0287471937029385,-0.00562042463732104,0.107334261356083,-0.0764184094626697,0.0390609486652562,0.0202512913253071,0.0585516636553057,0.052911011992878,-0.0763540547243902
"MITD1","Fibroblasts1","blue",0.031430383683187,0.0552255022526282,-0.00737481043510391,0.00860289252657682,0.0208405422011214,-0.0261737039765176,0.0223615790462442,-0.00612699355931515,0.00676702846030208,0.0351924582976477
"MKKS","Fibroblasts1","blue",0.08359733488634,0.144628953091891,0.0270152928256369,-0.00315857289559569,0.0769432039771188,-0.0553844617877674,0.0143056369361917,0.0160597379636761,0.0171641104881729,0.0719823514707867
"MKLN1","Fibroblasts2","turquoise",0.176956312030321,-0.014898455527467,0.213594343639163,0.0247573985261058,0.0993886334772634,0.0510815718379561,0.0383371694360073,0.0533530331092682,0.00750561442842122,0.0492366287761345
"MKNK2","Fibroblasts2","turquoise",0.101330168744453,-0.0483715864197708,0.157712547447851,0.0724135159745997,0.0399988412497053,0.0901477710027941,0.00288390618742212,0.0228311369297659,-0.0144358624835414,0.0147344746362462
"MKX","Fibroblasts7","pink",0.0706777864745684,-0.0702245255872198,0.0870762305426825,0.00404123953020639,-0.0773620837386795,0.185096374521536,0.0135062975082504,0.250712675831578,0.158308114910122,-0.0804925371720524
"MLEC","Fibroblasts2","turquoise",0.222415532634444,0.0419027742883738,0.249616890864137,0.0181909440980537,0.114455631121298,0.0932850005847961,0.0525359361584988,0.139425898077115,0.091702611965634,0.0708526249372183
"MLLT1","Fibroblasts2","turquoise",0.13102751450019,-0.0259984615531895,0.170521502085,0.0167876685546927,0.0569321636466063,0.124646169840709,0.0297221650764941,0.075196045578944,0.0310778259377338,0.0319999946957632
"MLLT6","Fibroblasts2","turquoise",0.119533833803938,-0.0567994259884507,0.163046866941718,0.034210466273586,0.0438000569149378,0.0899444662733053,0.0294671873849536,0.0275057284422277,-0.00474330207880923,0.0175825962922363
"MLXIP","Fibroblasts2","turquoise",0.141562109835953,-0.00796401783177776,0.169079455035052,0.033243221904313,0.0772523306599732,0.037721774512001,0.0282974161928101,0.0465403823716381,0.0103907222294147,0.0308844376650948
"MMAB","Fibroblasts1","blue",0.0444058198155445,0.0834725445828314,-0.00420268773508715,0.00655280960047024,0.0357105459396713,-0.0238465610595342,0.0210799854337006,0.00798553554655906,0.0127594134823358,0.0447160681536949
"MMADHC","Fibroblasts1","blue",0.100502718530347,0.15527966382531,-0.00647297877009451,-0.0266594642132032,0.0869252758394989,0.00601217404471462,0.0414028679547525,0.0527149212298905,0.0628361543018548,0.102394013221796
"MME","Fibroblasts2","turquoise",0.282394530438939,-0.0495535580849976,0.424241953793599,-0.0720903408568715,0.265812536309416,0.144304957714526,0.0220877650032904,0.121135207101183,-0.0234594010356492,0.146635364239838
"MMP14","Fibroblasts7","pink",0.127128329107155,-0.0560070779527404,0.139865517822147,-0.142662951963787,0.0120494949564389,0.208009872024206,0.0578677943747386,0.26369132342774,0.166735668295972,-0.0113060745518104
"MMP16","Fibroblasts6","brown",0.0438843119993039,-0.0221018646601534,0.018225008660409,0.0443889330732979,-0.0574752767759688,0.0763888887227377,0.0704651567215604,0.0397434709667704,0.0466265794207581,-0.0484288987614606
"MMP19","Fibroblasts2","turquoise",0.147968875230143,-0.0177955522975939,0.203026802932454,-0.0772247916282502,0.156847568361932,0.0994471915705885,0.00807772843769695,0.128945886068394,0.0668165568338206,0.122397825973968
"MMP2","Fibroblasts7","pink",0.134727898670841,-0.127280037045627,0.206217505376222,-0.185496177234429,0.0287140913427804,0.35830591242927,-0.00774636692526526,0.465811231433242,0.302375012494877,0.0135379554575314
"MN1","Fibroblasts3","green",0.0328897648525515,-0.0871654160028971,0.0313291438747579,0.255879594776993,-0.12661692844469,0.112046232023389,-0.00174479084228154,0.0269095290746725,0.0200878226580485,-0.113095671013245
"MNS1","Fibroblasts3","green",0.0408078398692799,0.00174669213232096,0.0341232842269605,0.0770950073164002,0.00656317014713132,0.0254714053478008,0.0161614209121958,0.00490549766217591,-0.00520655351475565,0.00476037534794004
"MNT","Fibroblasts2","turquoise",0.137042588840938,-0.011784721051704,0.178695358885909,0.00492212611122318,0.0745097930022759,0.0518127920261859,0.0306968315546953,0.0645686737415546,0.0399620240895034,0.0324928481838979
"MOB4","Fibroblasts1","blue",0.054561467732316,0.119443620917264,-0.0209505740157885,0.012664006721297,0.0562371365774431,-0.0623312318093533,0.0424442909511695,-0.0037599449312866,0.02144882920688,0.0638542253268315
"MON1B","Fibroblasts2","turquoise",0.127444248557023,0.00226311870704709,0.146696069476485,0.0239331206109276,0.0449920327240793,0.0584114031855169,0.0344271946583405,0.0471381004841491,0.0241166643488197,0.0199460426895402
"MORC4","Fibroblasts2","turquoise",0.144907661638693,0.0153018210156725,0.157798706523909,0.0489580163314143,0.031200372300016,0.0448891442623415,0.0249287458773005,0.0953553460685983,0.0703008361051083,0.000703521062116076
"MORF4L1","Fibroblasts1","blue",0.0551335553434001,0.296930908667026,-0.169355499406993,0.0638266231061378,0.00193824065027681,-0.139038267349554,0.102355239777279,0.0315975458774682,0.112803799943484,0.063256044367208
"MORF4L1P1","Fibroblasts5","yellow",0.115762782440786,-0.300026087442145,0.193497380825022,-0.00399629069422376,-0.157779379086851,0.696578348442535,0.0182938288981154,0.180922784159561,0.093251679702435,-0.104865270800913
"MORF4L2","Fibroblasts1","blue",0.0867239399696864,0.182000869768374,-0.057843301841718,0.023287042150765,0.0294283043571916,-0.0155654947479994,0.0734976789006424,0.0974654396774779,0.124744621753979,0.052340962248913
"MPC1","Fibroblasts1","blue",0.06411760228739,0.141603053271599,-0.0247654874504419,0.0536745082992561,0.0360116951345732,-0.0768054610640456,0.0495805009548044,0.0180215241503891,0.0604320803264167,0.0638715499807932
"MPDZ","Fibroblasts2","turquoise",0.147075072761515,-0.0481628078192828,0.17955227563071,0.0466836732222476,0.032237462737362,0.118570983360192,0.0362989344711616,0.0707292888755838,0.021823843634969,0.00133930691119605
"MPG","Fibroblasts1","blue",0.113215154950582,0.242295554384344,0.012148040110992,0.0248172499560616,0.117765984150919,-0.160040605103383,0.0374298720477355,0.0128488313812679,0.0531913293099375,0.102800819327177
"MPHOSPH6","Fibroblasts1","blue",0.0537928773863896,0.100082965102516,-0.000881390287595071,-0.000586430556512832,0.0446728408456062,-0.0139101592753717,0.0226064204924408,-0.0045539764879894,0.00135478402323647,0.0478019180997389
"MPLKIP","Fibroblasts1","blue",0.108231616211548,0.154132599255397,0.0436892500729497,-0.00369203158398318,0.0834794629423692,-0.0754129538426094,0.0437902312768954,0.0457539580105894,0.0508119469018012,0.0617643690091829
"MPRIP","Fibroblasts2","turquoise",0.181620117014614,0.00381766863164683,0.223863744482335,0.0196608768951783,0.0965423348947003,0.0360307208465545,0.0349178906587856,0.0667967088836426,0.0172831955102279,0.0392377106245738
"MRC2","Fibroblasts2","turquoise",0.24876255514091,-0.0571182469371542,0.370684815930759,0.00328820798187626,0.137197558975227,0.0801963351643143,0.0118960679247326,0.182786553038166,0.0703551605841658,0.0494150445314793
"MRFAP1","Fibroblasts2","turquoise",0.263186166233948,0.0969962355173774,0.256247413427856,0.0373470288235691,0.120295056969409,0.122843428913588,0.0118667864865428,0.0865978372121459,0.0465293861532545,0.0775021280741848
"MRPL1","Fibroblasts6","brown",0.0383988514403047,0.0644366668605804,-0.012416888132236,0.0323926419559202,-0.0197882253900296,0.00305527648437481,0.0380792294777482,-6.86451212979993e-05,0.0199663081185093,-0.00721471216785657
"MRPL11","Fibroblasts1","blue",0.0897749972959021,0.137731271554641,0.0358812483720233,0.0342811207330227,0.0716715187349901,-0.0690627729876701,0.0317549986243345,0.00701009559201306,0.0183068133593327,0.0724567630293138
"MRPL12","Fibroblasts1","blue",0.0642595518240117,0.144309683038945,0.00426533825481499,-0.0470906504731429,0.0766525099861053,-0.0825185563271574,0.00365138268288708,0.0175889127879195,0.02271199414398,0.0550210708474816
"MRPL13","Fibroblasts1","blue",0.0699064816890864,0.164725592956571,-0.0205472255789674,-0.00977019606259257,0.0869510693861719,-0.0668937520492699,0.00866398862315583,0.00461436699073246,0.0318107658665361,0.0976344372604774
"MRPL14","Fibroblasts1","blue",0.0970869790816235,0.179671285013958,0.0349065635603553,-0.0555910429135373,0.117186130009577,-0.0937414079354462,0.0233311948436952,0.0435328424938418,0.0557912121361227,0.0892102599372853
"MRPL2","Fibroblasts1","blue",0.0475043667741049,0.0845566237547418,-0.0102712240206578,0.0528216535510999,-0.00177011257155085,-0.0229451152050513,0.0204471451550253,0.00709501263580212,0.0225412866067333,0.0130155915593985
"MRPL20","Fibroblasts1","blue",0.150696858588368,0.216642654514851,0.0972902527781401,-0.00673957985882447,0.153214745043336,-0.12396203362455,0.0198089368692952,0.029594740927044,0.0246256094417755,0.106664093175079
"MRPL22","Fibroblasts1","blue",0.049446210327661,0.133963514524588,-0.0172007938972219,0.0184054438119393,0.0481202114579933,-0.0832498912503618,-0.0036706778318213,-0.00171781349963304,0.0266374733430693,0.0542312908044087
"MRPL24","Fibroblasts1","blue",0.0273983626349499,0.107134629842975,-0.0388002875525389,0.0262906875922743,0.0112575411388646,-0.0432647381316696,0.0196320338425928,-0.034141914999299,-0.00199967197446227,0.0294732608170005
"MRPL27","Fibroblasts1","blue",0.0895408429734412,0.184021739756084,0.0106131708380931,-0.0364292765906554,0.0921999671736165,-0.0743186700188424,0.0113682054876126,0.0206519638221599,0.0445973835724938,0.0841838988535652
"MRPL28","Fibroblasts1","blue",0.0538539904578723,0.142689115118199,-0.00951735576907662,0.0073348160014043,0.0584358160335505,-0.0691701943145265,0.0129573475444263,-0.00303095520898931,0.0189713440819002,0.0522422005701964
"MRPL33","Fibroblasts1","blue",0.0522906761947193,0.192647494497517,-0.0354301638419511,-0.0436328873965153,0.0416621014085259,-0.0589521608210408,0.03321804966884,0.0435754790697556,0.0740750286524957,0.0532033084630733
"MRPL4","Fibroblasts1","blue",0.0920611092479017,0.146706349004335,0.030450570833528,0.0185292571678159,0.0796086420783258,-0.0849942330695117,0.0310580922941461,0.00936285550758193,0.0280372572196622,0.0617062710658254
"MRPL41","Fibroblasts1","blue",0.0890051924684157,0.18332056382931,0.0208400389900703,-0.0257520395042778,0.0693979014128368,-0.0876575882262194,0.0326382059807275,0.029629008267365,0.0496366542828065,0.0468929876455494
"MRPL42","Fibroblasts1","blue",0.0714000480803857,0.107741626896816,0.00241426677370479,-0.0290108962182416,0.0582427040536418,-0.0180210836394246,0.0342302173977484,0.0187491345886065,0.0382557185989507,0.0663003547370145
"MRPL48","Fibroblasts1","blue",0.0148370864200404,0.0597950972728542,-0.0244387886065079,0.0106035389933437,0.00780996240403005,-0.0270801583094176,0.0189298209644053,-0.00540304715109743,0.014296512665294,0.00586325322481647
"MRPL50","Fibroblasts1","blue",0.0315778824139582,0.116050319774424,-0.0480213193124455,0.0235861815212135,0.0144279015719454,-0.0647702146691354,0.0223125995052244,-0.00114890727720831,0.00291833478997871,0.0138241875142417
"MRPL51","Fibroblasts1","blue",0.133410181620837,0.213516563009636,0.0640686334528056,-0.0251491399941542,0.109997008007675,-0.0770287284264736,0.00869670129215179,0.0382795966395868,0.0497228756499879,0.0832545977341562
"MRPL52","Fibroblasts1","blue",0.0649340416293516,0.175353129589112,-0.00126828431304407,-0.0394923031713717,0.0615441354526111,-0.0664387614900961,0.0418168193387886,-0.0023435348585525,0.00991141629022761,0.0521835437576876
"MRPL55","Fibroblasts1","blue",0.0152407801618602,0.177085049343976,-0.0930920842441992,0.0159873084652714,0.0112949702926149,-0.11773989488309,0.0271290506657926,-0.0173862349483136,0.0235284265505362,0.0206628982071937
"MRPL57","Fibroblasts1","blue",0.090293263943847,0.177147662197001,0.0188319422668438,0.00186356224311848,0.0645481340469927,-0.0809521250862015,0.0206287876692812,0.0214276350386178,0.0349109369095783,0.0510589022678371
"MRPS11","Fibroblasts1","blue",0.0747034946268243,0.131271275583838,0.0140591138977505,-0.00418095348651032,0.0613313056618441,-0.0761050823172535,0.0165828128390498,0.0307678243318973,0.0490595127246005,0.0581609950667049
"MRPS14","Fibroblasts1","blue",0.0558595114651904,0.106831555313601,-0.0178694860822157,0.00283348655753672,0.0169608566403411,0.00212405884174902,0.0255041880065177,0.0351446241470752,0.0529807040382902,0.0356655728959513
"MRPS18A","Fibroblasts1","blue",0.0308619329489556,0.111573330075222,-0.0313691494398742,0.0274132154867684,0.0374950169521161,-0.0827452903500618,0.014677635785429,-0.0164647119349559,0.013348748230921,0.0408227451949652
"MRPS18B","Fibroblasts1","blue",0.0641860996934181,0.0918802243458351,-0.000648335640334523,0.0231898417225973,0.0201485382580639,-0.0111944014638223,0.0188456763122142,0.00681834723370523,0.0245487467322991,0.0331923411447835
"MRPS18C","Fibroblasts1","blue",0.0715554747220527,0.155077871891791,0.00329121372331637,0.0205670878780824,0.0528420835358398,-0.113384210956751,0.0122957294647828,-0.0144877892034242,0.0143262491897992,0.0421432182125174
"MRPS21","Fibroblasts1","blue",0.0562883413282023,0.243087614920914,-0.061691794892783,-0.0202718516127199,0.0591322079912884,-0.134964220547665,0.0363693497505772,-0.00320315388715693,0.0410719080600229,0.0789994109039951
"MRPS26","Fibroblasts1","blue",0.0822084798090923,0.134319649896619,0.024453449160813,0.0405406016823624,0.0407197616317452,-0.0837162469746056,0.0119621549250049,-0.00674683220289767,0.0156675485683682,0.0374465698199878
"MRPS28","Fibroblasts1","blue",0.021136423601579,0.084262810063838,-0.0399363356146207,0.0159880251854599,0.0177569946568314,-0.047637645793234,0.0353721285124156,0.00252568531257233,0.0103524402299288,0.0287159709340625
"MRPS33","Fibroblasts1","blue",0.0496725888749016,0.119504900467967,-0.0151206524886841,-0.0136473257350433,0.0395582780103865,-0.0145694806525974,0.025242320757626,0.0280713821613869,0.0344514255871581,0.0485123413349953
"MRPS34","Fibroblasts1","blue",0.0943987032449046,0.152853907563753,0.027389092027481,0.0438118155237485,0.0181705427189046,-0.0574971123819105,0.0345607525236384,0.0371138011482465,0.0485601292956098,0.0128191937160074
"MRPS36","Fibroblasts1","blue",0.0669502842721223,0.179002230695102,-0.0126712372989137,-0.0158030901121367,0.0697192010311978,-0.0883316185086649,0.0202340858324933,0.00961009987837522,0.0486600571327771,0.0807745914090853
"MRPS5","Fibroblasts6","brown",0.0596486991234403,0.0349154432544069,0.0453245293566968,0.0151377970876246,0.0254666836929194,-0.0182582528708257,0.0426185180879948,0.00568603675275417,0.00140087331095505,-7.44786015425536e-05
"MRVI1","Fibroblasts2","turquoise",0.132607181355926,-0.0477489890346078,0.189930478474257,-0.043053835593902,0.0367842720334243,0.116553093468585,0.0067327578699463,0.0918894888045688,0.0406969846666785,-0.00178837258709305
"MSH6","Fibroblasts2","turquoise",0.125738719399777,0.00328109077902597,0.144879584584745,0.0231099667491517,0.0473307329224263,0.0329577037136758,0.0205976697644011,0.0394718764061347,0.0237472415591292,0.0246644202338688
"MSI2","Fibroblasts2","turquoise",0.106064127013033,-0.0352857838657857,0.158050088869409,-0.0490266117034266,0.0519125526908043,0.0902305305893414,0.0205553101389573,0.0823471923291093,0.0245857435958385,0.00506713386835566
"MSL1","Fibroblasts5","yellow",0.156480827779587,-0.0963340300606958,0.197743223531745,0.0332047981566392,-0.0197107123024432,0.25447271964293,0.0342969662402246,0.108873869117915,0.0498837524818104,-0.0312929040761586
"MSMO1","Fibroblasts1","blue",0.0380245524873779,0.0595910015105933,-0.013206634784625,-0.0073799240386813,0.0178099884732374,-0.00175833981872267,0.0237133007620799,0.0332694172484524,0.0351551969775023,0.0466666230147717
"MSN","Fibroblasts2","turquoise",0.245729214613933,-0.00840966402855049,0.288760646315441,0.0236041928863419,0.103947293801686,0.175495847775764,0.0367243421653822,0.113737580474317,0.0538134049751492,0.0542975857843619
"MSRB1","Fibroblasts1","blue",0.0455348174913733,0.0755723119926472,0.00265480282045269,0.00415207757227924,0.0262660500986102,-0.0233180686423519,0.0197837446118196,0.0100151561334642,0.0260497091340399,0.0380770204225533
"MSX1","Fibroblasts2","turquoise",0.185047521591402,-0.156967296129804,0.289467993372622,0.161183672954324,-0.0137342592935861,0.285049253251612,0.0143508559205371,0.172587080479597,0.0770348453510302,-0.0311391750076159
"MT-ATP6","Fibroblasts2","turquoise",0.196766106629159,-0.345899621345686,0.532989728483464,0.0163492109786469,0.0566646314449956,0.184241329119709,-0.120131979753747,0.0538696518856781,-0.075929247797783,-0.104421575237497
"MT-ATP8","Fibroblasts5","yellow",0.174993489403612,-0.424209903740423,0.373580513564243,0.012054802931171,-0.138067407126066,0.725312968605443,-0.0191121248990426,0.191119058197821,0.0531867565311855,-0.141574126816794
"MT-CO1","Fibroblasts2","turquoise",0.0231850547082142,-0.189415412223258,0.214413823573298,-0.140199979817114,0.0855769232751729,0.0407735696075157,-0.129905784157899,-0.0895049499780791,-0.138467433808423,0.038635862479447
"MT-CO2","Fibroblasts2","turquoise",0.0160846336329022,-0.28817670821676,0.283698706337328,-0.0756036593164604,0.000481271995234065,0.0560505536609869,-0.132330234446651,-0.0846344749708099,-0.157776835584032,-0.116383146126259
"MT-CO3","Fibroblasts2","turquoise",0.0298236100858264,-0.290735173237066,0.298476692427733,-0.0359607277991983,0.0344480305572059,0.0163516590373077,-0.163197566110937,-0.0773272459206678,-0.165076881246246,-0.0834866186852193
"MT-CYB","Fibroblasts2","turquoise",0.112420220385266,-0.390143276170416,0.414252029575818,0.0929197395440491,-0.0608256544472421,0.25836987111789,-0.141915722228788,0.0123808150326007,-0.094262027212358,-0.169566813905263
"MT-ND1","Fibroblasts2","turquoise",0.180823907097508,-0.372755624410927,0.476769968422254,0.0582118242237878,0.0258725094223533,0.308092827924232,-0.122602344860465,0.0185466755618329,-0.116840698105488,-0.0873563771285208
"MT-ND2","Fibroblasts5","yellow",-0.0554710988265751,-0.404850415304663,0.107588306462399,0.0918545223291571,-0.216082987454883,0.370923959473839,-0.121805735543163,-0.0417713284418933,-0.0958017348324471,-0.217297036322229
"MT-ND3","Fibroblasts2","turquoise",-0.00319538940110694,-0.40419030304915,0.263845874780544,0.0775701603417529,-0.131278664952888,0.200520680928834,-0.102450375408837,-0.00508374803791306,-0.0793369233874995,-0.214087097901864
"MT-ND4","Fibroblasts2","turquoise",-0.0371213777601866,-0.438281963870462,0.192877455967644,0.0635010330231662,-0.239199593386933,0.351622331065822,-0.130168316389507,0.0127295254276603,-0.0745345392188151,-0.281944552256808
"MT-ND4L","Fibroblasts5","yellow",0.073763288611206,-0.31291039046077,0.208083812413633,0.0270706589820018,-0.133757174713631,0.447842508058958,-0.0392680305710789,0.112238978532758,0.0346502506685419,-0.144796901533267
"MT-ND5","Fibroblasts2","turquoise",0.166706073219381,-0.327852322026883,0.382537598100344,-0.000263102697838883,-0.0361158678239538,0.401295866287187,-0.0637414730142044,0.100461404366549,0.00280567814849875,-0.102088671339077
"MT-ND6","Fibroblasts5","yellow",0.0840869347882692,-0.410336552635023,0.225146958173767,-0.0214877002477324,-0.193201926423364,0.710020921818327,-0.00106970587487856,0.152637299317187,0.0333256539053811,-0.156438216490496
"MT-RNR1","Fibroblasts5","yellow",0.0708495305262961,-0.444530448847065,0.20781369682131,0.00571803419604248,-0.250382043779473,0.865975836503779,-0.0200875355733508,0.199787868643818,0.0742475160893564,-0.181682539471311
"MT-RNR2","Fibroblasts5","yellow",0.0759930022060894,-0.4642723031304,0.217801201607296,0.00243908156030013,-0.257456780182303,0.891338436301888,-0.0209007311446429,0.204747200033764,0.0760090444389139,-0.186731304297571
"MT1X","Fibroblasts1","blue",-0.0665434459500358,0.173369828719637,-0.154479177922125,0.0394396717690386,0.0740829697053447,-0.200186946879644,-0.0233496732958583,-0.0841927739405758,-0.0450080527777253,0.0346830725280092
"MT2A","Fibroblasts1","blue",0.00148342897236262,0.234210064421099,-0.0089080496452919,-0.125428443703536,0.362343325287983,-0.294266385899464,0.00258711082563417,-0.106229489583664,-0.109595369870347,0.242495555078727
"MTA2","Fibroblasts6","brown",0.0375659788829619,-0.0755975040237098,0.0650830118877825,-0.000613761859967165,-0.0402361971648851,0.147410762497974,0.143961699668412,0.0578658648644171,0.0353998790069138,-0.0520140906278364
"MTATP6P1","Fibroblasts5","yellow",0.064065648770535,-0.442108184773959,0.201332393727365,-0.00337738633666746,-0.244539256463384,0.837573593297982,-0.0274128344228858,0.187118728754205,0.0661913511770923,-0.182032759551859
"MTCH2","Fibroblasts1","blue",0.102139008795297,0.124927203355874,0.0391913546942491,-0.0467140006712645,0.0873062069873736,0.00459333396370871,0.0339257404497194,0.0595792567824487,0.0531468788576634,0.0850046047050479
"MTIF3","Fibroblasts1","blue",0.0695068668282711,0.130127485141562,-0.01135162179852,0.0231550341882599,0.0253657358624772,-0.0595672479940254,0.0338188508354466,0.0240295704592914,0.0538366575170369,0.0484233549247934
"MTOR","Fibroblasts2","turquoise",0.110100466240643,0.000657728558142647,0.131329556254935,-0.0124880384360467,0.0680055661323819,0.0153875114159121,0.0139876731930143,0.027063875425881,-0.00502118494508917,0.0275053181659207
"MTPN","Fibroblasts2","turquoise",0.274821038966641,0.0130410603339515,0.296368378310879,0.043944652701578,0.0796788509337402,0.168762392462631,0.0652630239264207,0.166556072120126,0.108878608325673,0.0410704920981835
"MTR","Fibroblasts2","turquoise",0.172961133517817,-0.0293667282622161,0.201834854024418,0.0506815539090095,0.0559054452778203,0.0958143015397455,0.044077132305991,0.0808746334813545,0.0419216998893872,0.023889636613353
"MTRNR2L1","Fibroblasts2","turquoise",0.14751923354131,-0.0792684245795868,0.38148683200945,-0.0737097661842626,0.232187631938565,-0.0906397722950574,-0.0951116280250042,0.0502812788633858,-0.0246313657198085,0.0793930713817138
"MTRNR2L12","Fibroblasts2","turquoise",0.234321574667942,-0.0759798773228955,0.474730382136838,-0.006066441798262,0.238260212317794,-0.125594739916663,-0.0648655427072333,0.0593209039958955,-0.0197159030510362,0.0683320484104515
"MTRNR2L8","Fibroblasts4","red",0.12284001781686,-0.0347530957230142,0.289463102854488,-0.00275673078132122,0.199186601920027,-0.169684813131653,-0.0861117566810178,0.0182459990924936,-0.0235715338847589,0.0607867424535175
"MTURN","Fibroblasts2","turquoise",0.108914192235522,-0.000414282433915634,0.145024671483839,0.0203836057331862,0.0621887305393951,0.0551884907579077,0.000613789832971735,0.0585226701239131,0.0379294609932113,0.0300118473899966
"MUM1","Fibroblasts1","blue",0.0285282738130871,0.0717004767679001,-0.0204416476754007,0.0251258376271259,-0.0116453722640008,-0.0832638289903022,0.0780889953119507,0.0130944315957942,0.0384204063613421,-0.00688333288135752
"MVB12A","Fibroblasts1","blue",0.0770090369686481,0.152952933245093,0.00428186971523996,-0.00768062952789101,0.0698602637462541,-0.078403134226736,0.0316018738551109,0.0085901519060536,0.0386229720998266,0.0763628230640362
"MXD4","Fibroblasts2","turquoise",0.239127290698663,0.0629794202522654,0.294935770035296,0.0212051180527165,0.114664277437448,0.026279850296867,0.0367143564152745,0.141341662246109,0.0900396849249293,0.0577407527973554
"MXRA5","Fibroblasts5","yellow",0.272463883072413,-0.184929375993292,0.372528098355649,0.00149401310264748,0.106655794837368,0.388900698341717,0.0434081767620536,0.265908716307315,0.106179444499286,0.104115003552896
"MXRA7","Fibroblasts2","turquoise",0.296196291145526,0.0159575728494252,0.365733425222617,0.0821028640638057,0.111579363347145,0.116344830451967,0.0317831907261167,0.123316056261976,0.0812707632066092,0.033825558312802
"MXRA8","Fibroblasts8","magenta",0.135899070627907,0.0596270876190741,0.0748002201800105,0.0231303929205569,-0.00214487370560244,0.0878104644302667,0.0286511113701335,0.186234136971677,0.299204080743205,0.0432505528857821
"MYADM","Fibroblasts2","turquoise",0.266541186970918,-0.00257810127759358,0.335455218787608,0.0635859555055618,0.250536116990594,0.0650612563451616,0.044145686888263,0.0778258778891819,0.0312245577222335,0.175851054533613
"MYC","Fibroblasts9","black",0.0223127918050729,0.0657917694108815,0.0021255803331062,0.0527120597249122,0.162881262300661,-0.0785595973883513,0.00374255094533337,-0.0544313902522495,-0.0498254255440758,0.220868340504597
"MYDGF","Fibroblasts1","blue",0.0945484011216823,0.249053895082802,-0.0123360735071322,-0.0421383072712363,0.12773529809761,-0.127276275837178,0.0169120503696196,0.0858116627788914,0.119404726127539,0.114522889630828
"MYH10","Fibroblasts5","yellow",0.137386462952987,-0.189373763707259,0.216651845775129,0.0253614327426271,-0.0648828621744298,0.346674650732011,0.00715200254202172,0.185071624372644,0.0960190771282864,-0.0846627971553104
"MYH9","Fibroblasts2","turquoise",0.322833680562334,-0.0474760618339482,0.419729162454888,-0.0984668725145132,0.170925219536433,0.214355027503505,0.0494215465522439,0.151869306355076,0.0503194438731708,0.101741315842007
"MYL12A","Fibroblasts1","blue",0.0987003609221906,0.32027896655174,-0.045014411223656,-0.00187664275491534,0.112753038193116,-0.178913257542321,0.0358855908518528,0.0257386015489702,0.0687588666005464,0.106111256882864
"MYL12B","Fibroblasts1","blue",0.149182730319913,0.248995774154698,0.0551440678936627,0.0552112353726274,0.0929574825861426,-0.0796686635692873,0.0191204066184866,0.00189704566497757,0.0332974489937222,0.0815938921399196
"MYL6","Fibroblasts1","blue",0.0687660976258705,0.424922528012618,-0.092582970070425,-0.0414826014611145,0.0928073076932787,-0.197256498888745,0.0385967705815131,0.0326511265139151,0.091343245796007,0.092843613377078
"MYL9","Fibroblasts1","blue",0.158323676251648,0.280846192164852,0.0416268859529588,-0.0636080686540791,0.110203366437725,-0.0631366869823937,0.0519134366978291,0.107798403064311,0.134804998001786,0.0979853890946334
"MYLK","Fibroblasts5","yellow",0.195309066933538,-0.0898436180198973,0.258822004961268,-0.0420347700577767,0.018031880997949,0.293775877470704,0.0384776904406259,0.205143288399105,0.110328943022523,0.0119609124537007
"MYO18A","Fibroblasts2","turquoise",0.110474421457425,-0.0183144523927899,0.142288701257895,0.0193417756318171,0.0366849690999712,0.0448238207919972,0.0346805818662818,0.0476513747916719,0.0243006293801869,0.0142887806865016
"MYO1B","Fibroblasts2","turquoise",0.228666467815747,0.0167782957209788,0.237670285282062,-0.0461244138257802,0.0964225527766864,0.127676160029474,0.0651629362470896,0.0674376005840982,0.013478094986998,0.0515079704173608
"MYO1C","Fibroblasts2","turquoise",0.242700494582427,0.0464861775342577,0.260053714374842,0.0360360569575702,0.122721112920133,0.0418381517329037,0.0616409600176803,0.106140873171518,0.0587064022280174,0.0707369587084712
"MYO5A","Fibroblasts2","turquoise",0.136149564196939,-0.0207825679166271,0.163427549549118,-0.00510877179868324,0.0530748311746918,0.0807889393919953,0.0454521101491581,0.0837033057133143,0.0464334276339862,0.0231773687073033
"MYO9A","Fibroblasts2","turquoise",0.152318349810131,-0.0712051241921133,0.174864745143727,0.0692058194325597,-0.00430433491365753,0.124578409345842,0.0411365741111743,0.0850890858609693,0.0529743730000412,-0.0246608827624761
"MYOF","Fibroblasts2","turquoise",0.276961270328023,-0.0534199903899292,0.344953281896056,0.00281330045672418,0.0716516760402159,0.214034943616011,0.0516958212232657,0.185809310734906,0.109170720133655,0.0196940747741413
"MZT2A","Fibroblasts1","blue",0.0236420631065319,0.130475620063747,-0.0405681650156264,0.0316691351982104,-0.0013087510124118,-0.0806089052559089,0.0375080043699828,0.00943773436805937,0.0453418647772572,0.00861534156465305
"MZT2B","Fibroblasts1","blue",0.107352429398184,0.256739810700294,0.02576182410287,0.00169036138241529,0.0869010679763292,-0.160596638290242,0.0445356064720969,0.0262503688155931,0.0681926385081083,0.0639064460944942
"N4BP1","Fibroblasts2","turquoise",0.189263323986986,-0.0163356613676363,0.23037235791289,0.0399396911197074,0.0574135540277121,0.117230046509438,0.0377797819838828,0.107788638686453,0.0638999533532387,0.0248370421238967
"N4BP2L1","Fibroblasts1","blue",0.021635107182943,0.0351282562703429,-0.017341403659184,0.0443936077263121,-0.000490868102690744,-0.0186028025351843,0.00275539848342071,-0.00608240060425654,0.00342350464490953,0.0321697588788742
"N4BP2L2","Fibroblasts1","blue",0.0265171702272325,0.0705864387114626,-0.0712900871405906,0.0710754527133699,-0.0624334106795107,-0.0946326552895218,0.0626102303758017,-0.0103672410511458,0.0328927934175136,-0.0166341578992354
"NAA10","Fibroblasts1","blue",0.0954855580766095,0.157076099817586,0.0427052789761657,-0.0326905542258224,0.0964125481385295,-0.0888495538984768,0.0430700814864337,0.0156621911074547,0.0290124552980823,0.0735627489074983
"NAA20","Fibroblasts1","blue",0.0951456659414804,0.149661696267959,0.0167306805854499,0.00388765935337293,0.0941540297417906,-0.0559584753602957,0.0225872762262066,-0.00233016976660681,0.0237612169568964,0.0998364277038695
"NAA38","Fibroblasts1","blue",0.0473111321235636,0.219223769748133,-0.0575228873522013,-0.016915758056898,0.0486018805402713,-0.124051721814697,0.0371977302476844,0.0437799248417779,0.0609006062100088,0.0558452928343478
"NAA50","Fibroblasts8","magenta",0.127902121838443,0.0370657315193254,0.089538066048996,-0.0186595234893792,0.0508677388586571,0.0874232886708995,0.0412458328565294,0.0937192033895187,0.116182634541819,0.0517504556440522
"NAAA","Fibroblasts3","green",0.061315691888759,0.05614134241047,0.0111995784381937,0.0946827104378563,-0.0274774910581896,0.0117464455315305,0.0206548963016473,0.0213403697593794,0.0493170505575046,-0.00345900340394573
"NABP2","Fibroblasts1","blue",0.0669754880062327,0.109167467596643,0.0041273560121236,-0.0195541131139578,0.0549713621697996,-0.0286212267862849,0.0361499007766471,0.0404737047625866,0.0434336240678885,0.0582878975093446
"NACA","Fibroblasts4","red",0.254037634902729,0.352558054856122,0.20228820498267,-0.00635800796019769,0.276322849412676,-0.160103455357957,0.0248426923162627,-0.000291334907022701,0.0221399807795023,0.179410857210957
"NACA2","Fibroblasts5","yellow",0.0575826333180104,-0.0631786647759291,0.0683489911044124,-0.00390619397014832,-0.0339853295552031,0.225113933956144,0.021026554952245,0.0448055696267091,0.0173916770011493,-0.010770581735137
"NAGLU","Fibroblasts2","turquoise",0.146370544240998,0.00669741758677116,0.194357322511925,0.0338459356731564,0.0556892527234445,0.0538717512082471,0.013230937845183,0.0880336857958729,0.0458415796858752,0.0189854108403432
"NAMPT","Fibroblasts4","red",0.212235801041185,0.105594678376168,0.28057150593375,-0.16726940551744,0.544902714319411,-0.124366984945661,-0.013202274917421,0.0363006435747035,-0.0614918485234432,0.397397992068783
"NAP1L1","Fibroblasts2","turquoise",0.255343482457318,0.0691684650234764,0.262100788055029,-0.0776798448453767,0.170407434500339,0.162295534336201,0.0570266606712871,0.102634767526837,0.0406190559027115,0.130348337499248
"NAPA","Fibroblasts1","blue",0.0756577095895356,0.144187881768976,0.00550899425368481,-0.00626838317756514,0.078710415702432,-0.0901304644239925,0.0355688516374916,0.0203892412429311,0.0345239442601729,0.0768754057430247
"NAPRT","Fibroblasts1","blue",0.0185465585847129,0.0952524646883615,-0.0377020768958987,0.00471862639152591,0.0339656479788291,-0.0845924751303658,0.0138939431902395,-0.0269344650320972,-0.00222997541044832,0.0509968988555112
"NASP","Fibroblasts2","turquoise",0.226317252587861,-0.00689872715058536,0.287113497011318,-0.00663201865137776,0.148977837001444,0.0654947040212107,0.0374657431421701,0.0601498637897964,0.0110500134133372,0.0860061940809796
"NAT9","Fibroblasts1","blue",0.00846258186996498,0.0404393693687838,-0.0256931904041682,-0.00339396126111338,-0.0133514877231218,-0.036064512387567,0.0196597472186729,0.0239529411493436,0.0389273875794372,-0.0109590671881468
"NBAS","Fibroblasts2","turquoise",0.138628766560011,0.0053669870442242,0.162388291540657,0.0203316247429435,0.058773555998349,0.0361633616096576,0.0244212384107778,0.0679117904932027,0.0403786999056422,0.0163631060487869
"NBL1","Fibroblasts8","magenta",0.0540760149439876,0.182820858649776,-0.0643600214694675,-0.148324354021614,-0.113193699923152,0.0196799332815894,0.0584633998934389,0.330487110508076,0.528983721899198,-0.0870129506529435
"NBPF14","Fibroblasts6","brown",0.0301350200851925,0.0297071270659949,-0.00425186364075592,0.00863395586392113,-0.01938520927623,-0.00773777488376926,0.0730952961244278,0.0567808660411763,0.0552095415427568,-0.0188974782516496
"NCAM1","Fibroblasts5","yellow",0.0209647788012541,-0.189258358565294,0.0731075103931869,0.0972987223393057,-0.147588465622592,0.272050362316523,-0.0120095603264621,0.12790720348409,0.0784009008656977,-0.153465338996474
"NCBP2-AS2","Fibroblasts1","blue",0.054109349048027,0.109454002213829,-0.00380852233041452,0.00824847836441262,0.00934864594754454,-0.0441166217162699,0.00804632081113808,0.0119434028239269,0.0229687497405583,0.0148984364349773
"NCBP3","Fibroblasts2","turquoise",0.154908054305437,-0.0203548716525748,0.189416695605086,0.0250148058118094,0.0546913062129297,0.0783938863792738,0.0362157085650525,0.0651827669132625,0.0172249272134771,0.0261447966299644
"NCK1","Fibroblasts1","blue",0.0427602378045637,0.0681286937971579,-0.00802149354968622,0.0193204470817785,0.0527839775963816,-0.0477527616456494,0.0364184684542785,0.0194558909063262,0.0228431658879325,0.0663250877762133
"NCK2","Fibroblasts2","turquoise",0.149280283454248,-0.0160065865312634,0.191563784263923,-0.00837613232733238,0.0633807166673956,0.106054496990647,0.0242827926521585,0.055380572699534,0.0225078611479593,0.0359947535706583
"NCKAP5","Fibroblasts2","turquoise",0.126628005824625,0.0135376823308052,0.136876133105433,0.0470581692421513,0.0477231603279885,0.0106746236324912,0.0316605457351338,0.0219736573238103,-0.00474424477462543,0.0461311856102045
"NCKAP5L","Fibroblasts2","turquoise",0.113430322449775,-0.0133645306331891,0.162092335812646,-0.0162379254431664,0.0888733429507034,0.0319580143333538,0.0152231722179357,0.0647357690883248,0.0218332749101391,0.0474608389975864
"NCL","Fibroblasts2","turquoise",0.279738479701577,-0.0260618893209781,0.318461633472752,0.0949024633457494,0.0598477511202428,0.153474763243709,0.083253869046642,0.0857548857090094,0.0331888068144601,0.00250278107259555
"NCOA1","Fibroblasts2","turquoise",0.205709682508832,-0.0176796582772473,0.237822484890282,0.0922098086557111,0.0688844836803004,0.0870737923041484,0.0346266525371793,0.049865559099465,0.0110752421366377,0.0425801365148842
"NCOA3","Fibroblasts2","turquoise",0.136653012246198,-0.04292963997531,0.165847207774591,-0.00478226838989258,0.0322914592107498,0.118514585006581,0.0324209813070852,0.0694173786682875,0.0354070382247853,0.00813011625172081
"NCOA7","Fibroblasts4","red",0.215262840728698,0.0793532097735282,0.258059816214773,-0.0294234239238557,0.404757683488877,-0.0355339848955543,0.0482804445258558,0.012213211526277,-0.0432991369038941,0.313183091252352
"NCOR2","Fibroblasts2","turquoise",0.192061320642095,-0.0504466051852363,0.247317322359216,0.0179845073547948,0.0381662855490613,0.166536053233495,0.0455630509113763,0.115570749187623,0.056524026151081,-0.0131891243102183
"NCS1","Fibroblasts2","turquoise",0.088422940813845,-0.00543028365431889,0.113104043065536,0.00721181716562009,0.0402725199828331,0.0561336201036166,0.0286803123029927,0.0416693964673229,0.00830539273877775,-0.00217886680049993
"NDFIP1","Fibroblasts1","blue",0.0979471226371878,0.118723180382942,0.00114454288909464,0.0743194219042591,0.00614276535049249,0.0185836564073081,0.0146020059427742,0.0779925671957341,0.116039719144756,0.0404900638589025
"NDRG1","Fibroblasts2","turquoise",0.283241037265976,0.0237674045051646,0.35817099879754,-0.0562671966363921,0.282822959722859,0.0989907204926204,0.0252097556643642,0.0562812123898926,-0.0182699067331186,0.172698000320702
"NDRG2","Fibroblasts3","green",0.026404930126258,0.0141059984415026,-0.0170900147120192,0.154571357892386,-0.0570827739349607,0.00685702838626957,0.0160092732632993,-0.0553071019988385,-0.0188789178160646,-0.0230681472631308
"NDUFA1","Fibroblasts1","blue",0.0269246175981802,0.169455792687296,-0.0590798606454666,-0.0317844535312196,0.0118509717233028,-0.0136821304551927,0.0349943320126474,0.0293874632409286,0.0610805250745948,0.019810124011833
"NDUFA11","Fibroblasts1","blue",0.0267066177842449,0.26976725766044,-0.120325916515415,0.0493027667378517,0.0305039167550862,-0.195607912949245,0.0625221029665914,-0.0512077735184111,0.00831195994982121,0.0312996670800976
"NDUFA13","Fibroblasts1","blue",-0.0731810339808771,0.247636502200559,-0.238743014581805,0.0177604350578563,-0.0369726612835038,-0.214240693238863,0.0891096206182117,-0.0682754140815863,0.0127396779662442,0.0149911507133312
"NDUFA2","Fibroblasts1","blue",0.0712108578962805,0.194138878669855,0.00687629445326788,-0.0129961480126633,0.0804104234391311,-0.1099280481833,0.0129009002251257,0.00504599920428215,0.0122883128032558,0.0641562148844073
"NDUFA3","Fibroblasts1","blue",-0.0320720615589307,0.178377991969849,-0.137743195709395,-0.0230446326897686,0.00660635822009616,-0.119222857471104,0.0260528635747415,-0.0171235700108978,0.022831030853908,0.0264636041969834
"NDUFA4","Fibroblasts1","blue",0.0762542371230756,0.372320388796032,-0.0579509172830633,-0.0523282039093193,0.115146092258639,-0.188756167881975,0.0272743318830909,0.0557156282450177,0.0959454854914302,0.101829082304756
"NDUFA5","Fibroblasts1","blue",0.061408063423369,0.187970156984323,-0.0532994720748868,-0.0102266051486476,0.0556950022545792,-0.0462863337941467,0.0403622485087761,0.0462221918399162,0.0859501714672976,0.0915594989346069
"NDUFA6","Fibroblasts1","blue",0.102671966391853,0.233832885011201,0.000437912265062736,-0.0371234237971173,0.105221854272141,-0.0939723035087807,0.0313037175198539,0.0265882668993551,0.0462287316664377,0.0984247329224568
"NDUFA7","Fibroblasts6","brown",-0.0143914056493218,0.0685881384615627,-0.0688714088438784,-0.00769548359188331,-0.0280621978508235,-0.0452436189308405,0.0618651990945138,-0.00965508646661303,0.00785870570213593,-0.00908572879334937
"NDUFA8","Fibroblasts1","blue",0.0835451419444878,0.150257707821393,0.00982191652661432,-0.000437012890738476,0.0654540013808342,-0.0431137613350916,0.0312450553453418,0.0282909250413182,0.0424526187048917,0.0651299135821544
"NDUFA9","Fibroblasts1","blue",0.0743851436650378,0.126840165018446,0.0122516672247403,-0.00992758260574609,0.0922299802620475,-0.0665133603188189,0.0197140910869343,0.00942941334707355,0.0118083588928426,0.0805415668300182
"NDUFAF2","Fibroblasts6","brown",0.0645947144948542,0.111145245427236,0.0098357031678405,0.0294293076959519,0.00492642522536827,-0.0466188347584531,0.0618550299898241,0.014597527460927,0.0328375919846538,-0.00620323777339347
"NDUFAF3","Fibroblasts1","blue",0.0822854041094455,0.235807606481111,-0.0159321717069169,0.00732895758567049,0.109192968665077,-0.135523024649937,0.0165440010111172,-0.0424420223087138,0.00964103540878317,0.105305064233267
"NDUFB1","Fibroblasts1","blue",-0.0235538970549395,0.234210572265658,-0.155207846697583,-0.0334728109061144,0.0277575139642472,-0.132912827723053,0.053105386988686,-0.0340603083463842,0.021477528318751,0.058478674024955
"NDUFB10","Fibroblasts1","blue",0.148092538283345,0.267466632904785,0.054583028479766,-0.00467512695525679,0.127058351916246,-0.12422034295868,0.0338741675588635,0.0160893919826199,0.066260385973814,0.12950344710447
"NDUFB11","Fibroblasts1","blue",0.103700411770227,0.267708677149631,0.0197950628352456,-0.0422756464342088,0.132853687740239,-0.140133871878127,0.0257815905520132,0.021464969078013,0.0371373113221693,0.101631684423809
"NDUFB2","Fibroblasts1","blue",0.0659058294277215,0.285392365527289,-0.0617527204812218,-0.0601998807356266,0.0763027251920886,-0.12040642108218,0.0549631459296553,0.0612209705964204,0.114752530320711,0.0856120193197714
"NDUFB3","Fibroblasts1","blue",0.102004795455595,0.182333234743526,0.0336205506390444,-0.05084692662053,0.0856409753092716,-0.0493746755762908,0.0416097118854851,0.016458943578111,0.0316600232337781,0.0752033682101072
"NDUFB4","Fibroblasts1","blue",0.0893867965587219,0.21539717685853,0.00981047623533804,-0.00539770974012209,0.0884613046107562,-0.107549536790016,0.0248390756041438,0.0183265461074941,0.045747199230977,0.0822965861479277
"NDUFB5","Fibroblasts1","blue",0.12340913607962,0.234329227555814,0.0179250452015837,-0.0312563708043764,0.133337388148778,-0.0647010555807985,0.0192887684448518,0.047961028171653,0.0654422035447195,0.140013554717724
"NDUFB6","Fibroblasts1","blue",0.0842208588132641,0.153535978272507,0.0185984811801945,0.00539349320974121,0.077075018701263,-0.0561093883724314,0.00553700616606909,0.00304070738484054,0.0156063627519693,0.0689684158323009
"NDUFB7","Fibroblasts1","blue",0.0857810331528465,0.276317248038908,-0.0193761687542732,0.0311818625341932,0.0792059627833389,-0.194387651451425,0.0479778458451206,-0.00960164101782048,0.0469426943260899,0.0580734530336307
"NDUFB8","Fibroblasts1","blue",0.074015017205707,0.2283190017779,-0.0294619085107533,0.0236253017401568,0.0910787649333557,-0.131729115620274,0.0199447326246833,-0.0311095370971748,0.014756264053305,0.0917269803887514
"NDUFB9","Fibroblasts1","blue",0.0641408271082377,0.23163946351669,-0.0586857559051858,0.00819061553087933,0.0695580369895773,-0.108680497412906,0.0106574346640431,-0.0188598143841007,0.0282946313881369,0.0843389856315333
"NDUFC1","Fibroblasts1","blue",0.0817536331613266,0.179968012124117,0.001784974085934,0.0360816827762933,0.0381013631340533,-0.0864355326627595,0.0466219748661335,0.00289680928120073,0.0440687636128413,0.0358379140443121
"NDUFC2","Fibroblasts1","blue",0.0891592506261909,0.244644682906563,0.00819453901194731,0.0176946603558981,0.13706244698757,-0.199056268532372,0.016128750106385,-0.0367274006401886,0.00197682478428443,0.104412080861468
"NDUFS1","Fibroblasts2","turquoise",0.219839749165799,0.00239619629230971,0.243977232822338,0.0424265692687118,0.078134903743206,0.109811900219167,0.0439685093219209,0.09886080138447,0.0449856671688748,0.0503711247100107
"NDUFS4","Fibroblasts1","blue",0.0991786152195752,0.175995386224509,0.0137748123058521,0.0549179804217508,0.0604079752646767,-0.0576646138684428,0.0291175730471579,0.00594546688811695,0.043525069171779,0.0665382550066242
"NDUFS7","Fibroblasts1","blue",0.0378079497109313,0.22450986982451,-0.0709267583151603,-0.00290581791700732,0.0744216058971501,-0.163456335189967,0.0286822087103547,-0.0206102673914919,0.0362338570079114,0.0795470968331718
"NDUFS8","Fibroblasts1","blue",0.0877239512013831,0.223061121805657,-0.00222742143918392,-0.044872933030704,0.0856455435091249,-0.113216487308297,0.0383133134141721,0.0243002901808779,0.0491132816112533,0.0710075309846418
"NDUFV1","Fibroblasts1","blue",0.108244429882069,0.147507255824957,0.0465701603649026,0.0346275402364674,0.0840573543142523,-0.0633492545532996,0.0316684475535275,0.015844891880488,0.0452428367348201,0.0769511868947606
"NDUFV2","Fibroblasts1","blue",0.150820747901388,0.276811975580971,0.0837560490203394,-0.0349052005432131,0.19565712152012,-0.187216717005067,0.0182756927039973,0.0197979912822084,0.0453297064204952,0.144119744163815
"NDUFV3","Fibroblasts6","brown",0.0930822077446374,0.0585502938481883,0.0726893175924195,0.0099129812201946,0.0398470675120403,-0.0114073457737955,0.123006872242528,0.0105038128312028,0.00898484283779348,0.0214963904184602
"NEAT1","Fibroblasts2","turquoise",0.234111725174191,0.055061170360924,0.337371391341069,-0.152438547794932,0.359650532061232,-0.227992648499072,0.0118632957957262,0.069685405583424,0.00351277466607053,0.180608193141405
"NEDD4","Fibroblasts2","turquoise",0.228225730581009,0.00213377136841752,0.298829634852337,-0.0831857442350644,0.192875369440008,0.075759160504304,0.0280607355957444,0.101399932914156,0.0248442836368901,0.11406644055881
"NEDD8","Fibroblasts1","blue",0.0529662175280127,0.317917654660055,-0.0902116666647803,0.00183802359070071,0.071679931924319,-0.218712407549425,0.03939643811508,-0.0201139101205985,0.0364988780109184,0.0703318758609377
"NELFB","Fibroblasts2","turquoise",0.102172759142731,0.0253677429680738,0.121031256336766,0.0210946330219162,0.0429136712388717,-3.59646314572455e-05,0.0197031643094115,0.035656185551245,0.024452842820606,0.00907688400743223
"NENF","Fibroblasts1","blue",0.0236340160441326,0.257362698032538,-0.109486389899733,0.0631346791993125,0.0258603381547497,-0.192593128775467,0.0406426782338018,-0.0161879991168418,0.0569384016356239,0.0438159701783756
"NEO1","Fibroblasts2","turquoise",0.145089972049637,-0.0535454622769028,0.193656528338773,0.0107086172142375,0.0462720242854832,0.145077509296338,0.0318931697097535,0.0876931095260232,0.0378550548000542,0.028735932032529
"NET1","Fibroblasts6","brown",0.0332165066696198,-0.0185429717248313,0.0232623473028085,0.00882439778036303,-0.0264847376331894,0.0634844891879511,0.0327086895872109,0.0726718444428292,0.0612120219164143,-0.0177595496551486
"NEXN","Fibroblasts2","turquoise",0.133147275314321,-0.0180613721323985,0.158926559353279,0.0168535620679668,0.0152974433684397,0.10807147774302,0.0197070746488327,0.0883289174737376,0.0488473184324882,-0.0258364551473617
"NFAT5","Fibroblasts2","turquoise",0.203035180054293,-0.000317770565045389,0.235162316642775,0.0282222851140424,0.098295981018997,0.0312925481992976,0.0591533651988057,0.0863363700376674,0.0420167020129558,0.0471020929152488
"NFATC1","Fibroblasts2","turquoise",0.139508029740015,0.0275196228853337,0.212826809826461,-0.0771406957974108,0.213554748349881,-0.020912385852381,0.0140562494499072,0.0628564865556864,0.0174991512663782,0.117001343718213
"NFATC2","Fibroblasts2","turquoise",0.155806566907417,0.0432789034704743,0.221228018912618,-0.10140134266113,0.206225746551959,-0.00156890507840492,0.0240804613360352,0.0604489174232839,0.0271831338241437,0.111771718506642
"NFATC4","Fibroblasts2","turquoise",0.168642780782274,-0.0269096714968299,0.236970174386644,-0.0147097086734308,0.0944302793488602,0.0775226870034809,0.00372465383984817,0.0713491799071423,0.0281756917542932,0.0458871336531745
"NFE2L1","Fibroblasts5","yellow",0.181836701456384,-0.0682636942382486,0.227914369399288,0.00234436744026668,0.0410702841066215,0.217170954936412,0.0569040740729452,0.151794852779565,0.0690840444938459,0.0147800854945391
"NFE2L2","Fibroblasts4","red",0.207765117587733,0.0859002042154834,0.195838284574866,0.0474699040128803,0.242509078600169,-0.0167842918876888,0.0427227156691787,0.0101718858311422,-0.025237633940782,0.162470033129767
"NFIA","Fibroblasts3","green",0.0963380521930295,-0.0269878406602031,0.0812446069221196,0.338566021784139,0.0143496313945386,-0.00946521763919799,0.0778274536316236,-0.0818225119062928,-0.0926770034230093,0.0194280859909278
"NFIB","Fibroblasts3","green",0.0392813808364221,-0.145900979609239,0.0397198602368723,0.440779885154707,-0.121079682096711,0.096559339773967,0.0504353584708656,-0.0550945832837721,-0.0786206746720666,-0.132972927319574
"NFIC","Fibroblasts2","turquoise",0.314196892698207,-0.00332594741119908,0.359389365502113,0.146373476811628,0.0947825451841042,0.154526282255318,0.0592160501186037,0.127825791681236,0.0724046015675702,0.0573676412276292
"NFIL3","Fibroblasts2","turquoise",0.199172604503389,0.0289388742975986,0.285857658752973,-0.0243002920626171,0.270903505225822,0.00760595205486053,0.00508669143619559,0.0315511778304889,-0.0125370519653278,0.209886862966173
"NFIX","Fibroblasts2","turquoise",0.226699127898753,-0.122314084144519,0.289437386702764,0.231390740604743,-0.0303689791883347,0.249566550757444,0.0456048867612796,0.125183101269816,0.0688800839753822,-0.0604633982555269
"NFKB1","Fibroblasts2","turquoise",0.189704016055511,0.0187572347033337,0.258578639085754,-0.0193308146422108,0.232917372117328,-0.01254652086409,0.0385105110918067,0.0517166782859496,-0.00362311202024935,0.142358879525997
"NFKB2","Fibroblasts2","turquoise",0.135263081192174,0.00507012228968281,0.199671868154493,-0.0233280205785569,0.201547519221998,-0.0275431330992861,-0.00185621233434916,0.0173777029457674,-0.0313993612875201,0.138857952531973
"NFKBIA","Fibroblasts4","red",0.12452478248454,0.184318606404926,0.138985630134841,-0.143600490269996,0.582796748047017,-0.184095878739119,-0.0432430645328509,-0.0380449688096769,-0.0621478805442893,0.531423018617596
"NFKBIZ","Fibroblasts2","turquoise",0.280950670650039,0.0383412873372902,0.349918302697871,-0.04417058367605,0.403063734027503,-0.000433162778953617,0.0373552128782901,0.120225618727962,0.0375812428330996,0.346302537334272
"NFU1","Fibroblasts1","blue",0.0657229077801856,0.123882543164307,-0.0017761610671928,0.0139747156982974,0.0497164739942044,-0.0464118722563798,0.0134758806978267,0.00192066667221338,0.022984393218248,0.0616826490150732
"NGDN","Fibroblasts1","blue",0.0302549034939375,0.0657897592116716,-0.021201947402225,0.0348540755571745,0.014929360348084,-0.0282831112135315,0.00965559646974483,-0.0118677238368184,-0.00352858850766731,0.0248009105031454
"NHP2","Fibroblasts1","blue",0.0393948576694133,0.189309190510675,-0.0641528403867195,0.0287602863440029,0.0424905587439395,-0.135866856241018,0.0387359280404158,-0.0352785069240621,-0.00488777868132521,0.040306895299537
"NHSL2","Fibroblasts2","turquoise",0.123609584749841,0.00490317702765403,0.132959760068431,0.0477603662170004,0.0485119492296377,0.0142389912907475,0.0441056398285012,0.0128972834453632,-0.00603585498986288,0.0255564456724815
"NID1","Fibroblasts5","yellow",0.27844826875582,-0.124796445361841,0.37090389817955,-0.0875220009071555,0.137945884658192,0.31892018294434,0.0439185989694534,0.206476986789421,0.0807447135502431,0.111594233714212
"NID2","Fibroblasts2","turquoise",0.178641292512406,0.0570052562697356,0.217501998676995,-0.0602731448148453,0.179000924760685,-0.046448754428505,0.0334981968735654,0.0676168012087025,0.00321333130902467,0.121848223251545
"NIN","Fibroblasts2","turquoise",0.233332396416699,-0.00852133656104719,0.267300094756181,-0.00426913163786727,0.105189222862966,0.0977129406276856,0.0493627215043752,0.0985288785904729,0.0310154155196189,0.0746637596449084
"NINJ1","Fibroblasts1","blue",0.0598732256690682,0.220672312626429,-0.0098499639559899,-0.0983899022982625,0.226216281411596,-0.138526504626707,0.0200226062381841,0.0478917044796426,0.074019318183343,0.219355255159816
"NIPBL","Fibroblasts2","turquoise",0.251323658745669,-0.0379950732700419,0.304078958930542,0.037201179429977,0.091792552367261,0.141102068961258,0.0557400430753437,0.10593959622889,0.0406197985969612,0.0459722334564259
"NIPSNAP3A","Fibroblasts1","blue",0.0264582817713095,0.0831984060532738,-0.052522643888408,0.0579461393691911,-0.0298211250228557,-0.0173502746608664,0.0102193526501487,0.0128209995753631,0.0261121535442416,-0.0038251436896684
"NKD2","Fibroblasts1","blue",0.00486294602859825,0.172522255376052,-0.092593220368576,-0.0381049864142068,-0.0142882185094476,-0.127042261550603,0.0406864939562455,-0.0408311370589867,0.0547071113603508,0.0152071641863694
"NLGN2","Fibroblasts5","yellow",0.134310085313593,-0.0978592345051221,0.198987437483878,-0.023477998573188,0.0408765165888838,0.240035347942449,0.00386838717692693,0.107856271631779,0.0341106334973616,0.0329824912800757
"NME2","Fibroblasts1","blue",-0.0111088656302481,0.0703238590511198,-0.0641250150004636,-0.0216264495373134,0.0129800471268092,-0.0459000134868597,0.0235785190830438,0.0108224758121013,0.0139289517701569,0.0287779930325887
"NME3","Fibroblasts1","blue",0.0733789172070279,0.218761648407444,-0.00225720160299314,0.0121632314793156,0.11115643994456,-0.193324208539698,0.0131498203275729,-0.0106092506968533,0.0217773026530365,0.111647833810511
"NME4","Fibroblasts1","blue",0.125576103939429,0.190143096963736,0.05320087232714,-0.0417091673659071,0.0865361171510084,-0.0261992543586455,0.0424421855110514,0.0916006393954626,0.0792264160268438,0.100551751908515
"NME7","Fibroblasts1","blue",0.0384586131740322,0.0769168895825207,-0.023185897110192,0.0228072711563362,0.0399844170575621,-0.0425360584390715,0.0139004924451164,-0.00140407245869843,0.00624568777584955,0.0616788471472893
"NMRAL1","Fibroblasts1","blue",0.0358963814601814,0.0999922165811974,-0.0268232600302235,0.00900201536302869,0.00663493598968912,-0.0416105932765198,0.00772316010639137,0.0213479128337122,0.0351038967309035,0.0189371271049265
"NMT1","Fibroblasts6","brown",0.0439674776263174,0.0530664430963268,-0.00934472760804964,0.0449054313881263,-0.0161291731560189,-0.0204761713411768,0.0997866367353209,0.0165404074564575,0.033836841275908,-0.00842313124650279
"NMT2","Fibroblasts6","brown",0.0199493855391952,0.0277630041339475,-0.0209270072608201,0.0632050160845318,-0.0292999308023402,-0.00757091757436129,0.042284650803377,-0.0238244697481892,-0.00150577081841695,-0.0239101660286334
"NNMT","Fibroblasts4","red",0.156180581971914,0.228686804895005,0.165349765895237,-0.0420389056863944,0.477162047770145,-0.24408322768749,0.00579808879639773,0.0417934771622601,-0.0126696305654306,0.414318092228313
"NOLC1","Fibroblasts2","turquoise",0.142497772326068,-0.0245015221322268,0.169611508528869,0.00355444634719112,0.0770840855521984,0.116823988895844,0.0315479541635403,0.0617726086760942,0.0207721251460341,0.0559032983481405
"NOP10","Fibroblasts1","blue",0.0551250924597874,0.230308810753445,-0.0615344498187762,-0.0554473501648327,0.0488345067190274,-0.104705015763985,0.0350574937188875,-0.00281069846885674,0.0416006703148756,0.0464414977254845
"NOP14","Fibroblasts2","turquoise",0.123440071989443,0.00959472952744893,0.145207346275429,0.00234512810104542,0.0539119504875016,0.00361115518953754,0.0261830171162287,0.0248198760269592,-0.00380883396858259,0.00719797331414635
"NORAD","Fibroblasts5","yellow",0.107954135418372,-0.381200569898686,0.218694789327267,0.0011325496029519,-0.212341602410371,0.784954407370245,0.00793129808974027,0.217390002574606,0.102178197004573,-0.147453268232178
"NOSIP","Fibroblasts1","blue",0.0523214765858573,0.147100321450845,-0.0184156464422663,0.00160276571340045,0.0565971278986524,-0.109673399733315,0.0406788407553427,-0.0161801007412578,0.000617410968214578,0.0525973117638787
"NOTCH2","Fibroblasts7","pink",0.118081158960861,-0.0547899068832185,0.114104214023587,0.0450425177394426,-0.0202362454649259,0.132036360021729,0.0308299242276882,0.216802986925806,0.139886730539438,-0.0209574119969712
"NPC2","Fibroblasts1","blue",0.0338907211459583,0.317568489227044,-0.122992041743855,0.00571007496759298,0.131293619303957,-0.207435037368099,0.0180481944027489,-0.0252080402626605,0.0430489106968478,0.195476113252901
"NPDC1","Fibroblasts3","green",-0.0141005989353658,0.0017648210609223,-0.0685800534721164,0.196888832048713,-0.0889453390352029,-0.0320824862473296,0.0367859626473644,-0.0440811476466646,-0.00555026247452377,-0.0770649627235623
"NPLOC4","Fibroblasts2","turquoise",0.133857403693008,0.000684231347694408,0.170726865540106,-0.0127607487333978,0.087058347392779,0.023197444895394,0.0270519868776463,0.0714767240437544,0.0299144994618959,0.0328769573342006
"NPM1","Fibroblasts9","black",0.198021896840283,0.267536792546958,0.0912772045054606,-0.0540937115972605,0.185528715282748,-0.00115016469494733,0.0245701016502657,0.0303922338183569,0.0460521071214939,0.215206075588305
"NPM3","Fibroblasts1","blue",0.0331320077154769,0.101174250144562,-0.0292462554476293,-0.00985887247852611,0.0253439512246801,-0.0287154147758241,0.0361346332880038,0.0227604572048979,0.0220840559995636,0.0264599646603309
"NR1D1","Fibroblasts3","green",0.0772167486987571,0.0362741191406611,0.0560953901275587,0.0688436442024502,-0.0072451511740036,-0.0224915297069502,0.0331136076093461,0.0213555609538796,0.0401969550054675,-0.0209975854166283
"NR1H2","Fibroblasts1","blue",0.0863203398164325,0.122954444972706,0.0320570283096055,0.0191129196052371,0.0732772196401705,-0.0552166396069401,0.0268059443350809,0.0164459918483513,0.0379387044911351,0.0665438636482306
"NR2F6","Fibroblasts2","turquoise",0.15084525051828,0.0335882921132164,0.198085894988259,0.00677396413859131,0.0993374442149137,0.018323114084495,0.00566784485054937,0.0429539305062577,0.0143388612344308,0.0535182347184437
"NR4A1","Fibroblasts4","red",0.199830905950369,0.112380251802422,0.262071199924165,0.03772952737869,0.464220550269112,-0.194215844253801,-0.01891963590747,-0.00964605400226543,-0.0392193598060885,0.315620802924872
"NR4A2","Fibroblasts4","red",0.179195689616666,0.111529870032761,0.175325462234063,0.0398742253179553,0.336040054012122,-0.109605489653787,0.019722966642018,0.0253640908093369,0.0073656029324198,0.243524236248713
"NR4A3","Fibroblasts2","turquoise",0.243801406628127,0.042812688480998,0.365603765755409,-0.118916412757709,0.342206546763197,-0.0421580292874952,0.0241005398440736,0.0471427116298555,-0.0432127649066907,0.189412044257577
"NRDC","Fibroblasts2","turquoise",0.18054593068083,0.0155487299312909,0.199482576742175,0.0111310152031028,0.0826577680170211,0.0450607480698017,0.0343953734728221,0.069068428487375,0.0266046140962988,0.0479110127048535
"NREP","Fibroblasts7","pink",0.163544066690028,0.0859418516988505,0.119698847641437,-0.161002751477113,0.0147224776596884,0.112372154362188,0.0478766516625716,0.224363118526147,0.210771152534091,0.00887696984671395
"NRG2","Fibroblasts2","turquoise",0.138292981330114,0.0571025522548943,0.17312145088384,0.0597845553271198,0.120427642896223,-0.0650658857730992,-0.0152617798797043,-0.0217464383443676,-0.0198408604033483,0.0926267593319293
"NRIP1","Fibroblasts2","turquoise",0.191028907632834,-0.0236841799338678,0.23693391600003,0.0351333998990472,0.100679592373402,0.0764535123927333,0.0449758253372199,0.0711700274584969,0.00492592638469831,0.0795086618235458
"NRP2","Fibroblasts7","pink",0.121547729914677,-0.0448554946990969,0.176027966776203,-0.143550967714295,0.0193777242594041,0.144966371513786,0.0513011426629533,0.356089066483598,0.235878270215139,-0.0416900747403943
"NSA2","Fibroblasts2","turquoise",0.21612032522243,0.0740207128874023,0.26071392317763,0.00263281799727935,0.12290560395132,0.0725798905052295,0.0519344823220975,0.0802259137815954,0.0393565898913734,0.0719968517016023
"NSD3","Fibroblasts5","yellow",0.0924349350807931,-0.262413909393172,0.166152252472178,0.0124381121927072,-0.136181286918153,0.58774305555445,0.0153579359552993,0.145886886312071,0.0647800471167169,-0.0900359825785591
"NSMCE1","Fibroblasts1","blue",0.0681101102819995,0.123591920286518,0.00775648849660973,0.00743882341545742,0.0567304192032871,-0.0315741522500131,0.0285082288595274,0.0182118054001996,0.037543970092743,0.0520431864797453
"NSRP1","Fibroblasts6","brown",0.0828952166880072,0.0674073328665208,0.0390732156911513,0.019509019948849,-0.00785751070289075,-0.0029588108382905,0.0957479319606256,0.0288607658256901,0.0436553636571668,-0.0107826289254531
"NSUN5","Fibroblasts3","green",0.0335985648888318,0.0381911124667239,0.00614091437073621,0.0473918132974635,-0.01460986404424,-0.0436370654910846,0.00815994752863317,-0.00895122208687472,0.00163050592932739,-0.020049609494501
"NT5C","Fibroblasts1","blue",0.0717187329417775,0.115102429667558,0.0317678983950758,0.0107457099616305,0.0439765070972312,-0.0833461892089262,0.0306105066084148,0.0203581553431887,0.0341138821511958,0.0337482346497859
"NT5C3B","Fibroblasts1","blue",0.0908163975497354,0.145181685285033,0.031266432719198,0.0154302168250334,0.0535102319689125,-0.0694906882504017,0.0135437136330202,0.0292352348307587,0.0514250612897927,0.0488136975467134
"NTAN1","Fibroblasts1","blue",0.0881631735016162,0.155314494176005,0.0260815415349875,0.0517942094084333,0.0457768586739633,-0.0977478041282687,0.0276040293329811,0.00509493281447834,0.0368144110372143,0.0426466388420404
"NTN1","Fibroblasts2","turquoise",0.141732304525859,-0.0217512021799909,0.208457937094347,-0.0790503465120262,0.10713156321686,0.0687032791332798,-0.00146741135182969,0.068008137833813,0.0286961538552402,0.0410676831318612
"NTN4","Fibroblasts3","green",0.0179889444642765,-0.0228401067963793,-0.0289205598589826,0.189952141380412,-0.101935907795715,0.0277487702680962,0.0359080745816802,0.0312815834029967,0.0568660363999287,-0.0716015203211478
"NTRK2","Fibroblasts3","green",0.0875206714962861,-0.118170176934255,0.0795071559711882,0.499540111302365,-0.123831287135625,0.112595910661527,0.0352739953144533,0.00503709911512377,-0.0209023453284811,-0.13727796454395
"NUB1","Fibroblasts2","turquoise",0.183977547274597,0.0082175348105752,0.20486243276941,0.0475241249607339,0.0759260628954668,0.0896464833951788,0.0607806145233908,0.0564125028458138,0.0293493143258751,0.0544482674840221
"NUBP2","Fibroblasts1","blue",0.0600158072884442,0.102277390632092,0.0017967143758388,-0.000145700316707868,0.0179367942059541,-0.0280453385627391,0.0136888143835988,0.0225628085266166,0.0390730790705723,0.0219655231460998
"NUCB2","Fibroblasts2","turquoise",0.17508593070981,0.00159230532238163,0.193947955222489,0.0746186463488487,0.0580263151183507,0.0860810446116623,0.01827038540403,0.0976296397029772,0.0605720103683346,0.0324203741913716
"NUCKS1","Fibroblasts2","turquoise",0.258070628336858,-0.000249391671558649,0.270050414662495,0.161786902055446,0.00526214152451326,0.155334746811854,0.184894605270609,0.122256428832755,0.0832667182084046,-0.0106064607783815
"NUDC","Fibroblasts1","blue",0.121543046538822,0.167848519919543,0.060949766342937,0.0586481952297879,0.0948930822699292,-0.0996887218804545,0.00686654439803225,-0.0228343229417703,0.00794744794016971,0.0686616191326696
"NUDT22","Fibroblasts1","blue",0.0753133393597736,0.133598531365882,0.0290167953019588,-0.00257556689161409,0.0753906185359868,-0.0768213322145002,0.0330688444899018,-0.00203683433890956,0.0092591781652223,0.0670911343562158
"NUFIP2","Fibroblasts2","turquoise",0.267665397330332,-0.0655448452537463,0.340029361453029,0.0452721420615917,0.118189832645892,0.154039540305203,0.0635029279294654,0.128573588963176,0.0495944553755882,0.059655147347659
"NUMA1","Fibroblasts2","turquoise",0.146910215391981,0.00810899628488495,0.187823231549343,0.0514248396891467,0.071187892923595,-0.0543258469394619,0.00101910846941024,0.0334383940100302,0.00490209347512708,0.0231967865824869
"NUMBL","Fibroblasts2","turquoise",0.10530665941772,-0.00485974848589108,0.136152601181027,0.0275899920067633,0.0515657855966784,0.0267221470241837,0.0168546890897982,0.0411042166123422,0.0185834768450886,0.0181725457994755
"NUP37","Fibroblasts1","blue",0.0420866024411191,0.0690969516564261,0.00110211136874908,0.0038794077724703,0.0409645839077799,-0.0139132711033416,0.00136215914129688,0.00953086144959714,0.00822818573674522,0.0496903726085197
"NUP58","Fibroblasts2","turquoise",0.138829986294883,-0.00261974103649593,0.172451811287923,-0.0184626501621005,0.0938218053941272,0.0410378438535254,0.0374249337099907,0.0608007228842435,0.0187537135202068,0.0441957053209901
"NUPR1","Fibroblasts1","blue",0.00529417811206821,0.239897618185442,-0.15552663736844,0.0847681500273759,-0.0332202036760447,-0.179438106800191,0.0377182554550175,0.0229814064690253,0.107582050305515,0.0144019912425695
"NXN","Fibroblasts2","turquoise",0.157156556420018,-0.0022393828635915,0.222466647422065,-0.041263999402582,0.0993082419396482,0.0761952700207835,0.0239241569697244,0.13771284063826,0.076654970485808,0.0325398309798455
"NYNRIN","Fibroblasts5","yellow",0.0878445948786163,-0.0963242552956183,0.113798590552365,0.0450668297768508,-0.0574897555551157,0.223310614813678,0.00845211784131471,0.0857492537035087,0.0452427645127837,-0.0499429270730663
"OARD1","Fibroblasts1","blue",0.0364482846992164,0.0732066197067015,-0.00645040213161529,0.0182640346985622,0.0182271757920755,-0.0106499021363088,0.0313959268312509,0.0237793803627773,0.0210004007716913,0.0354724222587718
"OAS1","Fibroblasts1","blue",0.0304691500558438,0.0585723829590479,-0.0208457198577887,0.013285839244082,0.0153676324261571,-0.0165538415247686,0.0263736718557776,0.00178945682596538,0.0165756078863765,0.0376960446997438
"OAZ1","Fibroblasts1","blue",0.138026395571121,0.339306393222798,-0.000227863415328778,0.0108399679929377,0.159124810980283,-0.149183620415925,0.0528646625739459,0.0443665801727323,0.0803123395145764,0.129175707681343
"OAZ2","Fibroblasts1","blue",0.05511741038428,0.0912334906720874,-0.0218674950750188,-0.0126960023530548,0.0115787503479269,0.0307861914133057,0.0426313861032188,0.0261113500373227,0.0392005806338604,0.0356394408125553
"ODC1","Fibroblasts2","turquoise",0.129089201183612,0.0391187367243763,0.160042316281658,-0.00490242815782216,0.126252617377368,0.0233991649268942,0.0057142709453575,0.0712005104482009,0.0380959251921815,0.0807992092542102
"ODF3B","Fibroblasts1","blue",0.0298433195407306,0.139531456225128,-0.0453269665376103,0.00318804314565121,0.0608206913042941,-0.0986207361415163,0.0369070734323719,0.0165894670072891,0.0462960394329942,0.0790040108905277
"OGN","Fibroblasts7","pink",0.0240087724488893,-0.217070411410837,0.0675832533775748,0.0935081792016095,-0.242067136899422,0.393920297314392,0.015452571007331,0.442666693417585,0.308458433281882,-0.210081843905441
"OIP5-AS1","Fibroblasts5","yellow",0.0983435217059095,-0.244742759245259,0.161156067615591,-0.000572288000213725,-0.129310174713595,0.577324766890285,0.017316966139328,0.137961763521662,0.0661764496751902,-0.0845272938365294
"OLFM1","Fibroblasts3","green",0.0573971808047782,-0.00663073515780059,0.0363414283871883,0.162116783254756,-0.0205311186239099,0.0458091574505523,0.0146331019210689,-0.00821143098713943,-0.0196921369393729,-0.0223972355299819
"OLFML2A","Fibroblasts2","turquoise",0.136696576396283,-0.0225378939132133,0.177227534210302,-0.00974770370130149,0.112313559255449,0.0369036638107795,0.00405867072232768,-0.0341834439847784,-0.0833170823746228,0.0602220746570608
"OLFML2B","Fibroblasts5","yellow",0.191004647693191,-0.16133868090917,0.250986729303682,-0.0272956281025748,0.0201822908548477,0.373883821736481,0.0331055548064609,0.221094852408679,0.133696142722358,0.0563570115708752
"OLFML3","Fibroblasts3","green",0.110399352911382,-0.021885834378935,0.0718736213865039,0.160242805105415,-0.0812903648846873,0.206224790909901,0.0259077459347803,0.208677902059569,0.189256498828071,-0.0108456855381371
"OMD","Fibroblasts8","magenta",0.0289857870765727,-0.0854876772181012,0.014196319405045,0.0156318627885562,-0.160866338171477,0.278509972833951,0.057897446521016,0.412658563777755,0.506904007102577,-0.0714838752595509
"OPHN1","Fibroblasts3","green",0.040086456565326,-0.0226588369411371,0.0291719369504513,0.125027544480512,-0.0261708390373197,0.0100858654515993,0.0181196593087493,-0.0121650985127403,-0.000449878379183359,-0.0244583229133715
"OPTN","Fibroblasts2","turquoise",0.244633535381873,0.0729058510104852,0.245514333678347,-0.00209420420604583,0.140374689318204,0.0676859705730587,0.0606918435824224,0.10316987477292,0.0726995673769079,0.100960499560428
"ORMDL3","Fibroblasts5","yellow",0.0865474193952929,-0.0605756703788979,0.101275111853401,0.00506176355823283,-0.0190356285718886,0.207140410264329,0.015274889486553,0.0797296679934333,0.0517282971535897,-0.00503967735294481
"OSBP","Fibroblasts2","turquoise",0.16347981083368,-0.0327232056996908,0.202628089670174,0.0324312614462991,0.0512329648722534,0.113429404258763,0.0330730481426053,0.0793665256037089,0.0393905769774618,0.0238241575438914
"OSBPL8","Fibroblasts2","turquoise",0.308250580842777,0.0734478637211559,0.33304226652041,-0.0199499861478212,0.252413524556232,0.0559034205210486,0.0670683885147549,0.099736275949491,0.0211867741013305,0.183342648681552
"OSMR","Fibroblasts2","turquoise",0.235739907309101,-0.0402764259581377,0.319306727384196,-0.0399725342276054,0.233660898623353,0.0946628070311786,0.0224850008513928,0.0551591625105203,-0.0530922440364089,0.171991838932345
"OSR1","Fibroblasts3","green",0.0333149088599518,-0.0395822213400695,-0.00304551829860975,0.298530168746871,-0.0789065823734047,0.0172297228178787,0.0243643064680901,-0.0541945310774385,-0.0438779516025048,-0.0525195560428897
"OST4","Fibroblasts1","blue",0.0438170487870532,0.374040646482021,-0.106405701070538,-0.0726824388049622,0.0705533576241179,-0.194640362891839,0.0547984299888341,0.0620098725150455,0.125205043722624,0.0699260183056451
"OSTC","Fibroblasts1","blue",0.117874103329112,0.284040595240302,-0.0263058222645853,-0.111299527615276,0.140267438317935,-0.0471124055040495,0.0539899778767337,0.185683976040588,0.185125600593738,0.184512167120058
"OSTF1","Fibroblasts1","blue",0.0658789405075439,0.118581301804886,-0.00372468232108042,0.0268059465461571,0.0316165688043534,-0.0260473675297752,0.0356443080423378,0.0279679714412902,0.0381323124286773,0.0540239547865109
"OTUD4","Fibroblasts2","turquoise",0.133638530143791,-0.0118618684965153,0.153537444827027,-0.00589711664713248,0.0717802191561248,0.0660322979703386,0.0423387978235076,0.0543165096869889,0.0183447846753525,0.0366135411752085
"OTUD6B-AS1","Fibroblasts1","blue",0.0871399136932268,0.102465557658978,0.0167701670621856,0.071760829930908,0.00154636561978557,-0.0207975598281998,0.032766765219011,0.0132968229532119,0.0342392601025169,0.0157318974550581
"OXLD1","Fibroblasts1","blue",0.024841051019483,0.0775848765106096,-0.0252827768337238,0.00941789562229334,-0.000854751524173988,-0.0562187270959476,0.026747765944273,0.0206591435309622,0.0315739952995615,0.0116232095204092
"P3H4","Fibroblasts8","magenta",0.112598018013267,0.073439563293727,0.0666948121720951,-0.0496698573134572,0.0323704891400375,0.0487610259169015,0.0495925492669534,0.157841148120047,0.20674142932987,0.0414385174549207
"P4HA3","Fibroblasts7","pink",0.0475928822153907,-0.0183890518697296,0.0387233158139852,-0.0247234841055028,-0.0623924308973323,0.12526509060239,0.0157153934761445,0.217563430051281,0.151399229188265,-0.0855276363411249
"P4HB","Fibroblasts1","blue",0.201096144093124,0.27321386116748,0.12730601409378,-0.0773296328961505,0.234967968522762,-0.199087417634945,0.0359706058481123,0.113643094614267,0.125326095291885,0.184606848200947
"P4HTM","Fibroblasts1","blue",0.055752618036766,0.10592177180772,0.0121654708669404,0.0139793744627469,0.0641798171190626,-0.0821560634758359,0.0314278394933104,0.0129133246293779,0.0241086313333921,0.0719433621748446
"PABPC4","Fibroblasts2","turquoise",0.189138165308428,0.0251769845100752,0.209251506114401,-0.0296976146031114,0.106869355941409,0.0855184349278231,0.0459529219412335,0.0835845014423663,0.0400731905154377,0.0572520799013425
"PACS1","Fibroblasts2","turquoise",0.142359106488902,-0.0482293952137959,0.178013524460538,0.0318381973129816,0.0125507464725953,0.154582938475752,0.027242181348076,0.0874913398021354,0.0373831573531986,-0.000550879890193745
"PAFAH1B1","Fibroblasts2","turquoise",0.253016378728158,0.0117174424440926,0.274114364317101,0.0387142963960251,0.0845266495217901,0.115467029154927,0.0612606033442343,0.116640831673828,0.0733385418121609,0.0346358739601695
"PAFAH1B2","Fibroblasts8","magenta",0.115644960389052,0.0490583997485657,0.0584671814112906,0.0155522809116513,0.019170194510187,0.0691635422674811,0.134255483332217,0.0668336640684528,0.0984444167679016,0.0298360862768501
"PAIP1","Fibroblasts1","blue",0.0997758821609313,0.145072072792609,0.0350519599732924,0.0227264916349838,0.0803258642648257,-0.090540108317316,0.0304219266374976,0.0167123928695421,0.0346129786774029,0.0747120794364791
"PAIP2","Fibroblasts1","blue",0.0403929518713519,0.161272134802756,-0.0565290213832925,0.0317788641559321,0.055779495089777,-0.0996096200201354,0.0415412743613025,-0.0168161581480014,0.0195006107705594,0.0727847443537061
"PAK2","Fibroblasts2","turquoise",0.246121425403172,0.027664046170744,0.276681114348937,0.0363783449242391,0.0975692341363893,0.0946310853950339,0.0594546278435723,0.100927622156749,0.0586613875896677,0.0451153414087003
"PALLD","Fibroblasts5","yellow",0.281902074142865,-0.047189212351458,0.339547551766067,-0.0940104148723475,0.0793911109795441,0.313269472148978,0.081099279767121,0.34817314697022,0.254484375675242,0.0599517166358818
"PALMD","Fibroblasts3","green",0.0849890703250579,0.000385751984454996,0.0760796669136853,0.187766262556686,0.014038271568991,0.00536141674378526,0.0308601815582461,-0.0505435998806966,-0.0501086866641365,-0.0141308171770447
"PAM","Fibroblasts3","green",0.0993902974383611,0.0755305591960334,0.00869995145997992,0.169293149971127,-0.0785549914421917,0.0324602903409841,0.0174120644600822,-0.0326002514260064,0.0262157601679283,-0.039613167980027
"PAN3","Fibroblasts1","blue",0.0207324566447125,0.0471138740157018,-0.0258728607723061,0.00870409545833451,0.00753640035145911,-0.0336140909838741,0.0717835589260338,0.00524671082380164,0.0216174902286107,0.0285646301649322
"PANX1","Fibroblasts4","red",0.131155184449101,0.0407392737549427,0.146448039929042,-0.0598963540832768,0.208727752577889,0.0265335887015624,0.0132648646314509,0.0439423841718559,0.000692755560531161,0.144496688308925
"PAPLN","Fibroblasts2","turquoise",0.098211320146019,-0.0686270735206022,0.140858185943453,0.0108493506745343,0.0432139537146568,0.130016103746828,0.0126900004899666,0.0566730307054892,0.000559516877179573,0.0377364560253701
"PAPPA","Fibroblasts2","turquoise",0.258134017466762,0.0589931613049315,0.339195250055621,-0.0726158344688891,0.217006096961831,-0.0344744083792639,0.0347635081746751,0.0398526298125257,-0.00163158679827468,0.119992410444022
"PAPSS2","Fibroblasts2","turquoise",0.250647170532126,-0.0299327066097348,0.303913525454237,-0.0665356593876335,0.112080879357207,0.229379991929375,0.0516835944566636,0.156973612153643,0.0824057930126846,0.0766342804581599
"PAQR7","Fibroblasts6","brown",-0.0129321701212115,-0.0151725132348921,-0.0365779838226009,-0.00215815835020822,-0.0565674180706221,0.0357601443478079,0.234717745403621,0.0244487284062185,0.0389282751260793,-0.0461686536290642
"PARK7","Fibroblasts1","blue",0.203258259235328,0.321754439268071,0.0961724513066796,0.000751776621417049,0.208950580149563,-0.115678166590633,0.0266522494536235,0.0434817795326999,0.0520592929375306,0.184177191412574
"PARN","Fibroblasts5","yellow",0.120412831611389,-0.0411246207494496,0.126973996850516,0.0337241757973484,0.00747881587682537,0.156207132372056,0.0303813832095198,0.061007277158968,0.0260028579819526,0.00900529613821368
"PARP14","Fibroblasts2","turquoise",0.23566278751227,-0.00543675501705069,0.279896765454321,-0.0320752253460471,0.164725118649038,0.0516871721211406,0.0535778969781028,0.0721504531427592,0.0100227104315068,0.127554035358231
"PARVA","Fibroblasts2","turquoise",0.213636688311467,0.0142400213989932,0.226154361445784,0.0103227645458675,0.0818763301526857,0.142172237371644,0.0483333767961126,0.117480156302236,0.0754673441089936,0.0619731910586287
"PAX9","Fibroblasts3","green",0.0343505250159824,-0.0272886691435286,0.0132291446364971,0.154908056267164,-0.0795351373685043,0.0762424582422982,0.0102690456489558,0.0582117364029818,0.060432324967904,-0.057228882114807
"PAXBP1","Fibroblasts2","turquoise",0.123296903290623,-0.024801017278967,0.161072894324473,0.0140078665543016,0.0668065504713113,0.00856681017411939,0.0292036230343891,0.0178978098731331,-0.00655787717430073,0.0300640519491196
"PBRM1","Fibroblasts2","turquoise",0.165911154586775,-0.02052505439866,0.199064545389351,0.0111582316385733,0.0612251068753523,0.0850176090262087,0.0480644574509409,0.0907332833487972,0.0396471674242154,0.0166798471293539
"PCBD1","Fibroblasts3","green",0.0766332481111053,0.109534646105576,0.0207606617645663,0.0687420793460869,0.0371214490921211,-0.0397482808139679,0.00254875954987411,-0.0102063242720075,0.00694410686208869,0.0368841885047609
"PCBP1","Fibroblasts1","blue",0.148065969995924,0.235096211935744,0.0671922500165321,0.0111711987210696,0.166413198957405,-0.207691147647028,0.0512181380786881,0.00284762959300674,0.0265918877575484,0.127252328046977
"PCBP2","Fibroblasts1","blue",0.176255632530084,0.218684879542458,0.112497931344502,0.00547701401697214,0.181088595166656,-0.155143629541297,0.0645331942694478,0.0298826164761525,0.0346233005218969,0.146055967726349
"PCM1","Fibroblasts2","turquoise",0.231540306748389,-0.0204099259374546,0.254003760102813,0.0768747686211756,0.0599784159245901,0.111470118125454,0.0589963530383336,0.0889928362549489,0.0486513149805457,0.0325924502491005
"PCMT1","Fibroblasts1","blue",0.0689976469494767,0.138159867037479,-0.0296054905664629,0.0801963405374299,0.0335626885805706,-0.0303708842484073,0.00808584246259851,0.00587913529053114,0.0371751177190767,0.0586693928875454
"PCNP","Fibroblasts1","blue",0.0326671868857566,0.168302354094226,-0.106334430279078,0.0180853101633527,-0.0118780508018305,-0.0336730263016606,0.0599070728155271,0.0332692642186544,0.0870596462507449,0.0386949945982056
"PCSK5","Fibroblasts2","turquoise",0.229677629707485,-0.0503211897629196,0.337383184792854,-0.0792110949616305,0.264183791879362,0.126708357993988,0.0182376227329152,0.106930382001713,0.000883392641773211,0.216213709180416
"PCYOX1","Fibroblasts2","turquoise",0.219955358345877,-0.0333622625150662,0.231048526143094,0.112019388962951,0.0598246573585575,0.175820800803341,0.0545568115935371,0.0862735371593347,0.0442415951129695,0.0598752841103693
"PDCD10","Fibroblasts1","blue",0.0949893089932698,0.114860079559209,0.0302734909908628,-0.00381935839061222,0.0603966464431413,-0.0134057569241873,0.0351789195302892,0.0231978749813853,0.0334445434956897,0.0609521540097883
"PDCD4","Fibroblasts3","green",0.0967215465314957,0.0282749383430074,0.0733826557138666,0.0902332026774985,0.0246933835343081,0.0112111829272861,0.0707685872127662,0.0445842503496731,0.0185422214655067,0.0230522079898468
"PDE4B","Fibroblasts2","turquoise",0.129448121760404,-0.00588168425067004,0.179546813263306,-0.0555505628520525,0.114080087544616,0.0422943646231229,0.0195086889889832,0.0768372389606305,0.0436432775729397,0.0467448747497263
"PDE4D","Fibroblasts2","turquoise",0.160418001396746,-0.0408272551971647,0.221844691141616,0.0573371728792077,0.120701146271898,0.0612696253065618,0.0326756057358504,0.0516442674361259,0.00119422135624647,0.0666873277748109
"PDE4DIP","Fibroblasts2","turquoise",0.203704983755774,-0.00935891573761027,0.242503651306539,0.0167318266951202,0.098819961410831,0.0761237353662966,0.0412160061168504,0.135252107581529,0.0615827341911096,0.048906158709824
"PDGFRA","Fibroblasts2","turquoise",0.306919738505506,-0.00706073003720449,0.356544694486703,0.0659333567971655,0.144666328202655,0.133867908422291,0.0441675714320963,0.110708661196841,0.0428094386201042,0.0867795954783161
"PDGFRB","Fibroblasts2","turquoise",0.272792172146312,0.00204415121243317,0.367605727395587,-0.0974106203852074,0.220724611899269,0.0127838150754257,0.042088327642857,0.0840590334503735,-0.000227970629578054,0.119083424156312
"PDGFRL","Fibroblasts8","magenta",0.0130415944422411,-0.0363100879600037,-0.0365189614422401,0.128263125061651,-0.104049753311346,0.11557456809196,0.0251274054914146,0.201047130291412,0.330806141023496,-0.0389584579398279
"PDIA6","Fibroblasts1","blue",0.174618629121449,0.204588296027751,0.0960315789916751,0.0377783302266949,0.177174013481457,-0.136269427677743,0.0203049318416869,0.0190105022016965,0.0328099848940806,0.150973054388585
"PDK2","Fibroblasts1","blue",0.048260348399594,0.105091850824593,0.0029757181515458,0.000742530271779992,0.0326019920700161,-0.0623271102711105,0.02947176336698,0.0316129421597153,0.0577938353116721,0.0406477385035503
"PDLIM1","Fibroblasts2","turquoise",0.18975788796028,0.101993081991681,0.204705426272858,-0.0577641458973774,0.169545522428833,0.0276476654627595,0.00794059686893012,0.0802995330650948,0.0515944709230377,0.10656936559968
"PDLIM2","Fibroblasts1","blue",0.147056365890159,0.27108384747112,0.0322456051126161,0.0351868225339751,0.0520721992476586,-0.118729375953238,0.0514999251001498,0.111438182146626,0.159538677023548,0.0774306204447566
"PDLIM5","Fibroblasts5","yellow",0.118082760194301,-0.100097459617266,0.153803803991751,0.0504046078999664,-0.0648017465487193,0.237622758568289,0.0300199699754543,0.136217014968172,0.0865028081100889,-0.0790962450287088
"PDPN","Fibroblasts2","turquoise",0.160345187115216,0.0162426894317314,0.240260642099331,-0.135176120753244,0.263905233038952,0.103964651510001,-0.0185174850256401,0.0821751805280681,-0.00200068030369405,0.158546253900904
"PDS5A","Fibroblasts2","turquoise",0.152222403408662,-0.00224089716659087,0.171760633966631,0.0102675369081494,0.0592456581808252,0.0746685468550331,0.0311032960779852,0.0775630630847898,0.0390543047714352,0.0395175047187166
"PDS5B","Fibroblasts6","brown",0.118533722367793,-0.00902384672151411,0.11772835372705,0.0227570843010831,0.00115733511747411,0.0688262693771673,0.0959677563031475,0.0823182536600105,0.0726665938364193,0.00677299953543241
"PDXK","Fibroblasts2","turquoise",0.179292449119422,0.0710297041083045,0.212910407477881,-0.040371800158854,0.174367955551197,-0.0150841952609331,0.0221958517369253,0.0717641782633493,0.0377944273677715,0.104573149848372
"PEA15","Fibroblasts5","yellow",0.207115148884773,-0.0565311772421623,0.233326464597611,-0.00228926277678282,0.0379567916160384,0.33409110061034,0.0459733252296675,0.159387557722243,0.0951840071999244,0.0262310401803859
"PEAK1","Fibroblasts2","turquoise",0.209534879527193,-0.0274771223143181,0.237535690936477,0.0146530438813794,0.0620052082265842,0.113901457850727,0.0774977304251547,0.0975796915580048,0.0496110952496442,0.0322715107099577
"PEF1","Fibroblasts1","blue",0.0647271087182247,0.107007681523338,0.00782816801334339,0.00985327622492868,0.0551223294002355,-0.0249165236792734,0.00941867552547149,0.0293352521306688,0.0569118309729929,0.0627157386398877
"PEMT","Fibroblasts1","blue",0.035109196462294,0.105261755491836,-0.0272825044798033,0.00560935910257237,-0.00184588335273591,-0.048167311412166,0.00861750581596232,0.000591060078938399,0.0253785028856125,0.0179340512599404
"PER3","Fibroblasts2","turquoise",0.180837114849283,0.00826852512664426,0.196205520068282,0.116780380061126,0.0264784581297372,-0.00765608535093746,0.0448559423762975,0.0855935881952235,0.0721403738211839,-0.00558108864713798
"PET100","Fibroblasts1","blue",-0.0742081141878789,0.177512656283466,-0.201945543087398,-0.0187032820933214,-0.0396856673330394,-0.165844282379889,0.0578041406749902,-0.042442217307921,0.0283771246633741,-0.000827543432920754
"PEX16","Fibroblasts1","blue",0.0457133980341653,0.0871387436084133,0.00497650293041411,0.00483375338562448,0.057261204555839,-0.0519723022109783,0.0127526433428741,-0.000628258750015341,0.00417533518261061,0.048867155207988
"PEX2","Fibroblasts1","blue",0.0794846243789604,0.0804571995731743,0.0179645485379024,0.0124214597305671,0.0248596352459813,0.030320967869438,0.0175294587201957,0.0466365490196335,0.0538615889502147,0.0383950217274423
"PFDN1","Fibroblasts1","blue",0.0500547341282106,0.0772575053864987,-0.0107673357336055,0.0389900244860477,-0.0172283084062389,-0.0112742985142836,0.0439250222741887,0.0188692594664312,0.0407566918926729,-0.00664605699160852
"PFDN2","Fibroblasts1","blue",0.109239723514759,0.191767200152247,0.0598869164948216,-0.0388564442956766,0.135807502170088,-0.117330016741348,0.00979608354549597,0.015078246719309,0.0244999796550944,0.094582080404713
"PFDN4","Fibroblasts1","blue",0.0102161977896216,0.181330496676104,-0.102666299430599,-0.0381061190346239,0.024559090165618,-0.0923686159220288,0.0310682323318212,0.0136350085292761,0.0573538052738634,0.0394236180210122
"PFDN5","Fibroblasts1","blue",0.0661032488398111,0.420733712914398,-0.0665139360664492,-0.0597159749675938,0.163333678755217,-0.220092292107845,0.00948691878982315,-0.0620202762319176,0.013436151587068,0.171754669302281
"PFDN6","Fibroblasts1","blue",0.0433983077740162,0.0832959182281418,0.00430011821178539,0.0131519654156392,0.010043293569817,-0.0476286212880608,0.030025574530709,-0.010195418043939,0.00117008034174076,0.00118704726987959
"PFKFB3","Fibroblasts2","turquoise",0.157860315819733,0.00527972173251799,0.235257975912613,-0.134508877969331,0.243579279309494,0.0346061006526308,0.00509981141034351,0.0493479978261238,0.00438452387737916,0.166179794907118
"PFN1","Fibroblasts1","blue",0.00190433785693862,0.348063777876017,-0.211309863389934,-0.0629836195505335,0.0556877713358927,-0.0667862888184503,0.0613952877471134,-0.0123189736368238,0.042991778201117,0.111765737697944
"PFN2","Fibroblasts1","blue",0.0478971326452233,0.0948951476831585,-0.0583373801017188,0.0276000319188794,-0.0469331845950607,0.0564624175596162,0.0463481702017636,0.0892236041784875,0.106016358387273,-0.00491357661480329
"PGAM1","Fibroblasts1","blue",0.187796512536816,0.254560333245517,0.0887970165429068,-0.0231698935458009,0.171089859626526,-0.0921331062976462,0.0259647151458175,0.031809151619765,0.0421279179338044,0.14430925777472
"PGP","Fibroblasts2","turquoise",0.141815473139286,0.089420231126143,0.153110373386912,-0.0275753966202201,0.10624194547983,-0.0451346240245967,0.0162328432249565,0.0332008363597699,0.0205809338756718,0.0624111481803194
"PHB","Fibroblasts1","blue",0.108504421020139,0.170219551576721,0.0392780435330629,0.0248345737349303,0.108510612774026,-0.117703208809012,0.0262305940345417,-0.0144282557028122,0.0136142963655163,0.0828112989779244
"PHB2","Fibroblasts4","red",0.173068496693919,0.126363472644839,0.171259775984885,0.0136731836449976,0.173229146288445,-0.0565190688798578,0.0193911903893409,0.0308359740216942,0.0185665539588259,0.100649254643
"PHC2","Fibroblasts2","turquoise",0.256917228596763,0.0389585134960295,0.36017052035263,-0.0808453696088836,0.260216731178321,0.0425480893823826,0.0145716365395813,0.0623298385759156,-0.0203889648103296,0.158816150806251
"PHF10","Fibroblasts5","yellow",0.158830009859952,-0.0666575429392804,0.208203440851545,0.0031570288727156,0.00625351035073657,0.199372116902813,0.0391531157262465,0.16867526738108,0.101588015394542,-0.0173856772719895
"PHF13","Fibroblasts2","turquoise",0.105030373123594,-0.0376849485459101,0.136094171270614,0.0115000656287161,0.0275950445435117,0.129504034858595,0.028644328908547,0.0905486082429345,0.0441049063502366,0.0112979934628672
"PHF20","Fibroblasts2","turquoise",0.164908976887999,0.0530221815407201,0.170342123430279,0.0423696537484925,0.0818187258477569,0.0168846999272355,0.0306851659742841,0.0583801932756527,0.0314266584747636,0.0380078324128855
"PHF21A","Fibroblasts2","turquoise",0.153844623261402,-0.0369873150387694,0.203673019109199,-0.0102857220662897,0.0670603836379901,0.122974755148694,0.0228149894820768,0.0801491765594525,0.0415380729330656,0.0395129297061786
"PHF3","Fibroblasts2","turquoise",0.229904860354318,-0.048368090644062,0.27343251834051,0.0924006422423884,0.0372507438132385,0.159243757578065,0.0570938099413068,0.104200663329152,0.0556701995029616,0.00551223638805195
"PHF5A","Fibroblasts1","blue",0.0694245235577783,0.116344738397661,0.0136347682886893,0.0137537070205989,0.0579018490978036,-0.071422491480805,0.0283457868156104,0.00477050658633442,0.0259149953620009,0.047737022867775
"PHGDH","Fibroblasts3","green",0.0134232228164133,-0.0304411898254088,-0.00275021751760777,0.139732615896974,-0.0811988671276874,0.0413067298848666,-0.00105047153447442,0.0341805316573039,0.0366922760214151,-0.0906712790504548
"PHLDA1","Fibroblasts9","black",0.151822589228129,0.254438068673224,0.137721713434681,-0.325812140017086,0.558194738406479,-0.159764942184497,-0.0338454846520189,-0.02705754765575,-0.0530496702494311,0.539741787103667
"PHLDB2","Fibroblasts2","turquoise",0.1765165694409,-0.0704084826994047,0.224697115528208,-0.0159156971868653,0.0529055735364598,0.17639448874918,0.0321080147063714,0.200581917520043,0.141902563541918,0.014606003521147
"PHPT1","Fibroblasts1","blue",0.0724309363507527,0.300032344032536,-0.0414046991003182,-0.0236444741113335,0.128175827854697,-0.205609092190673,0.0310271501677595,0.031005615955714,0.0502780568546981,0.129866372095489
"PIEZO2","Fibroblasts5","yellow",0.0763699254270284,-0.0783365786663475,0.115743566905792,-0.0190282430824113,0.000917959811502164,0.161006626127272,0.00970635433869576,0.0874203585445724,0.034252125807596,-0.0171394959715403
"PIGP","Fibroblasts1","blue",0.0583078204308225,0.0937565543641084,0.0045247786618059,0.0014005639496281,0.0597043441313172,-0.00835231289193483,0.0183596690379104,0.0442108376141043,0.0583038619411186,0.0761610936145031
"PIK3C2A","Fibroblasts2","turquoise",0.153110447418501,-0.0118535045479759,0.182230509987626,0.0198556398690852,0.0608428553815892,0.0707166045539762,0.0429471018594386,0.0647934305447687,0.0320728731355326,0.0269284166015174
"PIK3IP1","Fibroblasts1","blue",0.0423787151625933,0.043819864149352,-0.00511605867398404,0.0522222926156526,-0.0196630973428732,-0.00899114204105301,0.0181630075054268,0.0303816995351494,0.0643342989127025,0.00132009474793941
"PIK3R1","Fibroblasts2","turquoise",0.269654143494527,-0.0906685045495375,0.317700968133543,0.253485738048004,-0.0582802535101018,0.189184101031758,0.0697229757974979,0.132878836773283,0.0818864208947168,-0.0735028395425921
"PIK3R3","Fibroblasts2","turquoise",0.103931063000005,-0.0588711533526161,0.164692676160944,0.0102411960537058,0.0986884038826802,0.0585969663400048,0.0203834607980009,0.0501358159359888,-0.011117875616008,0.0788448258166015
"PIM1","Fibroblasts4","red",0.104916048158052,0.0323384173964034,0.145086631827218,-0.0829750553790569,0.253932007322083,0.0162484797737417,-0.00244818862894469,0.0514431699920306,0.038559328335459,0.215592304266424
"PIM3","Fibroblasts4","red",0.146791491803058,0.0930737138524859,0.193032295051264,-0.0841175309359505,0.349889565827174,-0.0728150704107752,-0.00311164795341298,-0.010224165550404,-0.042623486353995,0.267984258115814
"PIN1","Fibroblasts1","blue",0.0507843323586376,0.203036083677316,-0.0537615545080535,0.0057154964053312,0.0480189814608215,-0.127135634143848,0.0307219516085934,-0.0101055151690122,0.0406770567564223,0.0552788757540455
"PIN4","Fibroblasts1","blue",0.0332513082293482,0.156726126795511,-0.0462904627668665,0.0133961958558326,0.0148239867794761,-0.0852322741271759,0.0487555711840586,-0.00947792408318375,0.0327110384439172,0.0201661892629693
"PITPNA","Fibroblasts2","turquoise",0.161272488241976,0.00693379562207199,0.201165234025351,-0.0210168664682205,0.105404438859206,0.0746224528849501,0.0240954405549959,0.072061319325304,0.0212635568412022,0.0590454405037512
"PITPNC1","Fibroblasts2","turquoise",0.178462534072443,-0.0151433196436953,0.251354083503168,0.0161060213804358,0.154910850285173,0.0548454365514888,0.0368766061809643,0.0319639681994578,-0.0293183345211189,0.0825257443366946
"PJA2","Fibroblasts2","turquoise",0.224619730125175,-0.0391411483664238,0.246931738784756,0.120859749403028,0.00271246984945451,0.153771534952065,0.0626331062376376,0.105254724398735,0.05417388274672,-0.0286674583177391
"PKD2","Fibroblasts5","yellow",0.163448632398888,-0.0688577039267915,0.193772437513391,0.0322916987905735,0.0204179696397224,0.190343618428108,0.0434723373699143,0.102920498032393,0.0574219675503845,-0.00360545355832105
"PKIG","Fibroblasts1","blue",0.0951372670634654,0.204111991741854,0.0230585599598085,-0.106983986319827,0.135397887306285,-0.089300642667112,0.00899587337382985,-0.00541788571023614,0.0439605538352646,0.115643265781808
"PLA2G2A","Fibroblasts3","green",-0.0265562361698025,-0.0823811819566384,-0.0211473133608525,0.316748377099601,-0.0426147542771538,0.00955186902623714,-0.0217425807189876,-0.0957138486881498,-0.0930047744713127,-0.0559037214365299
"PLA2R1","Fibroblasts2","turquoise",0.157305885826762,-0.0307785852848113,0.188819785509297,0.00957586811217828,0.0325270561307697,0.111941013402129,0.0283833688432714,0.067567006930456,0.0364106059660849,0.0211718441586898
"PLAC9","Fibroblasts3","green",-0.046368016184379,0.0820550235494931,-0.155302453326499,0.503591571566871,-0.0957900318832549,-0.186172824983759,0.0221689055082086,-0.229633754603085,-0.174246520741432,-0.047160218863386
"PLD3","Fibroblasts1","blue",0.0697511217981068,0.114533225159304,-0.0121561109329121,0.107503686182905,0.00522701052084366,-0.0180551730344818,0.0234106659454335,0.0536918819790086,0.0848684422873533,0.0458692608228601
"PLEC","Fibroblasts2","turquoise",0.178520924688656,0.0203848874778859,0.206934985042736,0.0108426665476078,0.0628380459759691,0.0113386389172327,0.0263057824640228,0.10903677572118,0.0757240097127988,0.0207199993831092
"PLEKHA4","Fibroblasts6","brown",0.0260373071100566,0.0327726751553173,0.00279138100052906,0.0220369633887625,0.0235327250910525,-0.0304541758571114,0.0535520564835346,-0.0173081402292018,-0.0213258635542593,0.0243476150744232
"PLEKHA5","Fibroblasts7","pink",0.196234889476374,0.0615358943022642,0.194479267455335,-0.13884889586174,0.162136277534994,0.0581693014835895,0.0713400423251714,0.323129444273207,0.215975470723136,0.154641811493425
"PLEKHF1","Fibroblasts3","green",0.0318286762890579,0.0411026937745446,-0.0119581151366527,0.0644879991434677,-0.0269282053577516,-0.0147020405202346,0.0152039768619889,0.0195109006744098,0.0395893553695186,-0.0114579488617198
"PLEKHG2","Fibroblasts2","turquoise",0.107312643127308,-0.00869043019334184,0.147694966686215,-0.026728351890237,0.0858338809334837,0.0328516294518996,0.0170403259745704,0.00747340788804827,-0.0216932998125974,0.0420043842797033
"PLEKHH2","Fibroblasts3","green",0.0296627939351254,0.0392287460034881,-0.00816590708514631,0.0912955074485033,-0.0429391741816058,-0.102407100028913,0.101508980708821,-0.105282762668845,-0.0336459636931078,-0.0184141129633251
"PLEKHH3","Fibroblasts2","turquoise",0.114560381869224,0.0137353895923022,0.149391591014842,0.0681358428898431,0.0638834857360408,-0.0246624520746688,0.010683912149139,0.00777122366676634,-0.0158569827531969,0.0314273210471663
"PLEKHM2","Fibroblasts2","turquoise",0.189321625864452,0.0538269609925916,0.241458036873602,-0.0101321028371071,0.144992779078679,-0.00215996529168415,0.0278068047858954,0.0678424192643312,0.0342525235005806,0.0688576683931612
"PLEKHS1","Fibroblasts2","turquoise",0.0775867376524908,0.0282155952597496,0.0980990951040204,-0.015077025404452,0.0577400661233591,-0.00872463734561053,0.00590760067524038,0.00883856629775837,0.0133111154727711,0.0486432726115065
"PLGRKT","Fibroblasts9","black",0.0828730854675135,0.11171638795544,0.0371751321186115,-0.0234915793380541,0.0932705166681949,-0.027948425189018,0.0171073998772423,0.0467925019649901,0.0312333020835343,0.115908944561305
"PLIN3","Fibroblasts1","blue",0.125901583338129,0.158179762676113,0.0534655216756347,-0.0380663081417588,0.107331782515801,-0.0532453923405072,0.0315993997941612,0.0791448414837834,0.0859482153402928,0.0982373351066804
"PLK3","Fibroblasts2","turquoise",0.134988528492268,0.0498438087479394,0.194406000579467,-0.0519029239663918,0.254919679752675,-0.0868338383669757,-0.0010913408313463,0.0143357260203628,-0.0103358405005753,0.17066603542301
"PLOD1","Fibroblasts5","yellow",0.157237868972656,-0.0328831982600294,0.170047687279325,-0.0609116907419744,0.0329722455943422,0.239970990099944,0.0210026534636895,0.175751186121266,0.10240830388838,0.0240183833639122
"PLOD2","Fibroblasts5","yellow",0.233641698907191,-0.0470266491754095,0.29526878449924,-0.128692372319475,0.117269057630366,0.274605515608493,0.0639779374833247,0.243642788509267,0.130514336284826,0.0544535223034069
"PLP2","Fibroblasts1","blue",0.0528617374757408,0.09851063746141,-0.0386993723573313,0.103167999069399,-0.03954905043092,0.0337532404650095,0.0242247919446713,-0.0062622926954571,0.0419879233496799,-0.0184301874035885
"PLPP1","Fibroblasts1","blue",0.0682939661219217,0.15496254698598,-0.0102714772485988,0.0933321429098322,0.0498140534989941,-0.117261671040455,0.00218204476095471,0.00912367719582254,0.0563827500932424,0.116340108768655
"PLPP3","Fibroblasts2","turquoise",0.230667975634453,-0.0431484846240602,0.274986235617467,0.336501071246352,0.125434559527772,0.0747489225631477,0.0109341106433135,0.00385130257816045,-0.0438570775723814,0.0977158267150147
"PLS3","Fibroblasts7","pink",0.123314426184564,-0.0808774554916348,0.126487123700083,0.0342667030535701,-0.0945510195761671,0.260661778104109,0.0411385267806231,0.227256875707187,0.147290086143091,-0.0899646872913932
"PLSCR1","Fibroblasts1","blue",0.0791368491440951,0.0938384981070931,0.0283126856487366,-0.00032924986280731,0.107015571442701,-0.0315192148377915,0.0264365154314573,-0.0231179437655618,-0.0147799253409087,0.105307494806388
"PLSCR4","Fibroblasts3","green",0.0977719137801429,-0.00916549635624095,0.0699134708901564,0.189967642792782,-0.07237761089034,0.0593725112475489,0.0555449089429927,0.0618486026536827,0.074139206369224,-0.0644898228114778
"PLTP","Fibroblasts2","turquoise",0.123115494080585,-0.0174797072604969,0.159041342090653,0.0891768303568569,0.0386582948931248,0.0589494038945892,-0.0236042332313856,0.092163422666052,0.0738772862378749,0.0304849382835377
"PLXDC2","Fibroblasts5","yellow",0.25378722172986,-0.1243902513616,0.313126785081279,0.0622197436548769,0.00584107372749733,0.299179929910266,0.0773958545909432,0.251236157345444,0.170097160525057,-0.0244756771350494
"PLXNB2","Fibroblasts2","turquoise",0.142220706933849,0.000858277467996613,0.180903248715222,-0.0154249099158084,0.0860205196754325,0.0563180581720147,0.00811135340001146,0.0786099185315865,0.0275568202367829,0.0681419344536799
"PLXNC1","Fibroblasts5","yellow",0.115584259430979,-0.0991287315442625,0.161868202064882,-0.0158415561187404,-0.000457472589882498,0.218719859791937,0.0331715159072706,0.185899719966268,0.103901575788649,-0.015559518757853
"PMAIP1","Fibroblasts1","blue",0.0494358316696302,0.111214222116742,-0.00354123242724826,-0.122624689234106,0.12918448325329,-0.0490897681784451,0.0162497884675547,0.0320692516885958,0.0497363377044485,0.126480089126614
"PMEPA1","Fibroblasts2","turquoise",0.29725618322946,0.0116681632418507,0.386221480425076,-0.1618107406547,0.0735404485691576,0.164882642438861,0.0585586810772945,0.349394344214585,0.310065702550379,-0.0109207861690523
"PMF1","Fibroblasts1","blue",0.0584205211876138,0.12015485621181,-0.0117291763672216,0.0123907266343398,0.0421724195173131,-0.0275710648898749,0.0186165329845163,0.0119573987831647,0.0288002111021274,0.0582867876157663
"PMM2","Fibroblasts2","turquoise",0.128344954139499,0.00238646033390307,0.16036524832699,-0.0123646666250465,0.066712993866017,0.0287336550926614,0.020462550443874,0.0725602055352962,0.0401390277409209,0.0282871532476625
"PMVK","Fibroblasts1","blue",0.0885326840774425,0.134092724255051,0.002187727343802,0.0727827175371129,0.0150323224792406,-0.0162355291479725,0.0306653285175434,0.0234348504383505,0.0418160858817874,0.0378731736858587
"PNKD","Fibroblasts1","blue",0.057473105305635,0.149328853589367,-0.0211049770271699,0.0021568090795985,0.0337470988469633,-0.0543736384384365,0.0290878953467973,0.0344860043638933,0.0541801223384444,0.0552773907102047
"PNMA2","Fibroblasts5","yellow",0.0687535690906517,-0.0882174062844372,0.0874858813587185,-0.00984622848622554,-0.0434235811865831,0.216839294260669,0.0227480603983616,0.132534077868736,0.0776109451351658,-0.036754775476358
"PNN","Fibroblasts2","turquoise",0.198416612158267,-0.0724775369515124,0.25685928014566,0.0600748418444171,0.019535064777174,0.145613286995982,0.0407229368766788,0.0766886400950625,0.0352900692570467,-0.0233342072192187
"PNPLA8","Fibroblasts2","turquoise",0.185862500873875,0.0385718977545447,0.203058546246207,-0.00149258056609454,0.150576712104433,0.0391692108928988,0.0456113916257325,0.0663566832548221,0.0305234597752858,0.103969979286391
"PNRC1","Fibroblasts9","black",0.221939379410261,0.150818209192616,0.211548783304411,0.00948900847930721,0.404647641809711,-0.0419165114852113,0.0196042848528195,0.0431940461989185,0.0163374156375238,0.501727150742962
"PODNL1","Fibroblasts1","blue",0.0714047727593726,0.123527800206315,0.00479320178869823,-0.0542841848980037,0.0448744822023295,-0.0232498009454925,0.0240676057991528,0.129275366840071,0.150785003251558,0.0635766430587582
"POGZ","Fibroblasts2","turquoise",0.146192541576517,-0.0138575678940086,0.177389694834078,0.0292634828257948,0.0769694885476506,0.0214293959038415,0.0345010972452726,0.053300776494055,0.0211865890373801,0.0407479046973169
"POLD2","Fibroblasts1","blue",0.0410030384339242,0.120427738418601,-0.0230097770344754,0.0149830591697875,0.0338823005752673,-0.056455381862105,0.00931194392568313,-0.0109962375405253,0.0118033063934537,0.0461791706446171
"POLE4","Fibroblasts1","blue",0.0806734760550482,0.148631885450587,0.0274679287584732,0.0198683447866028,0.0992699861321098,-0.0763072768297039,0.00349246465242073,-0.0315813345291107,-0.0269540625520529,0.0839145122310268
"POLR2A","Fibroblasts2","turquoise",0.193277062256409,-0.0103972244279904,0.258956501257667,-0.0066901142840667,0.149011504191217,0.0535036133031857,0.0269637430726948,0.0733316666526386,0.0252180596228924,0.0882361808073336
"POLR2E","Fibroblasts1","blue",0.0900803829925401,0.190036026572192,-0.0119927800136387,0.0266403424725295,0.0673569252022408,-0.0734357620102488,0.0120941737471878,0.0200340349283593,0.0547015567285225,0.0844917240486018
"POLR2F","Fibroblasts1","blue",0.0319244263724908,0.241445987244358,-0.0847165283745629,-0.00295839766059998,0.0718676873093848,-0.17802280098546,0.0277623544644964,-0.02890726336386,0.0293377787888102,0.0836484228607782
"POLR2G","Fibroblasts1","blue",0.0530553796049465,0.126196858875313,-0.0311163108750325,0.0093444151055717,0.0251267674200986,-0.00299811932400709,0.0183511990014397,0.0146347289994268,0.0396974959408133,0.054012303934596
"POLR2I","Fibroblasts1","blue",0.0532797839533004,0.19336139852557,-0.0234995506891323,0.00362117559181169,0.0529666675911017,-0.136759711146267,0.0173931253008073,-0.0125415610942268,0.0235665620919496,0.0387836604332205
"POLR2J","Fibroblasts1","blue",0.0497637980008788,0.188528423093646,-0.0326094743194594,-0.00104163408066188,0.055209340820573,-0.117582356219769,0.0326327408660535,0.0224410352272487,0.0560431094104595,0.0671100073991082
"POLR2K","Fibroblasts1","blue",0.0569829292412464,0.212782853247306,-0.0456381702011417,-0.0127116059666304,0.0914961382589577,-0.112234643493662,0.0269701315153928,0.00148943457398583,0.0285457458125509,0.0940890533801027
"POLR2L","Fibroblasts1","blue",-0.0942079892307161,0.454494192304203,-0.320995962220515,-0.0199874796125866,0.0623678209167374,-0.401186249867983,0.0586413326915662,-0.13741146592044,-0.0235980811158109,0.0958005594728883
"POLR2M","Fibroblasts8","magenta",0.0551350740900477,0.0139542121782276,0.0218158554364423,0.0391319545262573,-0.0231272168113488,0.0490280356248095,0.0399560324759775,0.0405453175960072,0.07296499443138,0.0051810230876012
"POLR3GL","Fibroblasts1","blue",0.0791656533912336,0.15062550627405,-0.00221750985818355,0.018854566341754,0.0506884859917186,-0.0630663589716737,0.0412114283850328,0.0192702942680859,0.0478968852554346,0.072296485647001
"POM121C","Fibroblasts2","turquoise",0.113884410725026,-0.0268870028975938,0.146391304935878,0.0115005715203362,0.0453457193697251,0.0621287701042994,0.0394316139009286,0.0533012836205763,0.0214671655304254,0.0111093457743705
"POMP","Fibroblasts1","blue",0.0872907071135492,0.312342307802939,-0.0506144955601677,-0.101338914214868,0.157947659811256,-0.142817127449378,0.0402850211289589,0.0368811196007004,0.069388748731408,0.135845032117054
"POSTN","Fibroblasts7","pink",0.13379738531658,-0.011136379188591,0.148449217200033,-0.304518927672644,-0.0162556208465111,0.223792259353875,0.0794742773890901,0.529787871699761,0.413086262314525,-0.0314289244867098
"PPA1","Fibroblasts9","black",0.162907767787646,0.162356113114734,0.115573755470088,0.00647677444364863,0.228301336274207,-0.0448470871708978,0.0317343711087303,0.0253942697756538,-0.00100120177738383,0.242540954003349
"PPA2","Fibroblasts1","blue",0.0585843090448958,0.104844649568007,-0.015599803106887,-0.000466349377191579,0.040468236904737,-0.00878607868532079,0.0172844086034913,0.0195676240986767,0.0384267503646582,0.0579015107415104
"PPARA","Fibroblasts2","turquoise",0.109324469026391,-0.0229203462202948,0.140792651490655,0.0245997232580688,0.0411718693941765,0.0584595751304172,0.0203053597320967,0.0450681815468,0.0149052679666171,0.0188227580071216
"PPCS","Fibroblasts1","blue",0.0822026468448177,0.124908253931838,-0.000127298164628907,0.0304865583543046,0.0219177318126069,-0.0237154184966431,0.019574526155012,0.036823607631077,0.0545922249523465,0.0446929805767648
"PPDPF","Fibroblasts1","blue",0.0468171642812266,0.286402797033719,-0.13633044605353,0.0473017387181774,-0.0254177109646442,-0.0475238888204424,0.07610291697531,0.0404197899732772,0.0901196894414053,0.0497177912382521
"PPFIA1","Fibroblasts2","turquoise",0.190798312694811,-0.00368096751252388,0.229359684011782,0.00467411074968683,0.0870073843554938,0.0813837594297594,0.0283897663646546,0.0851051653609452,0.0267649410567155,0.0421691921119742
"PPIAP22","Fibroblasts5","yellow",0.0962123541140833,-0.252872678174023,0.164174520916637,-0.0101542830618105,-0.130321229379012,0.627600574836216,0.00646238143915976,0.136897164735467,0.0634760016953388,-0.0815797432831334
"PPIB","Fibroblasts1","blue",0.172466887446044,0.353276135535518,0.0790322030863371,-0.0164486955907307,0.271579640721579,-0.345934573363102,0.0337801982927229,0.0751274459211852,0.110502775607016,0.21625673696549
"PPIC","Fibroblasts1","blue",0.0855762654986009,0.223772988070534,-0.0816927184895852,0.0639591985111517,0.0134028275041214,-0.0153799024865915,0.0420847192851059,0.172646661752387,0.209325625938124,0.092950060584958
"PPIF","Fibroblasts2","turquoise",0.13743616348146,0.015406054617398,0.219173905721728,-0.0860744419032752,0.241330983737649,0.0366227658850897,0.0118490765281179,0.0621720989808454,-0.00145921528157433,0.166911496332103
"PPIL3","Fibroblasts1","blue",0.015903849158501,0.0655014033325047,-0.0544999109661557,-4.57922069230011e-05,-0.00496954001966266,0.00592660949887073,0.0224960427913138,0.0293555182115751,0.0347921270748527,0.0227551420206835
"PPM1G","Fibroblasts2","turquoise",0.198663788047767,0.0406803548234787,0.228411602272674,0.0217275495538316,0.109036716278862,0.0468699174723117,0.0340767504306934,0.0548150713763793,0.0228608837556071,0.0626076052022969
"PPP1CA","Fibroblasts1","blue",0.0878688584246985,0.243892123452758,-0.0286422725958173,-0.0329017939397572,0.119253650376468,-0.123227714570246,0.0265264673300068,0.000458978285855492,0.0372173795530352,0.12274038730826
"PPP1CB","Fibroblasts6","brown",0.0115769366465152,0.0572732500749705,-0.0877503308586351,-0.022275521999747,-0.0803615614046722,0.0263275661254423,0.376383892571766,0.121591748647127,0.14413421282595,-0.0429168983135227
"PPP1CC","Fibroblasts1","blue",0.137323064437477,0.128239067689107,0.0377333959461141,0.0352135718264046,0.0511710203238467,0.0302251037048503,0.0628150345202802,0.0247442535525808,0.0455666671526536,0.0929181249862099
"PPP1R10","Fibroblasts2","turquoise",0.20696597429002,0.0257274083167411,0.257458361571485,0.0541455873955544,0.143222068401497,-0.0216334369218467,0.0288879716089242,0.0461078830262887,0.0116679621666584,0.0782195275580346
"PPP1R11","Fibroblasts1","blue",0.0804701157674731,0.139639556657467,0.0130954462944395,-0.0129045569475223,0.0785204293385794,-0.0471441681811923,0.0254957862616938,0.00950820835794064,0.0278443341236451,0.0814305344949512
"PPP1R12A","Fibroblasts2","turquoise",0.236784319346175,-0.00482758719840707,0.264745296892766,0.0392768115480165,0.0744024535911752,0.119044057542248,0.0518350075297605,0.102342858750554,0.0568445902551203,0.0553086038567174
"PPP1R14B","Fibroblasts2","turquoise",0.246537678852357,0.118059201473622,0.294191451505686,0.0115253386000751,0.119328208827365,-0.0132118226951345,0.0192707422688631,0.127356809814057,0.099072179933989,0.0277602704352895
"PPP1R15A","Fibroblasts9","black",0.178313164266667,0.141748919136739,0.160943376474388,-0.028358639217032,0.337205185435815,-0.0872381381241144,0.0357318680234303,0.012260655597238,0.0209023846135771,0.423962572479993
"PPP1R15B","Fibroblasts2","turquoise",0.206552455673685,0.000740406725289616,0.267114141551534,-0.00572899511084177,0.229523003255914,0.0633996847800743,0.0432918344618549,0.0763916603522449,0.00744551186040656,0.178750668942102
"PPP1R2","Fibroblasts1","blue",0.103535273697761,0.108599484708863,0.0479269369522309,0.0295150335382251,0.088512767123175,-0.0539766308488899,0.0414095455512186,0.0220767212444881,0.0404917470649107,0.07487826575521
"PPP2CA","Fibroblasts1","blue",0.105208204220872,0.0676175380329676,0.0481239189237881,-0.00685985958405227,0.0682573960729246,0.0508304263994968,0.0409209223178373,0.0605234156828144,0.0541283767405356,0.0710541770844583
"PPP2CB","Fibroblasts2","turquoise",0.177951835908574,0.0227392683682653,0.20941892786496,-0.0236183488275009,0.084218529909647,0.0683804666695068,0.0255779183541726,0.108122200218602,0.063200479246372,0.0391607244832355
"PPP2R2D","Fibroblasts2","turquoise",0.141067098459905,0.014605925735467,0.169549483629292,-0.00590600541680693,0.0800427663371455,0.0493086202680153,0.0215540155472261,0.0555243192199158,0.0277267326035869,0.0432132216983763
"PPP2R3C","Fibroblasts1","blue",0.066198957806838,0.119209728961863,0.00457288948296548,-0.0253436680118125,0.0558286460670085,-0.0461398507951218,0.0376784654562651,0.0333043780995869,0.0507861369434855,0.0593811239376355
"PPP3CA","Fibroblasts6","brown",0.0652041910711132,-0.00390977925832391,0.0153570071093232,0.034675660823176,-0.0363645615754711,0.0741038550342717,0.327576168723935,0.0993362095848324,0.096654961665943,-0.00330280752576942
"PPP4C","Fibroblasts1","blue",0.0414540978022852,0.152947987217313,-0.0529429617241754,-0.0166547999153192,0.0619320323918902,-0.0652678029947174,0.00893351669841342,0.0040521521785773,0.0267516926149119,0.0764780881293094
"PPP4R1","Fibroblasts2","turquoise",0.164836345330574,-0.0547324158265463,0.213670417391713,-0.0272814452186229,0.0375185045272275,0.165622879788228,0.0428021483136484,0.130115720099995,0.08210934781113,0.0126589804378847
"PPP4R2","Fibroblasts2","turquoise",0.200595509750093,0.0301472964732943,0.211467715075966,0.00765755470762928,0.108783223225868,0.0778719213265668,0.0485286995685757,0.0934444600129331,0.0589085813809149,0.0759962721852476
"PPT1","Fibroblasts1","blue",0.0553572119456011,0.131557630585166,-0.0557932650774382,0.0292746207200552,0.0391976486439511,-0.0236048928886284,0.0186884938995907,0.023757301162301,0.0556487010313632,0.0836269152200077
"PPTC7","Fibroblasts2","turquoise",0.14059991542926,0.00590427463128761,0.164652305528872,-0.0180947217990529,0.100920755307311,0.0579728654413791,0.0199149368096862,0.071497039193376,0.0405968559422357,0.0753360824750583
"PQBP1","Fibroblasts1","blue",0.0632868195809528,0.11508056908545,0.011193138471097,0.0270355026125717,0.0531196094024302,-0.0575074684753195,-0.000671875227711949,0.00104885009559378,0.0247100693153012,0.0527659101212606
"PQLC1","Fibroblasts2","turquoise",0.132822884750483,0.0244721343063887,0.180687898620272,-0.00170404298897453,0.0940805794208324,0.0162559371631263,0.00658807943415154,0.0440166315951412,0.0102526152666902,0.0387400826624047
"PQLC3","Fibroblasts1","blue",0.0216616323129022,0.100369402412903,-0.0789293430367963,0.133699591919241,-0.0318312824139861,-0.0527663943561259,0.0265167698252615,-0.00355013920304179,0.0481776745445978,0.0228522748945433
"PRADC1","Fibroblasts1","blue",0.0548739935251654,0.128288407247972,-0.00456262210092247,-0.00464149053347461,0.0468073821538466,-0.0581319222755916,0.0261500206640514,0.0271361099642102,0.035995061037139,0.0531239731223422
"PRAF2","Fibroblasts1","blue",0.0710465891489225,0.161611000794178,-0.0104974660300745,-0.0327203255317716,0.0539555970807427,-0.0254740499244071,0.0356708671166071,0.0448807960371671,0.0614158282903421,0.0670894252976933
"PRDM2","Fibroblasts2","turquoise",0.178373128300889,-0.0140682810448329,0.210868754210439,0.0241763295310831,0.106729511949363,0.0506865842113827,0.0470625478161174,0.0606762909647722,0.0274062701219476,0.0610610240895112
"PRDX1","Fibroblasts1","blue",0.15774705107933,0.299128710843283,0.073716918419912,0.0429131460511458,0.179008616541868,-0.248395280854514,0.010118675881657,-0.0188306599538945,0.0292678874141042,0.119840638764672
"PRDX2","Fibroblasts1","blue",0.073382948104312,0.275115231935383,-0.0430112350459534,0.0776987112153808,0.0861632782265736,-0.192517336335597,0.0093005351501728,0.0118136265119828,0.0702233791218657,0.111742672988322
"PRDX3","Fibroblasts1","blue",0.109102115347302,0.109218119143211,0.0291989834914014,0.0159625988955032,0.0613213337805872,0.0653838610821831,0.0211946000369043,0.040371203513496,0.0352821635223688,0.0891644975447351
"PRDX5","Fibroblasts1","blue",0.104962113850442,0.240516699990033,-0.00281873444623136,0.0303968188183371,0.0813700250811817,-0.0855984261181779,0.0333436898573592,0.0381527961902838,0.0746864130042476,0.0777555260015883
"PRELID1","Fibroblasts1","blue",0.131649887972222,0.32436163817943,0.0341062715109218,-0.0849183066787616,0.281504214651884,-0.215964571094296,0.0208093592131266,-0.0248064724053642,-0.0175127604545367,0.224892767409496
"PRELP","Fibroblasts3","green",0.060451327907879,-0.113312557334991,0.0249824894422895,0.35443165529678,-0.242270910780496,0.232683036832659,0.0338982671336968,0.146863725491269,0.142540147890087,-0.194105869557392
"PREX2","Fibroblasts3","green",0.096684514363931,0.0141972467975266,0.0810838642276215,0.141939869582824,-0.0291934959450552,-0.0210570901277225,0.032062204992516,-0.0203558187822433,0.0182833363617459,-0.0372987725870286
"PRICKLE2","Fibroblasts2","turquoise",0.110974481850419,-0.0288244721198028,0.145233484489786,0.0102142481839517,0.0532500279027983,0.0582591051958164,0.0288667765455395,0.0692364255132257,0.0332564080562269,0.0275728564772424
"PRKAG1","Fibroblasts1","blue",0.0555430264626807,0.100719584717516,-0.0191354272024089,-0.00693456397523126,0.034058730643481,-0.016255328430017,0.0195626852148385,0.0300998086066815,0.0424449090680334,0.060915286692675
"PRKAR1A","Fibroblasts8","magenta",0.204465998864708,0.033842966849469,0.159452268122633,0.0297751975252457,0.0751753981321411,0.158529781609136,0.0963473915686119,0.129864587312287,0.151510534843325,0.0764914095673321
"PRKAR2A","Fibroblasts2","turquoise",0.188443151840604,0.0136060937041576,0.202232095081517,0.0182540755006812,0.0859092629481558,0.0406154934820824,0.0545514815285547,0.0720246410623076,0.0420673152692066,0.040418919418311
"PRKAR2B","Fibroblasts2","turquoise",0.164128762709865,0.0313799220614491,0.222063469729381,-0.0488956367538409,0.214771607683827,0.0294440495414201,0.0140122320627575,0.0387569021814053,-0.0331473649189481,0.176034669159268
"PRKCA","Fibroblasts2","turquoise",0.164186195286379,0.0258932835793785,0.204957044711613,-0.0169478309014406,0.136826012415679,0.014540815924396,0.0220143075020919,0.0801463022438979,0.0422975747569731,0.0831146620184873
"PRKDC","Fibroblasts2","turquoise",0.238419505226372,-0.0134112351995457,0.279930440550562,0.0651765840816406,0.085839040415852,0.0649788929403479,0.0526614146627804,0.0907913859074325,0.0320681975711252,0.0281512162165958
"PRKG1","Fibroblasts2","turquoise",0.208290582753308,-0.0163297436862333,0.238926977913069,-0.00112491116789992,0.0942762880760908,0.0974172828159643,0.0756579309739267,0.102535945960262,0.0665776970589013,0.0920437854748503
"PRKRA","Fibroblasts1","blue",0.0575222699908721,0.125514044760794,-0.0177639374352773,-0.00376780108817109,0.0537661990668414,-0.0493051275106258,0.0266638553756633,0.0178007248438382,0.0408446024773268,0.0555888642333782
"PRMT1","Fibroblasts1","blue",0.115770090536905,0.162957100576506,0.0571398265735563,-0.00574527999779128,0.118767055543762,-0.0716800398995982,0.0318133576808415,0.025300432439287,0.0354168215035158,0.0986830778673214
"PRMT2","Fibroblasts6","brown",0.0602628597510413,0.0560036914542064,0.0088718476117357,0.0360710625037447,-0.0690106164579867,0.0124685650312942,0.0961114776403919,0.0791016314463498,0.0906861175751559,-0.0667663329009465
"PRMT9","Fibroblasts1","blue",0.046287843763769,0.0710542691733629,-0.00215352093334772,-0.00342068136490813,0.0593992265660596,-0.0389655621446899,0.0109923085587615,0.0151496004803566,0.0217856313156856,0.0577870804193185
"PROS1","Fibroblasts3","green",0.0624626315604415,0.0309133189695667,0.00505188903895365,0.212713082873056,-0.0146276003806023,-0.00508443697177509,0.0225381427125008,-0.0732492583371195,-0.0463716075863163,0.00311268357589125
"PRPF40A","Fibroblasts2","turquoise",0.224895740567023,-0.0156205465033509,0.261149108161633,-0.00780942742061935,0.108052486247446,0.130599089427953,0.039536124817362,0.0989755329609508,0.0427087939449489,0.071468983998475
"PRPF6","Fibroblasts3","green",0.0864842188715562,0.0460966904679671,0.0632358897968841,0.0832067518683585,0.0144340877333996,-0.023661388527705,0.028886861416561,0.0114895032288408,0.0121669831821032,0.0054468928402828
"PRPF8","Fibroblasts2","turquoise",0.146569304161901,-0.0107195243404793,0.179241957899202,0.036276528829853,0.0434136818009873,0.0461177249488619,0.0225637479717043,0.0706777466812991,0.0301341683587414,0.00374238530796567
"PRR13","Fibroblasts1","blue",0.0623563227534176,0.164381644571188,-0.0329399915018497,-0.0165915483687539,0.0669248892799345,-0.0387420227662145,0.0384044206181072,0.0151223163867803,0.03132629860712,0.0869019898740286
"PRR14L","Fibroblasts2","turquoise",0.14107073520176,-0.0294999330783423,0.169965685344344,0.0252830046750219,0.0406525889127945,0.074377460607165,0.0288365912622152,0.0606505311472068,0.0286588093430913,0.0243145327539993
"PRR16","Fibroblasts9","black",0.0731685258429619,0.100736584771697,0.031298121073016,-0.0632569697251889,0.109961632999538,-0.0229364708215889,0.0170177857877926,0.0115749237654479,0.0124353963657632,0.143062905705456
"PRR34-AS1","Fibroblasts1","blue",-0.0031402368616973,0.0629785226448555,-0.0367706942904305,-0.00870125013123358,0.00155543304642702,-0.0342946193012705,0.0160549130702204,-0.00229574931820481,0.00480597183638737,0.00489555759973275
"PRRC1","Fibroblasts5","yellow",0.185172002469762,-0.0251954568050814,0.187414056767214,-0.0165535650257921,0.0302215002647331,0.185501577415538,0.0481780630274553,0.135959803539012,0.0937135191144094,0.0150628002081138
"PRRC2B","Fibroblasts2","turquoise",0.176312589567734,0.0073335486001959,0.224090180153735,0.0483532285682488,0.100399111546822,-0.0254429406718367,0.0247544369521561,0.0503436514068092,0.0156704734691159,0.0497866819559879
"PRRC2C","Fibroblasts2","turquoise",0.33614803846131,-0.0399599874533256,0.426424616000126,0.0176939390054896,0.162843565933982,0.159948146826245,0.0616923978257852,0.1417286477643,0.062306317943969,0.0807068157903807
"PRRX1","Fibroblasts5","yellow",0.305948033313051,0.0235610145856185,0.290764177815256,0.130535023236837,0.0380588866936233,0.219391917751185,0.0907975378108011,0.183475925976703,0.117673551678948,0.0501917452015699
"PRRX2","Fibroblasts2","turquoise",0.330036491203931,0.178512113238996,0.395687080004544,-0.0027163588947469,0.30483926100019,-0.0802118498031764,0.0103059248872829,0.0722022928474081,0.0294298557648008,0.171908753410692
"PRSS12","Fibroblasts2","turquoise",0.264951199612283,0.0639998809677691,0.35542037810202,-0.0650981182361596,0.27093185849566,-0.0448060752460705,0.0152992594058849,-0.00400585540624424,-0.0462793569945207,0.234173224964279
"PRSS23","Fibroblasts9","black",0.224185898860605,0.119252339571647,0.148829882543731,-0.0465505484509176,0.147085000430214,0.119580152478723,0.0405009671832804,0.218651315878332,0.164959600857762,0.225215877233842
"PRSS35","Fibroblasts7","pink",0.0346850462262112,-0.0601847958765017,0.0413181950401954,-0.0107964040144382,-0.169397143708247,0.171206146858043,0.0199013611859773,0.385902144563622,0.317425584023753,-0.164505190676807
"PSAP","Fibroblasts6","brown",0.085208717609931,-0.0461979623977848,-0.00494412230858649,0.138958203901361,-0.0766058701827335,0.249558982477452,0.0490301159273547,0.151438123986599,0.147152714175328,0.0247760364761876
"PSD3","Fibroblasts2","turquoise",0.299539466737564,0.00333589587355249,0.377696850785525,-0.0958080060774927,0.203746586992972,0.105755377094013,0.0470712366470232,0.162207950617193,0.0774409723847001,0.132116853098358
"PSENEN","Fibroblasts1","blue",0.0402134249392326,0.107795388296728,-0.0260862592989068,0.009512355299701,0.0304494214310228,-0.0195842101475557,0.0310411109838584,0.00355791430001112,0.0176366687285981,0.0530138718076983
"PSIP1","Fibroblasts3","green",0.102081656095268,-0.0106148126826544,0.0796214104737841,0.127093124480601,-0.042797969171394,0.0878792339262656,0.0536639361700211,0.0533062480759956,0.0583027211674056,-0.0329271820095492
"PSMA1","Fibroblasts1","blue",0.0732513974616425,0.212610411323629,-0.0395339736108612,-0.00804084420725529,0.119756878129223,-0.133849224387422,0.0250585697930128,0.0391782836099471,0.056233182673754,0.124693836908303
"PSMA2","Fibroblasts6","brown",0.00962421521586512,0.218892012680023,-0.127974018309668,-0.000754450177911829,0.0470173503755786,-0.142378376046793,0.0907339450550187,-0.0487736691136313,-0.00421483773961016,0.0770860673633406
"PSMA4","Fibroblasts1","blue",0.0258414909984998,0.225091289009769,-0.129327468046215,0.00214141389781253,0.0685373231478595,-0.120649147707294,0.0516925521259378,-0.0112091210991337,0.0279249312331897,0.114278030926572
"PSMA7","Fibroblasts1","blue",0.159250791110445,0.28201805801237,0.0684615648866734,-0.0166834788906901,0.170323331134807,-0.153224036792789,0.0562103899051259,0.0274534199377898,0.0603144113831156,0.130366221233749
"PSMB1","Fibroblasts1","blue",0.176924022270853,0.246635321850351,0.0918582406586295,0.00688963844021703,0.177033090354394,-0.0845006996263758,0.0254732928308584,0.0374793545173549,0.0435756457648189,0.151574037254713
"PSMB3","Fibroblasts1","blue",0.0657231788326215,0.272237268520835,-0.051123374196008,-0.0351342444267359,0.150974621004887,-0.171204536806071,0.0149184550978085,-0.0222107399184081,0.0140230542416817,0.142203848479482
"PSMB4","Fibroblasts2","turquoise",0.186230317733248,0.0677257654059872,0.207680913741232,-0.0319068136374998,0.138412999527896,0.0718594340826766,0.0258091626424518,0.0712114464345983,0.0293784144460225,0.0920694116603995
"PSMB5","Fibroblasts1","blue",0.152678858931054,0.249444396249601,0.0552319030947521,-0.0433493593821482,0.160497461441545,-0.0723553508012899,0.0150750162170869,0.0526186143032317,0.0712705110543856,0.145068701172426
"PSMB6","Fibroblasts1","blue",0.124195104310106,0.219759274298737,0.0328685163166045,0.0141112110391038,0.0948965622885519,-0.0809711572057565,0.0179069090816041,0.0228166891290473,0.0426153727258549,0.0818668801365728
"PSMB7","Fibroblasts1","blue",0.106063363748087,0.209951031422446,0.000418052890526972,0.0185707051761949,0.0998768100458508,-0.0722358550682295,0.0135459477719746,0.0107943534926393,0.0434224107297487,0.112975059575095
"PSMB8","Fibroblasts1","blue",0.145526488678143,0.197204254637004,0.0621531081926193,-0.0250853304161555,0.156748802124418,-0.0721231597747413,0.0356236703363775,0.0337054508574468,0.0322960398417837,0.16209565328648
"PSMB8-AS1","Fibroblasts1","blue",0.018851696041384,0.0716745995065517,-0.0249261374579986,-0.0466294136828807,0.0526379468223405,-0.0223870032568733,0.0291148411003062,0.0136807767016095,0.0209179700339883,0.0626139860771971
"PSMB9","Fibroblasts1","blue",0.0658613020747741,0.206804440987086,-0.0320478411917267,-0.0213740079035008,0.132274598361414,-0.117835773103281,0.037341056966225,-0.0125379722815483,0.00603255926013522,0.160979258016
"PSMC1","Fibroblasts1","blue",0.105535363751672,0.189917515334834,0.0392115513258638,-0.00293732347496279,0.122831188601469,-0.13534433785781,0.0443639286980154,0.0111239908634235,0.0183942592081855,0.0952037424074197
"PSMC3","Fibroblasts1","blue",0.107189388358332,0.171697482297414,0.0258531621469993,-0.00617728573144593,0.0991819484042663,-0.0488043184210454,0.0332902740290918,0.0155153393945072,0.0340561421843771,0.094510189430079
"PSMC6","Fibroblasts1","blue",0.103919879100072,0.111131490755048,0.0423016731679153,-0.000496673082723424,0.0811338386001735,-0.0531796139367562,0.0230160816494017,0.0208105704637782,0.033255846491173,0.0712578477822868
"PSMD1","Fibroblasts2","turquoise",0.210104676780791,0.0193993453670465,0.246001419170879,-8.0794550297223e-05,0.114207459958117,0.0728696398405241,0.0373316484404931,0.0946509328514341,0.0388674925941853,0.0662954917925503
"PSMD4","Fibroblasts1","blue",0.107100326523524,0.134046245105131,0.0302359962512551,-0.00975763641987942,0.0634659890945315,0.00345555878832119,0.0381726598539902,0.0407789346877651,0.0363474055566205,0.0676469880375602
"PSMD9","Fibroblasts1","blue",0.0141518969310335,0.143671084500461,-0.0963212344736881,-0.0166169108244746,0.0114354291820469,-0.078361318649166,0.0390592338207642,0.00984485488437975,0.0496073262642377,0.033880195292757
"PSME1","Fibroblasts1","blue",0.074367090353968,0.213997113491134,-0.0182168870399387,0.01224696171669,0.118669369407016,-0.114750366908915,0.0474845608565624,-0.0489803426083782,-0.00932403055765405,0.139048945030053
"PSME2","Fibroblasts1","blue",0.0777141138351164,0.264944602400675,0.00324845523503371,-0.0882240527082157,0.231436423189959,-0.196036407200154,0.0279441399758132,-0.0328057992871855,-0.0264266878129591,0.214852034814949
"PSMG2","Fibroblasts1","blue",0.125465167699185,0.166929775674102,0.0362645684502403,0.0148610719013566,0.101386311389155,-0.0300683367629603,0.0324896715908885,0.0363684530415978,0.059375138413873,0.116369021489994
"PTBP1","Fibroblasts2","turquoise",0.156157828824917,-0.0757356469773661,0.226252101335919,-0.0151371502163757,0.0621573818797114,0.188408615953396,0.0263131491207144,0.0826471890986864,0.0280247299103305,0.0234050322407523
"PTBP3","Fibroblasts2","turquoise",0.213416117172512,-0.0308125527420076,0.247380762707545,-0.0040569874069578,0.0996557869699632,0.148751938774351,0.0541748552672851,0.0969797877580971,0.0361993054163888,0.0777636411004087
"PTEN","Fibroblasts6","brown",0.21440705510756,0.0765026485366598,0.197081934248202,-0.0449823673102192,0.0828997038272982,0.091661266003758,0.201572083455967,0.0856602940110376,0.0788409227777724,0.075280689104159
"PTGER2","Fibroblasts1","blue",0.0145635953324241,0.0793375440348778,-0.0556475785352716,0.0231904935519306,-0.0594325225454104,-0.0165134386370798,0.00584581371586301,0.0867822763112639,0.12674701534541,-0.0313537071177923
"PTGER3","Fibroblasts3","green",0.0113702260567468,-0.0193715589620885,-0.0189357422710722,0.244709138722193,-0.0788924638968341,0.0371279190438571,-0.00760527079295381,-0.047141153041499,-0.0294297739555393,-0.0481126825577747
"PTGES2","Fibroblasts1","blue",0.076004042164932,0.127783686436187,0.0221203352615913,-0.0134677518959684,0.0649681041775754,-0.0526941556436882,0.0241728463341933,0.00807106346742648,0.0242185559627924,0.0595039352538956
"PTGES3","Fibroblasts1","blue",0.143335336661376,0.160595218646885,0.0334182687676197,0.102675262631747,0.0287807438567589,-0.0293385784923069,0.0458747212951038,0.0407735925736026,0.0667801771125151,0.0365354715121168
"PTGFR","Fibroblasts7","pink",0.177193347885218,-0.0544830434558681,0.177162481270803,0.0405525110102097,-0.0176085231680512,0.245477033312769,0.0445769701225547,0.342594158920053,0.245659643955562,-0.00227793330325924
"PTGFRN","Fibroblasts5","yellow",0.15652634742554,-0.106084603195925,0.195117282279593,0.0605776268090737,0.011067092730064,0.220479975956388,0.0377579617077829,0.157143845188411,0.0921895147667191,0.0095999279244141
"PTGS1","Fibroblasts2","turquoise",0.157628066028652,0.0653086874097082,0.192353077595631,-0.0594543817295432,0.126874480963391,-0.0194931516757389,-0.00607568597693837,-0.0530318682153521,-0.0657560241807145,0.0382961256949591
"PTGS2","Fibroblasts4","red",0.168097794068867,0.0191824718320639,0.267986720778378,-0.0629656370343177,0.410394119505859,-0.0483890920753635,0.0183807133236882,0.0263911092101146,-0.0534231460180745,0.257079602406026
"PTK2","Fibroblasts2","turquoise",0.15017981017586,0.0154256659694568,0.168200937744355,-0.0246486715309091,0.0879584150083983,0.0464727820433213,0.0412198859815928,0.0666836482318146,0.0325805594406996,0.0597027631011206
"PTMA","Fibroblasts1","blue",0.040913466518787,0.420966548907108,-0.0535478482586239,-0.194557729347595,0.374727625419552,-0.411183905391464,0.028099031759127,-0.214021123257508,-0.128806428770883,0.313493191722725
"PTMAP2","Fibroblasts5","yellow",0.112118692229229,-0.335337546611322,0.207059592894266,-0.0349900478480412,-0.159554826354625,0.770203980315695,0.00677443100265736,0.157871806798607,0.0603549706522935,-0.0934678853570863
"PTN","Fibroblasts6","brown",-0.0168895333653145,-0.0210473616161327,-0.0852829271003526,0.194799152280618,-0.233961132384611,0.0735346003307589,0.0852841442901665,0.128322635481569,0.160354010708685,-0.165462125950102
"PTOV1","Fibroblasts1","blue",0.0734452354009528,0.134288436972326,0.0268351847464473,-0.00602421917246052,0.0831170434949151,-0.0860466978492048,0.0137662590061208,0.0279303473862958,0.0307192503908245,0.0794178281120193
"PTP4A2","Fibroblasts5","yellow",0.253676643249994,-0.0080647408390622,0.266456202244439,0.0056880605302763,0.0889725909908989,0.232829629225373,0.103190090394527,0.154557376344031,0.087671788324028,0.0509142200821695
"PTPMT1","Fibroblasts1","blue",-0.00317798919273079,0.0992626418365942,-0.073421415076889,0.00811052498133792,0.0174588838445893,-0.0871702218937596,0.035569600587615,-0.0231042935642086,0.0154060575747946,0.0422445938987605
"PTPN1","Fibroblasts2","turquoise",0.173155467971928,-0.0225205193472269,0.227897651678033,-0.0230367001596026,0.115029866512174,0.0874408043729526,0.0386462959245572,0.0775521523388039,0.0345043300427629,0.0696992902867123
"PTPN11","Fibroblasts2","turquoise",0.242857982535656,-0.000440701583921074,0.28451620233259,-0.0233514831615909,0.100957719906108,0.131861109347118,0.0646624164541885,0.118501754111075,0.0757990352061236,0.0425927359283754
"PTPN12","Fibroblasts2","turquoise",0.170160456387493,0.0131993365101524,0.197977500492578,0.0264401819325557,0.0995427489517977,0.0485936173235823,0.0441074456254302,0.0438925028695441,-0.00213305657834264,0.0494266737522222
"PTPN14","Fibroblasts2","turquoise",0.1675726365938,-0.0209607756837444,0.199550270092853,-0.0118943717779274,0.0412795707220389,0.133785086686602,0.0611561639618851,0.113704093147171,0.0624929572570018,0.00601098570995616
"PTPN23","Fibroblasts2","turquoise",0.0941555589325674,-0.0278527125818701,0.121471003170887,-0.000140658467799856,0.0150931106849987,0.095867921002364,0.0113964359179267,0.055752633447666,0.0301682920778814,0.00640721497583217
"PTPRD","Fibroblasts7","pink",0.0817205089731727,-0.104477586500864,0.112600769342208,0.0305018947036196,-0.0537839689651585,0.178511641990187,0.0462347345638839,0.200274522422492,0.10836953306807,-0.0531984427644937
"PTPRS","Fibroblasts6","brown",-0.0639460333795581,0.00378060153071204,-0.106782825553593,0.111810520271481,-0.0783420230806559,-0.109215364199831,0.37931545996413,-0.0594687611682973,-0.024231342083664,-0.0602370265581734
"PTRHD1","Fibroblasts1","blue",0.050699107354156,0.176130779785962,-0.0186304953658516,-0.0331301931350442,0.0806805889347756,-0.0972077400123406,0.0187894284560948,0.00773817148654815,0.0256590024112588,0.087203262524032
"PTTG1IP","Fibroblasts5","yellow",0.205751558782376,-0.0552658205364815,0.244096638663933,-0.011236857080704,0.0598434787106376,0.250119253170377,0.0413997390214566,0.159465803972053,0.100994026951376,0.039631653811095
"PTX3","Fibroblasts2","turquoise",0.0628666478432446,-0.0349917500699328,0.11916342236311,-0.00927327393033166,0.109529252857601,0.0243897911180325,-0.00804078212486387,0.102518701521611,0.0362374187028332,0.0404110472407722
"PUM1","Fibroblasts2","turquoise",0.226720684708891,-0.0651614700836032,0.291489910646185,0.0317112635727216,0.0782098513924148,0.144685170959871,0.0533482002311862,0.0983945601079075,0.0372048277789702,0.0317042820215082
"PURA","Fibroblasts2","turquoise",0.250817400607578,0.00843041358298826,0.298597856816076,0.0335900548648856,0.102197559934006,0.0848713066569178,0.0539185150031887,0.103246971531147,0.0534021290788205,0.0467734884205883
"PURB","Fibroblasts2","turquoise",0.165119655314889,-0.0322347443129647,0.203662042798364,-0.00740759743710306,0.0619516231937242,0.11390823757518,0.0496312396862894,0.0934594454509663,0.0407581892485132,0.0322769195494471
"PXDC1","Fibroblasts2","turquoise",0.189746648823738,-0.0456404422632818,0.254545433380841,0.0431313247979606,0.0810424736948222,0.150796595691577,0.033662421771046,0.110347093610261,0.0661794259969686,0.0294875331152172
"PXDN","Fibroblasts2","turquoise",0.318210583906069,-0.0230996206474144,0.441628127669563,-0.223709672644418,0.282827437342218,0.165972413716085,0.0332228809240953,0.204360566023058,0.0835582795292219,0.171346521522027
"PXK","Fibroblasts2","turquoise",0.147294029337727,-0.00205818230199398,0.15529222407203,0.0592450387673466,0.0335259068384382,0.0990028725767191,0.0241072150055418,0.0497586636449882,0.0248390054850612,0.0194005177565084
"PXN-AS1","Fibroblasts1","blue",0.007388910378582,0.0605455657977235,-0.0200703988925524,-0.0131800565958749,0.00407411974549026,-0.0435392265003128,0.000637153140343454,-0.00538813394059545,0.0226217537037303,0.0175292458032048
"PYCR1","Fibroblasts1","blue",0.0537681462943532,0.131985402102545,-0.02287292499271,-0.0177366773592712,-0.0351259717364614,-0.0418033026766214,0.0331918905329785,0.153067115038078,0.186759744302165,-0.0313297152482629
"PYGO1","Fibroblasts5","yellow",0.107984485240031,-0.0933909864615281,0.145588435388111,0.0326066366012795,-0.0358012911345996,0.188728218731343,0.0247025443295708,0.109631861387372,0.0665115754266171,-0.041129783366092
"QKI","Fibroblasts2","turquoise",0.268512150670329,-0.0424478299291218,0.326008717430334,0.01881524945064,0.0951880668392329,0.172037248809149,0.0646097247461777,0.135527140447137,0.0706046429930815,0.0569771610867665
"QRICH1","Fibroblasts5","yellow",0.0966207688236483,-0.0466726817627687,0.118634043005732,0.0152232422640832,0.00455325828626416,0.145218216462413,0.0255259882858135,0.0716867443949603,0.0352287209962141,-0.00464087890159143
"QTRT1","Fibroblasts1","blue",-0.0194224341950206,0.0866366986927974,-0.0778551424642574,0.0241064306549743,-0.00586782103059228,-0.0805283111822589,0.0320350464481574,-0.0129748898190175,0.0133847962341519,0.00865886009998665
"R3HDM2","Fibroblasts6","brown",0.105426066192314,0.0175211167311755,0.107575709670271,0.0125198947948782,0.0487611126067671,0.0212249006619764,0.172306674737712,0.0418365491118025,0.0304316962433491,0.0317204219046421
"RAB11A","Fibroblasts1","blue",0.0793319146709784,0.115186981629668,-0.00198613737614166,0.00261145433530668,0.0571676464991732,-0.00446653304275357,0.0384997946031054,0.0333801967634275,0.0331535404441719,0.0737693827064148
"RAB11FIP3","Fibroblasts2","turquoise",0.0988276236225873,-0.0431262254809563,0.139873416734017,-0.00266110587045769,0.0198467671906603,0.110913537717742,0.0170374141906349,0.057458685486924,0.0221473425565869,0.00132105660166982
"RAB12","Fibroblasts6","brown",0.0711306343701117,-0.090316696864464,0.111006966463731,-0.000298178223958256,-0.0337011441923175,0.147929079936939,0.170187466743278,0.0522160401794611,0.0203533822513959,-0.044679056609954
"RAB13","Fibroblasts4","red",0.183558215580601,0.219852160572999,0.170712612030624,-0.180438099720345,0.309564576483601,-0.0583926051165717,0.00732489112196813,0.0536460358197241,0.00764511936955137,0.225283272385859
"RAB18","Fibroblasts1","blue",0.106148101408239,0.141957093590341,0.0208373018093523,-0.00511446560746067,0.0505998765773536,-0.00893234019986437,0.0462841641727185,0.0604336284257245,0.083444814931767,0.0579095298188928
"RAB1A","Fibroblasts1","blue",0.126569302553626,0.065290850043569,0.0374384703547846,-0.0235329304220593,0.0293705053438577,0.154479062359943,0.049313312583459,0.131999165881818,0.117006560631468,0.0409862056583829
"RAB21","Fibroblasts2","turquoise",0.181494273077403,0.0139384917686991,0.209132062003454,0.0324484815390306,0.113834968984628,0.0241508810655197,0.0402193170453388,0.0527950917061072,0.014284373214105,0.065128408259959
"RAB23","Fibroblasts8","magenta",0.0672699465223052,0.0670786461827357,0.0173189085638656,-0.0321925658929434,-0.000831455566367485,-0.00279858683091246,0.0587767472720558,0.118862505175491,0.195793351487676,-0.0041603030866186
"RAB28","Fibroblasts1","blue",0.0438169807991225,0.0930243885485048,-0.022362417502034,0.0094628051361293,0.0315883527738571,-0.0443536252872587,0.0230677675849841,0.0320430225763383,0.0519422256336235,0.0410686854868169
"RAB31","Fibroblasts7","pink",0.294623169374837,0.111496875026184,0.241081563475786,-0.205357345672043,0.174847257954201,0.213821209214556,0.100748898941946,0.309913407866737,0.239097328032254,0.150540896085388
"RAB34","Fibroblasts1","blue",0.156321844090511,0.235402609866414,0.0708457784128122,0.0300757097424547,0.132280064066508,-0.131177785538109,0.033206837085035,0.0281240188179276,0.0574688107966832,0.0983992824678129
"RAB3GAP2","Fibroblasts2","turquoise",0.150033210945517,-0.0242541129110447,0.176907899439102,0.0200883982310209,0.0500823139645154,0.0822206172959344,0.0496541873693832,0.0681009962472312,0.0294132566986507,0.0168017328261235
"RAB4A","Fibroblasts1","blue",0.0739678223936208,0.129439594723347,0.000461315911713215,0.00779054729014881,0.065857924647408,-0.0323602504787027,0.0350422436189749,0.0283354454003677,0.0405547727882504,0.0802392930016179
"RAB5A","Fibroblasts8","magenta",0.114830546217043,0.0701862555676285,0.0603297948639343,-0.0166805687585701,0.0510372934086738,0.0522859488692218,0.0422189544299336,0.0744619892320875,0.120861625708056,0.054494629596493
"RAB5B","Fibroblasts5","yellow",0.135959875252692,-0.0753178363672359,0.156252679639005,0.0214553222931648,-0.0252711241361841,0.270800470409767,0.0436424778645045,0.107212959453863,0.0649057982253375,-0.0176975671847728
"RAB5C","Fibroblasts1","blue",0.113987329164555,0.202584143188766,0.0134185027743888,-0.00199988312602193,0.104707106398217,-0.0717173216919158,0.0415876614907178,0.0263340965169383,0.0517028901743264,0.121198664393388
"RAB6A","Fibroblasts8","magenta",0.120129315880047,0.0229750066306405,0.068399083878719,0.0248756290857669,-0.0102140687100011,0.121239625034502,0.0482468544932016,0.0860562917019676,0.123723515488153,0.00452159126943501
"RAB7A","Fibroblasts1","blue",0.128026708259638,0.12387685540174,0.0254337708990406,0.020017594958244,0.0380782275322363,0.115961708540633,0.0425573571990946,0.0473467481325054,0.0552304939394879,0.0632367859223858
"RABAC1","Fibroblasts1","blue",0.10509492657685,0.361870478400736,-0.015623765633976,-0.0462835242033316,0.149050022814323,-0.270034851987827,0.0198207076474174,0.0447631873570732,0.115246598218137,0.131218439324844
"RABGAP1","Fibroblasts5","yellow",0.160167039178563,-0.0751374787591595,0.196746939005718,0.0332556584331915,0.0140255654095674,0.194936678437505,0.0365482010924301,0.0867761234844362,0.0346988141205963,0.0118166175226763
"RAC1","Fibroblasts1","blue",0.174196106406588,0.228831217497316,0.0624698654018967,0.0195531778072618,0.132764659378756,-0.0505869235472274,0.0652554295097314,0.0336103290813362,0.0658571286509506,0.130361559684291
"RACK1","Fibroblasts5","yellow",0.123788107156709,-0.338863212995371,0.218776997629113,0.00375841912999976,-0.172337763636049,0.797929532723219,0.00668991677871445,0.176411190341524,0.0712845466847026,-0.109832683493617
"RAD23A","Fibroblasts1","blue",0.117944050221615,0.18334491706625,0.0321709692839417,0.0110856150995284,0.093584367238811,-0.084563847321615,0.0319379641344542,0.00989789391691953,0.0377314691332916,0.0885539848535449
"RAF1","Fibroblasts2","turquoise",0.13769179151106,0.0195338535837643,0.165924424554962,-0.0024124852165052,0.0982097346992552,0.0135079366698705,0.00804556320765789,0.0605967491071987,0.0352343782614324,0.0600608897719098
"RAI14","Fibroblasts2","turquoise",0.241828686171714,-0.00151914432478618,0.307613123993332,-0.136367137569792,0.15829020245295,0.1538796786208,0.0413296508254257,0.15628963637634,0.0590287076254478,0.0971869995849393
"RALA","Fibroblasts2","turquoise",0.175319908366957,0.0275442354037269,0.187315962571709,-0.0203663480140715,0.0818291469318803,0.0871842944882957,0.0291926633568426,0.0927130378248542,0.071877413357011,0.042904163630857
"RALGPS2","Fibroblasts2","turquoise",0.162364736921077,0.00918907011821408,0.210490158139558,-0.0451802708484686,0.112727329971367,0.0549851299285204,0.00935017179859399,0.0638048292796475,0.0177247729391914,0.0749987288386581
"RALY","Fibroblasts1","blue",0.072761367177001,0.140307995591047,-0.0183591727075568,0.0435078841012125,0.0382628849100112,-0.0476606592448674,0.0444871635565666,0.00310259729992031,0.0362334036262875,0.0518137801228587
"RAMP2","Fibroblasts3","green",-0.0174971011204152,-0.02793352322211,-0.0636382255598871,0.292839140834244,-0.112887617899281,0.0196997580214281,0.0208643649451928,-0.0769599520975037,-0.0526043333877352,-0.0958992431362486
"RANBP1","Fibroblasts1","blue",0.04248755264502,0.238782486275723,-0.0819106408969958,-0.00596867081521752,0.0614988782526131,-0.13377592997765,0.0169475721207873,-0.014221184008025,0.0369870610506593,0.0756587405779538
"RANGAP1","Fibroblasts2","turquoise",0.110924358420303,0.0123178339963461,0.128294251820688,0.00405657308538065,0.0385905316517105,0.0302224449107231,0.0194081269631092,0.055543478659794,0.0515652902739276,0.00792958786357204
"RAP1B","Fibroblasts6","brown",0.13700473326504,0.0743456233886195,0.110147921023399,-0.0220628427963498,0.10851620801092,0.00519735711024035,0.109284131735893,0.0554293999237301,0.0384577280356542,0.0782461931375893
"RAP2A","Fibroblasts5","yellow",0.107153066441088,-0.0843750370443019,0.129355707482319,-0.00269448183621647,-0.0251095809311014,0.215247994874257,0.0331402930895342,0.129526841874879,0.0750734651988562,-0.0233168737769811
"RAPGEF1","Fibroblasts2","turquoise",0.115103982174274,-0.0253350958137732,0.144530783221594,0.0136696221361349,0.0304743134137673,0.0681261126085914,0.0239209845694963,0.0479088852582833,0.019630575299928,-0.000140225333705764
"RAPGEF2","Fibroblasts2","turquoise",0.151077522356432,-0.0481623205565273,0.199546589147561,-0.00246632913981477,0.0524032562031312,0.132901803779362,0.0337814851672143,0.123186092271189,0.0557838169829088,0.00791289241616376
"RASA4","Fibroblasts6","brown",-0.00889707710793227,0.0220732000412627,-0.0319088172756083,0.0278163320088512,-0.0270369701378608,-0.0387078381200561,0.0882538608011636,-0.00282458352963911,0.00934424026588515,-0.017448085348114
"RASGEF1B","Fibroblasts6","brown",0.000132812541717482,-0.0193262843681039,-0.00300547985852209,-0.034380201200005,0.0141409582931757,0.00227606586802263,0.188508806094811,0.0586455090663323,0.0431820110187804,0.0296489828266701
"RASL11A","Fibroblasts2","turquoise",0.116053361861322,0.0467608195990141,0.146794938616602,0.0167693932986402,0.123626957968375,-0.026446962767919,-9.2229805481328e-05,-0.0534384488441122,-0.066299326163504,0.0890702760455949
"RASSF8","Fibroblasts2","turquoise",0.25581821920608,-0.00924283324773812,0.329328769436752,-0.0109242385965744,0.147031852230217,0.0792075542362779,0.0554894822475722,0.117599379572439,0.0491403650935887,0.04030105420346
"RASSF8-AS1","Fibroblasts2","turquoise",0.151443837307089,0.034046513349784,0.197076227511948,-0.0205221228479391,0.148303131409616,-0.0269739514246543,0.0253145689763332,0.027307105874121,-0.0205721129391812,0.0650972507754578
"RB1CC1","Fibroblasts2","turquoise",0.231621523940732,-0.00575046811329654,0.254654803546056,0.0110998356451358,0.0853607207891869,0.126758204370571,0.0625636455264345,0.1079176195374,0.0698891055587352,0.0603791352735324
"RBBP4","Fibroblasts6","brown",0.0799872488381675,0.0641361343151925,0.0226617366257597,0.0553396248602381,0.0119239555484292,-0.0301172225246657,0.0937121344107909,0.0181494363295876,0.0290362371973728,0.0284221133869315
"RBFOX2","Fibroblasts5","yellow",0.219532804012191,-0.0471365192628749,0.242282021000403,0.0574811545985496,0.0330658734800608,0.230630438013192,0.0381287229232607,0.141228296546931,0.0933539197755182,0.0202163912256913
"RBFOX3","Fibroblasts2","turquoise",0.0979198766877022,0.0101251976589101,0.177828074550344,-0.0482238378473124,0.149837932823285,-0.0290093100446063,0.00449885186462793,0.030346222324031,0.00129975440919063,0.0872031287895757
"RBM25","Fibroblasts2","turquoise",0.197875336140324,-0.0621532157708775,0.25130454843107,0.0298072235714139,0.0789218195305282,0.111384934688405,0.0305478557783971,0.0849441906720353,0.0175544725383693,0.0334813555487691
"RBM3","Fibroblasts1","blue",0.162695859203768,0.281680929660867,0.0142746279427178,-0.0717965130946812,0.124634771285898,-0.0335665336815336,0.066859092384138,0.102333149207471,0.125571027580481,0.141773060047329
"RBM33","Fibroblasts2","turquoise",0.138423700093741,-0.0235720787958281,0.170303706046037,0.0283132850997509,0.0627681102332668,0.0358086449583642,0.0477559805524499,0.0525684439614854,0.0200615868724748,0.0276782937092634
"RBM6","Fibroblasts6","brown",0.027815044966433,-0.0378515551333653,0.0296538650523014,-0.00617093510873628,-0.0224787005476632,-0.0128308571330535,0.24328946954904,0.0107465577018737,0.00278226179016089,-0.0307503561585449
"RBM7","Fibroblasts1","blue",0.028530203943971,0.141310041890896,-0.0733237186483873,0.0197781998933031,0.0542939781070655,-0.0802534925429838,0.0166820226823205,0.00842939312607811,0.0427462129352159,0.0857959210065133
"RBM8A","Fibroblasts1","blue",0.103315830518474,0.199611429110458,0.0340044919930617,0.00355463645801305,0.145054823720706,-0.117680882693538,0.0348431759054307,-0.0257785584810429,0.00516504416782344,0.122706164559744
"RBMS1","Fibroblasts2","turquoise",0.269409172449135,0.00237486027010477,0.30913176327926,0.0195580918738389,0.210666464052876,0.088315090434311,0.040358344951569,0.0975770790092848,0.0251370558501033,0.139366169300839
"RBPJ","Fibroblasts3","green",0.118697552862715,0.0412906067844003,0.0839461418601112,0.0983602634056658,-0.0110161750935635,0.05996213668383,0.0428548488946055,0.0455772430973228,0.0447542562519091,-0.023423103835174
"RBPMS","Fibroblasts2","turquoise",0.160599308674368,0.0132157900364519,0.201734948580738,-0.045577313465875,0.1479319561534,0.0771827261850389,0.0175065018348925,0.0441714489654547,-0.0138945925642641,0.0884327157085368
"RBX1","Fibroblasts1","blue",0.0727916334633548,0.255237866157512,-0.047148418305212,-0.002201876121179,0.0772755367543252,-0.144705641991568,0.0434135363339594,0.0124023826091745,0.0524690972027738,0.0704287760785625
"RCC2","Fibroblasts2","turquoise",0.153231706730566,0.0418783740317937,0.192284382019515,-0.0382328474067302,0.148729380131466,-0.0085154583982785,0.0183066952136336,0.0571763362405825,0.0205110964222066,0.0952027566007693
"RCN2","Fibroblasts1","blue",0.117078404660233,0.159668409401676,0.0272884500973812,-0.02402376216288,0.0975030759172919,-0.0458295339773812,0.0541046972549011,0.135200320323602,0.13089952516972,0.0919438694057515
"RDH11","Fibroblasts5","yellow",0.17466308723555,-0.0555598790895694,0.189773856562042,0.0219277074522159,0.0251262252242561,0.26253663965249,0.0361994761831096,0.116627022074675,0.0652690794416406,0.025564766245274
"RDX","Fibroblasts6","brown",0.140733166956397,0.0132202617195089,0.121874960534643,0.0901355114149085,0.0188073554918979,0.100883113887199,0.077248281421185,0.0759313464744092,0.0506794940296024,0.0247860643003751
"REEP3","Fibroblasts6","brown",0.149539364016303,0.0873834644791463,0.103077242270136,-0.0265962824155957,0.0609739573239708,0.0126296960698551,0.110502269602058,0.0546120987277145,0.0603242162638037,0.0433807488446061
"REEP5","Fibroblasts2","turquoise",0.23450589534047,0.101073007936019,0.246029648453286,-0.0126200532917681,0.216461841854446,0.022434032707271,-0.0108652314890032,0.063921449046607,0.0490126657470265,0.177096303264929
"REL","Fibroblasts2","turquoise",0.183311601392846,0.0028487491362187,0.262090305627681,0.0131613898051751,0.25654687124643,-0.0490644168050636,0.0174967831163601,0.0470395321513802,-0.0132158555288551,0.163813455426896
"RELB","Fibroblasts4","red",0.108838742076826,0.106127668040757,0.136741231759522,-0.0931537172445833,0.272760189946645,-0.0874705149607577,0.00934759715222781,0.0252535958009515,-0.00920919461662232,0.178099951973133
"RERE","Fibroblasts2","turquoise",0.137194060251558,-0.0445644921764037,0.175257774314811,0.036701848809885,0.0498994549615601,0.0811764910461731,0.0140001334075744,0.0396053704984753,0.00797230174799119,0.0258455104976569
"REST","Fibroblasts2","turquoise",0.18116800585481,-0.0085722059412353,0.201047245759236,0.0196049434493955,0.0462048432963543,0.10505646932041,0.0429142629525677,0.107051644759787,0.059392147708475,0.0191708620777008
"REXO1","Fibroblasts2","turquoise",0.0961919999786915,0.0258296333541251,0.122037981159054,-0.000185210796714241,0.0851515176118906,-0.0241415804087433,0.0223275843487727,0.0233640448021203,0.00577472561627252,0.046476821405347
"REXO2","Fibroblasts1","blue",0.12575631216263,0.195688182634382,0.0399282538963976,-0.0285704325471052,0.106748814889669,-0.0725186302761406,0.0325907702616563,0.0615198952503721,0.0755104805160805,0.0887094820130733
"REXO4","Fibroblasts6","brown",0.0384915664327053,0.0562379988319593,-0.00244492840931075,0.00758459011355676,-0.00248170371841767,-0.0268084804460379,0.0504057143519576,0.020370840932337,0.0220234658546248,0.00420061140739745
"RFTN2","Fibroblasts8","magenta",0.0712507763201026,0.0379113254629328,0.0217906768738681,0.0445972707980482,-0.00699496540335355,0.0185271102063489,0.0343114293784453,0.0558769448060185,0.110414640735716,0.0234074826383416
"RFX1","Fibroblasts2","turquoise",0.0956256142788683,0.00373949278403287,0.125915539008715,-0.0136627820315168,0.0553320944878516,0.0507369100436804,0.0333736117392194,0.0403055490335784,0.0212400273244235,0.032110233588826
"RGCC","Fibroblasts2","turquoise",0.120913568513237,0.0215117501463672,0.171321194512209,-0.0841907746405686,0.112025128688962,0.0915954493199627,0.00874477961637534,0.195200313099432,0.159012299331554,0.0208274316383931
"RGMA","Fibroblasts3","green",0.0288321314319826,-0.0329133084774026,0.0180697825106745,0.121319125087163,0.000858534022655467,0.0272839927036309,0.0111580090444545,-0.0216181039209475,-0.0271524761349273,0.00655311076141726
"RGN","Fibroblasts3","green",0.0302009840476703,0.0111254855481435,0.00861207193225758,0.164102483883872,-0.0459707234420561,-0.0258727130494646,-0.0018407112358557,-0.0623822843799641,-0.0365922407325699,-0.0335776805047163
"RGS1","Fibroblasts6","brown",-0.039990410178259,-0.064822764348768,-0.0233001380401986,-0.00612924478305252,-0.0615246753748897,0.0907408446287354,0.0394200868752812,0.00445552233473321,-0.00357907676359148,-0.043261714137965
"RGS11","Fibroblasts3","green",0.0469863883751405,-0.0107448520974018,0.0445245867638256,0.0901067310755715,-0.0221245454881658,-0.00689239367491384,0.0094869949410183,0.0194438515468733,0.0311705274251414,-0.0279894532841339
"RGS16","Fibroblasts9","black",-0.000782175552047266,0.126804218416202,-0.053243794543893,-0.00820410155547285,0.21441112951639,-0.159949646171236,-0.00475467805105965,-0.0636968060587259,-0.0289884705141,0.383140254884654
"RGS22","Fibroblasts9","black",0.0439891132460006,0.0538054566452591,0.0143232681082972,-0.00268014390025022,0.0773500254183241,0.00430961836876489,0.0115536338758235,0.0333156845026387,0.0191608164601223,0.136175694608368
"RHBDD2","Fibroblasts1","blue",0.0317836412365579,0.0937779358825733,-0.0393677650655784,-0.0128293347330819,0.0215986088330256,0.00658116979675235,0.0329181063570055,0.0109915971525654,0.0122585529703303,0.0500283591867887
"RHEB","Fibroblasts1","blue",0.0787578149982032,0.232971320955381,-0.0453671926401202,-0.00138354538098023,0.0972724767969225,-0.136273424547928,0.0160591227285708,0.0261857342145997,0.0706183198407958,0.100121920583116
"RHOB","Fibroblasts2","turquoise",0.206675205278567,-0.0880754773628067,0.296129375225572,0.0196898042042104,0.138652433633619,0.267768306344981,0.0279542364819172,0.142281897664397,0.0709031136268954,0.106605165054954
"RHOBTB3","Fibroblasts2","turquoise",0.308915826385088,0.0336774660689849,0.345919390818812,-0.0632222909232816,0.170188688853144,0.17625523345233,0.0473776013450242,0.159923687455667,0.0815121730121382,0.110953067323612
"RHOC","Fibroblasts1","blue",0.114538561837563,0.272090141844597,-0.0104176601229254,0.00290443649889763,0.109651552162371,-0.137729319707676,0.0611567581255481,0.0330726408720444,0.0657619807093252,0.110221439876314
"RHOQ","Fibroblasts2","turquoise",0.272796272611059,-0.0248232399884722,0.351050286914695,-0.0704693630600339,0.181673640078163,0.162165681170235,0.0322130012080613,0.141769618413209,0.0583628461834243,0.0751076530712578
"RIF1","Fibroblasts2","turquoise",0.209510596836515,-0.0100588306646904,0.231241869574654,0.0468926366619318,0.0789962120482289,0.0858600499107778,0.0456867483819077,0.0855308483698376,0.0488735088282266,0.0450818331290904
"RILP","Fibroblasts1","blue",0.0515277134068456,0.116810688817494,-0.00459258952009524,0.00941295598402846,0.0651058021791858,-0.0553874699701123,0.0217018269026272,0.00348131621849077,0.0197102405015236,0.0754648685285599
"RILPL1","Fibroblasts2","turquoise",0.124157735339893,0.0303153534042738,0.158384568785576,0.00202133133921476,0.0712145540826799,-0.00329617603135193,0.0225738368869361,0.0555253093122624,0.0420087585919109,0.0287272561250935
"RIN2","Fibroblasts1","blue",-0.0156794213303561,0.0922138706258605,-0.0937678229689381,-0.0965864231126467,-0.0463061416682928,-0.0406221968571355,0.272408162870392,0.0848543375090588,0.141140508644581,-0.0352699301214895
"RLF","Fibroblasts2","turquoise",0.15752381869209,-0.0136922048191873,0.184477964544923,0.0368313822108111,0.0827159431524944,0.0648645464835971,0.0427519108186797,0.0635972874444162,0.0310048482722657,0.0530935865538354
"RNASE4","Fibroblasts6","brown",-0.0299705915822325,0.0277912364292834,-0.0949140876747924,0.0967577521619362,-0.077560878962806,-0.0364352122820409,0.0397890967484281,-0.0143048334642228,0.00828481256546706,-0.0426319361585801
"RNASET2","Fibroblasts1","blue",0.0536261343431512,0.088236928169068,-0.00164034091853844,0.0914429244374276,0.0206185742018202,-0.0455942534468742,0.0245228714858745,-0.0142042602784542,0.0043120858098225,0.0197797858586667
"RND3","Fibroblasts4","red",0.198206194732819,0.153153178963805,0.20617177649423,-0.10880731747448,0.378186569921804,-0.143570624294954,0.033458897127035,-0.0012412766497285,-0.0397918729722741,0.296055622815661
"RNF11","Fibroblasts8","magenta",0.0930779607938341,0.0358080454918709,0.0419995307042369,0.0258955738966217,0.00628940289338978,0.0606325169422506,0.0578470054778311,0.0822341281733917,0.131101777046562,0.00618146712808984
"RNF114","Fibroblasts9","black",0.108673250099993,0.0813847545294024,0.0987669945211682,-0.0579244704140032,0.155224371255769,-0.023275005344807,0.0284141894045358,0.0273477814390853,-0.00460546409609217,0.149459309143958
"RNF13","Fibroblasts1","blue",0.121157956744549,0.108086484505069,0.0393157434938173,0.110563668152834,0.0565482407826635,-0.0411521516721097,0.044468615483743,0.0405977604787825,0.0631590094923387,0.0732686303466017
"RNF139","Fibroblasts1","blue",0.0469620972198138,0.0632434610747728,-0.0152088354210201,0.027619838731604,0.0373105102204544,-0.00625630982420238,0.00969873396453208,0.0270231554184076,0.0365803693231577,0.0575523491922614
"RNF144A","Fibroblasts7","pink",0.0772869548295813,-0.0726668088207032,0.0851678680828537,-0.0238137350813899,-0.0286316759018045,0.202070637595461,0.0143698431845845,0.197512420388141,0.109227126578693,-0.0152643218140908
"RNF146","Fibroblasts1","blue",0.0666151194956484,0.070837296253187,0.00941694243107173,0.0536298629091337,0.0129129542045977,-0.00794082675833019,0.0131798180288533,0.00293822813377294,0.0290445770643909,0.0389161398360255
"RNF152","Fibroblasts6","brown",0.0586132287608366,-0.0190563793977123,0.0623403842621762,0.0113469908641218,0.0190896582810123,0.0010055412873049,0.244749545783905,0.00351880669993099,0.00741025642678644,-0.00103177533613672
"RNF169","Fibroblasts2","turquoise",0.124355065403117,0.0120432961851751,0.144502560787207,0.0428875397739515,0.0679321734930192,-0.00612069956486638,0.0363095353149799,0.0344793781548573,0.0229332261835403,0.0373379764912314
"RNF181","Fibroblasts1","blue",0.0538517854108193,0.21700659869757,-0.0473969958333533,-0.0240613639627064,0.0829900030379434,-0.113815341797251,0.0219571942097179,0.00286771796466209,0.0358003484649051,0.0833307484186448
"RNF19A","Fibroblasts2","turquoise",0.176879577958234,-0.0133047801024844,0.222456246190088,0.0422013436443484,0.0772376653887099,0.047048634180739,0.0412900281632455,0.0799557795726628,0.0468091085974764,0.0330755032098454
"RNF2","Fibroblasts6","brown",0.00891911461213483,-0.00328352423993511,-0.00738179267158717,-0.00910346253007443,-0.0255048403003275,0.0399043251934171,0.103818758159639,0.0482552015797746,0.0472366683527038,-0.0285708691106533
"RNF213","Fibroblasts2","turquoise",0.172092721109513,0.012195793762811,0.20268184205359,-0.0212729209612788,0.136155277642538,-0.0213072529637389,0.0400874907942539,0.0570728109507681,0.0240891131958326,0.0856582225484626
"RNF216","Fibroblasts2","turquoise",0.149915383698899,-0.0224384278134235,0.191143563303024,0.0319506538545402,0.0515224291849251,0.0812567739634891,0.0239936968224495,0.0685215096725926,0.0326485016728576,0.0235070710673533
"RNF5","Fibroblasts1","blue",0.0406276414040284,0.0868324218049396,-0.0200145793086969,0.0326187659476745,-0.00902618712454784,0.0127434859495654,0.0139345509138694,-0.00918477214263597,0.0259794930772924,0.0153252296604549
"RNFT1","Fibroblasts1","blue",0.0238482704839033,0.0645779070161254,-0.0216652125496534,-0.0127882779466063,0.035295872308165,-0.0308340010608014,0.016315729602993,0.010361934358643,0.0296299678882754,0.0441844626733443
"RNH1","Fibroblasts1","blue",0.141969909087585,0.191228342196698,0.0435545918201733,0.146997326837601,0.0555608784814394,-0.0956653070397624,0.0182910382866125,-0.0159061031323536,0.0337562701984888,0.0471849207830473
"ROCK1","Fibroblasts2","turquoise",0.250864901832418,0.008683298394764,0.271382555468299,0.0321979101826803,0.1066068434589,0.0966198304997516,0.0672224055935274,0.108554105617849,0.0668086905704335,0.0559324805494512
"ROCK2","Fibroblasts2","turquoise",0.2824453841796,-0.0787849272923738,0.346210157204014,0.0689607052736394,0.0281453055511781,0.249139630062127,0.0722029521893064,0.167821991424261,0.0901720602563014,-0.00872184724876133
"ROMO1","Fibroblasts1","blue",0.0171062606610659,0.199572116536887,-0.0995787633699346,0.00935327554974975,0.0198027673131474,-0.0892724546316397,0.0587231986744453,-0.00829639854945731,0.0304667722791518,0.0382849673458355
"RPAP2","Fibroblasts2","turquoise",0.153732577522466,-0.0131124038613867,0.167756765072479,0.0367253534697069,0.0419305522772002,0.0604587107868391,0.040363836402695,0.0653967175318696,0.0355626305178948,0.0312068542176376
"RPL10","Fibroblasts1","blue",-0.11388381970005,0.628297978402429,-0.344623877323659,0.0307635557968744,0.175600851747627,-0.707345833590765,0.0448445257362953,-0.236549513241887,-0.0506996417778326,0.181035026331433
"RPL10A","Fibroblasts1","blue",0.0547600459091421,0.544217358761436,-0.146184283893629,-0.00440540949690368,0.192220299862281,-0.325992571992064,0.0375778678912003,-0.110429755241487,-0.00876916862569326,0.200796149066224
"RPL10AP6","Fibroblasts5","yellow",0.117292906710411,-0.253264778369525,0.186076800556426,-0.00859093247092368,-0.127301802088827,0.67873986032244,0.0245548079517396,0.160533634658929,0.0796767681040414,-0.0778543697885669
"RPL11","Fibroblasts1","blue",-0.0112939768124642,0.490204866782755,-0.157928371677611,0.0510255544057083,0.139273032313453,-0.378208429389425,-0.0014441083338452,-0.159111034828146,-0.0438619038141429,0.135411241624023
"RPL12","Fibroblasts1","blue",-0.0716103430240638,0.561439596310272,-0.296973975976363,0.0276794796340859,0.111444867085724,-0.518549983905236,0.0767306666777724,-0.197154294524395,-0.0531354519721113,0.124269983614579
"RPL13","Fibroblasts1","blue",-0.0139804639755833,0.617671112081236,-0.179180074952453,-0.0100887425518737,0.241559774259881,-0.647670916803514,0.0307864373140501,-0.171491992434069,-0.0462836026662638,0.193286497707502
"RPL13A","Fibroblasts1","blue",-0.156808961837038,0.580618107841033,-0.426000505516921,0.00658977348121591,0.110510419443873,-0.635850247782195,0.0490883250093551,-0.228808888319896,-0.0519228486329492,0.158503485097463
"RPL13AP5","Fibroblasts5","yellow",0.10235543823129,-0.296544363993878,0.187901162831622,0.0120550396940673,-0.166371723757344,0.721287905238675,0.013649847217852,0.177844015345846,0.0814730265631528,-0.111335181018803
"RPL14","Fibroblasts1","blue",0.168338755233918,0.396407096763841,0.0786675185641058,0.0148127405385313,0.202502080804715,-0.223909736846365,-0.00390875424242831,-0.0494228280597485,0.0166708026129078,0.15767115260064
"RPL14P1","Fibroblasts5","yellow",0.0975235839313431,-0.25274022999033,0.166358893182284,-0.00861807502019886,-0.132779984232224,0.630093953186377,0.007973815248028,0.156202137630954,0.0734486337878892,-0.0899721659419099
"RPL15","Fibroblasts1","blue",-0.0298128454561363,0.584771475499536,-0.263092827682851,-0.0379819183847086,0.151425093438923,-0.430072254153119,0.0486816714794804,-0.128777897370071,0.00907049937089245,0.178707301076032
"RPL17","Fibroblasts1","blue",-0.121457467658983,0.221687741151007,-0.287583576543237,-0.00587209749158762,-0.0788209261011746,-0.196531085331876,0.113171511457267,-0.0846637582892749,0.00282073372925094,-0.0123982159846516
"RPL18","Fibroblasts1","blue",0.1071885459379,0.50090177604144,0.00985010177778223,-0.00601301779553867,0.271484523547346,-0.484664805866002,0.0089797955419518,-0.112964841486207,-0.0309639250026286,0.199895817808779
"RPL18A","Fibroblasts1","blue",-0.0599309022777555,0.633581418471759,-0.271215321905501,-0.0470456966571419,0.231061801772515,-0.685496932361141,0.00663584590020718,-0.196315043480889,-0.0450940770211371,0.212507654716282
"RPL19","Fibroblasts1","blue",0.104791445100756,0.552363820704025,-0.0214135979118249,-0.0489327913078181,0.27326123375014,-0.406838961006411,-0.0111803176015673,-0.0948175110463153,-0.00325713042894822,0.218092721267039
"RPL21","Fibroblasts1","blue",-0.257118783795041,0.543720455133408,-0.572602139168793,0.0370511213182553,0.0100377624833235,-0.65308313885159,0.08047721108848,-0.242143466014366,-0.0498697058884217,0.0950011103958401
"RPL22","Fibroblasts1","blue",0.102917006354681,0.422909790929645,0.0074639647801594,0.0021974650458649,0.205815807348006,-0.335736238734446,0.0148801641143558,-0.0825113692608277,-0.0173711895593383,0.161399553507144
"RPL22L1","Fibroblasts4","red",0.17282715213422,0.154348615129391,0.185435884747386,-0.0636568025714879,0.227843607626317,-0.0684058629576887,0.0259011112231893,0.0447477561437443,0.0231147579424934,0.130500594240445
"RPL23A","Fibroblasts1","blue",-0.0939664268700632,0.578807928714258,-0.29288877927341,-0.000704872194636316,0.181616763677058,-0.690509258668046,0.0473490627452754,-0.212799372125581,-0.0559279353173021,0.166896040749669
"RPL24","Fibroblasts1","blue",0.158643830021077,0.436528647338821,0.0785433580152915,0.020516941099733,0.245462411058048,-0.33296311936764,0.0152334174398922,-0.0633748788250902,-0.00708713637426113,0.177128863314615
"RPL26","Fibroblasts1","blue",-0.0972442636150716,0.500801247679324,-0.307159920127515,0.0267520757529598,0.0735139218409595,-0.453295733217737,0.0713239308091992,-0.203706141923307,-0.0668823564935288,0.103498957474979
"RPL26L1","Fibroblasts1","blue",0.0797502606733915,0.137214982005203,0.0344522245623797,-0.0450753882039144,0.0913056992144815,-0.0501186840531192,0.00814303899847369,0.0392701851666916,0.0418255593459097,0.0814959030936936
"RPL26P19","Fibroblasts5","yellow",0.0957720998355047,-0.331717239377587,0.195022175041648,0.0111115190924247,-0.183026453338346,0.778211632014567,0.000796018826673316,0.176256392979979,0.0691889628670564,-0.123593372234057
"RPL27","Fibroblasts1","blue",0.0916635074810926,0.424898314113448,-0.0427586818645927,-0.0201085646409913,0.153757914194411,-0.194786267328953,0.0513833378048126,-0.014112005886667,0.0494046674932213,0.127174876698883
"RPL27A","Fibroblasts1","blue",-0.0708376927307468,0.440642286107054,-0.316066534800229,-0.00479693588214788,0.00437338422440415,-0.204227180268834,0.0628870972347094,-0.048025216265601,0.0579588417869146,0.0860021732838321
"RPL28","Fibroblasts1","blue",0.125956676543376,0.518252360789308,0.0613478569618814,-0.106574041819059,0.341151468535437,-0.485777485893372,0.030059123966027,-0.0555285330320458,-0.0122345847419267,0.23802240660496
"RPL29","Fibroblasts1","blue",0.112841018705544,0.476985281978393,0.0118823064138892,0.00738276736435987,0.218634673340867,-0.337585114148283,-0.00307432175675156,-0.0768945387994689,-0.00725915122900143,0.171152458285286
"RPL3","Fibroblasts1","blue",-0.0360673868242768,0.619204571522507,-0.267587964618533,0.000261133671725511,0.22951403702012,-0.652787383968215,0.0453679633967775,-0.179951714920053,-0.0270926830267439,0.232693370223191
"RPL30","Fibroblasts1","blue",0.138877032656755,0.460269659513249,0.0702771093709231,0.0322187725930445,0.274215833782578,-0.491085993597666,0.000163982507822199,-0.0814269693756639,-0.00610328213420287,0.18040219630715
"RPL31","Fibroblasts1","blue",-0.221458722450228,0.229956847031241,-0.469761636122407,0.0370986813402696,-0.213810665033353,0.0419291538946943,0.0578843944299299,-0.0806177247331702,0.020642007694565,-0.0609173623525193
"RPL32","Fibroblasts1","blue",-0.0956050852522821,0.553741136191047,-0.277660016102125,0.00204003888383961,0.0996237211617329,-0.447524469662334,0.021623060113583,-0.179979636832378,-0.0481746844953359,0.107918130311334
"RPL34","Fibroblasts1","blue",-0.276895708440505,0.453093893907741,-0.525603829028321,0.00952651111705797,-0.0849193706969508,-0.331375236662521,0.0719415874841537,-0.210447990293661,-0.0407694501988838,0.0292894315554133
"RPL34P18","Fibroblasts5","yellow",0.0858771434675421,-0.257598580782644,0.159725708955296,0.0189368715559009,-0.14642511406268,0.646357720811059,0.00172557158515851,0.153029061732712,0.0732099136286175,-0.0980826898591329
"RPL35","Fibroblasts1","blue",-0.0761991884618314,0.545440598730839,-0.27665854630329,-0.00160950431100538,0.139116878747133,-0.579140194632038,0.0490432458470579,-0.183971585573676,-0.047486340475818,0.125789438673232
"RPL35A","Fibroblasts1","blue",-0.0732809738201062,0.502058579997161,-0.25325425499269,0.0291533104998431,0.0623129302307215,-0.344271165028473,0.0300505610122334,-0.146163450856104,-0.0140083753735024,0.0842970357192388
"RPL36","Fibroblasts1","blue",-0.10387511817606,0.485747983425871,-0.300830472964092,-0.0568168454985579,0.0411239720107352,-0.388767965541198,0.07760148036014,-0.103322572417855,0.0325937967173576,0.0622310108402661
"RPL36A","Fibroblasts1","blue",-0.140632224083443,0.259940248589441,-0.306569784524575,0.0279555582705672,-0.0758594243763271,-0.253332636998702,0.114926555073363,-0.146791477247361,-0.0380717309311506,-0.0297762089771179
"RPL36AL","Fibroblasts1","blue",0.102927586227434,0.368328560571037,-0.0209734512320745,0.0132173311569024,0.154971774309721,-0.260215650966405,0.028069847923798,-0.0555517900818547,0.0163591893449594,0.121729611519626
"RPL37A","Fibroblasts1","blue",0.0403047958970757,0.36232583691284,-0.0617044771748552,-0.0679984726959596,0.0751589325264923,-0.112243219777551,0.0538872523581981,-0.0279285431056118,0.0337728484994939,0.0627017074964957
"RPL38","Fibroblasts1","blue",-0.00163984037124983,0.273339001352461,-0.117750838594417,0.0258791652833363,0.012618815224142,-0.0676599959848919,0.0290527231827811,-0.0378995447887126,0.0155386867529814,0.0282809118325257
"RPL39","Fibroblasts1","blue",-0.213980786458135,0.518242128586156,-0.424409746333561,-0.0111504745812617,0.0735678406213032,-0.583337055654725,0.0320668426872521,-0.203144683548596,-0.0537232399442696,0.0892800203183066
"RPL39P3","Fibroblasts5","yellow",0.101321701833469,-0.364215426135765,0.207351586379921,0.00613773304618378,-0.202038271972994,0.8433920876785,-0.00314296171239379,0.197721602144786,0.0786567790176844,-0.137623994360722
"RPL3P4","Fibroblasts5","yellow",0.103535461193345,-0.349197826269518,0.205464184017931,-0.0286031862315062,-0.186141031739772,0.802751504782303,0.00148801076133428,0.189133056915505,0.082516753016158,-0.121865051026152
"RPL4","Fibroblasts1","blue",0.179081398812141,0.341591247599781,0.0587737594194816,-0.0316359663260759,0.167774666739125,-0.0470669537420852,0.0453489314204473,0.0320089254568977,0.068063598844057,0.168520760488636
"RPL41","Fibroblasts1","blue",-0.239538075418482,0.526026534516208,-0.510038518542852,0.0179497333747102,0.0238923222736711,-0.653743809820197,0.0866962052144225,-0.241657156256428,-0.0645267286670263,0.0802583118910764
"RPL4P4","Fibroblasts5","yellow",0.0861043369484318,-0.246134703352276,0.155190758036533,-0.0133398056460534,-0.135277076098551,0.60451704801263,0.00392155491273965,0.157159233872144,0.072022019691473,-0.094995422143076
"RPL6","Fibroblasts1","blue",0.0480514874302365,0.528970118202367,-0.105667849615325,-0.00727251882448936,0.230139375747141,-0.48089529841391,0.0310249008871088,-0.127296694754886,-0.0202599656790877,0.197305121492648
"RPL6P27","Fibroblasts5","yellow",0.103894977761104,-0.370800545983764,0.210180653695472,-0.0152431590304103,-0.202432526125321,0.826445530803577,-0.00299132262001508,0.193030047983283,0.080229071338196,-0.139115113950082
"RPL7","Fibroblasts1","blue",-0.188132774789182,0.545522657830234,-0.460617059126419,0.0754488931173328,0.0415179136589765,-0.645364309063989,0.0292982268629576,-0.271965201258468,-0.082721895632905,0.0997313315039372
"RPL7A","Fibroblasts4","red",0.252535309254271,0.428651733364258,0.218779965532282,-0.000925254712232099,0.353481724047656,-0.307361097453251,0.0016749879764575,-0.0258168067353248,0.00534336021522511,0.221826134615222
"RPL8","Fibroblasts1","blue",0.0468789030819574,0.520071039722104,-0.1133197485341,0.0350328506543993,0.17882547610153,-0.38296432605019,0.00764044288897875,-0.117653337644776,-0.00799663527379829,0.161740344677426
"RPL9","Fibroblasts1","blue",0.107101363753676,0.512542371219055,-0.0174543550948848,0.0476168218762479,0.267308936472439,-0.533306951962426,0.0334171179450555,-0.114960593318522,-0.0239798807862604,0.199424228647827
"RPL9P9","Fibroblasts5","yellow",0.0990881090644647,-0.293076421693925,0.179754422085459,-0.0238577797752277,-0.151864784184905,0.71184484717143,0.00475631095218866,0.15977940534958,0.0627780965131717,-0.0993997629401407
"RPLP0","Fibroblasts1","blue",0.119984093273132,0.499157101137302,-0.0247864629842642,-0.0787370356649563,0.298444647733779,-0.354524846675914,0.0308778080710957,-0.0463116833739981,0.0153193978345222,0.273794948607791
"RPLP1","Fibroblasts1","blue",-0.0103725983921729,0.58875103709438,-0.138690976974883,-0.101287319888114,0.251810243040021,-0.621658661591296,0.0163444009423107,-0.124838372186028,-0.0183659072016269,0.171193259989179
"RPLP2","Fibroblasts1","blue",-0.0228149599563664,0.493075693680532,-0.186401807312205,-0.00533684764652881,0.120057184635463,-0.375101951132714,0.0456263357861608,-0.108069407366345,-0.00761765567144329,0.107985753974341
"RPN2","Fibroblasts2","turquoise",0.233897843565046,0.00420828044724727,0.26798805836787,-0.0180549471233682,0.14110308947146,0.185843212087031,0.0213979852170989,0.139506417660888,0.0735133987621005,0.109528994199612
"RPP21","Fibroblasts1","blue",-0.0308061077621441,0.0602698152831486,-0.0874836003087663,0.00706984011762412,-0.0124672671106722,-0.0531440687130815,0.0200641865434458,-0.0160461711128563,0.0175859977026417,0.0039393652997739
"RPP25L","Fibroblasts1","blue",0.0346683322840902,0.0776476015355841,-0.0136543289521622,0.0338006100418773,0.0148709008068707,-0.0413989543974605,0.0108100364464788,-0.0144319591457737,0.0051533826576547,0.0246391632276312
"RPS10","Fibroblasts6","brown",0.0112190171849032,0.267702191943542,-0.106223297969785,0.0460120000396886,0.00150777589181534,-0.220359457427112,0.185499068598558,-0.0653012407343256,-0.00122063715900032,-0.00528025763812326
"RPS11","Fibroblasts2","turquoise",0.23200567480144,0.315952560530148,0.189108412080137,0.0214863869608398,0.193726757517372,-0.0640282726919283,0.0457053145289406,0.0673892630157825,0.07463588323893,0.141340185844433
"RPS12","Fibroblasts4","red",0.178858704468023,0.488425739709593,0.164496469809091,-0.125634104486214,0.350383590647971,-0.309148962828461,0.01072908608486,-0.0218960121288324,-0.000677095516072722,0.223690189348463
"RPS13","Fibroblasts1","blue",0.0836626897159825,0.46758198469402,-0.0535602404099799,0.00229464125686228,0.159239387746529,-0.191987965588283,0.0505207567448657,-0.0814153784028735,-0.00376628363882696,0.15645681306807
"RPS14","Fibroblasts1","blue",-0.0732305521974516,0.594938571116966,-0.281656131737823,0.00912526822746233,0.148945074292746,-0.539314844910803,0.034492714563697,-0.163544005107842,-0.0178524162032247,0.156589711184216
"RPS15","Fibroblasts1","blue",-0.132223123634315,0.577180303095646,-0.340593159900888,0.0129783036194478,0.132457514243874,-0.658486685629953,0.0342113323169511,-0.223009752098816,-0.0563894366032713,0.130934444735064
"RPS15A","Fibroblasts1","blue",-0.063320846405503,0.517532444092113,-0.244396004223218,0.00264242844761735,0.0994379022319344,-0.4368960758403,0.0590676153644715,-0.149867360048663,-0.0256322935042937,0.113100901097836
"RPS16","Fibroblasts1","blue",0.129255123881758,0.42457183671645,0.0152480473965853,-0.0157085218333547,0.1738467325167,-0.163361090020362,0.0419491218992888,-0.0641809883190848,-0.0019888315888734,0.155502006277692
"RPS17","Fibroblasts1","blue",-0.145451942707167,0.363628249482413,-0.39104144232058,-0.0315205903862774,-0.0403853823798025,-0.19299153275315,0.0796660189943678,-0.108645032915868,0.00452489490630657,0.0363924519164713
"RPS18","Fibroblasts1","blue",-0.1089699884295,0.612772448762438,-0.343258155927391,-0.00567601115512953,0.149673646974101,-0.536591041256221,0.0448069702889995,-0.176232411159255,-0.0400100876996831,0.173769598614652
"RPS19","Fibroblasts1","blue",-0.121859256332253,0.582917156322179,-0.323118637563203,-0.159431787035847,0.179146663853984,-0.512257580786358,0.0442253797510688,-0.144216275416937,-0.0209180968043636,0.197203306816425
"RPS19BP1","Fibroblasts1","blue",0.104487617368601,0.202960505276713,0.0432651677146874,-0.0136053683648325,0.0971867537620922,-0.113295601188336,0.0287016942800775,0.0158034151923405,0.0436272613727097,0.0770862432449145
"RPS2","Fibroblasts1","blue",-0.0153896942871075,0.633663230142629,-0.249332484158102,-0.0994838515686643,0.266047237187398,-0.568519147044426,0.0588272756697485,-0.134055282538778,0.00817175362988739,0.27629154975593
"RPS20","Fibroblasts1","blue",0.0556150664034753,0.234705843776817,-0.0669072270136086,0.0567915510572293,0.00850214499906368,0.088994085665397,0.0380251251743088,0.0032758251880392,0.0414361413635741,0.056209127677983
"RPS23","Fibroblasts1","blue",0.0564276525711276,0.51076810871512,-0.0423476926710131,0.051839093091631,0.212425067821062,-0.489454976844977,0.0157860626332316,-0.14982759682297,-0.0470776244161539,0.150819525948206
"RPS23P8","Fibroblasts5","yellow",0.0931068135224384,-0.266327653563427,0.167437545442507,-0.02571998802898,-0.140108032391585,0.638204027318104,0.00931486998755241,0.157049986236339,0.070436556534467,-0.0910324027686485
"RPS25","Fibroblasts1","blue",-0.0731725641532462,0.508798369787027,-0.26811678125426,0.0380024539423748,0.0926579433446248,-0.462612404291431,0.0516156704122829,-0.173678231719792,-0.0369603257437846,0.10139521998494
"RPS26","Fibroblasts1","blue",-0.0249315016181206,0.520850872768132,-0.300178161637676,-0.0142677247714289,0.14165608869652,-0.411569119742518,0.0324292107144345,-0.106372247651212,0.0241925906733572,0.200844630767968
"RPS27","Fibroblasts1","blue",-0.236116014379255,0.566742262263271,-0.482041026345813,-0.00839194887042984,0.0997530934564788,-0.750026445650582,0.0479559771060955,-0.258195053763422,-0.0703118799540257,0.133372462270474
"RPS27A","Fibroblasts1","blue",-0.0234286654723279,0.530413031397301,-0.169472459888215,-0.000603002151412415,0.166974183337139,-0.392867808443104,0.0304020465943333,-0.174799233039115,-0.0665768157334682,0.162106626135484
"RPS27AP16","Fibroblasts5","yellow",0.0840739374069721,-0.238550538718653,0.151532565206687,0.0260252332000481,-0.133708221684635,0.611224483874147,0.00536018860857227,0.130967675327949,0.0592791509155293,-0.0857731650746544
"RPS27L","Fibroblasts1","blue",0.0754901288586081,0.331200164716801,-0.0691986679724812,-0.0638148704588243,0.107505120203776,-0.223470580526726,0.037978093442172,0.0229708190662116,0.0650591382939429,0.120692140991425
"RPS28","Fibroblasts1","blue",-0.102319175615133,0.580929323807155,-0.292115151051171,-0.0732272612180551,0.198396342390677,-0.664670203246084,0.045260563213213,-0.178586245059386,-0.0397027637133925,0.172512558691582
"RPS28P7","Fibroblasts5","yellow",0.0934561060840805,-0.326973224946651,0.193867642953029,0.034230534259828,-0.190041007096957,0.760694161901938,0.00965439999208089,0.187988491855217,0.0847128453795947,-0.125998184261085
"RPS29","Fibroblasts1","blue",-0.21918613768123,0.303078838238006,-0.440361206775197,-0.00412599758536907,-0.131562629998619,-0.113905444312994,0.0904753867804806,-0.090420849157505,0.0225557630770057,-0.0240538540061073
"RPS3","Fibroblasts1","blue",0.0871660574291861,0.530432965561219,-0.0780157336456392,0.00113108543492419,0.221541067693151,-0.315013610847581,0.0278269522411898,-0.0968309402628547,-0.00666163413335003,0.215100731128218
"RPS3A","Fibroblasts1","blue",0.00606890714461124,0.58714450765867,-0.163832459596756,-0.00215416457763251,0.246347263569598,-0.617703993822304,0.02255047577611,-0.149598831426752,-0.0259044096016944,0.216153173351498
"RPS3AP6","Fibroblasts5","yellow",0.107680125951833,-0.286326634111206,0.187321652766247,-0.0319443778731958,-0.149025487110948,0.709982070193624,0.0122753208002799,0.169491279814115,0.0805050887699564,-0.0957307056742699
"RPS4X","Fibroblasts1","blue",-0.108849818858977,0.591655089228761,-0.36201922665728,0.0135177304228306,0.112335195327146,-0.476200196106002,0.0314616107505872,-0.173863885016173,-0.0147423936185793,0.16565347546286
"RPS5","Fibroblasts1","blue",0.0789454363770251,0.484598869657939,-0.0949916572146351,0.0673496724445964,0.16907661752423,-0.284241595994138,0.0513252085467066,-0.101880366629257,-0.0146806515703942,0.169310709094421
"RPS6","Fibroblasts1","blue",-0.0372435181218492,0.482232132746975,-0.242972723825427,-0.00881949154252622,0.0508989125687396,-0.151843144763775,0.0533844394377211,-0.107187987419632,-0.00226035145174148,0.112259659408662
"RPS6KA2","Fibroblasts2","turquoise",0.174282518675476,0.0437837233383446,0.232311135092581,-0.0361994830210442,0.19508591414256,-0.000274479905303429,0.0156998947741514,0.0483762808456941,-0.0159277421976313,0.120488618905008
"RPS6KA3","Fibroblasts2","turquoise",0.158555979390498,-0.0163487394410104,0.189004272450755,-0.00527658865171844,0.0992317965748231,0.0926558305665543,0.0300148012927154,0.0577240410755395,0.0160661128882472,0.050624273796135
"RPS6KB2","Fibroblasts1","blue",0.0436867900056035,0.100962459122844,-0.00351376911039098,-0.00943487240175999,0.0457359977649812,-0.0735438557343929,0.0201458485516379,0.00190825168415338,0.00586733489593348,0.0457976248798023
"RPS7","Fibroblasts1","blue",0.128188599585536,0.479366540740373,0.0264527736066823,-0.0675675106029777,0.265626150643811,-0.393972719945499,0.0227536233363318,-0.0830544478234221,-0.0107292101820294,0.187489289120454
"RPS7P1","Fibroblasts5","yellow",0.0913305803587264,-0.237520187786256,0.152615457944518,-0.0256606513379533,-0.11711506811577,0.607668291810164,0.00454688115414139,0.137269214500786,0.0599029966451831,-0.0755627073421557
"RPS8","Fibroblasts1","blue",0.0797967947270603,0.462994464435093,-0.0789309067911219,0.0668837970485315,0.106168592165847,-0.192634679791878,0.113179554725858,-0.0910362433996682,0.00738534003724035,0.131983523843288
"RPS9","Fibroblasts1","blue",0.0409047305390229,0.570359459121701,-0.135136664182461,-0.00143499225573282,0.248791059688743,-0.501713669984953,0.0272757712644565,-0.135101531585909,-0.0296403470654057,0.227170975300593
"RPSA","Fibroblasts1","blue",0.204117397820877,0.440260361286026,0.0786082653031436,0.00263929635890235,0.26667708295542,-0.280589310150868,0.0546928437483482,0.0124086577025089,0.0563839223211844,0.213605113764416
"RRAD","Fibroblasts2","turquoise",0.165496255110679,0.0812398269718634,0.261939265692584,-0.103554784638947,0.338928793877595,-0.0658301343315349,-0.039409207831421,0.0143679907632908,-0.0575425557289892,0.273372391764662
"RRAS","Fibroblasts2","turquoise",0.275242129062352,0.164860185831927,0.322928686332395,-0.00876618497202544,0.257461660834422,-0.0480897475151741,0.0132825536288999,0.0574421343296338,-0.00621984617664116,0.178267272557841
"RRBP1","Fibroblasts2","turquoise",0.301938728874848,-0.0648856473242319,0.39239866142204,-0.0152094620131722,0.101760335922072,0.183821383757358,0.0551576184400095,0.219093264034603,0.117209030241775,0.0226065223241164
"RRP36","Fibroblasts2","turquoise",0.171757095183926,0.0410651573351155,0.213119374417522,-0.00881684672361597,0.101844973200529,0.0238977454485631,0.00164558346754036,0.0563927820865403,0.0193549379140635,0.0473639607266709
"RSF1","Fibroblasts2","turquoise",0.216262996161525,-0.0146631021018968,0.244894556074534,0.0499285216664513,0.0711206860999362,0.128033477740621,0.0353752145002418,0.0929154535253009,0.0493032981557604,0.0381526382328926
"RSL24D1","Fibroblasts1","blue",-0.0147180767461285,0.206591020492465,-0.159163530598878,0.0235343603587145,-0.00146344949937555,-0.121000841437427,0.0232263572902992,-0.0428035948177335,0.0343464189572734,0.0523274140548692
"RSRC1","Fibroblasts6","brown",0.104912603767434,0.0512624053386881,0.083646663466902,0.0376815370184167,0.0252975029761791,-0.00318591313533975,0.140866047988548,0.0145713008996703,0.0154305016885208,0.006865068037365
"RTF1","Fibroblasts6","brown",0.0677093505050107,0.0671752152249055,0.01852073269163,0.0589951103502108,-0.00859701498463499,-0.0239892995734579,0.070824343907188,0.0184393919304795,0.0353930359442432,-0.00734690132437498
"RTL8C","Fibroblasts5","yellow",0.0844872248589927,-0.339629101788351,0.18258543051378,0.0324073003278957,-0.189684541358022,0.725930660638906,-0.003071707894828,0.161604429130886,0.0693613848188502,-0.133885336551673
"RUNX1","Fibroblasts2","turquoise",0.203752401971922,0.0148583234619052,0.253950664751238,-8.73515101493354e-05,0.161630739761587,0.0134492895513789,0.0519855193149507,0.0725017932357234,0.022350687769275,0.0824192976936373
"RUNX1T1","Fibroblasts3","green",0.118502188067774,0.0107883003277109,0.0949346579616122,0.117259500951277,-0.00935879404790238,0.0395352441866252,0.0837017206268373,0.0355570250070913,0.0276183503118797,0.0373086726358097
"RUNX2","Fibroblasts7","pink",0.123679296716841,-0.0136543794943569,0.14410711737882,-0.0774313125390038,-0.00243957281257951,0.143280698255182,0.025541710941878,0.335134980309271,0.218330711215318,0.000693002052708724
"RUNX3","Fibroblasts2","turquoise",0.139886175708808,-0.0208859277625977,0.192650015538366,-0.0576839070255484,0.0794300860964671,0.10556000320769,0.0172558525263772,0.0785646035748949,0.0407953959437948,0.0366667351744335
"RWDD1","Fibroblasts1","blue",0.10079165611571,0.192448039112844,0.019092125876963,0.0063847415967702,0.0643137491620219,-0.066159010435522,0.0856490811680189,0.0283414626384841,0.0598052592568553,0.0633133028280729
"RXRA","Fibroblasts5","yellow",0.148201606920569,-0.0992676484222063,0.195592872447889,0.0266121791779469,0.00661711518091996,0.230389527531264,0.0211094280244406,0.0966794105285117,0.032436282295644,-0.00683542315280381
"RYBP","Fibroblasts2","turquoise",0.184727030073584,-0.0676022019899482,0.236152403913859,0.0380232935855959,0.046564368915616,0.192908071727119,0.068491272118666,0.130050164669922,0.0707020978270227,0.020794619874479
"RYK","Fibroblasts2","turquoise",0.162847933414177,-0.0276551946240367,0.207740302655261,0.0631171580534485,0.0397420492566286,0.110568791029702,0.0295511611876615,0.0866086565591906,0.04243881346484,0.00840057266908686
"S100A11","Fibroblasts1","blue",0.136508343424655,0.376700588972663,0.030862793274358,0.0196137834534878,0.219597455356693,-0.231179530530412,0.0376086880273417,0.0283342167427227,0.0376823821269319,0.161515154489891
"S100A14","Fibroblasts6","brown",-0.0674781723771691,0.018538292202703,-0.0885816789040278,0.0113234704374711,-0.0406178347385422,-0.0514514719801493,0.0424230347240954,-0.0409779552710273,-0.0256275234995063,-0.0272583399425946
"S100A16","Fibroblasts1","blue",0.0946800783512357,0.20126665647388,-0.0243207422401751,0.00974269254615815,0.0408199831436626,-0.0720433199901665,0.0652896317391331,-0.00447625784353083,0.0352076292415981,0.0481010281903713
"S100A2","Fibroblasts6","brown",-0.0920855961790727,0.0340217202151072,-0.10373820526769,-0.009601202933419,-0.0451499339985728,-0.0963215496188752,0.056896582166997,-0.0622150407243119,-0.0315580074416532,-0.0415454039162841
"S100A4","Fibroblasts1","blue",0.00476137588421059,0.480688093531278,-0.222002409232402,0.107622247327132,0.056711777662637,-0.379562830632002,0.0213505250602276,-0.125890461151064,0.0371831001584848,0.0998537188509931
"S100A6","Fibroblasts1","blue",-0.0139537787265049,0.496493894972011,-0.182731911011458,0.0849893933152476,0.15496352927316,-0.547263183378872,-0.0217847885162142,-0.253064485771091,-0.0952329065679413,0.112459178481854
"S100A7","Fibroblasts6","brown",-0.0812622758496271,-0.00211898392344709,-0.0901540698594968,0.013074823440857,-0.0536310560030398,-0.049170452353673,0.0648635816040884,-0.053527907831084,-0.0335656679095985,-0.0311636936315484
"S100A8","Fibroblasts1","blue",-0.284621527421414,0.0703316764736998,-0.362492910100759,-0.0530086520557769,-0.144078104191834,-0.169106455143681,0.05819644325279,-0.119513024044334,-0.053534638382261,-0.0790353357166108
"S100A9","Fibroblasts1","blue",-0.195444663549219,0.0524854470328052,-0.244443376525704,-0.0387164944984031,-0.0910534971937563,-0.154408977021495,0.0557292383366556,-0.0911816858766119,-0.0390835080999287,-0.0481528650979804
"S1PR1","Fibroblasts5","yellow",0.0143940138191392,-0.127731044886039,0.0480704129884518,0.0103075404596651,-0.0810809743484323,0.241070762315439,-0.00439509808193506,0.124166461474087,0.0600067085597002,-0.0640221461770334
"S1PR3","Fibroblasts2","turquoise",0.186682787229026,-0.0626695837182017,0.252298088762338,-0.0062973276839048,0.153089494056365,0.144747769507377,0.0364382610483788,0.0318437008716711,-0.0536272951489655,0.0723628085544508
"SAMD1","Fibroblasts2","turquoise",0.141399173811143,-0.0564136638179032,0.212869723432482,0.00476327947018959,0.0521780429238519,0.129048404945528,0.0218692127202411,0.0685133764509982,0.0194938991321272,0.0170032232704938
"SAMD4A","Fibroblasts2","turquoise",0.133729962915342,0.0133758887390186,0.176352360583502,-0.0307333436153714,0.120974799090462,0.0153555726725613,0.028472065880855,0.0801860104226596,0.0409463831099311,0.0449180544149809
"SAMD4B","Fibroblasts2","turquoise",0.204174495854203,-0.0515778698093464,0.299804254712251,-0.0344527419693346,0.141391549761179,0.10832123857058,0.0288565697121845,0.10636980795357,0.0274795143329226,0.0654789469891664
"SAMD5","Fibroblasts2","turquoise",0.208571801088574,-0.0807551251029999,0.286776480794571,0.0129376329677371,0.0810138223694724,0.171151744987734,0.0541625139326504,0.171063146394261,0.0760839696908457,0.022760771523285
"SAMHD1","Fibroblasts2","turquoise",0.185169166798064,-0.0424980509916845,0.218318245717585,0.0491531710014902,0.100869173921431,0.142309459404365,0.0332580464155064,0.0225550777470191,-0.028269789158838,0.0928060857961317
"SAP18","Fibroblasts1","blue",0.138316633670699,0.218074104039831,0.0498987845815501,0.0343393637031038,0.126304829019433,-0.0658116052025089,0.0229051466019694,0.00945097184617464,0.0382925422355531,0.118813244868404
"SAP30","Fibroblasts2","turquoise",0.138593065642906,0.0259067943572686,0.179530234653096,0.0164340600792626,0.104691378656244,0.0157899621312066,-0.0056800541703668,0.0402306105367413,0.00011204350264284,0.068037887060648
"SAP30BP","Fibroblasts1","blue",0.0393432515015064,0.0664828402991302,0.00381535983840935,0.00422909275561198,0.01426342072074,-0.0315967516937514,0.0247877213659423,0.00619856206510739,0.0278039916474294,0.0208878736942301
"SAP30L","Fibroblasts2","turquoise",0.158501021161009,-0.0283628535464435,0.197820190879174,0.0386977438293023,0.03707349118132,0.124605594869293,0.0368893059412429,0.0765181922948101,0.0391223324527983,0.00932719693210381
"SAR1A","Fibroblasts6","brown",0.053434510623332,0.0670528151782181,-0.0228487918675424,-0.0185024456373759,-0.0398329837732146,0.0445394382257916,0.267576294979907,0.113847492980471,0.120292220705101,-0.0286243567249491
"SASH1","Fibroblasts2","turquoise",0.169537367776713,-0.0433702903142015,0.202464997503878,0.107996293601151,0.0510619392161323,0.0730230656143887,0.0411262286450096,0.0948124635638726,0.0608498782131548,0.0184100208560547
"SAT1","Fibroblasts4","red",0.134299793505633,0.152407025101374,0.164866108903876,-0.200043089667898,0.418826837868263,-0.147142183853766,0.0180926202457441,-0.00216943110373578,-0.0281937283456767,0.288160913883529
"SATB2","Fibroblasts7","pink",0.144072807017885,-0.0537719986183227,0.1796908112495,-0.0560103027854847,0.028154261613504,0.147127007330205,0.0532501924382031,0.25670899831354,0.129444960940808,0.0207252961699655
"SAV1","Fibroblasts2","turquoise",0.253149537272908,-0.0300773625434283,0.312441796835418,0.0481154283200485,0.126216044121895,0.154707692545814,0.0533169466569484,0.110193299487351,0.0295149942391744,0.105753379955498
"SBDS","Fibroblasts1","blue",0.191358011392075,0.226270554837906,0.0784377129078289,0.0812297420713647,0.133444705839229,-0.0622459856571584,0.0387926048849263,0.0325432355951445,0.0721830485007939,0.131047381658671
"SBNO2","Fibroblasts2","turquoise",0.15114368327506,-0.00818323646762375,0.223459341423303,-0.0521203754601484,0.149844497741128,0.0150066157678553,0.0143591912901173,0.0531600799602683,0.0111942361053322,0.0935647086019384
"SCAF11","Fibroblasts2","turquoise",0.227960819467545,0.0159670334885362,0.228441190621768,0.0570720079993002,0.0821075654914023,0.092388197236463,0.0662361035211838,0.083866197359568,0.0552045321291263,0.0579169174001123
"SCAND1","Fibroblasts1","blue",0.124034107385645,0.240688932664934,0.055636020909607,-0.0373327826319074,0.159910762391433,-0.170141413795597,0.0106799469339966,-0.00429374530114346,0.0181925806009551,0.122780208734576
"SCARA5","Fibroblasts2","turquoise",0.259090124766461,-0.020503967297298,0.290283249960795,0.0734278782125148,0.199456738050998,0.162621865469019,0.052925092224385,0.0841878482544311,0.0160531784134589,0.186318182530442
"SCARB2","Fibroblasts5","yellow",0.267291402708119,-0.0538397383913448,0.301891037026619,0.00709503046296523,0.0914017851670681,0.295468556486169,0.0435405035410088,0.170079572078805,0.0857210147186924,0.0677220223430161
"SCARF2","Fibroblasts2","turquoise",0.157294332758663,0.0457896116303292,0.192593873248473,-0.0174385806583861,0.0433553770901501,-0.012259148228211,0.00865637273900653,0.117907485235744,0.0979444081189416,-0.0141968562828029
"SCNM1","Fibroblasts1","blue",0.0147998238068622,0.0489326732000502,-0.0275768202641163,0.0112786298574942,-0.0316911717057609,-0.00194991851013894,0.0166542450723125,0.00794066232920927,0.0223994164439017,-0.0126198688778448
"SCOC","Fibroblasts1","blue",0.0700080023374599,0.114044435482558,-0.00591931727764901,0.0253827018056227,0.00821320235009407,-0.0271316539229408,0.0256206322493721,0.0202318315322607,0.0495640636792279,0.026721914117741
"SCP2","Fibroblasts1","blue",0.0882322361722702,0.175119709955119,-0.0425068030769253,0.0650532016901294,0.0169428134086281,-0.0284922126665538,0.0376229612935765,0.033256622982471,0.0769163995153406,0.0673780006253968
"SCPEP1","Fibroblasts9","black",0.156622007214531,0.115302000501896,0.115192803765808,0.0536927453826575,0.168589057276026,-0.0518441683085934,0.0235120661833423,0.055552879556258,0.0591143008657043,0.220588412597315
"SCRN2","Fibroblasts1","blue",0.0134100452564606,0.0858949064033742,-0.0435212794086933,0.00853604089110912,0.0107855805852512,-0.0726051716114436,-0.000327441724468902,0.0060827266100482,0.0226810864280427,0.0334437816501553
"SCUBE2","Fibroblasts2","turquoise",0.172599469681621,0.0164075234100246,0.220330318019138,-0.00543210078419016,0.12473831039059,0.0422610727237172,0.0161505586358959,0.0851980439287396,0.0510768313433422,0.107295107707497
"SDC1","Fibroblasts8","magenta",0.0725790820786007,0.0234057642794633,0.0608208155914008,-0.115539446949821,-0.0635767347778153,0.107290594188554,0.0731119548176195,0.287233983939298,0.386347773803597,-0.0556982888736116
"SDC2","Fibroblasts6","brown",0.0879276641630295,-0.00199896944859278,0.00345597430476794,0.118313918994457,-0.076464426258879,0.170913484260029,0.101320019809536,0.182332258504491,0.155181869635265,-0.0533442357996572
"SDCBP","Fibroblasts1","blue",0.0406428835932501,0.194033499347673,-0.099355788676871,0.0118629104123962,0.108819311970487,-0.071271229228431,0.0485918346272954,0.00403435484932105,0.0403193347875048,0.152643348708375
"SDCCAG3","Fibroblasts2","turquoise",0.114359630923702,-0.00236872311194617,0.14920915336421,-0.00676019711784152,0.0574198338493062,0.0549855295047196,0.00369725667589885,0.0486462184325676,0.00956271693887952,0.0242212987884177
"SDHAF2","Fibroblasts1","blue",0.0439965818775075,0.108084749862196,-0.00945051497554629,0.000293365043137344,0.0431528907351043,-0.0581458194620757,0.00504317866500452,-0.00449152215018547,0.0211743016801428,0.0424545325359184
"SDHAF3","Fibroblasts1","blue",0.0312251085603104,0.0973580544658012,-0.0328479728600225,0.0358287385368019,0.0192526839408658,-0.0487963254452856,0.0134178563943095,-0.00466845486549523,0.0171835623752233,0.0272433232672952
"SDHC","Fibroblasts1","blue",0.0782281766597577,0.174073084819636,-0.0170698821588443,0.00619071255836765,0.0770776817646608,-0.0587535945841759,0.0193584033464517,-0.00186537676255117,0.0276106744899872,0.0961124127022717
"SDHD","Fibroblasts1","blue",0.080348745789888,0.18547012137194,-0.0340652702835443,0.0457813578443994,0.0624943421840133,-0.0488620710962219,0.0234133972472519,0.0161234404516289,0.0391339395405934,0.107557861816457
"SDK1","Fibroblasts2","turquoise",0.180667784782814,-0.0258284484057156,0.276603971102379,-0.0783327678899011,0.208806110959545,0.048277823171203,0.0131080148675618,0.0542069097745193,-0.0408545985130965,0.127275632381869
"SDR39U1","Fibroblasts1","blue",0.00887373363064457,0.0659428053912402,-0.0449208945318812,0.0220191734970211,-0.00652860065456822,-0.0634184046946067,0.0150345180435678,-0.0137231330677462,0.0114802665587796,0.00145540132593428
"SEC14L1","Fibroblasts2","turquoise",0.144024201432653,-0.0141572377265281,0.181115865790265,-0.0426940694887966,0.0487439241697522,0.136726422393024,0.0314645698063046,0.0967991324023385,0.0624296839723531,0.0207221746942147
"SEC16A","Fibroblasts2","turquoise",0.126128813061423,-0.0357470943172572,0.158561314805335,-0.00270211846286984,0.0350577967934917,0.0979488611877073,0.0215680238226493,0.070834218894682,0.0354411354553585,0.00827308695912082
"SEC22B","Fibroblasts6","brown",0.0269576785214358,0.105862094340645,-0.0535189504553451,-0.0275011992784546,-0.00591967547864658,-0.0510351533612614,0.253605235295621,0.0676981894434937,0.0841020059825313,0.00751577311114573
"SEC23A","Fibroblasts7","pink",0.136860237495249,0.0156027421310071,0.0917855498043026,0.00723692286869175,-0.00878558597357885,0.141063379822758,0.0608868542288541,0.17225509149832,0.111251287658368,-0.000943442921287691
"SEC24D","Fibroblasts7","pink",0.147268134910845,-0.0224675209806701,0.132550319231958,-0.0185637071286,-0.00839462101355271,0.181351655316524,0.0491112414619735,0.213557132080674,0.123764451096704,-0.0107987711178945
"SEC31A","Fibroblasts5","yellow",0.312702421420988,-0.0682910300824812,0.367532455127379,0.0103068650979154,0.0454337999394557,0.335876786125469,0.0472625719113269,0.251692621036394,0.144520644984334,0.0147941754852009
"SEC61A1","Fibroblasts2","turquoise",0.184529596848111,0.0584886485505973,0.21289564654435,-0.0449008613753552,0.143646282304933,-0.00767030721895766,0.0467840517683975,0.114108664924078,0.0614984993092626,0.0683813659789601
"SEC61B","Fibroblasts1","blue",0.197716572729343,0.342741346148464,0.13036807628754,-0.0967849290229545,0.240348405610572,-0.183857035870166,0.0255898238131049,0.052323690087598,0.0561997738631965,0.159811959830413
"SEC61G","Fibroblasts1","blue",0.0377424114314203,0.345616606137863,-0.109447299365045,-0.128080682336193,0.0951018771385879,-0.173416579056794,0.0397839555963351,0.0598379993734535,0.0911292778109547,0.0787473695107239
"SEC62","Fibroblasts6","brown",0.0783991146623457,0.0709790314106189,0.00971220702146585,0.0796563864415838,-0.0141543154380024,-0.0243475131836973,0.104489898945669,0.0433518789793945,0.0499403096288861,-0.0103982626507156
"SECISBP2L","Fibroblasts2","turquoise",0.168525555228316,-0.0396415727349464,0.192888817328608,0.0391955804136564,0.0341993803360523,0.125578901922445,0.0415987284095932,0.100842463595642,0.0563069381189206,0.0137338067042806
"SEL1L","Fibroblasts2","turquoise",0.206378100615709,-0.0335903449724132,0.24677000426312,0.00531361407250253,0.0891624015894644,0.129377405074827,0.052960662975788,0.097423311110608,0.0444260332437857,0.0597618602851556
"SELE","Fibroblasts1","blue",-0.0415660303963538,0.0168744933708235,-0.0476350601540319,-0.0309199335930458,0.00814595069968057,-0.0383366739026083,0.00815865861662562,-0.0327821484670885,-0.0196067635369103,0.0123102377252862
"SELENOF","Fibroblasts5","yellow",0.102040456745843,-0.332102354699632,0.199285222374101,-0.027292780800024,-0.170773221732115,0.740517148873293,0.00267823065976799,0.175282695610418,0.0754372530008253,-0.106981062422143
"SELENOS","Fibroblasts5","yellow",0.0685846568625012,-0.255144777189146,0.144216544519616,-0.0203032598731756,-0.126494043011743,0.547401152709459,-0.00251490073320372,0.123904772997918,0.0500314489814204,-0.0856296285359523
"SEM1","Fibroblasts5","yellow",0.100525579235103,-0.273905146953748,0.17122247027146,-0.0309555451847154,-0.136886791547706,0.6534583949264,0.0044785379194752,0.143526042998143,0.0668214238841945,-0.0865859184493099
"SEMA4A","Fibroblasts2","turquoise",0.130461221290751,-0.0223639766322185,0.213669639663389,0.0281414842666588,0.178162533108446,-0.0293945107953538,0.0136656411612594,0.0287995085553234,-0.0133223287265161,0.106974134916289
"SENP6","Fibroblasts2","turquoise",0.193045690704806,-0.025038790458065,0.21756116125611,0.0396247835286907,0.0466252851845946,0.11198083167783,0.0707416182346949,0.09412494572278,0.0383507703388514,0.0243504976789897
"SEPT11","Fibroblasts7","pink",0.209491041835967,-0.0334377438349076,0.21348292933687,0.0930496202921379,-0.0448585989196363,0.215083387259824,0.0838830929297815,0.337844315806846,0.209045892011962,-0.0578459587131636
"SEPT2","Fibroblasts5","yellow",0.272326689214894,-0.0293172896299225,0.279657029061723,0.0156401602046124,0.0524059394860589,0.293172471915276,0.0859545359795869,0.178137704039821,0.109955490976533,0.0451075928821738
"SEPT4","Fibroblasts1","blue",0.0351490693522144,0.0846662976155805,-0.0327792914535969,0.0321045845951011,0.000577948988061188,-0.0334714346907416,0.0229424287790221,-0.00369116810180897,0.0377349760466136,0.0404071750108756
"SEPT7","Fibroblasts3","green",0.177207685444204,0.063112263390073,0.1113701786631,0.18172057822807,0.00344429362546062,0.0503073789466661,0.0838712922697436,0.0519640241123862,0.0693502715785207,0.0104606916560398
"SERBP1","Fibroblasts2","turquoise",0.261629441893141,0.117741839313411,0.241352739645323,0.0500414376310087,0.127304610197569,0.0273777240579225,0.0616553467286715,0.0919003396078443,0.0608530121980981,0.0762046330297288
"SERF2","Fibroblasts1","blue",-0.0372649058327507,0.5560447395935,-0.241128141348263,-0.132945924617556,0.142866256396078,-0.455881528538811,0.0509582455335591,-0.0189974323871392,0.0849656544488572,0.153264174971099
"SERINC3","Fibroblasts2","turquoise",0.229750704265565,0.00976795515697079,0.24117396960893,0.0274726439933968,0.119590844154473,0.113760568849753,0.0415621699791376,0.0759264286595829,0.0464545055362132,0.0805406853891846
"SERINC5","Fibroblasts8","magenta",0.0536889529003447,-0.0271419755981495,0.0317500433809664,-0.0563625975569535,-0.05729669314993,0.138322535662892,0.0998592863718688,0.178920685390443,0.262423844453702,-0.03239648029991
"SERP2","Fibroblasts3","green",0.0268218523294889,0.0498190901041747,-0.0122421433961115,0.0736805157843979,-0.017430869317326,-0.0336382568660907,0.0123447817076919,-0.00306356667188335,0.0156789267332199,-0.00125408160101498
"SERPINB6","Fibroblasts1","blue",0.1220048586479,0.134649168381535,0.0595977793945288,0.0075197283857845,0.0784844101285032,0.0015461626535176,0.0377400302383853,0.0388071893372512,0.0534792206812675,0.0934220769943416
"SERPINE1","Fibroblasts2","turquoise",0.254904508890752,0.0596744891333553,0.349125739941964,-0.14164605869098,0.3385812251039,-0.0126347975683077,0.0276284951848221,0.065566775004388,0.00617559817458532,0.174027460511856
"SERPINE2","Fibroblasts1","blue",0.0622264842661577,0.173961934299886,-0.0356665997260847,0.0142555549281489,0.0611649468501202,-0.160822988777749,0.045943166595805,-0.0315671903342822,0.0353240764812902,0.0767280667952818
"SERPINF1","Fibroblasts1","blue",0.0153354058324802,0.229013482921397,-0.111935849852135,0.129133881730009,0.0750742587531519,-0.111040575223394,-0.0224355018427548,0.0603998919841853,0.145461199003586,0.172699250749145
"SERPING1","Fibroblasts1","blue",0.0256303023149427,0.0363481970936045,-0.0384019881650206,0.221518542030328,0.0127383926303661,-0.00506858492261249,-0.00365815935304251,-0.0711520675743554,-0.0211666529200877,0.0884923095770168
"SERPINH1","Fibroblasts5","yellow",0.239114889765463,-0.0140398022410698,0.274005886892742,-0.152155170280907,0.142136032657837,0.269092207259365,0.0265223348804859,0.295440312061941,0.182264406416544,0.103180885509262
"SERTAD1","Fibroblasts4","red",0.161594023007907,0.176026661108613,0.179078714981873,-0.0287817346421997,0.378676852388649,-0.136990643169031,0.031016921568848,-0.0145186131274543,-0.00532987838642652,0.313158559753377
"SERTAD2","Fibroblasts2","turquoise",0.141575995724279,-0.0224832485709879,0.187357752081621,-0.0265286610687839,0.0713045881855508,0.12820887649334,0.0177153358215103,0.106060094162493,0.0557761022755264,0.0170591616002532
"SERTAD4","Fibroblasts1","blue",0.0292557474591673,0.0735184253350663,-0.0552848446685429,0.0947499315749235,-0.0699229306848301,-0.0290135974731292,0.0260831680653065,-0.00322904480138197,0.0448838078294049,-0.0184387642684932
"SERTAD4-AS1","Fibroblasts1","blue",0.0140766790258574,0.0951429745750959,-0.0310574701759207,0.0356465354364773,-0.0253525263463769,-0.0502535205058488,0.0179531261865957,0.0191595631367458,0.0667254411903145,-0.0139022781768046
"SET","Fibroblasts6","brown",0.173912789030725,0.0857203261701228,0.135915155219864,-0.0228651711434399,0.048698970791758,0.0565707248732444,0.36953836032559,0.0937427825846871,0.0877299470873357,0.0265182349174905
"SETD2","Fibroblasts2","turquoise",0.200983853079586,-0.0510346472396417,0.24975817806418,0.0522799771691866,0.0610420760250188,0.13120351174575,0.0561802929538196,0.0907805401755314,0.0526226127955604,0.0285092130974604
"SETX","Fibroblasts2","turquoise",0.229063385490509,-0.0686588621774013,0.286360777243546,0.0277827623591673,0.0633670476945738,0.161444496349969,0.0457639512337712,0.126176198585548,0.0496803273831892,0.0128039658907762
"SEZ6L2","Fibroblasts2","turquoise",0.117491151364456,-0.00246612843310185,0.182555965388871,-0.110114820500958,0.118479163641628,0.0607224255533362,-0.00328066223434708,0.0469648663678074,-0.00980365543226657,0.0578339716295503
"SF1","Fibroblasts2","turquoise",0.216754939529574,-0.0261048437415282,0.28544235015849,0.0337979323399616,0.128247990759944,0.0769856139359321,0.0114072207457278,0.0587347494966675,0.00960649645973759,0.0700120316030607
"SF3B1","Fibroblasts2","turquoise",0.20778818730058,-0.0360505765380404,0.23542108143527,0.0159452569602802,0.0602932444360022,0.141939190322645,0.0488488473727971,0.105977623608818,0.063258684065832,0.0273583095892313
"SF3B5","Fibroblasts1","blue",0.127266064703161,0.25723422699835,0.0240470698417282,0.00250239642778439,0.112690063728157,-0.121034920342928,0.0554422113451654,0.0213762491340795,0.0677730275121479,0.118480789438678
"SF3B6","Fibroblasts1","blue",0.110804140656074,0.269421191749977,0.00767330959821705,-0.00489866915341505,0.139186710887505,-0.156357960504722,0.0153854874301345,0.00527155837040827,0.03176916477785,0.12975169860312
"SFN","Fibroblasts1","blue",-0.0635988552407869,0.0197396363313324,-0.0812099529655742,-0.00730909241144055,-0.036935481559704,-0.0521704456411531,0.00948543428851155,-0.0433248503399311,-0.0237763652721027,-0.0215003154552906
"SFPQ","Fibroblasts2","turquoise",0.237939326854409,-0.0327510814210522,0.306472115495216,0.00984440741044492,0.157193162532093,0.0818732214333371,0.0588047656978606,0.0989351810728673,0.0268831451649765,0.0828963004044812
"SFRP4","Fibroblasts7","pink",0.0398412785431311,-0.204773984322439,0.0998565477977291,0.0673645784598097,-0.154113366331522,0.307287224803289,0.0277625203888122,0.430223722543945,0.271424213293067,-0.155077055083622
"SFSWAP","Fibroblasts2","turquoise",0.127914647177668,-0.0297541672850582,0.168217717821115,0.0229907942146998,0.0547952745248909,0.0558947877449737,0.0211809128961294,0.0506991613710998,0.00549279661632276,0.0223387524500409
"SFT2D1","Fibroblasts1","blue",0.0538255679724787,0.112062453568502,-0.0118503945829276,0.0198168385306761,0.0744563429352332,-0.047895021349575,0.0123024654711183,-0.00467472788960267,0.00741061535063491,0.0692243406442294
"SGK1","Fibroblasts4","red",0.108927643778322,0.0924645739104802,0.139138825243947,-0.123333030927816,0.320242004512322,-0.0727323559672454,0.00079236747594423,0.0474475040161221,0.0181465142034314,0.187750970249876
"SH3BGRL","Fibroblasts1","blue",0.0820157433404536,0.177286479255078,-0.0494985684688684,0.0714874802292483,0.00559822083861457,-0.00786067182737417,0.0348228243763454,0.0514145190554767,0.0882686277877725,0.0670666360473367
"SH3BGRL3","Fibroblasts1","blue",0.083887265433512,0.325723405492831,-0.0732418549687436,0.0194855657184836,0.0524459594938701,-0.219292487809368,0.0792943586934277,-0.00389099687856127,0.0520068804143472,0.0248537460312512
"SH3BP4","Fibroblasts2","turquoise",0.133977287750049,-0.0487828288145065,0.205953870197261,-0.0699004764134035,0.0883896804288196,0.132989686661285,0.00553902363967706,0.110401756971249,0.05255215058648,0.0322265786443033
"SH3BP5","Fibroblasts2","turquoise",0.219115418671424,0.0442593472460248,0.261825398577764,0.140895722648589,0.160069683808426,-0.0907021133507023,0.0353933385665195,0.107849819612875,0.0508975693043674,0.0913699343172351
"SH3PXD2A","Fibroblasts2","turquoise",0.25644763813128,-0.12548212982887,0.376576561337555,-0.0715786968373436,0.105259347082801,0.306645257416399,0.0394820451633791,0.239854706160985,0.123578389580475,0.0374783503176488
"SH3PXD2B","Fibroblasts2","turquoise",0.228095958465592,-0.0759745059581934,0.305844067502179,-0.0248028392853994,0.0870813723555009,0.219212895485848,0.0511275219712352,0.194500408702371,0.109023848418293,0.0325853997295399
"SHARPIN","Fibroblasts1","blue",0.0608144785302681,0.120731750540221,0.00564578266614135,0.0163648996961395,0.0336623872519287,-0.0437297792946847,0.0315397977878685,0.019736757185168,0.0311092437341002,0.0402004145667888
"SHC1","Fibroblasts2","turquoise",0.210092666547233,0.106643071338173,0.234871263768039,-0.0776748363952238,0.231282539380503,-0.037321905995973,0.0333162465260614,0.0686881263334914,0.000939439293006427,0.160889954047457
"SHC2","Fibroblasts2","turquoise",0.114767930728702,-0.0342472827083868,0.176649344416677,0.000301143107274481,0.0648364015109669,0.0632979888596574,0.00119072049559545,0.0521255845379731,0.00908477782274509,0.0119438981191516
"SHC3","Fibroblasts2","turquoise",0.13607329205977,0.0232181518820643,0.172750064986072,-0.043348481003978,0.105347430051067,0.0330252840285449,0.0170535166985284,0.0293130381964391,-0.00563393386432567,0.0351507228795742
"SHISA4","Fibroblasts1","blue",0.0354483896123273,0.101828865051333,-0.019799045000278,-0.0117345907127755,0.0132895681888146,-0.0310355646088734,0.0160192285009285,0.0289646936768554,0.0565387224468431,0.0337373193997185
"SHOX2","Fibroblasts2","turquoise",0.127324690128911,-0.00897788836917269,0.152206134798797,0.0293342578167489,0.0257337470964243,0.0562492953393685,0.0057742194635066,0.0162002296806105,0.00527944872946383,-0.00875444174451036
"SIGIRR","Fibroblasts1","blue",0.0618181011338115,0.137044066406352,-0.00792784998025785,0.0443338852519915,0.0442846772338718,-0.100915914008303,-0.00778414824375342,-0.0174913503892201,0.0160327974707313,0.0376642206991265
"SIK2","Fibroblasts2","turquoise",0.158133408178541,-0.0313549402680093,0.207849595988159,0.0452837967497318,0.0890309990771213,0.0863156969616394,0.0312986557595097,0.0680118447954872,0.0199595522555002,0.0407818215603
"SIK3","Fibroblasts2","turquoise",0.198751064490872,-0.015827652518929,0.275007188580423,-0.0407940350486157,0.135072365217612,0.0855300877161274,0.0211904264645961,0.106853806398216,0.0580956605771629,0.0701973632694481
"SIPA1L1","Fibroblasts2","turquoise",0.143245715398946,0.00542276281708438,0.189757176460249,-0.0445932995709167,0.093009057905236,0.0331696593307617,0.0164624156255049,0.0908746344036101,0.0433683794913841,0.0382301401326794
"SIPA1L2","Fibroblasts2","turquoise",0.0975968036351996,-0.083100777562177,0.138094463714946,0.104813128034097,-0.0199331160607247,0.0943192078410172,0.00977442517103022,0.0627118935718438,0.0248126025331839,-0.0532189271085335
"SIVA1","Fibroblasts1","blue",0.0881508808464542,0.213314107855986,0.00664650822011732,0.0437146316808547,0.0840691396835737,-0.144706325994799,0.0314443857038426,0.00710879559553518,0.0388806769011992,0.071529586874853
"SKI","Fibroblasts2","turquoise",0.190518954262948,-0.0969593635393522,0.246840724807771,0.0816709807616431,-0.00233487001030473,0.217716908706959,0.0419452330662618,0.12001984761179,0.0627579205624058,-0.0169423738378775
"SKP1","Fibroblasts1","blue",0.0481516117176312,0.327840795515004,-0.088514030992086,-0.00634208022217283,0.149662917494478,-0.25305951404235,0.0221989718706445,-0.058336289335781,0.0176531234143886,0.165002203833741
"SLAIN2","Fibroblasts2","turquoise",0.181363500750061,-0.0075117403342657,0.203832704303782,-0.00445021081581824,0.0676530047592027,0.130837993553812,0.0515506113122981,0.107209965130633,0.0640724670170539,0.0413193773731255
"SLC12A2","Fibroblasts2","turquoise",0.124438981503697,-0.00436424601730501,0.167896929477858,-0.0552651692178682,0.120216168369033,0.0302862198036167,0.0789922199295701,0.0636856360741043,0.0152101029118439,0.0795673341839272
"SLC15A3","Fibroblasts2","turquoise",0.0843915232968714,0.0166697701015537,0.114102694528791,-0.0496084496467649,0.0792962492683939,-0.00165262133376779,-0.00474172663278703,0.0433389130425891,0.0128000825963909,0.0501103224331749
"SLC16A1","Fibroblasts2","turquoise",0.10575681829604,-0.0595074447387818,0.144264205490892,0.0144682978466937,0.0336262641273192,0.125005724392977,0.0129703842730735,0.0672393792045374,0.0330494892132437,0.00699872017384861
"SLC16A7","Fibroblasts2","turquoise",0.161265745108343,0.000272640627465855,0.173659170956453,0.0300527075245584,0.0990447377567193,0.046736698436937,0.0465530365340368,0.0858642123709925,0.047810951759924,0.0522479711535473
"SLC1A3","Fibroblasts2","turquoise",0.168624387696598,-0.0247015172084147,0.227766594282449,-0.0710943573179797,0.163175883282709,0.101872090734249,0.0256876301121591,0.0956958105144215,0.0150377015954564,0.139455938249944
"SLC25A11","Fibroblasts1","blue",0.110194220930353,0.150225143758856,0.048727673219772,-0.00601286748188259,0.0807519512357121,-0.0324516060233421,0.0234442876182965,0.0236178843510245,0.0380754064349034,0.0895033127218715
"SLC25A25","Fibroblasts4","red",0.0891673046136447,0.0637432578796464,0.0984089311511863,-0.0466083284201534,0.188260820091587,-0.0589702747446592,0.0140104631914085,0.00217054957833302,0.000674230361629849,0.133957113824464
"SLC25A28","Fibroblasts2","turquoise",0.14062834599766,0.017332386091965,0.194717581896292,0.0039089919344223,0.128282096366263,0.00794505374451846,0.0161701342641235,0.0497744777583129,0.0109176948758917,0.0695679691462233
"SLC25A3","Fibroblasts4","red",0.263799761734298,0.206332756415892,0.229436239227027,-0.0529991441602162,0.252739119852566,-0.00646812188629464,0.0190849926324631,0.0656522134169411,0.0469525253380417,0.170133772929653
"SLC25A33","Fibroblasts9","black",0.0916738553435483,0.0732787139033552,0.082598854832486,-0.0184888453828408,0.116742399122426,-0.0179238111565992,0.00855951102117135,0.026221627740848,0.0283638266235367,0.118710985152625
"SLC25A44","Fibroblasts2","turquoise",0.106528408766844,-0.0170689212081982,0.142726696512495,-0.0035738818675104,0.101983487796396,0.0626143605698509,0.0159865092466628,0.0359729260604333,-0.00252407761347691,0.0672537512392221
"SLC25A5","Fibroblasts9","black",0.153592646724663,0.21419202999229,0.0913139442830921,-0.0789819303118737,0.212703892793354,-0.0544000147492673,0.0244012257280764,0.0097198357002776,0.0113351694357396,0.214497865010327
"SLC25A6","Fibroblasts1","blue",0.0896613227405076,0.405917610333769,-0.0924287074551463,-0.086528524065688,0.173284809495349,-0.150701504867406,0.0421096760618681,-0.00725635633476391,0.0780478119263965,0.208396106879213
"SLC2A3","Fibroblasts4","red",0.16210797521881,0.0690431991002405,0.171424093226546,0.0279807667549549,0.306202244369146,-0.0798458536480564,0.017049757191015,-0.0259908545185329,-0.0509575810310671,0.262742107571645
"SLC30A7","Fibroblasts8","magenta",0.103966060596291,0.0272336717666249,0.0661041814354958,-0.0181910150278332,0.0600848423600539,0.0596064664362837,0.0869571772923822,0.0892130545443996,0.0986615465151698,0.0663581831212171
"SLC31A1","Fibroblasts5","yellow",0.144899323969451,-0.0160528632479203,0.153796799764171,-0.026368459998685,0.0534728624481971,0.167522691550207,0.0352976565521552,0.100489926162503,0.0488950372259454,0.0361986625212577
"SLC35A1","Fibroblasts1","blue",-0.00393158905764598,0.0501292259654826,-0.061810933472171,0.0579306093976871,-0.0298746265862933,-0.0318210943924004,0.0110357213320863,-0.0114340483802251,0.0190969312776101,0.00425641526741412
"SLC35B2","Fibroblasts1","blue",0.0718780593780911,0.0937547536637775,0.0116057623463286,0.0112342006595516,0.0477514139442212,-0.0413428428912312,0.0138645560710199,0.054271717073157,0.068120774810378,0.051509445325834
"SLC35B3","Fibroblasts1","blue",0.0665676840877804,0.109162615332139,-0.0148010718410053,0.00719355756220814,0.0179191487389303,-0.0179278144995632,0.0541834162507322,0.0361742489839012,0.0676138591649011,0.0515516548070939
"SLC35D2","Fibroblasts2","turquoise",0.111365034714552,0.0226770562960834,0.128358082760952,0.00243045372859469,0.0639590946462637,0.0510769020983233,0.0115675215920184,0.0517775014905526,0.0255152462456812,0.0436220637282839
"SLC35E1","Fibroblasts2","turquoise",0.144977681496535,-0.0341673917253129,0.180149628616545,-0.00234886170673023,0.0437816615612891,0.112921782102835,0.0359795345748441,0.0842236036506687,0.0420774875960002,0.0193807210230621
"SLC35F5","Fibroblasts8","magenta",0.0589509803003316,0.0187347901149354,0.0252317709066724,0.0113616847028167,0.00514697585260705,0.0439933221183388,0.0341119631680795,0.063438101362871,0.0877891780839707,0.015858861715448
"SLC38A2","Fibroblasts2","turquoise",0.218370983694488,-0.0372585527708873,0.305750970321627,-0.0260692725954478,0.139786982019415,0.0720603307771769,0.0354798894758855,0.070334203520315,0.021233265661504,0.0648969729473686
"SLC39A14","Fibroblasts2","turquoise",0.237172593926398,-0.0312753644089803,0.351618145227698,-0.126123844890325,0.318407660745775,0.116470492175049,0.0201925029487731,0.136749403503619,0.0112340096313357,0.20113406650035
"SLC39A7","Fibroblasts2","turquoise",0.248064976478922,0.00282451217964351,0.268353119871775,-0.0458672143967248,0.0904532162967424,0.19832382259,0.0493444005753512,0.197796169894983,0.137718051450503,0.0689610661760568
"SLC39A8","Fibroblasts9","black",0.129294609883829,0.0979958950939083,0.11657760626492,-0.0717533181964592,0.241463795386907,-0.0328670877982502,0.0191789062654077,0.0679118849951888,0.018642754705783,0.249985575394458
"SLC40A1","Fibroblasts8","magenta",0.159621717723547,0.0929216460612926,0.108033509515237,-0.0522667502868969,0.0555174340199544,0.0469519259205275,0.0475965407126992,0.107759043933918,0.178289559577527,0.0918104770927567
"SLC41A1","Fibroblasts2","turquoise",0.108885213307973,0.00456257194688534,0.139598383185224,-0.0211152473008282,0.0839953305173106,0.0319264224620835,0.0139796218342604,0.047881050867822,0.0297584738941668,0.0512632341353182
"SLC41A2","Fibroblasts8","magenta",0.0406418859704934,0.0461822035922248,-0.00833330171085203,-0.0225379093020073,-0.00295121616046653,0.0187780073143689,0.0967901538748493,0.0669233161484327,0.131389852095204,0.018763400924443
"SLC43A3","Fibroblasts3","green",0.0235233186469398,-0.0254141431797632,0.00917549724065731,0.137941474187364,-0.02145146835921,0.0317693767482332,-0.0166314795971055,-0.0113327424936507,-0.012962956491935,-0.0247515236769359
"SLC44A1","Fibroblasts5","yellow",0.241714247720437,0.00740829988884881,0.237635238607045,-0.0152155027527742,0.0582778479258288,0.182974574412844,0.0810213789680587,0.211367790097868,0.158153721213348,0.0474370052556101
"SLC5A3","Fibroblasts2","turquoise",0.218160555686785,0.0174352089196895,0.272970713280157,0.0709063028271618,0.0277445707022296,0.0116073492103795,0.0143506051286474,0.0464839849816509,0.0465903190308429,-0.0283578610574289
"SLC7A1","Fibroblasts2","turquoise",0.119068341019195,0.00752064072581738,0.152458289295519,-0.029935060508762,0.0835990132688458,0.0434852589866376,0.0155211538980452,0.0381761932728228,0.00792787691224687,0.0390454513676353
"SLC7A2","Fibroblasts2","turquoise",0.102789766799285,-0.10099224838274,0.154289590724093,0.0875464279421337,0.0237020320083379,0.124524153620922,0.00657069946318705,0.0764040550803749,0.0106597435074042,-0.00838871888841816
"SLC7A8","Fibroblasts5","yellow",0.0817394477855548,-0.0609285334658858,0.104480879343019,-0.0132345965312736,-0.0389792366450002,0.200638550712313,-0.00186198507770293,0.139336087654499,0.0982564602271608,-0.027899503501335
"SLC9A1","Fibroblasts2","turquoise",0.101661706163065,-0.0172451794633189,0.137601951772294,0.00606860361285992,0.0466441011900574,0.0709980391696393,0.0204674291739543,0.0338768620988688,0.00616473818784295,0.0218711095795386
"SLC9A3R2","Fibroblasts1","blue",0.066350553063706,0.159329845266518,0.00448315085156594,-0.0159029192632716,0.0718026413627182,-0.0942729360595604,0.0268735054103555,-0.0464903115301035,-0.00586297482915502,0.103579792807288
"SLCO3A1","Fibroblasts2","turquoise",0.210408064936655,0.0562101147770523,0.256524196732074,-0.0412047399630318,0.249827130146176,-0.0445106836473288,0.0716306753848408,0.00386348795117346,-0.0561056310000628,0.178398813179149
"SLFN5","Fibroblasts2","turquoise",0.316331638475438,-0.0132543658568723,0.369568543387607,-0.049000711754939,0.17605600962047,0.195745875315539,0.0743729116390414,0.194372857330232,0.0831579362568249,0.123319815528131
"SLIRP","Fibroblasts1","blue",0.0236195897218465,0.210125795257198,-0.087797328949348,-0.0293544219227749,0.0431236412669581,-0.0914064745657734,0.0572681684725127,-0.00960064993370217,0.0251341224192746,0.047099596186655
"SLK","Fibroblasts2","turquoise",0.25467255903724,-0.00897544410427276,0.292111344530381,0.0272181883349796,0.0877956314435315,0.144263566603417,0.0642231059545106,0.105501915165166,0.0625454450176857,0.0515840588552898
"SLPI","Fibroblasts3","green",-0.058851737835147,-0.0463478123431196,-0.0965661455099748,0.243809751933119,-0.0705423585793961,-0.0120128194605971,0.0129051730782484,-0.0590548962735287,-0.0521491761472019,-0.0644900666461892
"SMAD5","Fibroblasts2","turquoise",0.191785425706863,-0.0351657555058743,0.221499851482329,0.0772019446383905,0.0279090483225567,0.131081043027165,0.061240401232201,0.0832760987570635,0.0407235855149981,-0.000439573182120949
"SMAD7","Fibroblasts2","turquoise",0.151031721886573,-0.0311065547069411,0.226028942495992,-0.0488306715190539,0.125086759443319,0.0938082046843033,0.0296183328752816,0.0778378224130957,0.0321777040834394,0.0685148149215268
"SMAGP","Fibroblasts1","blue",0.0181250280760678,0.0890246717894462,-0.0438591419199722,-0.0296605601961665,0.00351513572196531,-0.0342577583911118,0.0310127886346933,0.0231986875471599,0.0564733697645993,0.0325043870933238
"SMAP2","Fibroblasts2","turquoise",0.170995783731253,-0.0173955297512595,0.220755818224247,-0.0240472643802407,0.0774511309872795,0.135094205872831,0.0409487531810298,0.090143069549065,0.0525358294519426,0.0505733918801297
"SMARCA1","Fibroblasts5","yellow",0.187328535030937,-0.0520234144603186,0.214108558547741,0.0235569117898231,0.0379697171175987,0.188788590218678,0.0525884241755526,0.113646156326247,0.0470592782490682,0.0194593405781397
"SMARCA2","Fibroblasts5","yellow",0.164507226439575,-0.0938934588959458,0.179268958602862,0.100040048897145,-0.0343490087284732,0.248464371280428,0.0505092805043037,0.11944260994026,0.0547233698515272,-0.0311024201671865
"SMARCA5","Fibroblasts2","turquoise",0.252770466562837,-0.0132024039811666,0.288390004699624,0.0260920377009779,0.0991753067541243,0.122854596172414,0.0667787772082227,0.117065822433365,0.0477924325213836,0.0539640011527781
"SMARCB1","Fibroblasts1","blue",0.109147590610969,0.148443413865298,0.0454292040082377,-0.0155447598325278,0.0871944952571733,-0.0739562703665948,0.0257224920403502,0.0245770305077682,0.0541783519770649,0.0776971139700768
"SMARCC1","Fibroblasts2","turquoise",0.165601118530149,-0.027020768617056,0.195325493364725,-0.0133490195514284,0.0386279643230401,0.13243116365489,0.0518169755837482,0.109355849399639,0.0590902033456883,0.0115027800521567
"SMC5","Fibroblasts2","turquoise",0.176970115794677,-0.0290079472529219,0.207345230102584,0.0413454735941719,0.0561977508906015,0.0729024272303463,0.045805021057162,0.0621381132976551,0.0275681755357224,0.028524520292179
"SMCHD1","Fibroblasts2","turquoise",0.181225792965208,-0.0131638887317819,0.215850200637962,0.0316977201349364,0.073468819050266,0.0525816538043817,0.0365055665646446,0.0664805106413917,0.0311049303028451,0.0252707784740712
"SMDT1","Fibroblasts1","blue",0.0279159912214377,0.133781805678802,-0.0456042248910537,0.0666398013264214,-0.000959151656073934,-0.0511054246723452,0.020754024137652,-0.0342600445328001,0.00796723793909739,0.0247860346423269
"SMG1","Fibroblasts2","turquoise",0.170602498554782,-0.0314191479672646,0.219087208786232,0.00844277167380577,0.0775652539342375,0.0437484402521507,0.0420815929486454,0.0625957677235647,0.0206683792004385,0.0229985861994811
"SMIM15","Fibroblasts1","blue",0.0992211711008248,0.0928035847052321,0.0281501452032232,0.0059132522566575,0.0237610319316843,0.0203570029095178,0.0409862650428196,0.0699505868178195,0.0852223586220517,0.0329281769096293
"SMIM19","Fibroblasts1","blue",0.0839017420684812,0.13044309087642,0.0123329743277813,0.0584823081946756,0.0434338476903555,-0.0349893106291544,-0.00280576919158141,0.0235343540031932,0.0411954266828538,0.0482326736526294
"SMIM20","Fibroblasts1","blue",0.0709597069804244,0.116764167720126,0.0111078295635506,0.0138664659240593,0.04616748338508,-0.0194617568133429,0.016933998724209,0.0276779953810472,0.038840127535994,0.0548250613173772
"SMIM4","Fibroblasts1","blue",0.0185184650785684,0.106522917193109,-0.0334926864997464,-0.00710785261986689,0.0202203999964002,-0.0488538045587645,0.0292589067649477,0.00716232145269449,0.0269099976204658,0.0170423837305886
"SMIM7","Fibroblasts1","blue",0.0785612195310488,0.111749429459738,0.0274474093347675,0.0144426908266857,0.0521531063033923,-0.0447223328556979,0.0044365059868187,0.02060535964328,0.0314681894494495,0.0597469714912791
"SMPD1","Fibroblasts1","blue",0.0699681970990381,0.0891244365103799,0.0171128747790347,-0.0350414040690971,0.0699091759836339,-0.0155931138700178,0.0170892967851352,0.0955170939555346,0.0975263567522133,0.080341304762507
"SMPDL3A","Fibroblasts1","blue",0.0188676816155551,0.084548763011206,-0.0382099111260034,0.047237506226547,-0.0219462845152726,-0.0408800572980406,0.00709126342692666,-0.00152830583318677,0.0538986444932909,0.00653678043838642
"SMS","Fibroblasts3","green",0.0300051825954964,0.0354703411222924,-0.00708999444298416,0.0796261713390785,-0.00359380209683465,-0.00734397279591079,0.0216192520355614,-0.0127450788265226,0.0062712125115817,-0.0121676246544156
"SMURF1","Fibroblasts2","turquoise",0.127117160406378,0.00625587004491137,0.166463435096796,-0.0264075144978442,0.110145337913918,0.0197707838123002,0.0245069771680862,0.0478087761109649,0.0206413105953382,0.0726364928001412
"SMURF2","Fibroblasts2","turquoise",0.143836313354892,0.00633099677815862,0.176992804232583,-0.000609385129673537,0.0761085905357286,0.025425098342201,0.0466653483871656,0.063066112559261,0.0317770991028121,0.0245344277613413
"SNAI2","Fibroblasts1","blue",0.126616623810756,0.102149737635388,0.0480845410549822,-0.0251803653721046,0.084447949747146,0.0709401235685799,0.0511912014179291,0.0732530408688084,0.0523178750777318,0.134879131432052
"SNAP23","Fibroblasts1","blue",0.068126590431209,0.134789638176148,-0.0297712356520497,0.0203978094228913,0.0140908079372576,-0.0565763856189302,0.0452042512050845,0.0343326470133732,0.0841335899480812,0.0352038837733075
"SNAPIN","Fibroblasts1","blue",0.0325441583038337,0.118745362032066,-0.0489825591666341,0.0328828578896367,0.00826651253400171,-0.0406581385986559,0.0173745116984913,-0.0137155793701062,0.0271834973862258,0.0395138620085305
"SND1","Fibroblasts2","turquoise",0.149016430151773,-0.0175631843677794,0.177514323995299,-0.0260725258592308,0.0573115300066414,0.13876482533597,0.0204084755911312,0.0992867904095459,0.0386196470464618,0.0189632169530629
"SNF8","Fibroblasts1","blue",0.128032113958934,0.207974738687764,0.0658460603178645,-0.0414017092784538,0.130899511427223,-0.0995880447926343,0.0257413216788207,0.024736891649879,0.0347101106252784,0.0963049393580065
"SNHG18","Fibroblasts1","blue",0.0363851414190921,0.121080812093526,-0.0274515314064187,-0.0344418411521192,-0.0203335321275034,-0.0336703702471813,0.0326017597075876,0.0788975005865635,0.110686228318367,0.00804697021654511
"SNHG19","Fibroblasts6","brown",0.00125151589774072,0.0386017101946738,-0.035633159573039,0.0289645911818796,-0.0328687958415563,-0.0247284030889609,0.0531192232483581,-0.00870528486990692,0.00261924934477539,-0.0285045726950916
"SNHG25","Fibroblasts6","brown",-0.0525168557769055,0.0293179290688442,-0.0881800102378705,0.0105273884998991,-0.0787163952393131,-0.0112022201643504,0.0753983807482195,-0.00028165295426955,0.017018085109673,-0.0704945082747887
"SNHG7","Fibroblasts6","brown",0.0587703072872077,0.0996052254228379,0.00513467405172086,0.0483693009669915,-0.0111952281240558,-0.0475798303631957,0.0651260663919734,0.0160959405444843,0.0612769229376724,-0.00165405321836697
"SNHG8","Fibroblasts1","blue",0.0388202603213035,0.205011330281971,-0.0559286200826447,0.0728788996246355,0.0360179815208776,-0.134475662534169,0.0470508369141339,-0.0564358858881405,0.0220194083726587,0.060553619396015
"SNHG9","Fibroblasts6","brown",-0.0700801068886349,0.0790393779259639,-0.142744730698367,0.00661173561616887,-0.0497964847715675,-0.0761108685654603,0.0682039469730637,-0.0177027810290814,0.0248035167819646,-0.00447152143260504
"SNRNP200","Fibroblasts2","turquoise",0.158924001185342,-0.0259337835531932,0.204833040752011,0.00456377646288238,0.0557366923146628,0.0815090415146665,0.0242426857504581,0.0806990602268144,0.0321288120845305,0.0211819406263645
"SNRNP27","Fibroblasts6","brown",0.0324313531886336,0.0564305897306858,-0.031007383193831,0.0272404469909357,-0.0232633882185955,0.000602397188991239,0.0603577634498395,0.0272532059061092,0.0361057068577092,-0.00854567707111023
"SNRNP40","Fibroblasts1","blue",0.0597669808060014,0.138111468443216,-0.0239151477282697,0.0362026210495667,0.0584496531680223,-0.077274025162255,0.0255430635367281,-0.00109229962818948,0.0151139127312516,0.0681946553485936
"SNRPB","Fibroblasts1","blue",0.122003854836416,0.19362412276361,0.0601167754521148,-0.0164393635998816,0.13349004765273,-0.114380003580614,0.0155033687488553,-0.0142197245105566,0.0011324271517639,0.100508219914226
"SNRPB2","Fibroblasts1","blue",0.0437380326316702,0.131215526487553,-0.0456677110841267,0.0188050206055117,0.0253930128300701,-0.043329335397108,0.0357200432994519,0.00965844662037393,0.0276425160310495,0.0413666438479431
"SNRPD1","Fibroblasts1","blue",0.0764915683950676,0.164242747083666,0.0160535208081581,-0.012175094587124,0.0868869975410614,-0.0651867915673795,0.0348039304058299,0.000411037810429772,0.0134804508349826,0.0655847364269857
"SNRPD2","Fibroblasts1","blue",-0.0050826985851664,0.251350650933305,-0.15003893129338,0.0161189153878398,0.0131034625982111,-0.105083211276447,0.0501602022397656,-0.0446562175646908,0.0158560363249061,0.0487324592413954
"SNRPE","Fibroblasts1","blue",0.0758825078135277,0.209525512319633,-0.0181692928408374,0.0158512621706881,0.0906026956082652,-0.157096306106582,0.028685367497299,-0.0424531749659119,-0.0152178703945832,0.0681188448227374
"SNRPG","Fibroblasts1","blue",0.068664922825131,0.226681718570739,-0.0387348468768962,-0.0580906243337101,0.115262669352481,-0.111967236402447,0.0493962088774461,0.0199303504161708,0.0356810970448169,0.097111169237563
"SNTB2","Fibroblasts2","turquoise",0.221007803076947,0.0212516864949915,0.250900976665425,0.0496145779755619,0.120296252767892,0.0568882582557948,0.0511046033470885,0.0814079441307181,0.0444874746015106,0.0868498714840471
"SNU13","Fibroblasts1","blue",0.133579437240365,0.216816499645271,0.0626725152530648,-0.0182775426505107,0.108912785396694,-0.0898442188359624,0.0198585273405232,-0.00929000721781145,0.0235600259080298,0.0766840804160714
"SNX10","Fibroblasts9","black",0.102582806296038,0.0729107479432294,0.0874657427779822,-0.0614401559349837,0.164077616126511,0.0142733867417498,0.0128924643379137,0.0313785127195177,-0.00355417095344362,0.212490507927518
"SNX2","Fibroblasts1","blue",0.120937240043096,0.103325122362521,0.0499986687957714,0.0495270305379239,0.0562613036206089,-0.00618497917213603,0.029090188010753,0.0424749375748652,0.0476378158489134,0.074446674485663
"SNX3","Fibroblasts1","blue",0.0175788962793327,0.284517094779397,-0.171465866196384,0.0392824425117627,0.0465603526325221,-0.0973639591457467,0.0184270972261499,0.00859084597300093,0.0792128399112381,0.130510826973165
"SNX33","Fibroblasts2","turquoise",0.106883271460266,0.00561456953581972,0.129654081592276,0.00630042346926192,0.063851387999953,0.0385269720623979,0.0108481947594977,0.0505590604983227,0.0163190251818122,0.0445263886213919
"SNX7","Fibroblasts1","blue",0.0730167174532888,0.102521800455498,-0.0058311471031833,0.073705073678402,0.00578126534483621,0.00745099414488867,0.0132682592496953,0.0376369707885048,0.0509404876648211,0.040947064543699
"SNX9","Fibroblasts2","turquoise",0.290116039909035,0.0331406120984494,0.33244922989925,0.0269353507780648,0.175313009833348,0.11204810544914,0.044045207704353,0.110394542584102,0.0557315354802203,0.111633289146949
"SOCS3","Fibroblasts9","black",0.0958032703218912,0.156876567498063,0.0534251852129991,-0.00249546889962246,0.349441246209444,-0.103644228028998,0.0010267406411759,-0.0656094787760831,-0.0274654650540878,0.553910911967881
"SOD1","Fibroblasts1","blue",0.129666488173019,0.197772303985517,0.0263180040136629,0.109472706827371,0.0340635898229943,-0.00471899229049313,0.0218585317315122,-0.0056487711495392,0.0309814641820913,0.0466234290557675
"SOD2","Fibroblasts4","red",0.244167974200156,0.146978982514527,0.336577302317561,-0.268056922557555,0.684029390430104,-0.149602983941241,-0.0337605275037933,0.0476199419576651,-0.0690767569058246,0.534524849815803
"SOD3","Fibroblasts3","green",-0.0362002821165759,0.147346021281388,-0.157719088599625,0.436673669562313,-0.046967068526924,-0.191362088029326,0.00276501429391775,-0.183525857189299,-0.107381740948804,0.0611324331522219
"SOGA1","Fibroblasts2","turquoise",0.112727412158113,-0.0734214646687772,0.157673454683693,0.0257059637797141,0.0104491394777424,0.144491875575896,0.0379450004047363,0.0878572593117029,0.0506380160581091,-0.007215396201144
"SON","Fibroblasts6","brown",0.122650022896219,-0.03680021528218,0.126977221339945,0.0747382631680948,0.0272819295975548,0.010699959436273,0.0875930602087187,0.0342517397638243,0.0195992163227352,-0.0126864327111565
"SOS1","Fibroblasts5","yellow",0.174937863912,-0.0711339006003874,0.203860795066396,0.0361279659845223,0.00685605649330586,0.203246248071045,0.0489159081872463,0.115917982897544,0.069132443051307,0.0154174009348951
"SP1","Fibroblasts5","yellow",0.150516016131166,-0.0792473848662809,0.174259275027774,0.0375917754511231,0.0109025254639619,0.210775757136384,0.0329906110682032,0.0912039270097425,0.0510870470228876,0.00944889142656702
"SPAG7","Fibroblasts1","blue",0.0613125704966367,0.133410594454068,-0.0187120857467265,-0.00285717438255491,0.0471908049056415,-0.0478998806817748,0.0277340353125738,0.0137684957712148,0.0342271412176237,0.060205971559028
"SPAG9","Fibroblasts2","turquoise",0.235269780086661,-0.0846549324300721,0.304609348906552,0.0929809086241319,0.0443446376571321,0.163286159958492,0.047123868551609,0.142292326846189,0.0640869319610589,-0.0115845931088444
"SPARC","Fibroblasts5","yellow",0.171364497162379,-0.0763621776286192,0.169397050304839,-0.263402608209782,-0.0883152262149302,0.487565725887712,0.0342771742446152,0.565925972009233,0.45189196507032,-0.0396922672254111
"SPARCL1","Fibroblasts3","green",0.0111379613590032,-0.022382290368091,-0.0460059991488374,0.329125860235498,-0.125533055595624,-0.0627016205269862,0.0589264032747517,-0.140215533056185,-0.0711149508375614,-0.106000728621882
"SPATA13","Fibroblasts2","turquoise",0.201619028297844,0.0321649898871036,0.23928198483271,-0.05955319911707,0.150270258718061,0.0146859694058716,0.0330906170450794,0.0801140039857748,0.0436176929100948,0.0809324468940405
"SPATC1L","Fibroblasts1","blue",0.0216507511997389,0.110990520829901,-0.0442666373874208,0.00859544657033413,0.010364914489053,-0.066004318932727,0.00637986281117576,-0.00235624303104852,0.0315591996225608,0.0287166313639859
"SPATS2L","Fibroblasts6","brown",0.192243465934579,0.0323109752947505,0.200082161773458,-0.0630502257303434,0.0685479680815092,0.126684977102571,0.109672252949269,0.178346049682713,0.146857806583948,0.0633846782435047
"SPCS1","Fibroblasts1","blue",0.130392759849519,0.204939232769176,0.0558754110777656,-0.0116304027906276,0.121503780620722,-0.0637341458990178,0.00429089845336965,0.0378483097583254,0.047084973695206,0.112699210579088
"SPCS2","Fibroblasts1","blue",0.0641722999502936,0.235576864243788,-0.0574301068358211,0.0653671570994405,0.123879866463127,-0.208287299678044,0.00723268313568184,-0.0445250726817274,0.0267718087226647,0.138742249139385
"SPECC1","Fibroblasts2","turquoise",0.124365235173689,-0.0123846757151782,0.144788046716965,0.0458549869873128,0.0194519574900934,0.0658316970511901,0.0335590757908373,0.0478689551902545,0.0279040674896566,0.00334203647137458
"SPEN","Fibroblasts2","turquoise",0.247339624016587,-0.0462042226048426,0.32779388696137,0.0200416831520954,0.123317396522478,0.131040839718671,0.0426175567647528,0.0961734713152349,0.0341025604105087,0.0663532219001458
"SPG21","Fibroblasts1","blue",0.056190835261436,0.113848718791651,-0.0402599962084515,0.00282806695078815,-0.0131093702736795,0.030862253348746,0.0156439087411849,0.0672911187671015,0.102529718590956,0.0174288755058757
"SPIN1","Fibroblasts5","yellow",0.162576159274276,-0.0655968559198279,0.170014370639299,0.0433116006300714,-0.0386424388454435,0.248015764038564,0.0451919092133879,0.153252137246038,0.104035597452416,-0.034818702880336
"SPNS1","Fibroblasts1","blue",0.0533166317337031,0.112178795856982,0.00277277523520245,-0.00265877725765727,0.0676516929799328,-0.0858219526013076,0.00493006795576733,0.00612311928469579,0.0268745900634041,0.0641987562836048
"SPON1","Fibroblasts2","turquoise",0.233201198983668,-0.0936730961106783,0.297592165802546,0.0667722532307231,0.0299581592693423,0.235215628387097,0.0453668562173475,0.193071733203537,0.100754379771815,-0.0211419644589959
"SPON2","Fibroblasts8","magenta",0.153130017140208,0.160568972518762,0.0562148605868707,-0.0589008872163796,-0.0161605934383968,0.0290817100835615,0.0615779584821404,0.16597991159426,0.314675343116586,-0.0387785857595682
"SPPL2A","Fibroblasts2","turquoise",0.208622667886814,0.00807460832032659,0.241829046903873,0.00677931959568693,0.136803471183684,0.0649486213379835,0.0782676533752201,0.097852764393585,0.0525675344191002,0.112226463908162
"SPPL3","Fibroblasts2","turquoise",0.137712850240738,-0.0482008293105166,0.178973578241833,0.0244562852272217,0.0291582776370438,0.1295239353225,0.0195327603308477,0.0866310082481093,0.0464116018478788,0.0210950961871676
"SPRR1B","Fibroblasts6","brown",-0.112815286774423,0.00892737566642745,-0.133894989971027,-0.00293003765724603,-0.0957597414554648,-0.054427346150151,0.142428165845181,-0.0369317770231067,-0.0177195575418344,-0.0701284915388977
"SPRR2A","Fibroblasts6","brown",-0.0925034023074271,-0.00662639406812009,-0.103822993153775,0.00252363434199912,-0.0681475435654338,-0.038033326824392,0.0860631996939481,-0.0321617918394827,-0.0119698574607997,-0.0546916701870494
"SPRR2D","Fibroblasts6","brown",-0.0989249164528541,0.00738127100959058,-0.123944018984437,9.38615514507992e-05,-0.0948176669084638,-0.0493835370508282,0.154350153632214,-0.0222635641807857,0.0001412504312,-0.0738987632579007
"SPRR3","Fibroblasts6","brown",-0.12274070752621,0.00419026726359385,-0.145718382455325,0.00218171781584536,-0.104889733383893,-0.0662749392719745,0.137746092358732,-0.0480459824160266,-0.0105004128751249,-0.0708760838289421
"SPRY1","Fibroblasts3","green",0.0625982114087922,0.116588925553756,-0.0167859019981073,0.204382520405772,0.0130646406417448,-0.151854758984799,0.0673020297423348,-0.183033370771266,-0.108090838554473,0.0471316670915656
"SPTAN1","Fibroblasts2","turquoise",0.221118556736082,-0.0797343129725313,0.303692750585635,0.0341552047853285,0.0757236595487374,0.177777984329335,0.0424029091115665,0.149204643296231,0.0630907022626473,0.0137229887360381
"SPTBN1","Fibroblasts2","turquoise",0.258485295495031,-0.053371161769616,0.312057432126706,0.184338545768012,0.107458289496093,0.0611455344757889,0.0553306254784718,0.025137657617563,-0.0337393752442139,0.0416561859934666
"SPTSSA","Fibroblasts1","blue",0.0252665568563562,0.174771476310283,-0.100603294994518,0.0302654419912847,0.0571359708591028,-0.0836520470007772,0.0129654218623536,-0.0476606096571169,0.00756151679077216,0.0835726073514408
"SPTY2D1","Fibroblasts2","turquoise",0.176054060970628,-0.0109948408502127,0.208134567134349,0.00890096989052372,0.091198590091479,0.117820672923307,0.0399210634833186,0.0935777024536823,0.0523926827045008,0.0548755779623428
"SQSTM1","Fibroblasts4","red",0.241725426332537,0.212051758186835,0.239325694267868,-0.0180281162680394,0.346812943061192,-0.222175677255836,0.00967109516966202,0.00118625778989837,0.002322737927429,0.208516427110199
"SRA1","Fibroblasts1","blue",0.110002189238413,0.158699485379836,0.0500615404560934,-0.0603219358084538,0.0966556659464318,-0.0382406928711302,0.0425021755186468,0.0567583161099292,0.0561939847509256,0.0765098686516703
"SREK1IP1","Fibroblasts6","brown",0.06688871368316,0.0593321140871093,0.0285044185385903,0.0130589035305649,0.0178188148249334,-0.0174399378496141,0.0727980435944978,0.0323888126448809,0.0342095827693455,0.00136036899381569
"SRF","Fibroblasts2","turquoise",0.148189481753927,-0.0826499415525335,0.204702627503599,0.00161222666024417,0.0668216081064471,0.193795477990421,0.0254643734336263,0.0709851793166004,0.017377846244518,0.0316165459719089
"SRGAP1","Fibroblasts2","turquoise",0.154214487508881,0.0108973126957604,0.17546772489366,0.0357840221315303,0.0947937744908252,0.0143861620085837,0.0326762445769586,0.0442872312720235,0.000421896867565127,0.0396424453306722
"SRGAP2B","Fibroblasts6","brown",0.0328418048680803,0.0530779616809767,-0.0191702159012092,0.000396332522339396,-0.00463075161302471,-0.0381317619283421,0.116360615174586,0.0301944779352804,0.0496564343059322,0.00232208125869865
"SRGN","Fibroblasts9","black",0.0775141527017697,0.0388309816249052,0.0600008149621735,-0.0280524358037306,0.121783824690862,0.0330730466324915,0.0230320493951629,0.0964735967420475,0.0675216996828845,0.132761396954974
"SRI","Fibroblasts1","blue",0.0966407369781786,0.173558937990152,-0.0102263128869728,0.11790567951905,0.027566370983082,-0.053661297359526,0.0281234779127522,-0.00137762866211223,0.0364276933557216,0.053732394655908
"SRM","Fibroblasts1","blue",0.140079257416802,0.223455906193057,0.0619032528998037,-0.0494728467651354,0.134645287159497,-0.081590681510889,0.0441368205068567,0.0824773012932369,0.0752216933293347,0.0957628475537387
"SRP14","Fibroblasts1","blue",0.0513914200109868,0.356580956578736,-0.113297264237065,0.103119694877151,0.0551396092008385,-0.241246048674734,0.0487195375359752,-0.0524847164732987,0.0435014098183313,0.0795810070744769
"SRP9","Fibroblasts1","blue",0.032837554295389,0.267675371691005,-0.137679518577135,0.0323623969673847,0.0300524456754651,-0.140901561707808,0.0329936057112024,-0.013021480048814,0.0488351261449288,0.0822959117399079
"SRPRA","Fibroblasts2","turquoise",0.221830388363222,-0.0372898609466005,0.266654175944201,0.0071656665868122,0.0833946538134165,0.180924629431205,0.0422523407820215,0.131910879851387,0.0752912513641882,0.045525296357396
"SRPX","Fibroblasts3","green",0.0764418292854459,0.0217858455077552,0.0383283282539105,0.232949128284266,-0.0249267579494968,0.018258091741095,-0.00157297790733172,-0.0189796456354876,0.0127518512095136,0.00959552429547446
"SRRM1","Fibroblasts6","brown",0.122297523703099,0.0431508575098311,0.0930955202492157,0.0843632663631702,0.00666654577940285,-0.00668748622267392,0.0739498463070015,0.0313109398309004,0.0383321886170345,-0.015028477545605
"SRRM2","Fibroblasts2","turquoise",0.288319287578882,-0.0690626701928166,0.397313200573166,0.0691543063890501,0.121372214399649,0.0744820902402392,0.0183616129877441,0.0796243792895796,0.00634446156119382,0.0318520336822403
"SRSF3","Fibroblasts1","blue",0.089679307526858,0.15307833698108,-0.00803072069248428,0.0573525099322092,0.0797833733199365,-0.0901544558790769,0.109729762000144,-0.0231093571377691,0.00920092567619656,0.0892961558705516
"SRSF4","Fibroblasts2","turquoise",0.202165544273852,0.0234444957633616,0.211458776676221,0.0269425118053467,0.0767228060541714,0.0549044446247378,0.046930954588083,0.068627687980943,0.0433483217680944,0.035175951162443
"SRSF6","Fibroblasts6","brown",-0.0136719788590166,0.00795204981857854,-0.0562353889239607,-0.00897689529158074,-0.0465641471147726,0.0022680428669943,0.193751091966235,0.0213812328330384,0.0312355342567556,-0.0292510950741238
"SRSF7","Fibroblasts2","turquoise",0.191622327778891,0.0553263937564882,0.217281691052959,0.0708343335463561,0.176231355192746,-0.0634170377314904,0.00465939377314373,-0.0057188624596966,-0.0194588658551079,0.12624863976433
"SRSF8","Fibroblasts1","blue",0.03555542507855,0.0778829654758042,-0.0358737988103782,0.0349656016195027,-0.041316208281056,-0.00525213610916618,0.0379720283510833,0.0324339923884148,0.0641667495803108,-0.0128048308481829
"SRSF9","Fibroblasts1","blue",0.173227659981062,0.246548671825889,0.110744655291839,-0.00632985121195845,0.178572573127151,-0.156653176329595,0.0200180167122854,0.035743035641895,0.0462039163416009,0.147384607500685
"SSH1","Fibroblasts2","turquoise",0.174942671653916,-0.0210414817036209,0.239046942444598,-0.0786492137489812,0.148308328792447,0.0797827600891645,0.0319946697346296,0.0657019996216483,-0.000546593610974681,0.0705212568217759
"SSNA1","Fibroblasts1","blue",0.075625986509465,0.185657644173718,-0.00372559015533265,-0.00837474678299747,0.0506880489613488,-0.0910688409925618,0.025111544802688,0.0177360131707141,0.0510989425496665,0.0484208983659839
"SSR1","Fibroblasts8","magenta",0.143882603326928,0.00878765282986047,0.0942447173107821,0.0105610884821118,-0.00368006222302181,0.168869970986372,0.0692788431480272,0.141036378234241,0.171035125652784,0.00983624857460954
"SSR3","Fibroblasts2","turquoise",0.221670001927073,0.0818968771286567,0.231406505586183,-0.0557843877762106,0.121197639443728,0.11168530880571,0.100702537798577,0.155255085369143,0.101461042690927,0.0563076150894747
"SSR4","Fibroblasts1","blue",0.137438642809143,0.259474601050802,0.0811538016454066,0.00939258246476192,0.164995620772998,-0.161376591443757,0.00271551931613881,0.0476358031961926,0.0540088126087241,0.118402491933534
"SSU72","Fibroblasts1","blue",0.107980610466429,0.141373604841015,0.0374121447765598,-0.0322598821280439,0.0461233297515139,0.0134964248914083,0.0439452758072949,0.0541422948035561,0.0641284995342541,0.0527868315337598
"ST13","Fibroblasts3","green",0.140393177541623,0.124540121924861,0.068716557371341,0.0703223694019284,0.0416511017127602,0.00669874719629057,0.047488877345452,0.0394266412550942,0.0570251931482472,0.0538065741590644
"ST3GAL1","Fibroblasts2","turquoise",0.198038675915158,0.00260976973102205,0.257537350920723,-0.0350882019554007,0.181566426784977,0.0551460005684127,0.0341360870412622,0.0835705577981222,0.023347880569821,0.120307208290063
"ST3GAL4","Fibroblasts1","blue",0.0392109731748714,0.157471871255844,-0.0477036068073322,0.018310922065104,0.0844801173273391,-0.109639666660354,0.0189788702876383,0.0216498223361314,0.0699810308582023,0.120018709932421
"STAG2","Fibroblasts2","turquoise",0.187343695101893,-0.0112841897493446,0.216979930624719,0.0467910093878818,0.0540964810567123,0.0883102705645707,0.0525316948612333,0.0836008688480803,0.0444567056668541,0.0234785984691806
"STARD13","Fibroblasts2","turquoise",0.190471509889709,-0.00853272574670491,0.252205682528069,-0.0941195510800872,0.151602585399821,0.087521839768074,0.0342394014860989,0.0909877443252949,0.0356990392936766,0.118664553339717
"STARD4-AS1","Fibroblasts1","blue",-0.0356028175968261,0.0543516813166936,-0.0903435374754548,-0.0657688074974559,-0.0640679276253007,-0.0523054216328626,-0.0045460146741415,0.00905823452165119,0.0623679480501466,-0.0252896097353291
"STAT3","Fibroblasts2","turquoise",0.291553507534477,0.048791507453879,0.344728639496286,-0.00528357693294504,0.289409733584912,-0.0141506855993627,0.0366549273872667,0.0677573487628494,0.0135269630569391,0.249951411648628
"STAT5B","Fibroblasts2","turquoise",0.136483902348773,-0.058414322157025,0.180496629755287,0.0292582956893346,0.0283500618846785,0.142228916317769,0.0236157308668929,0.0605704421282578,0.0217181134985787,0.00341333821735272
"STEAP1","Fibroblasts4","red",0.165546457875464,0.144111633730795,0.159571200057591,-0.177854908328584,0.390250343319513,-0.0127786420728031,-0.0296108813344206,0.047706024460017,-0.0187695789663232,0.298987909591277
"STIM1","Fibroblasts2","turquoise",0.115755507835125,-0.0536624303589618,0.149473001029312,0.00358854224209992,0.0252831667111813,0.15256187103834,0.0271930980537694,0.075614244145259,0.0314077092687647,0.0073642781280018
"STK35","Fibroblasts2","turquoise",0.099275106517622,-0.0248479388941838,0.132910152314732,-0.0131158008792558,0.0551413151537369,0.0698718320488574,0.0154024214251059,0.0508321775097453,0.0199623599877118,0.0245117326102336
"STOM","Fibroblasts4","red",0.21719288894004,0.0404625829644422,0.235284737983548,0.109521535097877,0.262418416982247,0.0101683435717774,0.0345862379089226,-0.0118242765215235,-0.058346049919384,0.206609232834128
"STOML2","Fibroblasts1","blue",0.127098713438043,0.191191000986539,0.0621842995409738,-0.00907653217071863,0.155342623919814,-0.100868099670576,0.0224694761268856,-0.0117911536417617,-0.00136331906764715,0.128141218605727
"STRAP","Fibroblasts1","blue",0.121988413379566,0.175224109137063,0.0408430187393169,-0.0304763466273259,0.114092471882956,-0.0295181072163607,0.0368665325415131,0.061282816925188,0.0631828230662506,0.11090793800896
"STRN","Fibroblasts2","turquoise",0.130993515789308,-0.000106339177475603,0.151679380273699,0.0321100821219438,0.0397400663820008,0.066019078683368,0.0443763993769192,0.0574168748965789,0.0262565786422233,0.0144926908073047
"STRN3","Fibroblasts6","brown",0.0824724661706011,0.0458322523788374,0.057541589675979,0.01242490611799,0.024367449746264,-0.0213115406689692,0.176106911127768,0.0252649672345446,0.0250490983709122,0.0103857835184161
"STRN4","Fibroblasts2","turquoise",0.104475859510572,-0.00352288319622908,0.130141950098149,-0.00962029831099905,0.0433634933605636,0.081040315099746,0.0216235054606481,0.0525681946952559,0.0233074758964927,0.0290473151718248
"STUB1","Fibroblasts1","blue",0.0970110571620804,0.220756849236482,0.012264439823802,0.0297270351501594,0.0994664830761091,-0.157415167202967,0.0354279097062251,0.011215993535624,0.0442416753835027,0.0857373190568921
"STX10","Fibroblasts1","blue",0.0686855006413325,0.134645156748967,0.00585834663160533,0.00434457752083669,0.0327620391574662,-0.0604717210514404,0.0188291701877055,0.0225865254111697,0.0527764953108624,0.0352783969935377
"STX2","Fibroblasts2","turquoise",0.15091197390064,0.00354728988376915,0.164334971157781,-0.00387541323372171,0.0522967938139109,0.0648972098226654,0.050436643215551,0.0789379744808557,0.056979858976417,0.0164913699899969
"STX5","Fibroblasts1","blue",0.0730365165167843,0.119628290745778,0.0130226533574301,-0.00737314926812509,0.0634463443521969,-0.0372414077583804,0.0188825685426908,0.0252293250208326,0.0436067192512367,0.0668265469896328
"STX7","Fibroblasts8","magenta",0.0882748823659114,0.0557396051710081,0.0472225426134081,-0.020554922752198,0.00437032174088666,0.0285717088767191,0.0468107772629342,0.134194109409176,0.190615989654108,0.00488404104065995
"STXBP5","Fibroblasts2","turquoise",0.152851441538099,-0.0506310526528142,0.200119988749756,-0.0299238055603267,0.075178315422385,0.122106640149295,0.0294476774638298,0.114223746745425,0.0558289833890459,0.0453068600403428
"STXBP6","Fibroblasts8","magenta",-0.00654315246672995,0.0328210159736127,-0.0517409573878724,-0.00301227221351588,-0.0685612001785702,0.0022491144485743,0.0238256487158673,0.113675021337304,0.198664367447181,-0.0592400011988962
"SUB1","Fibroblasts1","blue",0.136718958768662,0.204694858353446,0.0501387095157756,-0.0239308922219624,0.152969273786149,-0.0361166618095892,0.0318120361351752,0.0241915924923936,0.00046856886913048,0.124204320483508
"SUCLA2","Fibroblasts1","blue",0.0626400909171395,0.113009295116974,-0.00665208424182913,0.0489324778977077,0.0413843538443567,-0.0683870521847846,0.0221219976279216,0.00515309585253903,0.0303551207210376,0.0531803603750468
"SUCO","Fibroblasts2","turquoise",0.139656864846642,-0.0523611645507252,0.171665975470921,0.0218629655123279,0.0238011969119533,0.136772238085252,0.041741180518048,0.0937920544491,0.0543534057162315,0.00353935861643581
"SUGP2","Fibroblasts2","turquoise",0.125592923109378,-0.0391651749720367,0.172716599664787,0.00438444069696835,0.0558468847736782,0.0459666018445327,0.020337068387476,0.0582200794844955,0.0174099287574945,0.0155784707027131
"SULF1","Fibroblasts7","pink",0.16469216610821,0.0414968830577277,0.153402104149976,-0.155237486415122,0.0905689260865079,0.105541350896314,0.0872267549365775,0.26452631663835,0.153829899333551,0.0371573442001086
"SULF2","Fibroblasts5","yellow",0.176726600484649,-0.0876457812727094,0.250007868948905,-0.0382235446730852,0.0785739607113862,0.237037221033799,0.0263909157022163,0.219342496698329,0.108590644604865,0.0687622504868003
"SULT1A1","Fibroblasts3","green",0.0337000663729463,-0.00653910400618851,0.01553820765953,0.122794785046577,-0.0267223919877191,0.0182032100816994,0.00868555533474192,-0.01949082476189,-0.0163808883009884,-0.0255783488656897
"SUMF2","Fibroblasts6","brown",0.0211706264176561,0.0936632189122668,-0.0374060028465335,0.00313852350408975,0.023688254635907,-0.113370511753464,0.243393765061711,0.000717079718081833,0.0297721989193191,0.0212316556200521
"SUMO1","Fibroblasts1","blue",0.0520514658516242,0.293392543100371,-0.124572763126012,-0.00592370185737002,0.0785928866854927,-0.138764543761,0.0378662542801202,0.00136676527339695,0.0634785791441278,0.11851383488732
"SUMO2","Fibroblasts1","blue",0.144354580738245,0.394075395646328,-0.00458804753243971,0.0379908633490238,0.189544729460886,-0.291475615499757,0.0259123689257437,-0.0161752483505558,0.0589255894659136,0.19114066600948
"SUMO3","Fibroblasts1","blue",0.117408367400495,0.141882824211855,0.0167017379904984,-0.00708026367781888,0.0703426273698102,0.0643371700038824,0.0400310199498008,0.0727385173031568,0.0875369644023768,0.102615383948337
"SUPT16H","Fibroblasts2","turquoise",0.213356354244791,-0.00586361144405033,0.230925003546136,0.0749139507598722,0.0533880516658462,0.0988086618578711,0.0466373849646728,0.0663116455830628,0.0320200162084853,0.0288381957223424
"SUPT4H1","Fibroblasts1","blue",0.0635175219060335,0.111742545896378,-0.00778096881965228,0.0242408983106077,0.0148579655078745,0.00972779181039042,0.0402253339148996,0.0411797620577392,0.064489347275402,0.0402402183624463
"SUPT6H","Fibroblasts2","turquoise",0.176601493228277,-0.00179549764515682,0.224208058674058,0.0138165840893954,0.0937604679059001,0.0351448891308545,0.04114157900862,0.0659223123362406,0.0150333668352356,0.0430684400143915
"SURF1","Fibroblasts1","blue",0.0814208372403123,0.150064960954387,0.02209946236777,-0.00510106947664146,0.0851781315831255,-0.081300600312431,0.0197466151987217,0.0302888480804958,0.0488865525646307,0.0845737344177032
"SURF4","Fibroblasts2","turquoise",0.217463899910457,-0.0173012486511964,0.26553675555927,-0.0945056471796769,0.126756564543644,0.193781638563099,0.000675106292132223,0.167216017784451,0.087750076213945,0.0672379241635559
"SURF6","Fibroblasts6","brown",0.0449362013329099,-0.00242221074403197,0.0274763075955555,0.0618058352104029,-0.0349059835736609,0.0226710265234223,0.0568472575047774,0.0103305054460541,0.00786542695917362,-0.0289570448985069
"SUSD2","Fibroblasts3","green",-0.0157341599726096,-0.0167447851043565,-0.0388149995575331,0.143197103065932,-0.0656339993929754,0.00192052753213078,0.0162531706615942,-0.0591003267382714,-0.0518977723649024,-0.0573938289064265
"SVEP1","Fibroblasts2","turquoise",0.115011165225129,-0.124438637085511,0.182309989689057,0.0849294970868014,-0.0585539994619671,0.181705598485206,-0.0129911632296816,0.166981604443275,0.103594739372146,-0.0943243191860647
"SVIL","Fibroblasts2","turquoise",0.237186476933711,0.070843341954622,0.281398850477892,-0.0232093617938397,0.215525093974277,-0.0127333861921709,0.0578246658424677,0.0297771380396866,-0.0313461105789688,0.145218701355221
"SVIP","Fibroblasts6","brown",0.0146709015707055,0.0540125212767461,-0.0158650227909429,0.0104908352524653,-0.00028902639772648,-0.0303188841474257,0.0440156801375302,0.0371155502758839,0.0376883074568688,-0.00488495518762215
"SWAP70","Fibroblasts2","turquoise",0.148428530671292,0.0187026051964586,0.166383074961967,0.00483669954088307,0.0585198290069026,0.0683980787139646,0.0250702403280873,0.0470617519213871,0.031769862752984,0.0283400789639898
"SYCE1L","Fibroblasts1","blue",-0.0280354491721761,0.0413757319675569,-0.0509702652535393,0.0129142473599291,-0.0239702690131883,-0.0487571531767075,0.00047150660519107,-0.0375758308348474,-0.0153522842394161,-0.0125244471252066
"SYF2","Fibroblasts1","blue",0.0520313191981392,0.138784430277587,-0.0320675403655496,0.0412715970568014,0.00832067038764816,-0.0610502283202349,0.0339770039911848,-0.0240727389941965,0.0276860633129889,0.0287316931889362
"SYNCRIP","Fibroblasts2","turquoise",0.210908839246973,-0.0242790207107878,0.239982667418365,-0.0189984312892377,0.0641894229042945,0.184575640354613,0.0359844831402091,0.123683272489958,0.0660068804185962,0.0212210854221803
"SYNE1","Fibroblasts2","turquoise",0.265146223270403,-0.0201045090433322,0.355660939856631,0.00950218753031145,0.148168002337417,0.0390497088897932,0.0556295389371106,0.123052249023364,0.0671978402259661,0.048351605200159
"SYNGAP1","Fibroblasts2","turquoise",0.0848495080699297,-0.0553311040840328,0.135701091688354,-0.00613640376526485,0.027821526243007,0.0900673999044562,0.0009197077890556,0.038598288128383,0.00627740176145072,0.0140411953365032
"SYNGR1","Fibroblasts3","green",0.0457834148458307,0.0775577031374956,0.0155216699514196,0.13257939123334,-0.00794512577250021,-0.0724261270140491,0.0260460281869068,-0.0192417003863022,0.0129107817393757,-0.000890497302612596
"SYPL1","Fibroblasts1","blue",0.0733550603271482,0.123263682551133,-0.0119642978767682,0.030546756346033,0.0629051749566451,-0.0588412757648533,0.041760661328408,-0.0127649265536668,0.0279326966395996,0.0766154228864989
"SYS1","Fibroblasts2","turquoise",0.134619245744648,0.0105210790226995,0.15474486575783,0.0148786687256749,0.0965490200922703,0.055523369640312,0.0173828051018584,0.0502963466808553,0.0139528245687729,0.0674498163781566
"TAB2","Fibroblasts5","yellow",0.145182187611585,-0.0490728947339257,0.171703974235391,-0.0227651893356682,0.0242148064708664,0.186395831815699,0.0260237401038001,0.124195437062164,0.0679968792459894,0.00228618716683321
"TACC1","Fibroblasts2","turquoise",0.286879722900998,-0.0286061842054894,0.327397353958131,0.144474052140489,0.0897965998025953,0.134768964977603,0.070263904141474,0.0840921330527554,0.0533734844159074,0.0548303388789961
"TACSTD2","Fibroblasts1","blue",-0.0945404743592213,0.0193077359550485,-0.128396975143987,-0.0368996844398065,-0.0487735913370129,-0.0511181919574568,0.0237359747395018,-0.0397668244036668,-0.0223153806115187,-0.0183246341087597
"TADA2B","Fibroblasts2","turquoise",0.0950025717956081,-0.0454974847455973,0.127851301831277,0.00834216593586693,0.0144408238747025,0.112645240761574,0.0200649111570154,0.0625464693879164,0.0330160136716938,0.00620813336293522
"TAF10","Fibroblasts2","turquoise",0.237374464117206,0.0731467664547693,0.322618093369931,-0.0234215581028276,0.210834381416956,0.00233847032268684,0.0164183307405603,0.0866767074468049,0.0150547109713477,0.118480998294571
"TAF11","Fibroblasts1","blue",0.0597852982031868,0.0915011693389209,0.00200494687881015,-0.00482544785667206,0.032254508064309,-0.0417547762696276,0.0570576486224513,0.0584520181949456,0.0711247045825861,0.0336144215973475
"TAF12","Fibroblasts1","blue",0.0612257233660453,0.144651985069327,-0.0146337487811328,-0.0024687543016672,0.0490158957587377,-0.0433171555959751,0.0186253500709191,0.0219002906782799,0.0270391503164444,0.0769504510867584
"TAF15","Fibroblasts2","turquoise",0.144042560697304,-0.012729728312605,0.178688953389244,-0.00061747523248657,0.0534588850929744,0.0657168004733918,0.0386194608557868,0.0546158155535536,0.0141215342133859,0.0201792833586366
"TAF1D","Fibroblasts2","turquoise",0.168626702132842,0.0166024615258989,0.226641400265558,-0.0122265106133716,0.137461702420773,-0.00905150989544021,0.0337124166040866,0.0473151257946069,0.0105631352542113,0.0620359327793067
"TAF5L","Fibroblasts2","turquoise",0.0800599413708981,-0.021435101476794,0.104967392498397,0.00686843175323548,0.0429794300423402,0.0321829512728096,0.0174219687396454,0.0216986429561057,0.000171131557363003,0.0101469327017539
"TAF9","Fibroblasts1","blue",0.0726038790653883,0.12821418708211,0.01289926086765,-0.0197774735805474,0.0852856721944334,-0.0507106373021939,0.0156725959558782,0.0102079587908501,0.0213581829767349,0.0832933823400199
"TAGLN2","Fibroblasts4","red",0.23886302124946,0.203597974579229,0.204294822072195,-0.0629421975168749,0.284121355836872,0.0189500668189585,0.0452126112151971,0.0610199649860628,0.0437419447433495,0.193364106508413
"TANC1","Fibroblasts2","turquoise",0.142167699826198,0.00851737395585229,0.181741463302087,-0.0498607515176748,0.0756732137444256,0.0444979001414725,0.0376543011385115,0.0711444405232321,0.0380662881604388,0.0478212351733106
"TANC2","Fibroblasts2","turquoise",0.155804676059984,-0.0956097090747659,0.245454610172271,-0.0359751880336076,0.0349196772095729,0.14157956498715,0.0124626019988536,0.164036575484641,0.0934046723977363,-0.0134009359625781
"TAOK1","Fibroblasts2","turquoise",0.236851359980743,-0.0643156112290298,0.294145158139005,0.0409758585835652,0.0641138671063493,0.177448216166847,0.0533562234218992,0.116804079618938,0.0561855746549421,0.0168629838300655
"TAP1","Fibroblasts9","black",0.107676934025512,0.107282154218434,0.0836070506786718,-0.0521447474050032,0.173716759101132,-0.0892012717148996,0.00669823019915089,0.0145546129275082,0.0031478482260968,0.180015185856146
"TAPBPL","Fibroblasts1","blue",0.0301038665327072,0.0693331144345576,-0.0109610466829353,0.0244313757263079,0.0563809687009072,-0.0313531967691282,0.0127383243801547,0.00215398051035713,0.0112003529670028,0.0720055634156005
"TAPT1","Fibroblasts2","turquoise",0.113248204613824,-0.0256802727001891,0.137634293036796,0.0406985385783875,0.0275580601157524,0.0594190012327394,0.0229673502079098,0.0505309934527573,0.0262409942669629,0.0218534033060943
"TATDN1","Fibroblasts1","blue",0.0206570654193089,0.108046743814535,-0.0418108674797139,0.0306456236102942,0.0183714663860089,-0.0580694138942171,0.0339995585884611,-0.0103369499288564,0.0100617894527299,0.036637972038306
"TAX1BP3","Fibroblasts1","blue",0.0696297101149078,0.226055585679125,-0.0743779536294289,-0.0140042597016512,0.0335092664149703,-0.0934637479279402,0.0546325005688015,0.00701741872334776,0.0835529027927497,0.0513463788291419
"TBC1D10B","Fibroblasts5","yellow",0.112360991755508,-0.0566188153926932,0.14476931530839,-0.00720026088721429,0.00322548722491945,0.184745883632903,0.00762725764181501,0.0698343195968193,0.0402057961022115,-0.00461772550741196
"TBC1D2B","Fibroblasts2","turquoise",0.167877625236018,-0.0381782667386361,0.217177656792814,0.0448736137852888,0.0586659921374421,0.0478418132481265,0.0289741017288958,0.116013207980105,0.0546499821174802,0.0263755977056916
"TBC1D5","Fibroblasts2","turquoise",0.163539132045095,-0.0392384512009908,0.19382034371889,0.0344508893687189,0.0315850769353404,0.143474048991826,0.0278698945524544,0.0785407535936641,0.0348997975450847,0.0190576421885931
"TBC1D9B","Fibroblasts2","turquoise",0.153359664527014,-0.00982336396785626,0.172576485309253,0.017252558974543,0.0677405074414962,0.0850350189250409,0.0388987204441278,0.0781426118736294,0.0508778236813272,0.04983920128083
"TBCA","Fibroblasts1","blue",0.110896263665842,0.227911989884667,0.0258180180052776,-0.0204490577839051,0.120145467476779,-0.102986852474313,0.029916726904495,0.0150120352756152,0.0459129974226818,0.110767222151758
"TBCB","Fibroblasts1","blue",0.0504188287625449,0.198587652631138,-0.0613655315783572,0.0483577610809956,0.0284635201526112,-0.0939055519038766,0.0322951390227582,0.0169547362755347,0.057879254474335,0.0583133594573913
"TBL1X","Fibroblasts2","turquoise",0.150544338763524,-0.0317900083335607,0.199665807224487,-0.0110814383413101,0.0773500995399373,0.104149632280119,0.0231679054134261,0.0698926853570384,0.0177272858724451,0.0423346501595955
"TBPL1","Fibroblasts1","blue",0.048178016073396,0.131328831784485,-0.0258065555005803,-0.0317030496888675,0.0648219372161729,-0.0470853651918177,0.00727014953372763,0.0275940205073639,0.0466388561994081,0.0806028548665868
"TBX2","Fibroblasts2","turquoise",0.181644770388461,0.0589789149792509,0.22506000737227,-0.0435856723585263,0.141760561272796,-0.051224830118546,0.0194188779544107,0.0393261529947497,0.0133076491682195,0.0949092372617342
"TBX3","Fibroblasts2","turquoise",0.226144864636593,0.0463088861993698,0.248130907637603,-0.0519517967332061,0.109954312011675,0.0738503062384154,0.0364299778591757,0.122607856345526,0.0893551242989156,0.0755347609698761
"TCAF1","Fibroblasts2","turquoise",0.196140815931738,0.0249543287548795,0.216439688652369,-0.00362192339699646,0.0803695610248457,0.0851055249337071,0.051465399156071,0.0908366360217982,0.0533695727013654,0.0547803738901446
"TCEA2","Fibroblasts1","blue",0.0488415436313022,0.116458091658925,-0.0125161953494682,0.0259691110126491,0.015253955660245,-0.0660488973734769,0.0222434171988191,0.0360912759834896,0.0533005385762847,0.0263423350064513
"TCEA3","Fibroblasts6","brown",0.0263872353609572,0.0120184215672488,-0.00628474625780505,0.0871345107199983,-0.0709976487643434,0.036988921591792,0.0384981462205013,0.0825758051966198,0.0789263303251404,-0.0385183338295145
"TCEAL1","Fibroblasts1","blue",0.0440788470187423,0.088547215621915,-0.0150457178796553,0.0322588973106237,0.0134385254932762,-0.0371158483278021,0.0221611018751866,0.00204105563184048,0.019902368609436,0.0400084704202948
"TCEAL2","Fibroblasts3","green",0.0224528759085861,-0.0260386160487688,0.02187216770757,0.166806416106117,-0.0993572184020074,0.0265204646773052,-0.0020496614886352,0.024503603220844,0.0354174298566933,-0.10979371975857
"TCEAL3","Fibroblasts6","brown",0.121153097293511,0.0890031748497487,0.0738000819154841,0.0359070234483373,0.00994920016706483,0.0330475511515829,0.0673401485661098,0.0825951747259195,0.0910995415362353,-0.000390729657289921
"TCEAL4","Fibroblasts6","brown",0.0880564600716523,0.0840391831565865,0.0263393482471457,0.073245804731787,-0.0350689118565905,0.0100900521955629,0.0916382331805474,0.0353556497550803,0.0508836267643196,-0.0275454770763741
"TCEAL8","Fibroblasts1","blue",0.084215764568392,0.203594219079461,-0.0557651703149735,0.0312555163355901,0.00902509241822484,-0.04907662014941,0.0756913590713126,0.0433343056036157,0.0867761965891582,0.0506747629789534
"TCEAL9","Fibroblasts5","yellow",0.0853085289647232,-0.318773359753715,0.176491148534732,-0.0211196008208705,-0.173053825482077,0.677959739824567,0.00517034836083926,0.174541472685304,0.0827511448948302,-0.124007219602707
"TCF12","Fibroblasts7","pink",0.180933321758538,-0.024729555906606,0.174981943637379,0.0288098120960396,-0.0147042385085307,0.200120931714657,0.0633320190337515,0.229014139117349,0.140492083884018,0.00174059620381835
"TCF3","Fibroblasts2","turquoise",0.121231961802631,-0.0302033311453149,0.149768377546886,0.0236195311123501,0.0120458816720682,0.13902283959593,0.0296866038419626,0.0877162219266639,0.0485295443185533,-0.00132427418709264
"TCF7L1","Fibroblasts2","turquoise",0.149543469935757,-0.0642980736032022,0.185919302967011,0.116995831784384,0.010216906977837,0.1532663348059,0.0245323167377374,0.052357356908581,0.004665733769743,0.0159604278706019
"TCN2","Fibroblasts1","blue",0.017065249215219,0.0999598393210081,-0.0428369405666662,0.0131223389469517,0.0576005975353859,-0.0673014579114468,-0.00273159842859397,0.0084302010104471,0.0283333986503135,0.0965243506894415
"TDP2","Fibroblasts1","blue",0.0388650033906493,0.0570220433492187,-0.0158566199207766,0.016176562962532,-0.000492403394464699,0.00530633260994687,0.0303545087473135,0.0210762573759448,0.0327145860578376,0.00978482857024413
"TEAD1","Fibroblasts2","turquoise",0.261135538792915,-0.0866989926021914,0.34705496083114,-0.00937593980016845,0.0871883012166266,0.217175723630624,0.0462548122220611,0.172840958742229,0.0747698954834947,0.0465596803946215
"TEAD3","Fibroblasts2","turquoise",0.115973217272827,-0.0105144476800518,0.154386512615405,-0.0302006431124859,0.0707023042317445,0.0794854724143493,0.00510733903710291,0.0435134844917403,0.0117307072955208,0.0388346853934556
"TECR","Fibroblasts1","blue",0.0407668061340182,0.137516897911817,-0.0211954143833214,0.0535254819273295,0.0565091523956414,-0.124775113923991,-0.00680595785502536,-0.0499928822468888,-0.00290135853509594,0.0572773359518853
"TENM3","Fibroblasts5","yellow",0.0705714308321941,-0.116133810841636,0.116134942550229,-0.00435335144887526,-0.0600262446177552,0.224185714680285,0.00815590501303214,0.149501175512958,0.0983705718882396,-0.06227796951494
"TES","Fibroblasts6","brown",0.0331757783032715,-0.0955449252207209,0.0475577258220451,0.0790590596958697,-0.0539578225456533,0.14164489833555,0.0318618222644887,0.0270008744037428,-0.000614551411842957,-0.0564447569793248
"TET2","Fibroblasts2","turquoise",0.117949747169768,-0.0426124116535772,0.157527629845012,0.0250105656411824,0.0435256622961307,0.0535408188351189,0.0248201678843785,0.051066017734844,0.0152608425027126,0.0126254795749488
"TEX261","Fibroblasts5","yellow",0.0976856307563411,-0.0966724909627323,0.131665995533076,0.0313526051157885,-0.0409624721894823,0.226566460897463,0.0127586999025103,0.0923548307263879,0.0478468837702321,-0.0289079365064792
"TEX264","Fibroblasts1","blue",0.0605583685532143,0.128202254788297,0.00147988889609775,0.0229573155953785,0.0720049286706825,-0.10244696540297,0.00357071461601392,0.00595270667788515,0.03135512614424,0.0807895241172523
"TEX41","Fibroblasts1","blue",0.0515057114398977,0.109045813249369,-0.00127212750214928,-0.0244442152174364,0.0665125328526953,-0.0593556521155923,0.018133023476939,-0.012928885009908,0.0119023320008006,0.0648223873312138
"TFAP2C","Fibroblasts6","brown",0.0588526254148815,0.0288516467681918,0.0319797909693132,-0.0515140599689952,-0.00957888839039992,0.0583857619814333,0.255254310055406,0.0436021668439931,0.0560251771291431,0.00193236725131879
"TFRC","Fibroblasts2","turquoise",0.142420774960409,-0.0239670492182732,0.207522233149804,-0.108687094127101,0.15007743050053,0.106363215153997,0.0191727819064517,0.0867477324083109,0.0102046639047334,0.0902903024942071
"TGFB1","Fibroblasts2","turquoise",0.162037989403441,0.0972339644982772,0.185763800050375,-0.0231200098452257,0.0955710336313828,-0.0355799159850906,0.0202140934739252,0.112459659360003,0.0955891011830407,0.0354696846998569
"TGFBR2","Fibroblasts2","turquoise",0.202704741388169,-0.000628126559999394,0.221771525160219,0.105770231833243,0.0735164393465812,0.0780672832827294,0.056352479906997,0.0787228326798603,0.0289316499933362,0.0295928158629665
"TGFBRAP1","Fibroblasts2","turquoise",0.109179125502359,-0.00741610198495142,0.128667809441597,-0.00451327745713648,0.025259710050729,0.0749665674101031,0.0226249079886484,0.076127637345876,0.0397069811855397,-0.00144957927589725
"TGIF1","Fibroblasts1","blue",0.0643083806240617,0.13634396874874,0.017188147988334,0.00279050423735819,0.120490179025876,-0.068398921686023,0.0195731013454775,0.00330453804995374,0.0152079872855861,0.116922937762905
"TGOLN2","Fibroblasts2","turquoise",0.290160404133444,-0.0440967609264297,0.345148702819656,0.0750606608098507,0.121708597236767,0.198875550734569,0.0461359364269044,0.155897793858462,0.0697128068916719,0.0827725307109345
"THAP5","Fibroblasts6","brown",0.0488056344295589,0.0416711989232568,0.00714834031581138,0.048797367617701,-0.0313863612015872,-0.00102655172148915,0.117186604659511,0.0232888577647814,0.0336614998752878,-0.0190200426589428
"THBS2","Fibroblasts5","yellow",0.164786627875135,-0.0870113340925452,0.17927909831728,-0.120066358802142,-0.0979815982060901,0.29757002335739,0.0378464251623089,0.345805356039146,0.291664422164472,-0.121915583479295
"THOC6","Fibroblasts1","blue",0.0412468084770105,0.120032585420333,-0.0209095635097949,-0.0266394030995575,0.0705960776327142,-0.0743964467333688,0.013527652326057,0.0283646838177325,0.0444216117665332,0.0721869986456184
"THSD4","Fibroblasts8","magenta",0.0373302535025039,-0.126015503289504,0.0112319786192233,0.0364165784965086,-0.200858461601632,0.271269242915078,0.0433853845028784,0.268305657248515,0.350552578770566,-0.132783445760929
"THUMPD2","Fibroblasts6","brown",0.0269315959088598,0.02838587181216,-0.00223588257827498,0.0388253610500275,-0.0231850671279173,-0.0217353966028489,0.040307297251939,0.0174093442897864,0.0301276000486013,-0.0235761675645209
"THYN1","Fibroblasts1","blue",0.0595269056234745,0.112911409219182,-2.18596896031813e-06,0.0460436110671483,0.035076355704197,-0.0609316325631557,0.0227331960022554,-0.0125933672386877,-0.00713904957728411,0.0361852853883895
"TIMM13","Fibroblasts1","blue",0.0529775397515948,0.234408852247827,-0.0552311383134901,-0.0560428314372215,0.07915195053976,-0.126981903399673,0.0337679211908114,0.00840221393011928,0.0371624924977733,0.0727876067317102
"TIMM17A","Fibroblasts1","blue",0.10207625831328,0.115191379001505,0.0448818076970186,-0.0477247260813179,0.0953909288005838,-0.000496368639690688,0.0279601907837635,0.0391324577541437,0.028439260507423,0.0742809115061301
"TIMM17B","Fibroblasts1","blue",0.0332318526950798,0.108474786198577,-0.0357723533600729,0.00729756374178237,0.0156154703838856,-0.0580981740475954,0.013879997480749,0.00763099174973117,0.0365159377000218,0.0221244167878297
"TIMM22","Fibroblasts1","blue",0.0539195091167708,0.0777600044231545,0.00736160910024403,-0.00623812259295259,0.0208251577762881,-0.0158867257397694,0.021702804574257,0.0577078841444035,0.0693514681269016,0.0281178880857712
"TIMM44","Fibroblasts6","brown",0.0104057907714003,0.0625487437795204,-0.0416231777516663,0.0197192459351878,0.00310207445491401,-0.0566369386272638,0.0417688170894059,-0.00521230621025486,0.0247038623879236,-0.000546746156338022
"TIMM8B","Fibroblasts1","blue",0.0945131083354191,0.23676055420381,0.00490681320004637,-0.0530113193549375,0.09518634594232,-0.127291919176737,0.0335831637556022,0.0399422209826982,0.0603289920883281,0.0767231976168634
"TIMP1","Fibroblasts4","red",0.123912058341768,0.296686224252794,0.0632440458845126,0.0435108441452886,0.27529284209333,-0.30642863615926,0.0211335510357377,-0.0240160073161234,-0.0307631761364127,0.162109683739267
"TIMP2","Fibroblasts5","yellow",0.255564148432389,-0.17336716524771,0.343585940206935,-0.0301095677486015,-0.0805058955557295,0.441158199558369,0.0339104874431344,0.331155215071956,0.2396091386065,-0.112314751188262
"TIPARP","Fibroblasts2","turquoise",0.183376637120408,0.00258543746939569,0.26117869114169,-0.0180824739373091,0.217044116794726,0.0243483711601425,0.0375159928317748,0.0457760610292613,-0.00606384718101328,0.150862898491375
"TJP2","Fibroblasts2","turquoise",0.115230886280154,0.0298600222546856,0.139586575774607,-0.034062259750597,0.12475686524392,0.0108628083683916,0.016797220469037,0.0408322370733072,0.0111754267832386,0.0948571941367272
"TK2","Fibroblasts6","brown",0.0750210892505296,0.0345084739913615,0.059626744720157,0.0491071410395515,0.00851517712090649,-0.0155517347472157,0.0638157970301238,0.0342900360145246,0.0367239615852463,0.00551441419386099
"TKT","Fibroblasts2","turquoise",0.179997254332363,0.0826593654501513,0.202398751287114,-0.0266046420333097,0.151491353512379,0.00742421660217619,0.0186606374835203,0.0159054940929375,-0.0171555401898879,0.095936073864173
"TLCD2","Fibroblasts2","turquoise",0.0932857873839221,-0.0135711352990759,0.115675682272906,0.0453439478003958,0.0504851988792215,0.0337900536846874,0.0267532769763886,0.0229440960998244,0.00926215774463851,0.0272204813932877
"TLK1","Fibroblasts6","brown",0.0738707075161504,0.023478546635849,0.0414320239049174,0.068233475531694,-0.0270456738726155,0.0362715284893599,0.104033019641588,0.0450343157638493,0.0517354216052126,-0.0128442168504833
"TLK2","Fibroblasts2","turquoise",0.147499001226378,-0.0161428234258272,0.19322173336457,0.0160047211717276,0.070174644417817,0.0473360485443333,0.0285462811923081,0.0486788001622038,0.0193537805156418,0.033868115146033
"TLN1","Fibroblasts2","turquoise",0.292867519116552,-0.0255651223451898,0.360798648463581,0.0756472322773667,0.0737300688981551,0.179452332441886,0.0612455919446068,0.135378441029718,0.0516919914488488,0.0199176151894425
"TM2D1","Fibroblasts1","blue",0.0361612307478079,0.105001653604215,-0.0421586632815774,0.0556143369982576,0.0169228485867904,-0.0696705485781567,0.0314102967327471,-0.0031717282528225,0.0232400436357324,0.039667122567922
"TM2D3","Fibroblasts1","blue",0.0383386350369151,0.0693580340129993,-0.0320440852983763,0.0673107714489238,-0.00844066639627201,-0.000972290321024012,0.0074891478626293,0.00320508132493541,0.0201319805220242,0.0233756571320547
"TM4SF1","Fibroblasts1","blue",-0.0539232438273376,0.0483629958374851,-0.112193506721727,-0.0137269988491382,-0.0291522160142639,-0.0586779661133535,0.0389041921508993,-0.0317777423852821,-0.0112617589630039,-0.0053778830975301
"TM9SF2","Fibroblasts7","pink",0.124980133607998,-0.0413094475124633,0.107989270668707,0.0456306676325943,-0.0307716379737614,0.18970995251311,0.021336056081741,0.143303873330705,0.0875336805033918,-0.000740763456660186
"TM9SF3","Fibroblasts5","yellow",0.238022588375634,-0.0612603616419944,0.274999075713362,0.0297392386954318,0.05349944161305,0.2011740972727,0.0697126509387091,0.156046556844673,0.0869770090647309,0.0136962332769577
"TM9SF4","Fibroblasts2","turquoise",0.118212149084207,-0.0583294841107476,0.15349277370953,0.00300460416321657,0.0359457868402628,0.140972428011311,0.0261355378900988,0.0770347688382997,0.0300354003552392,0.0175704763707394
"TMA16","Fibroblasts6","brown",0.0328701984898336,0.0596942964807045,-0.0285457002641277,0.00104156746099235,-0.0212944558756618,0.011875847150636,0.0623418941248089,0.0499476626668254,0.0588672490733891,-0.00274237449917974
"TMA7","Fibroblasts1","blue",-0.0775591943677685,0.381321044584355,-0.253952802785527,-0.00784442145581696,0.0356309712127795,-0.373633563866845,0.0530578828312862,-0.093925670907458,0.00723578848530954,0.0618314757857899
"TMBIM4","Fibroblasts1","blue",0.0213806461589937,0.192151425940725,-0.107072690258494,0.0692302582920635,0.0302883340253349,-0.168299813474962,0.042580564228521,-0.0476130501247328,0.0103083673520507,0.056004989321934
"TMBIM6","Fibroblasts2","turquoise",0.248601822275359,-0.00769707363498475,0.277181080752209,0.0332493337426769,0.125255590551423,0.1997120804174,0.0103458285098673,0.133743363736109,0.0726718514100214,0.099468651944903
"TMCO1","Fibroblasts1","blue",0.0844877448537443,0.139037613149526,-0.0110257064213317,0.0202697650507839,0.0558406108656504,-0.000212822298284127,0.0532682134655982,0.0444779775815941,0.0571054430593233,0.0855372170292909
"TMED10","Fibroblasts8","magenta",0.154559220551451,0.0678616608683139,0.10223711936914,-0.0146426203261041,0.0752461859873986,0.149600387099077,0.0312095376839851,0.146544819294246,0.175160139917401,0.0814860004486685
"TMED2","Fibroblasts1","blue",-0.030993784928876,0.240049247865492,-0.262510940422126,0.00985225288264617,-0.0515639551303174,-0.0552148637297596,0.0922185370738659,0.0714140025535747,0.163270486332454,0.0610278942471864
"TMED4","Fibroblasts3","green",0.083106689338634,0.0166046055174807,0.0615455326114281,0.0793159782786821,-0.0224560362165731,0.058077060251759,0.12172822444385,0.0334541190366603,0.0370383446463631,-0.014932322015976
"TMED5","Fibroblasts2","turquoise",0.145783626431215,-0.0154091878116007,0.17795246714447,0.02406207201672,0.0967799013323648,0.0788306987222839,0.0241382352649608,0.0513112484308294,-0.00192225093275695,0.0532638353821312
"TMED9","Fibroblasts1","blue",0.0958536902414146,0.174654542023665,-0.0356234779790524,-0.0151336503805553,0.0274357051426873,0.0323477340974101,0.0268627507565473,0.0801576511682321,0.103835744158474,0.0761101664460491
"TMEM100","Fibroblasts3","green",0.00283555060875836,0.00615116907701084,-0.0360702563227892,0.187684031980301,-0.0341529968025507,-0.0147825794450183,0.00869214960986388,-0.0263431837714568,-0.0211284664221966,-0.00490378468283759
"TMEM11","Fibroblasts1","blue",0.0423437777397629,0.0984906470023519,-0.0227062104801791,0.0217969753519119,0.00416567624247197,-0.0443072155217353,0.0265050804831456,0.0219059974504851,0.0370094645633548,0.00746805593482765
"TMEM119","Fibroblasts7","pink",0.112449006124944,-0.0174665668669306,0.0917441655847837,-0.00237344502527869,-0.0301972797634348,0.204668868937828,0.0494791119351951,0.24168200060161,0.155926827926669,-0.0102036079688791
"TMEM123","Fibroblasts8","magenta",0.162939378789879,0.0934220948565498,0.104544629261339,-0.0596590705973942,0.122790068613443,0.0562283839721216,0.0920777896350122,0.0611445306906987,0.0777982815985307,0.138219946006305
"TMEM126A","Fibroblasts1","blue",0.0699801185279171,0.11457579185846,0.0202684820816965,0.00052291973482667,0.0639739312569926,-0.050592191073411,0.0290818325189572,0.0216644337417632,0.018485223397197,0.0609559411039286
"TMEM126B","Fibroblasts1","blue",0.0606293358315115,0.121957822277807,-0.0197555831498973,0.00115997368288816,0.0376068645719907,-0.0398105583419816,0.027375290560826,0.0300259444220308,0.0463437320357736,0.0520447767795011
"TMEM128","Fibroblasts1","blue",0.0246092355859485,0.0702869982920087,-0.048154400100724,0.0268605095861948,0.00360864032903886,-0.00143537399971056,0.0196553313890458,0.0115500749379418,0.0208374651472075,0.0224522479313583
"TMEM131","Fibroblasts2","turquoise",0.163476132161958,-0.0433686637236818,0.200852152104507,0.0281364591087079,0.0487504301444345,0.13419510477156,0.0293642088505769,0.0949573678090052,0.0447026244111887,0.0229566941874129
"TMEM132A","Fibroblasts2","turquoise",0.123405183680449,0.053092718691618,0.18714539683581,-0.122430254597479,0.157766642738238,-0.0477057409333787,-0.00331714161227911,0.0571505135338145,0.0100631298292963,0.0682351423044164
"TMEM134","Fibroblasts1","blue",0.0357255331361094,0.128622965333967,-0.0259945415954669,-0.0134406066685003,0.0320140747797715,-0.0620519879442047,0.0166320278769337,0.019876617628857,0.0304973317186699,0.0288748092834201
"TMEM147","Fibroblasts1","blue",0.0487064089865398,0.211761175890153,-0.0544585802931348,-0.00760868257025316,0.0845246460709088,-0.12915684356194,0.0184007049977299,0.00431612238479536,0.030917542520851,0.0878343583191012
"TMEM14A","Fibroblasts1","blue",-0.0300353003414373,0.132269310748655,-0.163278079203981,0.0788389281310571,-0.0508351162879253,-0.0587532815871103,0.0254796710624666,-0.0110814165108658,0.0480602510838785,0.0135013764131663
"TMEM14B","Fibroblasts1","blue",0.10892451750265,0.199618527481945,0.0355577254148387,0.0427760971462112,0.0966256465946075,-0.0916340885466218,0.0182726449915311,-0.00382396543523315,0.00907327221045537,0.0935397274532416
"TMEM14C","Fibroblasts1","blue",0.164588214785933,0.244705603962164,0.0767200731602113,0.00919188456205102,0.143316876035442,-0.099747784592079,0.0127469410423224,0.0357587031608954,0.0501324190269757,0.126943942106952
"TMEM158","Fibroblasts2","turquoise",0.188951704803806,0.0346261061682145,0.26540449333508,-0.150276797853497,0.182126958822309,0.0846323921024069,0.0147630035143976,0.0747860449842916,-0.0061711828727607,0.0644945310536431
"TMEM159","Fibroblasts6","brown",0.0439905514214436,-0.0108491280072478,0.0202619695896153,0.090150548265251,-0.0647292597464708,0.0766015149873696,0.114881982008377,0.0398003495118225,0.0480476156137369,-0.0518060236849277
"TMEM160","Fibroblasts1","blue",0.048169579683061,0.161312079379216,-0.0269211047117574,-0.00148903363639938,0.045261479038818,-0.103840744671152,0.0107732103125218,0.00620009826927654,0.0517049639387184,0.0476858739335704
"TMEM165","Fibroblasts9","black",0.158312168202083,0.15234767145051,0.125030931145841,-0.0591893547409788,0.250870892443464,-0.0897363670921411,0.0374730374580022,0.0520041620651134,0.0243184240576692,0.248464673923269
"TMEM167A","Fibroblasts1","blue",0.131342305286347,0.134827046305399,0.0504756196751797,-0.0659876623727574,0.0821658807861445,0.0578280466345392,0.058848852757483,0.174648405593636,0.14730755054739,0.0875926501837917
"TMEM176A","Fibroblasts2","turquoise",0.178861604264654,0.0418980386757618,0.251780293352356,0.0794934185143584,0.216329350368435,0.05637734817389,-0.0388917245948739,-0.00914555021541277,-0.0845690572932238,0.206571943381431
"TMEM179B","Fibroblasts1","blue",0.0694062699392428,0.218057590484767,-0.0254316520484446,0.0172893523128746,0.107979744100199,-0.148010743986503,0.0224524610523,-0.0232149358469317,0.0169781746831384,0.132841533459676
"TMEM184B","Fibroblasts5","yellow",0.123761161660228,-0.0485241424121299,0.156336294946577,-0.0489999517073483,0.0260705806589743,0.188228735611537,0.0180385126279558,0.116559623472704,0.0746484337724306,0.00781840208959571
"TMEM19","Fibroblasts3","green",0.0371911425460349,-0.00606330091585974,0.00976677199807381,0.0701688644955034,-0.00271742584770757,0.0287346865340613,0.00386897661364323,0.00580031573914271,-0.0019805852507045,0.00366383849686112
"TMEM2","Fibroblasts2","turquoise",0.181876512780173,-0.0688700511007034,0.250948030960861,-0.0566398396027523,0.080132418693472,0.144478856198377,0.0254888303555867,0.116469624359869,0.0581352691772616,0.0499852217172569
"TMEM200C","Fibroblasts2","turquoise",0.111760442739704,0.037481575033936,0.137734798275697,-0.0674417515425128,0.11307588782253,0.0214299741576799,0.0151259189441702,0.0627488307921583,0.0301764608682157,0.0927825985097762
"TMEM204","Fibroblasts1","blue",0.075241250813375,0.142695023678629,-0.00646798644125806,0.00625715831060274,-0.0171993471191199,-0.0612854197376541,0.0516680972511408,0.0305893919314332,0.080852741822024,-0.00154695765244924
"TMEM214","Fibroblasts5","yellow",0.13956581422185,-0.05504456813434,0.157518229506918,-0.0166476029322919,0.0122592634515688,0.195460368132131,0.0249233359664197,0.118088202651133,0.0702162862595761,-0.00663490680821109
"TMEM219","Fibroblasts1","blue",0.0961975030694001,0.182282869333871,0.0126718034781688,-0.0139844221754256,0.085966344396347,-0.0486087571543225,0.0326141494936706,0.0383479893750154,0.0576211976597377,0.101893210326269
"TMEM230","Fibroblasts1","blue",0.0785809095076142,0.261610214440396,-0.0691142731948757,0.00477434735450989,0.0461978125134054,-0.0743194960852613,0.0366788321403067,0.0632576513627668,0.120393455074983,0.0835963072460932
"TMEM242","Fibroblasts1","blue",0.0702052448854415,0.0686110899242231,0.0264683688209592,0.0133944188767058,0.0431812910219964,0.0217910020589797,0.00977438920567563,0.0393291647846991,0.045552071455828,0.0658530335059716
"TMEM243","Fibroblasts1","blue",0.0546018386001723,0.110838330005444,-0.0157953229571135,0.037065022394064,0.00949199488992626,-0.0567287882892547,0.0210512817671559,0.0491254763401939,0.0614040547190135,0.0272129579289925
"TMEM256","Fibroblasts1","blue",0.043149847539459,0.162144111772015,-0.0127841375432287,0.00356661472589591,0.0858674657240595,-0.089534733203408,0.015117718809745,-0.0489448357731745,-0.0345404118017182,0.0852747637384474
"TMEM258","Fibroblasts1","blue",-0.00313347131130318,0.274991641394656,-0.152564036535654,-0.0272713413378877,0.018179693445348,-0.117715304192881,0.0448003553343472,0.0111774633862102,0.0594514511704162,0.0487862638263641
"TMEM263","Fibroblasts7","pink",0.159383915818203,0.0269072777624617,0.140963789349852,-0.0105942868252096,0.0428975167798287,0.126128081530933,0.0668296271998461,0.187166494424001,0.117174762015716,0.0287795055509817
"TMEM30A","Fibroblasts8","magenta",0.165383044257652,0.0347743296242795,0.130937195536701,-0.0185231732753815,0.0544801931533226,0.122444426796426,0.0618074954089082,0.1122187891112,0.132805798760718,0.0651286633706474
"TMEM33","Fibroblasts8","magenta",0.0569568257570166,0.0196147411745202,0.0122535426126489,0.0106137797608638,0.00233044429754191,0.0364447300534372,0.0704848656023679,0.0508047546623475,0.0830276541163943,0.0161706604767715
"TMEM45A","Fibroblasts1","blue",0.0903617407612103,0.160173959960846,-0.0205146612268326,-0.073247903396537,0.0873701948750883,0.0241266771593986,0.0224757069238969,0.0966690301808045,0.114270795094193,0.126019894419574
"TMEM50A","Fibroblasts1","blue",0.160789542890619,0.197110220913528,0.0757905614598556,-0.0437950432502197,0.19537634221823,-0.0381689610068452,0.0203828020707233,0.0515156899690615,0.0549357549213297,0.198813506439926
"TMEM50B","Fibroblasts1","blue",0.0465078142939193,0.0579627877950807,0.00293674066034656,0.0566043877804717,0.0321267941771307,-0.00941412091216871,0.02295643571747,-0.000772221332612011,0.0113415217666504,0.0379069617289799
"TMEM57","Fibroblasts2","turquoise",0.121720475991053,-0.0317449720065509,0.146782074258971,0.0273331359279392,0.0258593436090052,0.0994400302718315,0.00770839241107149,0.0803786674239944,0.056618520292308,0.0126764379054277
"TMEM59","Fibroblasts1","blue",0.0488849640326363,0.241592690941075,-0.103934663323361,0.100183883264838,0.100578614145788,-0.146029986025206,-0.00760992251302581,-0.00952160703944158,0.055273846158301,0.163773121389783
"TMEM60","Fibroblasts1","blue",0.0389278076543378,0.0661229962187908,-0.0253649741467373,0.00677065554373035,-0.0160433810907148,-0.00142838889328149,0.0211863422684967,0.0241887026988016,0.0367218916484992,-0.000700480236263025
"TMEM64","Fibroblasts8","magenta",0.0649954377184764,0.0166936952073746,0.0289746792298224,-0.0146069478569946,-0.028418404074906,0.0862808967504362,0.0376587815512844,0.123449520766546,0.20236093018191,0.00796039086388302
"TMEM87B","Fibroblasts2","turquoise",0.141314291784083,-0.00732752345531695,0.167768844628213,-0.0265038177402113,0.0750714390617527,0.0721356008115359,0.0327620180551768,0.0572436331928153,0.0180207295579913,0.0414575636429711
"TMEM9","Fibroblasts1","blue",0.0758866003016686,0.0932219135943469,0.0125934154477943,0.0536661197194868,0.0253175734251839,-0.0244532743709189,0.0225795469078059,0.0355323992677498,0.0476434933546174,0.045932319970599
"TMEM91","Fibroblasts1","blue",0.00599513141794216,0.046546163955251,-0.0272216510453217,0.0470668832721885,-0.0197291051350488,-0.0453920660344743,0.0191922693242608,-0.000371979615213214,0.020315630806483,-0.00831445406724042
"TMEM9B","Fibroblasts1","blue",0.0514322671741772,0.0869366746815778,-0.027581134073031,0.0385598357190843,0.0230752358517527,0.0174896016492891,0.0334566820922973,0.0583284719327265,0.071662841522206,0.0598815037748476
"TMF1","Fibroblasts2","turquoise",0.256162924971919,0.0335931381732164,0.284883866604953,0.00732512957648409,0.133154309376044,0.0850753005738061,0.0716032968358188,0.113159672110088,0.0452709401397798,0.0796907243032543
"TMOD3","Fibroblasts2","turquoise",0.270221292930973,0.0844584226947898,0.292489355104773,-0.0183480965020257,0.188873025954713,0.0229218136141017,0.0664684254944043,0.0789550391210204,0.0359170732226269,0.12272114031019
"TMSB10","Fibroblasts1","blue",-0.064545633347536,0.452536068746372,-0.226713413965121,0.0271018094447398,0.101536616436225,-0.47842360701947,0.0771414240094833,-0.0920662063524802,-0.0195557409715601,0.103251578555666
"TMSB4X","Fibroblasts1","blue",-0.161703354197997,0.400059316678547,-0.382387933755313,-0.0364183823988914,0.0510264992763277,-0.357469388320834,0.0655554795748185,-0.164299203317257,-0.0726385804157387,0.0952395737045266
"TMTC1","Fibroblasts2","turquoise",0.153385022278818,-0.0528425808932532,0.185889490989814,0.100621788300761,0.0397899280772363,0.0974038488828308,0.0406013435087336,0.0674832628254363,0.0226660187904392,0.00705037573289248
"TMUB1","Fibroblasts1","blue",0.033281170816249,0.0850820113765101,0.000180039887319172,-0.018096337568883,0.036919349846462,-0.0543443762615637,0.00622412343719398,0.016058608806192,0.0300705001101831,0.0376454346652401
"TMX1","Fibroblasts1","blue",0.0933035314483002,0.0878488529963027,0.0198015464179439,-0.0102272193781108,0.0582118901032666,0.0226289873279639,0.0639385917132129,0.0334536908858078,0.0339404894330928,0.0846182363013659
"TMX2","Fibroblasts1","blue",0.0791193424590858,0.105791469461635,0.0266804066371151,0.0130921358656102,0.0779812261432544,-0.0316898443320569,0.0167474851944591,0.023154801225937,0.0430248596958444,0.0754855319588212
"TMX3","Fibroblasts2","turquoise",0.157085591833523,-0.0431593053529342,0.187540481009488,0.00454485788587988,0.0616047978124368,0.144852639989871,0.0355999175188672,0.0748473314226305,0.0146406278716897,0.0363325915059213
"TMX4","Fibroblasts2","turquoise",0.189832754209762,0.00374033952267966,0.193775508348108,0.0888416377791195,0.061417597875121,0.10139879541648,0.0518028209527719,0.0639318895936901,0.0475590011455235,0.0250205167974967
"TNFAIP3","Fibroblasts2","turquoise",0.20370475501253,0.0420422243823416,0.324242495780626,-0.174831043729298,0.468748730836222,-0.0350072346811626,0.000746136624701849,0.0599273544613382,-0.0296452842656786,0.348592607507468
"TNFAIP6","Fibroblasts4","red",0.0975263768017435,0.102776168390644,0.121877475396161,-0.177876935317987,0.418130770289077,-0.0884335643539458,-0.016467883938446,0.1133703486465,0.0383737379262232,0.298682360537738
"TNFRSF10B","Fibroblasts2","turquoise",0.118844160640492,0.00631701525584269,0.164532643166464,-0.0503132343597034,0.158766515564142,0.0386285461901415,0.00567236075930443,0.045956247422583,-0.000204702406521813,0.125142364129874
"TNFRSF1A","Fibroblasts1","blue",0.120574294750533,0.135277781841399,0.0502903521311085,0.0416849937785273,0.130084676540055,-0.0566120735019887,0.0166195085363767,0.0193778543203993,0.0163706674350616,0.153090880144584
"TNFSF10","Fibroblasts3","green",0.0614219826096585,-0.0146518684027542,0.0399717214733552,0.216245294741833,0.0427706830518805,-0.0311141142187759,0.0562071534849987,-0.0246723047200535,-0.0310011746839706,0.0475899708893954
"TNFSF12","Fibroblasts2","turquoise",0.162376110998359,0.0687344729561357,0.174024252619754,0.0944041016950351,0.0623190938106115,0.0312212456948561,0.00798982872732801,0.0484637403428289,0.039898967051326,0.0451626528118501
"TNFSF13B","Fibroblasts3","green",0.0179466252839114,-0.0131558995750576,-0.00521016614027258,0.203487213047172,0.0311623196659299,-0.0216083588048163,0.0152150490696136,-0.049921284645442,-0.0699549710218203,0.0807962221676283
"TNIP1","Fibroblasts4","red",0.193674936171941,0.141771646067514,0.182428658637566,-0.093597026683267,0.285548384971909,-0.0588867341094306,0.0372202306269537,0.0245281726168696,-0.0113709959436089,0.189648006984958
"TNKS1BP1","Fibroblasts2","turquoise",0.13983017342731,-0.0715856314849114,0.189192322241978,0.0251046881184775,0.0324427190208441,0.143895316035446,0.0282113868588523,0.0896158993684655,0.037885925774968,-0.00498051401894443
"TNRC18","Fibroblasts2","turquoise",0.137956238094136,-0.0292215490209382,0.180898655053741,0.0301773794458566,0.0496461056566621,0.0399493293910011,0.0386119109279309,0.0725872085593602,0.0345031526511401,0.0234889463839799
"TNRC6A","Fibroblasts2","turquoise",0.180728298913543,-0.039629210308343,0.217649168808447,0.0143632943317535,0.0597505267844386,0.103096306570872,0.0465803267080954,0.0659009004590797,0.0297465820110199,0.0255862918839276
"TNRC6B","Fibroblasts6","brown",0.131175394237725,0.0323139141547956,0.102240512515334,0.0522085250541327,0.00767117517520497,-0.022943564573428,0.302105008554186,0.0664157060325592,0.0791033243455857,0.00453757695914593
"TNS3","Fibroblasts2","turquoise",0.252231601281288,0.0756757621201126,0.291459382021219,-0.0867562436640759,0.186411606688065,0.0231394209911977,0.0528972118895267,0.0947945069344206,0.0221380585170162,0.123439173934636
"TNXB","Fibroblasts3","green",-0.012979333427247,-0.0277749830951914,-0.0755623132463364,0.348294200902605,-0.168450573138584,-0.0808962552743264,-0.00423113068046673,-0.107149908792362,-0.0402558968628793,-0.162749130032635
"TOMM20","Fibroblasts2","turquoise",0.270014352528246,0.100371738967592,0.303061936091704,-0.00932193085356542,0.190040371486578,0.0228585968327441,0.0268631877992542,0.0884960666885668,0.0567856552377479,0.115779950434914
"TOMM22","Fibroblasts1","blue",0.0817237055746161,0.169221532421326,0.00334333916233986,-0.0136898897781856,0.0766010042021032,-0.0483806053485297,0.0408430762006226,0.0113608115527227,0.0226402428408265,0.0809961800613014
"TOMM5","Fibroblasts1","blue",-0.00654570648464681,0.122792753518481,-0.0748257848625871,-0.0179785891597341,0.0156932973483043,-0.081451913942258,0.02402946160938,-0.0051661233984429,0.0222080480813061,0.031454214942981
"TOP1","Fibroblasts2","turquoise",0.241081488455786,-0.041430716041282,0.337615406831092,0.00412203235901643,0.162373337175027,0.0909037236386035,0.0228902100800428,0.0976680413996904,0.0164118321543152,0.0716727230627521
"TOP2B","Fibroblasts5","yellow",0.166874380235755,-0.0690361670432667,0.19635423023626,0.0170375458634344,0.00285550344000545,0.188956322071527,0.0277437197665246,0.121195991652009,0.0509967365392941,-0.00370379492648335
"TOR3A","Fibroblasts1","blue",0.0349443684422934,0.0603236934623849,0.00463092797834652,0.0249761684363537,0.0332544651324326,-0.0302628613222108,0.0125778349005041,0.0152487406550889,0.0304185330233798,0.0444066568814364
"TP53BP2","Fibroblasts2","turquoise",0.151239221648545,-0.0225137907645752,0.194708879241908,0.00759360750979724,0.0870716531476998,0.0695812500298173,0.0267897288712899,0.0825858599687254,0.0394054206872599,0.0511189562747329
"TP53I13","Fibroblasts1","blue",0.0738633892584794,0.138442691942695,0.0220469220470197,0.000947719891834968,0.0710032140054204,-0.0967954425351338,0.00905730948059209,0.0690775214427343,0.0831375474847847,0.0650804922051542
"TP53I3","Fibroblasts1","blue",0.0830829866789304,0.10994356428217,0.0310747107671866,0.00349646893723665,0.0787938783338473,-0.0432816367764393,0.0275447692067393,0.0315427453328012,0.040345940997469,0.0980054748061916
"TP53RK","Fibroblasts9","black",0.111077862536703,0.120265546622692,0.0646983502975228,-0.038823062238722,0.134394055194274,-0.0293349815821643,0.0139248034508343,0.0285866858014478,0.0235380016217592,0.14638077111186
"TP53TG1","Fibroblasts1","blue",0.0534488596409158,0.130188582097841,-0.0127243884913084,-0.015959147659468,0.041198353729793,-0.0531247432781114,0.0397178023756715,0.0440496807245442,0.0611693855341809,0.0540997235703795
"TPCN1","Fibroblasts2","turquoise",0.163612205149571,0.0363066791399431,0.197339497574299,-0.0240934506500563,0.119069100488552,0.00519107365857785,0.0134411262187741,0.0276452726250809,-0.00285810645869151,0.0558147275111841
"TPGS1","Fibroblasts1","blue",0.0854550070765526,0.196043507157414,0.00768710288004421,-0.0633824629744439,0.123398988297071,-0.128442127497591,0.00565491287651007,-0.00386336873151806,0.023498887612912,0.0992470766943673
"TPI1","Fibroblasts1","blue",0.132654059724273,0.278361041083046,0.00240884100791137,-0.0602628772986016,0.17293428441659,-0.0448269527528502,0.0194021103969431,0.00327246269359662,0.0310620273385302,0.179795794408003
"TPM4","Fibroblasts2","turquoise",0.331260953228878,0.047381965833226,0.357498263886412,-0.141494068298189,0.185279770734175,0.251561832467347,0.0782364590478238,0.262677097350135,0.163391047813801,0.0995356560826708
"TPP1","Fibroblasts5","yellow",0.155792867139799,-0.0576598241232582,0.174381966901795,0.00478491539747074,0.0333773035539972,0.263256230494479,0.0205287710383609,0.106773703358773,0.0558913401874349,0.0390006262650532
"TPPP3","Fibroblasts1","blue",-0.019415654545415,0.031707980918093,-0.0943057432889065,0.138179449904882,-0.0396985224360951,-0.0157063440830427,0.0232069404760138,-0.0610841159412629,-0.0222170778795531,-0.0201952443164066
"TPR","Fibroblasts2","turquoise",0.25862265087312,-0.0335009355348145,0.299051594609457,0.0860590419347808,0.097853936161265,0.128146607131986,0.0562104426794014,0.106060949896589,0.041640053429317,0.0538329825217811
"TPRKB","Fibroblasts1","blue",0.059113288909492,0.0976295787585487,0.00447505982309493,0.0101204123789541,0.0413588895750261,-0.0163064193786644,-0.00274282663411125,0.0211695517556798,0.0238191526957705,0.0451328726255345
"TPSAB1","Fibroblasts6","brown",-0.0842996892561978,-0.0106933744752602,-0.112892634806625,-0.0170028281825475,-0.0618199166027096,0.00938303852157108,0.0950557342197177,-0.0304972148137553,-0.0201378788254098,-0.0301969896592135
"TPSB2","Fibroblasts6","brown",-0.0603512572980202,-0.10186114291731,-0.0503667371438167,0.0148578136700451,-0.121442936803273,0.168586253370381,0.112730709989761,0.0171218353020651,0.00609280865592201,-0.0929979720447474
"TPT1","Fibroblasts2","turquoise",0.425589723832066,0.148889848791566,0.572846642371931,-0.0112026664269305,0.362717255176161,0.107931891409438,-0.0488400765989451,0.109706773071106,0.00477495407757263,0.220419602168479
"TRA2A","Fibroblasts6","brown",0.0175297861451851,-0.000330052122940257,0.00131878979696758,-0.00146074473539161,-0.00307538384500264,-0.00816142149236385,0.253323080614631,0.0184767462738154,0.0116201358071968,-0.00294989604910567
"TRAF3","Fibroblasts2","turquoise",0.137786874876141,-0.000908513015395776,0.170724087717923,-0.0281614721386157,0.095084577941944,0.0637395489527503,0.0262629388972709,0.0506703623555077,0.00632575305504353,0.068200933755724
"TRAF3IP1","Fibroblasts2","turquoise",0.130050326480764,-0.00554402819585313,0.159632221524075,0.00413017045637644,0.0539387476973592,0.0559446350749768,0.0237894044834382,0.0472368311503848,0.0238633004961518,0.0170155551000788
"TRAK1","Fibroblasts2","turquoise",0.0822437007249522,-0.0363874471073898,0.104806114772805,0.00660705844450554,0.0263596662701617,0.0880322653632125,0.0282246081656965,0.0390261279400197,0.0205877500742246,0.0119389151537888
"TRAM1","Fibroblasts7","pink",0.194190032952978,0.00677664178009561,0.148943556150052,0.0614613875084858,-0.00337659459457424,0.208085822130119,0.0896969499408024,0.213160394409504,0.132738257556376,0.0178863508192621
"TRAM2","Fibroblasts2","turquoise",0.235369023941784,-0.0260574967116792,0.278664313090347,-0.0241522571331811,0.0922550090655176,0.176887338478074,0.0444173661171043,0.138836423527567,0.0570623860860429,0.0586775547693743
"TRANK1","Fibroblasts2","turquoise",0.112617967886106,-0.0583930719373208,0.148796184894188,0.0370795779362067,0.0258951897489905,0.115690699306359,0.0187987077422648,0.085394276326868,0.0307125198654955,0.00322158093198417
"TRAP1","Fibroblasts1","blue",0.0312997806636872,0.0672120272150417,-0.00209313409606277,0.018108307465309,0.0236159378353314,-0.0577920908933423,0.0212928435999485,0.00231011141420311,0.0245989499340185,0.0192967556626363
"TRAPPC1","Fibroblasts1","blue",0.0425191392246,0.177568958075803,-0.0695374879517541,0.0196776617175402,0.00778009738667777,-0.0526973234247376,0.0300772683175145,0.0143883571398029,0.0467845094564682,0.0491041429527486
"TRAPPC10","Fibroblasts2","turquoise",0.127413453146219,-0.00245547831631871,0.170091327754868,-0.00412059226372611,0.068709913694364,-0.00245773926451994,0.0170134921782325,0.0259733641924107,0.0054224015244794,0.0261966381415126
"TRAPPC2L","Fibroblasts1","blue",0.0912775948071397,0.162190219527302,0.0311794983547347,0.00894898345861173,0.0766641969190859,-0.0662058768823158,0.00443863923647859,0.0133947738068017,0.0332789971170314,0.0703231483942568
"TRAPPC3","Fibroblasts1","blue",0.0946135528308824,0.160982957102433,0.00356287372821247,-0.0261572588441763,0.0850305760448296,-0.0418322908483552,0.0377603633229347,0.0444382690867605,0.0726144643815984,0.0918169707065679
"TRAPPC6A","Fibroblasts1","blue",0.00912060601691402,0.0970231506311519,-0.0487579438373141,-0.002411884336519,0.0340065421589666,-0.0677665734413742,0.0196709211896695,-0.0376862116783197,-0.0101110999488912,0.0479864461241453
"TRIAP1","Fibroblasts1","blue",0.058320778799986,0.131165327165002,-0.0248218256136794,-0.0225749831729636,0.0279031893449633,-0.0351224870457728,0.0178994169852105,0.0211353754687472,0.0326770368190346,0.0455359727595365
"TRIB1","Fibroblasts2","turquoise",0.174123638351563,0.0242474910064737,0.281538853689449,-0.102434184539513,0.361126705657559,-0.0261510414489874,0.0086268957508921,0.049063753829957,-0.016617850424808,0.2469089454484
"TRIM25","Fibroblasts2","turquoise",0.111714781924879,-0.00276182670684751,0.13559617817847,0.00310530453229162,0.0617241550168922,0.0567469629249173,0.0231948283961417,0.0459349246432576,0.0284469354556322,0.0372981312432658
"TRIM28","Fibroblasts2","turquoise",0.132960718507728,-0.00311766232112546,0.184543404932605,-0.00688552294360493,0.081360915526631,0.0549119024835553,-0.00422574360318979,0.0475704843765663,0.0040602244622333,0.0384337004119895
"TRIM44","Fibroblasts2","turquoise",0.196550684984049,-0.0154214102390924,0.22810880370174,0.0252457657423695,0.089147799167876,0.0799900603688506,0.0656378389228296,0.101155802093489,0.0425603563259212,0.0465684773372219
"TRIM56","Fibroblasts2","turquoise",0.192818587104627,-0.0303124927685261,0.219450679951543,0.0272190319165313,0.0463704238626663,0.127908871660216,0.0682480691820282,0.0937790764357421,0.042268614425175,0.0192853106796893
"TRIM8","Fibroblasts2","turquoise",0.230437437017936,-0.0539732707962247,0.30872235161936,0.0238574835232127,0.129787787724636,0.202827626451314,0.0408692811277479,0.0989687096167708,0.0191083150495165,0.0895729383567814
"TRIOBP","Fibroblasts2","turquoise",0.159967969460049,-0.00830719311535661,0.182865176261441,0.105398141483914,0.0301946515158938,0.106332099369828,0.0359037078660316,0.0699702756743281,0.0307871841128936,0.00367632312563513
"TRIP11","Fibroblasts2","turquoise",0.287247877461851,-0.000969368673013377,0.319696561328122,0.0355749967087706,0.0927658280925275,0.154930134816194,0.0642079924696808,0.139507654296324,0.0850487988566526,0.0490408035942445
"TRIP12","Fibroblasts2","turquoise",0.216730157821637,-0.0369620231294243,0.260344662911039,-0.0020753052287707,0.0718137025719477,0.162007693633073,0.043473685537086,0.108233810831752,0.0477468404969438,0.0229952220128214
"TRIQK","Fibroblasts1","blue",0.0794303086070807,0.0744902576404487,0.0299166773438291,0.00272647147968305,0.0281078011666052,0.0183582182339306,0.0350070488707031,0.0925121461896996,0.0960784534194774,0.051129617283355
"TRIR","Fibroblasts5","yellow",0.0755508960268846,-0.25731089607509,0.153137264971463,0.0319077435644992,-0.141232767245638,0.586465826304781,-3.32096119853993e-06,0.124323394284276,0.0575938985894849,-0.100519763381542
"TRMT112","Fibroblasts1","blue",0.03749729225447,0.268420082132255,-0.0983257209230533,0.00506145622149574,0.0635165351764072,-0.179359613090863,0.0239307441463388,-0.0303724820305435,0.027135012360434,0.0735920037667561
"TRPA1","Fibroblasts2","turquoise",0.15037048197467,0.00296845598638683,0.221228425316818,-0.0858132468122524,0.195170952399989,0.0538695486099286,0.0182214571187601,0.102282379252662,-0.00255768796215612,0.116849555857167
"TRPS1","Fibroblasts6","brown",0.166700251565056,-0.00477950972112807,0.167232925252943,-0.0302838212363778,0.00700576392031763,0.06235044425248,0.236084500405931,0.181162379204453,0.16294367169926,0.00691138841753007
"TSC22D1","Fibroblasts9","black",0.112405649969262,0.147959928182744,0.0546261286690486,-0.0261081905961764,0.200750290227849,-0.0826830167990107,-0.00129464110316449,0.0911984263871456,0.12445564619084,0.215312862196935
"TSC22D2","Fibroblasts2","turquoise",0.14021366271874,-0.0329446121906848,0.186879857631544,0.0136151897389619,0.108736673037362,0.0582127883204736,0.0435317444406974,0.0754281195827153,0.0337220950879045,0.0609489916447677
"TSC22D3","Fibroblasts1","blue",0.0532606791259694,0.147538276660136,-0.0292933823142097,0.0894443909617789,0.0659493493598629,-0.12970454159124,0.047126140631486,0.0208716498015247,0.0936163368339344,0.131489363080208
"TSHZ3","Fibroblasts2","turquoise",0.151641023922609,-0.00827465649353558,0.178532677971005,0.00911853085338257,0.0821537585892542,0.0669388098556461,0.0396803608416319,0.0842510635600568,0.0383637548039515,0.0504531759707719
"TSPAN11","Fibroblasts2","turquoise",0.214732552174384,0.0222879460312284,0.319872921793699,-0.137401083528008,0.295982469728178,0.0361675512690073,0.0165182318331275,0.0254797539176446,-0.0552656551992227,0.18485583643051
"TSPAN15","Fibroblasts1","blue",0.0725448278611255,0.144000303321048,-0.000336738471427334,-0.0921522997191726,0.153943138449375,-0.0745351482626819,0.0275062499893458,-0.0368093576786429,-0.0188884873058436,0.16457471637318
"TSPAN18","Fibroblasts2","turquoise",0.134389935936411,-0.0788588441968139,0.193757470065488,0.0542923959140632,0.0154628197988249,0.15368749932321,0.0319052861454778,0.123262149658273,0.0595404979127779,0.000763590666099981
"TSPAN4","Fibroblasts1","blue",0.0422375123458218,0.276505654143163,-0.081465742713665,0.0190116670459,0.135017693011781,-0.217100551230745,0.00186941447586148,-0.015841796639761,0.0496667317712812,0.169443640167031
"TSPAN5","Fibroblasts2","turquoise",0.188767681800336,0.0414214108342186,0.214049573444727,0.0516901775609617,0.0892519887122347,0.0348290371307848,0.0448047678737951,0.0191510460059273,-0.00297804045141287,0.0638581167195092
"TSPAN8","Fibroblasts3","green",-0.0656785801977791,-0.0852205800976622,-0.115278610886548,0.446339197053001,-0.181195840000932,-0.00456574727826691,-0.00427652123024207,-0.126625303485786,-0.074565894579278,-0.142867786091745
"TSPAN9","Fibroblasts2","turquoise",0.17610744356591,0.0774199154718093,0.218810256477163,-0.102541194212489,0.188908884349484,-0.00654954954332679,0.0115012298633266,0.0671330868454254,0.0268721527535129,0.128084366546642
"TSPO","Fibroblasts1","blue",0.110951270472014,0.353891498313404,-0.0344727401350374,0.122375055819442,0.0849701248450683,-0.260481219843306,0.0454394632195236,-0.0182369750189,0.0579196375626958,0.0861370012882714
"TSPYL1","Fibroblasts8","magenta",0.0561793756443616,0.0607425128614972,-0.0153584879437382,0.0529569123536791,-0.0190437900799643,-0.00317042811377461,0.163366066493432,0.0346713754946124,0.0846217196847591,0.00500845257933116
"TTC1","Fibroblasts3","green",0.0742348848610744,0.0589962497019806,0.0336758763390945,0.0602455654251787,0.00953837665036412,0.0254201717538699,0.0284866982140408,0.00801350750784643,0.0228777601632759,0.016194450215444
"TTC14","Fibroblasts6","brown",0.0580022469004447,0.000208535740482476,0.0404339561934408,0.0542899224844017,-0.0254916064267465,-0.022799282870513,0.043040070262795,0.0200909756270244,0.0129343311042702,-0.0416606434036515
"TTC3","Fibroblasts7","pink",0.217366840247406,-0.0146641242574128,0.198613503172121,0.0906082658784719,-0.0582812213923746,0.188089530126382,0.0875257765363241,0.310486563407904,0.212020445216442,-0.055738011805572
"TTC32","Fibroblasts1","blue",0.0221828338769611,0.0733457355846058,-0.0342801365799383,0.00311536297584907,0.0165429006215533,-0.0328524615322932,-0.00198143659925309,-0.0089037604483629,0.00380952515711267,0.0361514947889713
"TTC37","Fibroblasts2","turquoise",0.1938140514964,-0.0142261452915686,0.203517103552272,0.00983240355150634,0.052448652232794,0.125319890313121,0.0492612030438737,0.119322749942581,0.0701736723185939,0.0335692656129426
"TTL","Fibroblasts2","turquoise",0.116707119704392,-0.0289903106237631,0.148358138058175,-0.0175122903455327,0.049232937064781,0.0978069241032311,0.0321902925748437,0.060398081376697,0.0160078513333431,0.0164571492559345
"TTLL7","Fibroblasts3","green",0.0291828636933849,0.008758289433494,0.0079264089949691,0.102440560340821,-0.0502782250835402,-0.0099548054116189,0.0181097929910202,0.00260658541876654,0.0250451355294391,-0.0351062553014146
"TTYH3","Fibroblasts2","turquoise",0.0993524940674125,-0.0853914850975946,0.171937072116191,-0.0452232120480304,0.00629014827579588,0.164291208325869,0.00425541638838081,0.131824225851998,0.0625395174778238,-0.0244211157934249
"TUBA1B","Fibroblasts1","blue",0.10007876261047,0.276036267521129,-0.0147812479994585,0.079934692424719,0.159716470034209,-0.276893048838872,0.0262513684045498,-0.0636119897471656,0.00865056677878922,0.117352058520971
"TUBA1C","Fibroblasts4","red",0.149565477838187,0.146103239970583,0.161890483803154,-0.0645538131028953,0.223677201301024,-0.0824729635065032,0.0257817386914011,0.0803952729059287,0.0546857008793701,0.111793113437438
"TUBB4B","Fibroblasts2","turquoise",0.214271606941451,0.0984164780185887,0.285828268790821,0.00156417029364085,0.308859206233345,-0.114084964544527,-0.00811569430935568,-0.000720504178199164,-0.0377708896285422,0.192395348949008
"TUG1","Fibroblasts2","turquoise",0.189876511325648,-0.0333546025543715,0.223235245410858,-0.00674881230656887,0.0643840723301558,0.140760169769774,0.0503072113038735,0.125577588230504,0.0690773150367118,0.0412891634834952
"TUSC1","Fibroblasts2","turquoise",0.149320081890637,0.0870377338317489,0.167162628905516,-0.0238740076264347,0.130663863396518,-0.0179574269400368,0.0027405741328348,0.0497659894988709,0.0269720052263767,0.0883485170963119
"TVP23B","Fibroblasts1","blue",0.00949468670473626,0.0302863692412549,-0.0417761854480102,-0.00717339121024421,-0.0198671430698467,0.0480446702413145,0.0196103889621938,0.0305845612920828,0.0488373194366658,-0.00581143959363373
"TWF2","Fibroblasts1","blue",0.104894038762559,0.158704953796695,0.0323448369426403,0.0225205425269483,0.0667304175359046,-0.0750324159822557,0.0256370355339987,0.0174133094134777,0.0508157246998255,0.0700895423113543
"TWIST1","Fibroblasts2","turquoise",0.293208215315206,0.0930554054339982,0.413213955159097,-0.10234628869859,0.361523339015694,-0.0809000623448369,0.0756021839204719,0.0642937841650883,0.0192671317594168,0.262025400378621
"TWSG1","Fibroblasts8","magenta",0.103742555503688,0.0399449690491218,0.0431063149378236,0.0114687876503671,-0.0100195079037241,0.124245382528168,0.0503847104284222,0.133132824653589,0.203744816930018,0.0366577908476354
"TXLNA","Fibroblasts2","turquoise",0.19471634923208,-0.00848683254946843,0.256191040380893,-0.01815661130486,0.12113107342774,0.0423316873256827,0.0401994216463818,0.0874947970838775,0.0411498993219331,0.0538640882666838
"TXN","Fibroblasts1","blue",0.120361535541962,0.300511235979797,0.0202949843015178,-0.0362903504962964,0.179478318678433,-0.165323633191792,0.0284967283593929,-0.00654322258961201,0.0158746419509672,0.15332661796273
"TXN2","Fibroblasts1","blue",0.0788752906361231,0.116662137219135,0.0222662130445827,0.0342810542848199,0.0307245013168275,-0.0263908482594848,0.0258714066175395,0.0200423720426725,0.0331496749706638,0.0390508287125571
"TXNDC9","Fibroblasts1","blue",0.0596643486092493,0.118456099075677,-0.0123834239306128,0.02670350583639,0.0415542394434335,-0.0584067187272869,0.0257174209471147,0.00325571402326783,0.0252300083831028,0.0448705539561808
"TXNIP","Fibroblasts3","green",0.0606718049635606,-0.106686370424926,0.0422228960459348,0.411462172897544,-0.189845921571553,0.0917320510524449,0.0562068607910736,-0.0325453439587983,-0.0277910167409427,-0.146197837391827
"TXNL1","Fibroblasts9","black",0.166651992182316,0.125531874841006,0.129459657034256,0.00584820265201352,0.122439284185769,0.0121808042614206,0.0192400757044126,0.0625254614371274,0.0500126316388484,0.122093420682777
"TXNRD1","Fibroblasts2","turquoise",0.161221894565775,0.00478872250249071,0.176157814910148,0.0344982264698838,0.0690427222255128,0.06791968770273,0.0387551643087584,0.0345498742657018,0.00835347668845376,0.0319723054390002
"TYMP","Fibroblasts1","blue",0.0543535634806419,0.279089904465614,-0.0414349607865105,-0.0528501601055102,0.266820882232326,-0.288913285074709,0.00322793966128473,-0.0475689353638575,-0.0176542346172781,0.249768349299888
"U2AF1L4","Fibroblasts6","brown",-0.0215379495648034,0.0555523172136307,-0.0764698383363156,0.00260197176465525,-0.0229954932165958,-0.0616417229433183,0.0389783351964043,-0.00435068514596083,0.0169165734420976,0.0092152543343389
"UACA","Fibroblasts2","turquoise",0.232590981795212,-0.0386308552661809,0.256175396483177,0.016421107177973,0.0520297422322115,0.165477972614963,0.0706016574706756,0.0875349513929372,0.0436707556744586,0.0322386484262039
"UBA52","Fibroblasts1","blue",0.099745804607923,0.42812743978525,-0.00881331720210632,0.00572493746444037,0.186975501670862,-0.320826488969822,0.0507346680836541,-0.0435608433427993,0.00895546063779456,0.130822457353995
"UBAC1","Fibroblasts2","turquoise",0.142402776099619,0.0141662443171949,0.170272443045961,0.00635001166989646,0.0469800514686453,0.071018538482745,0.0284170796641135,0.0642878261450495,0.0353595905589451,0.0184249282955741
"UBAC2","Fibroblasts1","blue",0.0806441215864992,0.106457388055612,0.0260550257302923,-0.0173914975056169,0.0752314238498167,-0.0284581448143249,0.0331507070083619,0.0707693656153424,0.0864568581438498,0.0707430878844517
"UBALD2","Fibroblasts2","turquoise",0.144159801455535,0.0651134432909644,0.192591778109963,-0.0666655454640767,0.162808766985333,-0.0298845854800963,0.0142803747734824,0.0297013752924873,0.00716088415685021,0.0914295298287673
"UBAP2L","Fibroblasts2","turquoise",0.150704745039362,-0.0220879193903302,0.177060481784439,-0.00821074118895955,0.0517700938112177,0.122711539059965,0.0309757312080679,0.102437211571102,0.0434963944929226,0.0302771857833112
"UBB","Fibroblasts1","blue",-0.0293659696979903,0.443027584401165,-0.206814814483602,0.0483165895604211,0.20283874355228,-0.498680902761177,0.0189140671491701,-0.151727649147643,-0.0398646995633642,0.22159389600766
"UBC","Fibroblasts4","red",0.174510021364171,0.244663582408732,0.16182815398403,0.0554329697783266,0.335270682995901,-0.308594638655301,-0.0062256206231941,-0.0213464270456044,0.0194232252934085,0.242846216716599
"UBE2A","Fibroblasts1","blue",0.109185634447414,0.13151566325381,0.0243050151578192,-0.0017014356619975,0.07040813325721,0.00989119055715541,0.0326465515268655,0.0546107063268536,0.0700956344265076,0.0738278477421484
"UBE2D3","Fibroblasts1","blue",0.130358045276509,0.222460029422151,0.00147223276550292,-0.0194788635849907,0.148368863162449,-0.0723821754000919,0.0578280417614002,0.0363382065302486,0.0687366871262532,0.157169357721556
"UBE2E1","Fibroblasts1","blue",0.100162634028,0.113525872644486,0.042550977060208,-0.0508723445858903,0.0740294199948437,0.0253132851736578,0.0155880556420445,0.0418356772703136,0.0516493417726261,0.0938442584164926
"UBE2E2","Fibroblasts1","blue",0.0189856550043295,0.107887449159124,-0.0805762902290433,0.00261152858871853,-0.0131144661043647,-0.0224945612634637,0.0442642746787181,0.0648765444320782,0.0858722878829876,0.0192137488235433
"UBE2E3","Fibroblasts1","blue",0.106007522044909,0.169722114379281,0.0203721900743601,-0.0191489985559313,0.0715002394251402,-0.0494118081108001,0.0236080124843525,0.0732845864795935,0.0812335936599134,0.0860761177359429
"UBE2H","Fibroblasts2","turquoise",0.277280290047005,-0.0811511935731126,0.359666489453766,0.0210564322104671,0.097314831649558,0.240064150669737,0.0533345618584291,0.165652586972274,0.0803171750752647,0.0586053037531171
"UBE2I","Fibroblasts1","blue",0.0997551898958553,0.143157156579616,0.0259687124716861,0.0166784546389174,0.0623716408920941,-0.00782584480748754,0.0330822894958339,0.0189679603842164,0.0480977831743098,0.0666313953890727
"UBE2L3","Fibroblasts1","blue",0.137104758577005,0.170596125618706,0.0678827642799102,-0.0439530557295256,0.125456653110815,-0.0307193006049062,0.0399158255812348,0.0537867968498667,0.047104678698285,0.102952812218105
"UBE2L6","Fibroblasts1","blue",0.111713806529912,0.159825006324556,0.0414610386488386,-0.0223002019233761,0.119495035261205,-0.0420655485286119,0.0274642146043615,0.0349030503123798,0.0394728698729491,0.132431056978167
"UBE2M","Fibroblasts2","turquoise",0.245697309119482,0.0972211487014066,0.315198676240174,-0.00436155718080503,0.189815694241762,-0.0252886495561207,0.0165087129834911,0.0913765876930712,0.0374233057284576,0.103172794574611
"UBE2N","Fibroblasts1","blue",0.0741820058905152,0.124781735307419,-0.00687298201358386,-0.00260144884379559,0.0700749994804183,-0.0116061105483775,0.0361445465788625,0.0279612341485282,0.0467950635372252,0.073342425474189
"UBE2Q1","Fibroblasts2","turquoise",0.17689520943223,-0.0286817808308983,0.208569429529058,0.0115229361350896,0.0320592226339654,0.178993194758756,0.0275089576758562,0.103572450516017,0.0590019532331798,0.0128834924454209
"UBE2Q2","Fibroblasts8","magenta",0.128835146649456,0.0677393548680458,0.0907540663741898,-0.00322905421279033,0.0246987753661614,0.0491705729941347,0.0450890042825153,0.106193189860604,0.163307281029569,0.00701806438573444
"UBE2R2","Fibroblasts2","turquoise",0.213286988325672,-0.0327594653182821,0.271214216841381,-0.00745274317475909,0.0975360138335958,0.204006723687444,0.0282161491863907,0.100750639777706,0.0321326788400997,0.0619572805222333
"UBE2S","Fibroblasts2","turquoise",0.207734644863485,0.0735710093616143,0.316026154852752,-0.0516699399158581,0.26976239452184,-0.0735081821027065,-0.00323369197525646,0.0367180782231663,-0.0117627786434673,0.151016161846576
"UBE2V2","Fibroblasts1","blue",0.079751241904763,0.158260698073959,-0.0234411465640285,-0.00102533830937252,0.0580241328371305,-0.0197919855149454,0.0296863521584514,0.036254822368146,0.0406268263763409,0.0856397545128892
"UBE2W","Fibroblasts1","blue",0.043373146310689,0.0516442640117723,0.00319173824111283,-0.00709774876565692,0.0232499564848025,-0.011422067504519,0.0477706445478204,0.0185648540470015,0.0363287542381991,0.0328612073104871
"UBE2Z","Fibroblasts2","turquoise",0.225985247757025,0.00111208020902635,0.272553297776222,-0.0495335225878724,0.152100448665949,0.122484349111878,0.0496748129885681,0.103301529828884,0.0395072698844836,0.0973289383319595
"UBFD1","Fibroblasts2","turquoise",0.122337766117406,-0.0223944938641689,0.15582149383245,-0.0166192033097659,0.038577381665466,0.122573443537845,0.0201473428544457,0.0849550936579712,0.038619243500728,0.0157667518673758
"UBL3","Fibroblasts6","brown",0.159808765068402,0.0504399419325101,0.127279467828739,0.068374038842716,0.0330533931581172,0.0457245628214066,0.0773373469584663,0.0736688180533934,0.0680547732924045,0.0245885963971821
"UBL5","Fibroblasts1","blue",0.0330150828046212,0.292979471410801,-0.0768144568005634,-0.0189089665523134,0.0783304066460488,-0.187227302215924,0.0416585502209787,-0.0126145394536968,0.0250830076045701,0.0646998038033167
"UBL7","Fibroblasts1","blue",0.0312581480906689,0.0979836096388862,-0.027968881483508,-0.00906593284572228,0.0323240687588962,-0.0436952390693521,0.020722475346861,-0.00278877294156712,0.0167097616718453,0.0412939625828386
"UBN1","Fibroblasts2","turquoise",0.149805421546706,0.00274655789772064,0.167455992042241,0.0096631872286576,0.0412691651893085,0.0702377304222993,0.0260737738798696,0.0599190208551729,0.0380580700689067,0.0116635517381263
"UBN2","Fibroblasts2","turquoise",0.149697989731235,-0.015882174546306,0.182140948435838,0.0133806452121618,0.0580822581329139,0.039607663613136,0.0252623601540264,0.0690975484633402,0.0357942806798787,0.024686216007004
"UBR2","Fibroblasts2","turquoise",0.126553768330791,-0.0379499666274209,0.159437116047247,0.0215863826874108,0.049305779279922,0.0436022894486183,0.02813141449795,0.0545070607883005,0.0192704879830293,0.0254321981604048
"UBR5","Fibroblasts2","turquoise",0.161328072296711,-0.0149047992860439,0.19559694704996,0.0160248219418066,0.0761565429566424,0.0631618639561479,0.0258769687590329,0.0690592214108957,0.0358706911739074,0.0352193139572298
"UBTF","Fibroblasts2","turquoise",0.174200978478786,-0.012172477445381,0.201974317389088,0.0816338228343855,0.0352325431339865,0.0893246457356605,0.045798598601285,0.073775624729636,0.0410378314404298,0.0124255790470298
"UBXN1","Fibroblasts1","blue",0.120665587829072,0.203339794494715,0.0589441447859879,-0.00775597572559352,0.150885816203248,-0.127953916897545,0.0208826899780781,-0.0264957199396461,-0.00253789226675154,0.14131082655114
"UBXN4","Fibroblasts2","turquoise",0.217921782161162,0.0181097094553139,0.229926768740846,0.0446660902746125,0.0928859561372912,0.0853258150538734,0.0449321523756864,0.110851609279202,0.0756246816828008,0.0592692030130769
"UBXN6","Fibroblasts6","brown",0.0811946120456814,0.111016697472504,0.0274040394692066,0.00354999884384014,0.047561903070326,-0.0519112060726469,0.0896658493140928,0.0403483678563515,0.0451641880198784,0.0420884259758971
"UBXN7","Fibroblasts2","turquoise",0.153979004410949,-0.0309346298784482,0.181835099105759,0.0351793310696598,0.0404580249652215,0.08719386871902,0.0472980167093696,0.0667778022153485,0.0385611210041722,0.0203420600442415
"UCHL1","Fibroblasts7","pink",0.0648409691201746,-0.0411822752779612,0.0729846212500447,0.027244249459087,-0.0580202594511112,0.171608183161325,0.0339450410443242,0.1697882022836,0.101713244954729,-0.0592524968889407
"UCK2","Fibroblasts2","turquoise",0.0941571227872783,0.0494919656127652,0.118878100821532,-0.0484461245777933,0.10131742230059,-0.00596654021942531,0.0187737030632251,0.0408089240189469,0.0218016208429206,0.0559239586134711
"UFC1","Fibroblasts1","blue",0.113028423545128,0.175947726579018,0.0461239446663734,-0.0103118197142046,0.0767541461251924,-0.0501052949925605,0.0239413816256024,0.0391210055747364,0.0747104762122001,0.0623618051216934
"UFM1","Fibroblasts7","pink",0.17502661568131,0.0650765194450987,0.140453782630352,-0.0588032847129228,0.0767508055140439,0.0907242462345902,0.0870258113729387,0.141479558102631,0.0883158953740849,0.0535274677479151
"UGCG","Fibroblasts2","turquoise",0.224713458869529,-0.00979534106910325,0.308438377330365,-0.0624752617394029,0.289123614838939,0.0540045360617327,0.0499821746630591,0.0534897568280579,-0.0358271607400967,0.225899361916756
"UGGT1","Fibroblasts2","turquoise",0.126069105483768,-0.0588088890283128,0.175211346528356,0.011504943249456,0.0417003012231481,0.107302608267547,0.0204078257051415,0.0593833008115211,0.0145920698081324,0.0143185692177105
"UGP2","Fibroblasts1","blue",0.0864466109061446,0.0996026369927559,0.00122636137493298,0.0999942178383064,0.0239827894826635,-0.0130906008721718,0.0506188664696036,0.0370119944515713,0.0473203265993244,0.0295116509316096
"UNC5B","Fibroblasts2","turquoise",0.237905415421277,0.0650001307898079,0.260552293409511,-0.0957434260499226,0.149344224886812,0.0619121510030243,0.0411821521134552,0.0802054594950323,0.0419345189009556,0.0976939398031907
"UPF1","Fibroblasts2","turquoise",0.131538400578941,-0.0243386399461149,0.172232531271247,0.0605252944893805,0.0416360422239649,0.0528348132388055,0.0210001795378887,0.0508865577498894,0.0135909471526763,0.013390437485308
"UPF2","Fibroblasts6","brown",0.0085107735631989,0.00170983033583664,-0.0149011891822604,0.0353845055815678,-0.040072104539471,-0.017234112050577,0.0430235968732282,-0.0131767518022309,0.0059703938038654,-0.0309320289056887
"UQCC2","Fibroblasts1","blue",0.116261200056848,0.225604093570768,0.0439466885592975,-0.0760030507294796,0.109472720040408,-0.113195363406843,0.0364957820526073,0.0133914672681228,0.0305578061155121,0.078338762610538
"UQCC3","Fibroblasts1","blue",0.025867547486461,0.117929958288741,-0.0231451847583176,-0.000677917932633994,0.0142208614515641,-0.0946877595949312,0.0204507108589599,-0.0264068118491555,0.00110258241515232,0.00906807831076108
"UQCR10","Fibroblasts1","blue",0.0826996235066283,0.244856525725326,-0.0090383080684401,-0.0123868460924078,0.0809597841367306,-0.129091320753463,0.0544188526257174,0.00240841990990528,0.0305645396695667,0.069887138081891
"UQCR11","Fibroblasts1","blue",-0.0548572928297434,0.367576403224509,-0.264019781748646,-0.0444563878659452,0.011829856417019,-0.264938072236326,0.0771795099287831,-0.0267025329950419,0.0677512514821866,0.0542648412595022
"UQCRB","Fibroblasts1","blue",0.0836721448400613,0.362905776813274,-0.0610133075202157,-0.0850457038886006,0.165969854558968,-0.156950550257703,0.0139952641706386,-0.0176209804659262,0.0298584798847777,0.183520592151757
"UQCRC1","Fibroblasts1","blue",0.0996666022146813,0.179347612931681,0.033177971248113,-0.0427591080694709,0.127993844254287,-0.0803603899688795,0.0310548368315557,-0.00438907513977132,0.0204505558201445,0.103546681059211
"UQCRC2","Fibroblasts1","blue",0.0910645024529881,0.127001774142219,0.0194756545136138,0.00542368466746434,0.0713444859921108,-0.0337724787386918,0.0146404269175174,0.0302754684063861,0.0384723530275123,0.0804887104614004
"UQCRFS1","Fibroblasts1","blue",0.119958804526923,0.18565519797045,0.0343849322868618,0.00104500054823133,0.099771758919341,-0.0682415843664216,0.0213250733710378,0.0141023259432388,0.0347838790818543,0.0890812742988545
"UQCRH","Fibroblasts1","blue",0.141603540591816,0.296801623001847,0.0612811098139433,-0.0863947178928753,0.177144005736349,-0.118947897419717,0.0443054650959895,0.0174012877538611,0.0390897086424952,0.137098300184264
"UQCRHL","Fibroblasts5","yellow",0.0543090005064018,-0.0982957783497246,0.0728562921381908,-0.0340574658244586,-0.054397712769814,0.320415868486515,0.0088173835937786,0.0669220888604566,0.0296078229940526,-0.0255302236193408
"UQCRQ","Fibroblasts1","blue",0.00225228120636405,0.307233171090502,-0.16212305182968,-0.0801661278181082,0.044899255537005,-0.123581469493139,0.0410877920044791,0.0224404621760132,0.0732701134978817,0.0761937507878507
"URI1","Fibroblasts2","turquoise",0.190552753854249,-0.0056554690683057,0.212919503582255,0.0373017316460387,0.0443266331764418,0.125419250982827,0.0553444404115006,0.12078060184932,0.0742015566415253,0.0126641616517554
"UROD","Fibroblasts1","blue",0.0619441677282771,0.0786868935280631,0.0101154159434705,0.030791114035966,0.0206450438286581,0.0163108050195435,0.00171192202943494,0.0225370050991878,0.0369064447306964,0.0443854409611397
"UROS","Fibroblasts1","blue",0.112266997989387,0.155950388822466,0.0407677991895812,-0.0180994655408565,0.0838733706087525,-0.0561571811768378,0.0423253445960486,0.0699307304724436,0.0770440721108005,0.0779643943453467
"USF2","Fibroblasts2","turquoise",0.147650343261219,0.0405028776351757,0.169672862648476,0.00536916579216893,0.0803384329287086,0.0323680649676982,0.0280099711123344,0.0596507690159086,0.0370356446325779,0.0501887690512894
"USMG5","Fibroblasts1","blue",0.0443273106393435,0.26622099720012,-0.0684303135148015,-0.0347395609763941,0.0643902211876897,-0.151260427984059,0.0579048955177354,-0.0240851733420578,0.0196394579628195,0.0617324737475083
"USP13","Fibroblasts2","turquoise",0.163699542339186,0.0152176792927845,0.192391709989284,-0.020428973423868,0.113652854116511,0.0678533747239539,0.0358439189835505,0.0520785267818952,0.0255139431078486,0.0875779378725955
"USP22","Fibroblasts2","turquoise",0.168479423374394,0.0274513362682271,0.192852028092232,0.0227764045180394,0.101351050728111,0.0153261002810314,0.0558298006202735,0.071301132929951,0.0406969174825143,0.0608740188807978
"USP34","Fibroblasts2","turquoise",0.1854931547418,0.0142764638314184,0.208850528555995,0.0270943307377712,0.0839185039471563,0.00689864702979202,0.059263824357199,0.073455798219358,0.0334225880881662,0.037238107179991
"USP36","Fibroblasts2","turquoise",0.122823952302493,-0.00172107257871396,0.157671886280782,0.00639343220115582,0.0632303100709471,0.0359707022491157,0.042860434898044,0.0511581756215002,0.0194803820969135,0.0244034344546778
"USP40","Fibroblasts2","turquoise",0.132243935968971,0.0148968852469792,0.150457404499145,-0.0164162708274323,0.0813558466369883,0.0373637138749673,0.0241052113578883,0.0602122473657863,0.0201469975305344,0.0404231906953665
"USP46","Fibroblasts2","turquoise",0.138313091625241,0.0137071590968264,0.158136778133261,0.01174109900553,0.0537093933334992,0.0572226558038907,0.0455565737389425,0.0899610769214708,0.0634731324591267,0.0363172209721395
"USP47","Fibroblasts2","turquoise",0.186562935405454,-0.0356723818269765,0.218230234662019,0.00756276546523294,0.0667091826690827,0.115062685246012,0.0512937290462339,0.0974495008062182,0.0548391837377647,0.0268296845803587
"USP53","Fibroblasts3","green",0.0303628758124309,-0.0293569913528153,0.0198793646960703,0.184411988140115,-0.0530529610166236,-0.00551815665054947,0.0188346393827009,-0.0477665569511888,-0.0465237374910857,-0.0610579310247247
"USP7","Fibroblasts2","turquoise",0.18465039124448,-0.0570150208168959,0.232160161904687,0.0430256125154872,0.0378917511935052,0.161949952950859,0.0523526036450559,0.0884034388659566,0.0347303413955695,-0.00176880076060685
"UTP14A","Fibroblasts2","turquoise",0.109724647905206,0.00565737192341123,0.120776574982531,0.00534125307486881,0.0542218659131367,0.0352854300472646,0.018897884472351,0.0192479758566801,0.000833684075054447,0.0182068163114427
"UTRN","Fibroblasts2","turquoise",0.231161576773977,-0.0446445329826423,0.269986741998039,0.103336166271734,0.048546753396516,0.0994255716451045,0.0647661260306525,0.0967286022217239,0.054608488466793,0.00506756753039258
"UXT","Fibroblasts1","blue",0.114133826876757,0.208749722890406,0.0619356265419546,-0.0204017165649228,0.125945997460382,-0.10874557769815,0.0308564986871971,0.0265956264879839,0.0450440755469135,0.0960035967711928
"VAMP2","Fibroblasts1","blue",0.0841424707343272,0.158149374638444,-0.0309445597027354,0.11739604256714,-0.0342550877657213,-0.0308466457812991,0.056371106948429,0.0199217580926862,0.0800917740440702,0.00554421086028482
"VAMP5","Fibroblasts1","blue",0.0781969413687767,0.319599591296067,-0.0671649284005816,-0.0168079695069544,0.127026922430892,-0.178164073063726,0.0697605603928253,0.0393168839601437,0.0767778962548858,0.162630179581423
"VANGL2","Fibroblasts2","turquoise",0.0730378402968766,-0.0461260751475348,0.114877254434062,0.0164779321451779,0.0449215676070064,0.0641425984872894,0.0118177661266575,0.0414262936013381,0.00811735269467877,0.0322981203700451
"VAPA","Fibroblasts1","blue",0.138135588490959,0.218919382015258,0.0235946031308992,-0.0470697966452374,0.128983068975119,-0.0569612086344624,0.0497834308523416,0.0461395251089386,0.0769207312139018,0.136458919095007
"VASN","Fibroblasts2","turquoise",0.160054817069136,0.0329279198910692,0.204662276307051,-0.0152819664278588,0.206612324910281,0.0172276336432755,-0.00170947649799633,0.0693643690617666,0.0197258646705268,0.145343245986863
"VBP1","Fibroblasts1","blue",0.0882798371488188,0.105327016663535,0.0183041353846713,0.0303815768013328,0.0490015337444487,-0.00111104475926593,0.0246350228232655,0.0206305087420952,0.0182693429341801,0.0608373472144338
"VCAM1","Fibroblasts2","turquoise",0.180643566353735,-0.00620197243406222,0.236452169420476,0.0024603914499437,0.267063618076201,-0.00804929779841034,0.0260990592980199,0.0600234764521345,-0.0349324461198283,0.23289079687179
"VCAN","Fibroblasts5","yellow",0.189470495099378,-0.260033148037169,0.301377507912212,0.167533557532572,0.0147969670184693,0.322784512000143,0.0566627967011863,0.290687238893205,0.101017714503995,0.03320362404542
"VCL","Fibroblasts2","turquoise",0.260379119350889,-0.0178924440144765,0.325938987450306,-0.014690108001523,0.13891085274534,0.142144253344186,0.045377887728314,0.12152087778896,0.0430069957584367,0.0733321841271877
"VCP","Fibroblasts2","turquoise",0.215043140560215,0.0494644490998804,0.223644007449578,0.0138471522154948,0.117255843942148,0.0729677617817068,0.0334453761522645,0.0970087642222207,0.053521168578394,0.0783264545876883
"VDAC1","Fibroblasts1","blue",0.1739148762174,0.212837425109915,0.0821422501877769,-0.0545243181001464,0.166303894064311,-0.0440371584452355,0.0430116907078999,0.0531525114341691,0.0564447290471106,0.135438881284345
"VDAC2","Fibroblasts1","blue",0.143683224615032,0.213876242176179,0.0680780144250188,-0.0056414955856897,0.14925707691311,-0.0950425546736496,-0.00355381931802358,0.0157284178349962,0.0316475908782696,0.121397807775101
"VDAC3","Fibroblasts1","blue",0.0916719497921524,0.127756738009419,0.0168498046782136,0.0644123459797213,0.0430419943113285,-0.0397074645295658,0.0231082600458442,-0.00531891759283735,0.01650902078426,0.0606699351221683
"VDR","Fibroblasts2","turquoise",0.148439376772546,-0.0398987900542448,0.194428446516908,-0.0281743714953622,0.0709979951646494,0.173813970569015,0.0292441982794636,0.110498668397083,0.0364457973107728,0.0389258427880568
"VEGFA","Fibroblasts2","turquoise",0.160929845800386,-0.0758853161519011,0.254092925152059,0.0636558236308265,0.114845472606611,0.0816674215164205,0.031539482842556,0.0521120299682548,-0.00187724976897295,0.0447245022384894
"VEGFB","Fibroblasts2","turquoise",0.182765653086426,-0.00380240455628361,0.236950717639076,0.0692291960302695,0.0295906529959427,0.13290270464599,0.010596347831794,0.128973360018454,0.0895431904726679,-0.0111243312696006
"VEZF1","Fibroblasts2","turquoise",0.187399142242762,-0.0386225274740459,0.21837899409765,0.0240952033302818,0.0413242766212405,0.164057174161689,0.0415902686881035,0.118111528433349,0.068863977109556,0.013814634908051
"VGLL3","Fibroblasts2","turquoise",0.18795618844872,-0.0784355378302678,0.260046750395416,0.0236904177172006,0.0295849774883403,0.162897037471122,0.0348717068871857,0.12066933770665,0.0471327438265889,-0.0218354272084259
"VGLL4","Fibroblasts4","red",0.200869441730044,0.124179009042088,0.19760313384612,-0.0480506764878442,0.218202165166114,-0.0674353397517733,0.0537299003844915,0.116725904232238,0.10971877733407,0.156919646066702
"VIM","Fibroblasts2","turquoise",0.366281247220201,0.0829904115959068,0.443146799412951,0.146389395086654,0.23952783698689,0.0989534163580854,-0.0355581334859121,0.172610639514464,0.0768535779230835,0.174950759937138
"VIT","Fibroblasts3","green",0.0366104700207339,-0.00408216307757068,-0.0175514438322444,0.224179083262031,-0.0890352159951901,0.0470157920075205,0.00892951940327404,-0.045334980742241,-0.00923826930316756,-0.0623947865517259
"VKORC1","Fibroblasts1","blue",0.0874222924967051,0.21049985604761,-0.0324305606307504,0.0529653604773307,0.0237149411517025,-0.0679704066229844,0.0413989546503808,0.0923268725727488,0.119559301996501,0.0632898102190431
"VPS13C","Fibroblasts2","turquoise",0.211346469278272,-0.0304477886114301,0.246159812070949,0.0623448151176637,0.0653482944853427,0.0962977378351851,0.0535448197064982,0.0870492296425964,0.0459457771495493,0.0336609323413523
"VPS13D","Fibroblasts2","turquoise",0.120836741429667,-0.0171402506893617,0.143573184423451,0.0184368028610117,0.0460275629996146,0.0766981516109042,0.00598797859041519,0.0652299743654856,0.0264191458993668,0.0193156014224259
"VPS25","Fibroblasts1","blue",0.0914578472537437,0.12008790663251,0.0283799918999668,-0.0174722170451733,0.0676022375488709,-0.00415572712151431,0.0195263972862129,0.0442655626596635,0.0545156181404242,0.0663389893698271
"VPS26A","Fibroblasts6","brown",0.0689796327171489,0.0473770455568841,0.0278894376003468,0.0210077355676835,0.00640947301754402,-0.00216530559449101,0.0596930118241226,0.0239017553551017,0.03596250472952,0.0202156230138253
"VPS28","Fibroblasts1","blue",0.103858909172331,0.191901627560959,0.0386077914360616,0.0545163324297765,0.0676698918203551,-0.121619690778182,0.0276474915937781,-0.00180630881364563,0.0419596838717245,0.0539541514228015
"VPS29","Fibroblasts1","blue",0.0783753867608862,0.207618748043885,-0.0328077204214777,0.0269406013558359,0.082586556562581,-0.110891718782384,0.0239917892574668,0.0106944589379312,0.0406980707217391,0.106921046470664
"VTI1B","Fibroblasts1","blue",0.109703259567932,0.166223858142213,0.0453655483716356,-0.00652588503429903,0.0845922265207188,-0.0737083886856228,0.0423161295053697,0.0461924267671187,0.0494662203670025,0.0745346168743306
"VWF","Fibroblasts1","blue",-0.0369689444538628,0.0163383604372034,-0.0619994019069647,-0.000174445484011411,-0.0176219346511159,-0.0340502041003432,0.0319994255923655,-0.0390424913565472,-0.0225112551228489,-0.0106347029537734
"WAC","Fibroblasts2","turquoise",0.220172792192414,-0.0301531697080666,0.267468418602002,-0.00723717897402737,0.107328446047505,0.170808890453276,0.0587544885154478,0.107012318242895,0.0488218016929396,0.0658341232718863
"WARS","Fibroblasts2","turquoise",0.131191985552424,0.0362790981886671,0.166461928946045,-0.0639188392303785,0.17711318152886,-0.00261731456988932,0.0203679925573271,0.0154934078124927,-0.0329798294800366,0.118709148021245
"WASL","Fibroblasts2","turquoise",0.209319436428919,0.0156795109483185,0.246530916248039,0.0134363828199949,0.0855086469506994,0.105324013410299,0.0423773862470457,0.106254015270599,0.0660669493150292,0.0389007203107369
"WBP4","Fibroblasts6","brown",0.0617570549469087,0.0489194321321275,0.0412173342822361,0.023175974705727,0.0221144530715167,-0.0172402149313996,0.045404932074531,0.0260524694970665,0.0395484389647422,0.00903955900030317
"WDR18","Fibroblasts1","blue",0.0444486120875225,0.0916163382614102,-0.00630368435999269,-0.00546467520819115,0.0400129461197221,-0.0517007606071296,0.0144627135309154,0.0125513775503082,0.0341767962446798,0.0438557894814424
"WDR34","Fibroblasts1","blue",0.0596370268166323,0.111988373021842,-0.004120013149259,0.0322011844438415,0.0135198503302182,-0.0467090412726991,0.0271028834209871,0.0266899226701069,0.063676622108194,0.0221075307078901
"WDR45","Fibroblasts1","blue",0.0927491802427282,0.133535177180947,0.0257566259381604,-0.0248055863089244,0.086322149602232,-0.0111603029603795,0.0246014857242775,0.0318655521518166,0.0499391828830358,0.0809281439689675
"WDR54","Fibroblasts1","blue",0.0475167429210697,0.0888083183195742,0.00777626641945314,-0.0121524571512981,0.0474173804075535,-0.0383210349043187,-0.00276472033760991,-0.00638309192058038,0.0104229591961883,0.0602532239236028
"WDR82","Fibroblasts5","yellow",0.207174421562555,-0.043412237603599,0.237422949280496,0.00289477768939869,0.0536726466542139,0.211439588083348,0.0472532083489049,0.121759457698346,0.0639305151846674,0.0325250972544325
"WDR83OS","Fibroblasts1","blue",0.0379989322741713,0.27078759796671,-0.10248870058307,0.0503412445657959,0.0290406967920834,-0.183065483785531,0.034615449403679,-0.0123848222627829,0.0366568858595555,0.0360146288693078
"WFDC2","Fibroblasts4","red",0.0604972541750055,0.0755110376751187,0.125575545572105,-0.11301012062126,0.309527296331081,-0.0689241363057364,-0.0567153060209531,-0.0043047644182935,-0.0849572526862782,0.203937360415534
"WIPI1","Fibroblasts1","blue",0.130582811668729,0.167990970990386,0.0839874227660209,-0.108489924026689,0.169632473008844,-0.0738391904498583,0.0432711816149093,0.10339795243629,0.0873593713900902,0.122210539461935
"WLS","Fibroblasts2","turquoise",0.224167496810636,-0.0120379839382446,0.303078638357543,0.069601127677769,0.111074332834101,0.0623885682347666,0.00617046338753127,0.0582635265633537,0.00904621264394552,0.0651886492155762
"WNK1","Fibroblasts2","turquoise",0.238236549057289,-0.0384089462676498,0.287833619463199,0.00626886394291035,0.0856475584529524,0.159852802567179,0.0543452837199981,0.125480962582977,0.0615608294369722,0.0429850357609013
"WNT2","Fibroblasts2","turquoise",0.15155720004471,-0.0719277603397443,0.270434831879052,-0.159029447317008,0.14153465414433,0.21361825025497,-0.00181881995607704,0.202360168609567,0.0759025155655319,0.06318995898445
"WNT2B","Fibroblasts2","turquoise",0.104273060799449,-0.0322003944084256,0.138259289150698,0.0363567341169004,0.0458584586164977,0.076178055721117,0.0368826466712482,0.119265064542083,0.0605627382006663,0.0303866049651771
"WNT5A","Fibroblasts2","turquoise",0.331346148302275,0.0772408601065255,0.369716007645482,-0.178813094747003,0.173932007364963,0.147825721220605,0.10564161464734,0.200956102413525,0.150062618641523,0.117508946581972
"WRB","Fibroblasts1","blue",0.0222240063520925,0.0717785805457942,-0.0444272552798676,0.0546740615892961,-0.00193922161121288,-0.0168438983590641,0.0143871503978495,0.0205483404690631,0.0375693334393935,0.029453377376595
"WTAP","Fibroblasts1","blue",0.0490615771765397,0.14469989203327,0.0119790681209369,-0.106829658596278,0.276518487834709,-0.111632993782706,0.177330975021642,-0.00314073542434297,-0.0196351309962067,0.226777199362132
"WTIP","Fibroblasts2","turquoise",0.14067707960233,0.00546874200153698,0.19911254606973,0.0117831817540525,0.0856936570901071,0.000151962177990703,0.0187382041169357,0.0539184158862936,0.0244321397771958,0.0333532461197429
"WWC2","Fibroblasts2","turquoise",0.176504726511864,-0.0146731876962667,0.210526341960757,0.00103378934575218,0.0684573543661687,0.0916216747395589,0.0397652660545235,0.10958312026625,0.0484604410034388,0.0225968933366981
"WWC3","Fibroblasts2","turquoise",0.145400474379461,-0.0321583412057097,0.182654997686366,-0.0216588217725872,0.0809448818679271,0.0701195765351754,0.032184226856898,0.0783572583729824,0.0400779218272964,0.0356468178984356
"XAF1","Fibroblasts2","turquoise",0.167327562173795,0.0282651156322856,0.20795132130674,-0.0489750375389198,0.149204427722836,-0.0711703132672683,0.0334589502090456,0.0480454333997975,0.00419759604244868,0.0873639853067943
"XBP1","Fibroblasts9","black",0.15897995273307,0.150083027679851,0.115167581985405,-0.00536890637137575,0.198048633171342,-0.0388538205297767,0.00107102786581957,0.0868021499527174,0.0899784601771581,0.194082553765311
"XG","Fibroblasts1","blue",0.0723511583681824,0.127999071311667,-0.0303705006939525,0.0670041433445111,-0.0191670801786924,-0.0192597175624994,0.0325882223236084,0.0596880401208653,0.0945829645140005,0.0111808405128254
"XIAP","Fibroblasts2","turquoise",0.191246821649434,-0.00805146253486012,0.213619575921645,0.00744013177860491,0.0719533626210003,0.110317944125588,0.0512450005744267,0.0892016147503016,0.0549884487278279,0.0457742063259441
"XIST","Fibroblasts1","blue",-0.0787321113039781,0.0784438407056329,-0.179496755362433,-0.0656536954276199,-0.0158031964704476,-0.14826667181255,0.0138250225592075,0.00918061612657701,0.0468728991573463,0.0185404395328648
"XPC","Fibroblasts3","green",0.0837588264732346,0.0929321739237281,0.0263916183151253,0.0867187859361435,-0.023474530036016,-0.0770828267529791,0.0513828369014155,-0.022238300282655,0.0180595080709619,-0.0127696077906233
"XPO6","Fibroblasts2","turquoise",0.128810423051058,0.00590143897567743,0.156955925291354,-0.00323631919899445,0.0748767189851989,0.0527916996969038,0.0228188056664356,0.0582038960090361,0.0280615323906729,0.0368858110872113
"XPOT","Fibroblasts7","pink",0.108415176940351,-0.00854143194870464,0.0899427984170842,-0.0288778899568155,-0.0109848137600018,0.14981200146906,0.0490775813377088,0.15186956649438,0.0805635824361259,-0.00571720266588945
"XRCC5","Fibroblasts2","turquoise",0.29131149094288,0.00834442565886109,0.324785291962225,0.0401401772138757,0.130879074710418,0.163348534579198,0.0548015915831631,0.108615712241374,0.0501132560994992,0.0842435406104704
"XRN1","Fibroblasts2","turquoise",0.18049783199233,-0.0259831301205734,0.204440277262812,0.0173367820723902,0.0602857390099565,0.0934286558578328,0.0519619133734159,0.0798384345480901,0.0371807553633748,0.0314946617184943
"XRN2","Fibroblasts2","turquoise",0.204207578260065,0.0525715302360444,0.209224129853074,-0.00359986135020723,0.1184273122758,0.0487370481704814,0.0452099494231689,0.0840522173474859,0.0533147591431716,0.0766891890031407
"XYLT2","Fibroblasts6","brown",0.00317416690013122,0.0194371723020193,-0.0178000993148169,-0.014210085077923,-0.00477406250152787,-0.0354951781920737,0.183156579971496,-0.00168536214872591,0.0168147273592558,-0.00311922673457789
"YBEY","Fibroblasts1","blue",0.0345601970585403,0.107984976837232,-0.0213043949331491,-0.027886754188138,0.0208874238477913,-0.0380525642857795,0.0252177896662991,0.0237682967289234,0.040405136805496,0.0319934556816171
"YBX1","Fibroblasts1","blue",0.184749426741797,0.392694038551093,0.0191978815191958,-0.0449599268901496,0.17991722917278,-0.114497914484836,0.0732916610043063,0.0330388948292531,0.0783711164038027,0.17338881972488
"YBX3","Fibroblasts2","turquoise",0.306408047206623,0.184393785711463,0.352059421741735,-0.0439113374408281,0.383555315627808,-0.119170427460869,0.0223006192778279,0.0764781389933857,0.0191739362839561,0.278211005733561
"YEATS2","Fibroblasts2","turquoise",0.103539450586648,-0.0443069123724636,0.138496169827276,0.012522539023297,0.0299518118685277,0.0969320396007858,0.0180014678754042,0.0460351236764766,0.011304856887243,0.0170514538150605
"YIF1A","Fibroblasts1","blue",0.111453198573251,0.226143158802143,0.0135381693693361,-0.0537277383987908,0.124464562872957,-0.0954007421780236,0.0517072543747755,0.0973406001123474,0.120986445624717,0.106424109040547
"YIF1B","Fibroblasts1","blue",0.0401933377969856,0.0745983066270571,-0.0192477478950499,-0.0170949516313874,-0.0115858325486551,0.00418694349868791,0.0185090547956248,0.0716348587570184,0.0819415651660575,-0.0124938021088638
"YIPF2","Fibroblasts1","blue",0.0599186436024984,0.14961618151572,-0.0120222179555794,-0.00637471432440437,0.0458420727952989,-0.0789309191485647,0.00709589209378783,0.0449692858549493,0.0802483842469728,0.0551359928221378
"YLPM1","Fibroblasts2","turquoise",0.161415876512124,-0.0333334055794809,0.190919977414093,0.0257299417452273,0.0370975302823743,0.123025271396878,0.024528463085327,0.0868623342378692,0.0411092720240355,0.00898917746494749
"YME1L1","Fibroblasts2","turquoise",0.263072769796719,-0.028321140846825,0.317951781644425,0.0294016253249933,0.127948523782268,0.155025985092268,0.040127542833789,0.117146960559962,0.0631839669471564,0.0807009509548526
"YWHAB","Fibroblasts2","turquoise",0.355509222729055,0.0771211683635456,0.361438580581789,0.0493023460041479,0.204387329808327,0.156801924969696,0.0610104604363517,0.0959483864848068,0.0259186406711808,0.159924247257606
"YWHAE","Fibroblasts1","blue",0.095449027631765,0.0681305281552748,0.0159018329670038,-0.006301598911624,0.0208321389709581,0.135951348190178,0.144047177964511,0.0715263643512944,0.0674860065525903,0.0463677483038627
"YWHAH","Fibroblasts1","blue",0.0516644514152611,0.143791550263228,-0.0701137350552769,0.0229511675896861,-0.00841038715114567,-0.0227325556312186,0.0485774569691728,0.0712890219686017,0.113613280404213,0.0127482969509012
"YWHAQ","Fibroblasts1","blue",0.102023408290118,0.155535849937241,-0.00968956511342521,0.103565278788973,0.0426749894868705,-0.0166803702416109,0.0370721976719806,0.0406769855530592,0.0770148821533405,0.0795081280409421
"YWHAZ","Fibroblasts5","yellow",0.251745575919059,-0.00603538736360913,0.254941043757495,0.0397055927306528,0.0952225694185039,0.237683497081353,0.0779621581091596,0.144634658042178,0.0949620976472601,0.0806881484872068
"YY1","Fibroblasts2","turquoise",0.270327498026066,0.00557626579536097,0.312571445355858,0.0394254274500808,0.107762185216509,0.132292423420183,0.0512567886278382,0.123806774675009,0.0583724870943134,0.0663850813401502
"ZBED1","Fibroblasts2","turquoise",0.217178320418311,-0.0199585725754997,0.273020684079952,0.00559538093863752,0.0897138956593528,0.123214007548012,0.0313979779790216,0.120715747788031,0.0730684827996888,0.0571011142604127
"ZBED5-AS1","Fibroblasts1","blue",0.0326932775604608,0.0767986456183716,-0.0201229038505301,0.00596246705885645,0.0203374694398307,-0.0141408806661959,0.0142485837801603,0.019625847724609,0.0175826760130436,0.0343175819306091
"ZBTB16","Fibroblasts3","green",0.0269579827994018,-0.0109106795827172,-0.00606939799698386,0.245024108812539,-0.0449431160022097,-0.0405617875705225,0.0160972862853518,-0.0775519525272472,-0.0466737445276321,-0.0251646127656786
"ZBTB20","Fibroblasts2","turquoise",0.226203520659291,0.00398929198480789,0.24962375983306,0.0744903040597782,0.0979416310415073,0.0580101985735097,0.0385926264037508,0.0472795187477757,0.0468289410840788,0.0811250974718628
"ZBTB21","Fibroblasts2","turquoise",0.178532447921469,-0.012524434608612,0.259924824057514,-0.0430585925420895,0.201702718415999,0.0269688198636315,0.0300323428977837,0.0709655099125872,0.0173072928680227,0.136219263517297
"ZBTB38","Fibroblasts2","turquoise",0.273951617497184,0.00799084994060374,0.311688167714133,0.0175071571025955,0.107252661320757,0.136859643989828,0.0565700806105826,0.114336891455401,0.0636216094755546,0.0575636774919722
"ZBTB4","Fibroblasts5","yellow",0.171356160529696,-0.0847413668652034,0.21583468789767,0.0423333684560655,0.016664853911029,0.223161692941909,0.0269941988006345,0.100699558708523,0.0434794367268882,-0.00335432264553711
"ZBTB40","Fibroblasts2","turquoise",0.112382431099394,-0.0286509169788165,0.144530428311867,-0.00527493262259017,0.0459594801816492,0.0652618907557043,0.0229570823076992,0.0393466737616437,0.0103382696459148,0.0209492211651965
"ZBTB7A","Fibroblasts2","turquoise",0.244754202128207,-0.0150700453645939,0.304772780255146,0.042408910461961,0.121199177386056,0.107667656607903,0.0675304750255235,0.0909451130696389,0.039511327088731,0.0591200701977915
"ZC3H12A","Fibroblasts2","turquoise",0.134930539597184,0.0399147259260541,0.18692327455608,-0.0497249143260361,0.246914798026979,0.0115130970684666,0.0146741421434539,0.0147521881580208,-0.0336910579082449,0.182297132988105
"ZC3H13","Fibroblasts2","turquoise",0.178683237581718,-0.0376877404535353,0.210496432705194,0.041977013049295,0.0158123116160596,0.14377465841619,0.0410505786301775,0.0910652719380055,0.052507480521169,-0.00989324480786666
"ZC3H14","Fibroblasts2","turquoise",0.162892870787688,0.0338353508429606,0.178940767614094,0.0309266730445076,0.0881578022184615,0.00620662203644226,0.0355811420608984,0.0415012052905365,0.0139342977318762,0.0475584627417662
"ZC3H18","Fibroblasts2","turquoise",0.143616740858239,-0.0147293238913781,0.173363522075078,0.0223592666104147,0.0507446133208459,0.0591969267612813,0.0484782562930349,0.0605756276000855,0.0224346550593242,0.0127597761548376
"ZC3H4","Fibroblasts6","brown",0.0354496329961329,-0.0104130786040126,0.0335953250091618,0.0265803253485102,-0.0195489547606713,0.0344322642595391,0.125113720835321,0.0263169227341533,0.023280663125318,-0.0152410591340822
"ZC3H7B","Fibroblasts2","turquoise",0.144473174824184,-0.0223004532152122,0.183908423586684,-0.0044899750708675,0.0396815643509028,0.108092611324448,0.0213093679927471,0.0985906851251822,0.0434067801763707,0.0197432855210919
"ZC3HAV1","Fibroblasts2","turquoise",0.184706189253723,-0.0576778751447277,0.228129605879362,0.0356779732399085,0.0527456623609548,0.170172283305122,0.0510187256519146,0.111729470560862,0.0577860588491029,0.0244224727671968
"ZCCHC10","Fibroblasts1","blue",0.0271209040006588,0.0777547718056491,-0.0311047398644497,0.0132028292580413,0.0199203786426059,-0.0236882437310563,0.017907976222706,0.0108615418301826,0.030386632161753,0.0347166342041578
"ZCCHC2","Fibroblasts2","turquoise",0.118323896203307,-0.0284456560248391,0.167963101491173,-0.0106569695354087,0.0847520132679047,0.0532756331576327,0.0319355887384982,0.0344077802265156,-0.00448702346289088,0.0468106225633673
"ZCCHC24","Fibroblasts2","turquoise",0.243422177027595,-0.0107881852494278,0.297801124441597,0.0114821658331427,0.126364078334282,0.127797561461256,0.0537400925314121,0.119791330411711,0.0551588059758769,0.106233053697513
"ZCCHC3","Fibroblasts2","turquoise",0.099198973535671,-0.00752881146781234,0.122899148023165,0.0234950652071142,0.04260521251311,0.0392741906406409,0.00974909225951275,0.0390766462422078,0.0243960540555824,0.0200478421158042
"ZCCHC8","Fibroblasts2","turquoise",0.110446391258789,-0.0114533961010593,0.149767959481653,0.0188710969675149,0.0738901183702311,0.0147845528369079,0.0265206868034097,0.0410934893805392,0.018129719123228,0.033126230069718
"ZDBF2","Fibroblasts2","turquoise",0.118890427065123,-0.034295815500457,0.171051248735966,0.0154020152820325,0.0676861911598464,0.046966688746297,0.0321347823687764,0.0655407080493292,0.0276562895933454,0.0333427472912959
"ZDHHC12","Fibroblasts1","blue",0.040582160321801,0.101942256568061,-0.0230101546818261,-0.00175944812956653,0.0331843546835672,-0.0570916991625611,0.00380102115286617,0.0128874189542246,0.039963555549227,0.0412732287075441
"ZDHHC14","Fibroblasts2","turquoise",0.133305460222266,-0.0470879025271595,0.191088961894496,0.03000931731887,0.0371108605721112,0.0950235071864245,0.0069005294988481,0.122360558956668,0.0617728578377494,0.00305719663323298
"ZDHHC21","Fibroblasts6","brown",0.0523681710064033,-0.00393531374936128,0.0377617042179899,0.0633379913543619,-0.0295769671805016,0.00312505046508488,0.0426978416624261,0.0360537052470322,0.0433388232214713,-0.0342545338741388
"ZDHHC4","Fibroblasts1","blue",0.0608337232842635,0.113179785203502,0.00553681678599556,0.00206316411211438,0.0604610101652728,-0.0542420718149776,0.000728441410087358,0.0248368294519025,0.0450953357325058,0.0747514138391066
"ZDHHC5","Fibroblasts2","turquoise",0.166021282401243,-0.0219013624747303,0.209099895462818,-0.0117300515127424,0.0643689622856674,0.118771671316921,0.0417435614372667,0.0754829952013162,0.0309913862661274,0.0311777813013936
"ZFAND1","Fibroblasts1","blue",0.0237543153510408,0.0956443607676408,-0.0589903144963721,0.0615947642963154,0.00223345377114165,-0.0405918207406185,0.0356467089365936,-0.0169784610260784,0.0148040492876739,0.0243784696519498
"ZFAND2B","Fibroblasts1","blue",0.0291051407415694,0.082279333786171,-0.0199805920040368,0.0164065199028625,0.0108996857625884,-0.0483149976582567,0.0181416327300837,0.00396090414633368,0.0196769503078362,0.0239431857911059
"ZFAND3","Fibroblasts2","turquoise",0.156987048669968,-0.00685260947484216,0.196016869479749,-0.0202997805313128,0.0822827087486703,0.107675954975465,0.0286830945751586,0.104803634687454,0.056823031802471,0.0428247945364386
"ZFAND5","Fibroblasts2","turquoise",0.219589131874039,0.0420779542195832,0.242470562950942,-0.0364728308104921,0.169413181142644,0.0635726792036971,0.0292307031649695,0.0920690666026482,0.0527580688297383,0.109076160168122
"ZFAND6","Fibroblasts1","blue",0.0512457496377654,0.0994078165011688,-0.0318369984973203,0.0423312927201849,0.0142034301228066,-0.0246041784424417,0.0427169709214969,0.0114273286777609,0.0262758288468042,0.0416901653356431
"ZFAS1","Fibroblasts1","blue",0.121152244113035,0.224931031826081,0.0725483972415929,0.0145482329735755,0.132272061828182,-0.132876300919477,0.0312649881872592,-0.0123200023812988,0.0168344224490221,0.103049915684018
"ZFC3H1","Fibroblasts2","turquoise",0.114847730258602,-0.0319728781244592,0.145584916407965,0.0158358968327133,0.0401061842305596,0.0442140065769642,0.0170331881997876,0.0372655678372804,0.00805124685693227,0.00640512327146289
"ZFP36","Fibroblasts9","black",0.117673273754176,0.0850769490293962,0.109839238151429,0.00370592036890528,0.389928417420661,0.0347958760200265,-0.00935631364875049,-0.0861535644365416,-0.0699147764185259,0.587578992166633
"ZFP36L1","Fibroblasts2","turquoise",0.242215907623003,-0.00212103264661266,0.281102197965862,0.0935947833947828,0.26610591654162,0.117622664482139,0.0473537238301782,0.0619102390284897,-0.00656932232426042,0.304938474812489
"ZFP91","Fibroblasts5","yellow",0.173211556961845,-0.0366258879882271,0.192536078079712,-0.0245304373749334,0.0736983208543096,0.214148599163614,0.0435786082696637,0.0809965978591171,0.0343381140941457,0.0522133471890412
"ZFPL1","Fibroblasts1","blue",0.0364375591595327,0.101344235549449,-0.0200095244471853,0.0110795195026342,0.00695234633155487,-0.0697601549175483,0.014700056444085,0.0226763741735793,0.0344258445684666,0.00572016669659306
"ZFPM1","Fibroblasts2","turquoise",0.135751625818647,0.0457128553065052,0.184711199803925,0.0138560924603378,0.0894574813568879,-0.0386612149160531,0.00876126664827457,0.0338466263306855,0.0179787216818024,0.0507984468924483
"ZFR","Fibroblasts2","turquoise",0.188401354947132,-0.0248227878664142,0.212546169808687,0.0221137359973808,0.0565967541969049,0.151321970189573,0.033069422383057,0.109839894492905,0.0605543833406668,0.0406847491941804
"ZFX","Fibroblasts6","brown",0.0777623756105126,0.00515980425344326,0.070725465264285,0.0187503769939095,0.0181135029518139,0.018801797654918,0.129027639564942,0.0332698966843186,0.0372439189353213,0.0145699664439795
"ZFYVE16","Fibroblasts2","turquoise",0.172414291621766,-0.0181181096638089,0.206053912493298,0.0114917328540905,0.0756587880773856,0.0638624901137227,0.0586663599684978,0.078214501247717,0.039768327386661,0.0289186505783968
"ZFYVE21","Fibroblasts1","blue",0.0332447089978452,0.110491176336793,-0.0611182284154207,0.151398125915827,-0.0372717844658538,-0.0498600800595887,0.0175466675629413,-0.01292460743669,0.0342402524044354,0.00119346806824377
"ZHX2","Fibroblasts2","turquoise",0.12675111916875,-0.0513968713861889,0.166208217833723,0.0271562122704818,0.0462415174793813,0.124749699977359,0.0240883371986681,0.0808071056496485,0.0382566040315272,0.0261830489528074
"ZHX3","Fibroblasts2","turquoise",0.153125778174352,-0.0404588683019392,0.188940664680306,0.00732922800236105,0.0245642274424963,0.136169934488481,0.041816926684592,0.0934974906599345,0.0506282570443179,0.0116846449027573
"ZKSCAN1","Fibroblasts2","turquoise",0.192478960087653,-0.0403482926139214,0.220219201756612,0.0296263024721793,0.0234921132374444,0.148522174847041,0.0536293964844441,0.113651825313454,0.0675460937431657,0.00262120190332001
"ZMAT3","Fibroblasts7","pink",0.191321134482033,0.03797993369802,0.175910190128306,-0.0543607329433229,0.090429650097898,0.132135108299648,0.0846077663444826,0.21111947251971,0.116665023216648,0.0905082145311806
"ZMIZ1","Fibroblasts2","turquoise",0.137194456711349,-0.0306170061934859,0.161520217207994,0.032115723816381,0.0267912210529602,0.126577416166501,0.0244950238330949,0.0825683049607692,0.0495994666113513,-0.00319898991248921
"ZMYM4","Fibroblasts2","turquoise",0.174344025659964,-0.0246985526598116,0.207866747249518,0.0460567447367368,0.04782009204066,0.106472550109169,0.034823898089554,0.0739418886042634,0.0290998407542185,0.018877079123257
"ZNF106","Fibroblasts2","turquoise",0.220430693450614,-0.0110256839673332,0.240104149433736,0.0511591725656741,0.0482140054316359,0.132285202033398,0.0708032982615457,0.148278055309281,0.0949676763748854,0.017982401526258
"ZNF148","Fibroblasts2","turquoise",0.205945576650916,-0.000734788155464937,0.220387247308096,0.0538716103278721,0.0763892770703329,0.0729374709063534,0.0607945359685233,0.0755817986705424,0.0422086758955315,0.0482124873482021
"ZNF217","Fibroblasts2","turquoise",0.131228738234215,0.00374381467402143,0.158951861061266,-0.0173742236363306,0.0798640128459476,0.0238860599151734,0.0361624357189756,0.0437731700103451,0.0112586454816747,0.0358109075186942
"ZNF24","Fibroblasts2","turquoise",0.190811079821269,-0.0176777486416522,0.212653468805245,0.0181898263870719,0.0793646333600265,0.137631531410447,0.0253047424744018,0.0794524474657572,0.046498744167136,0.0524511646373553
"ZNF275","Fibroblasts2","turquoise",0.120030904146709,-0.044507331935424,0.149663302320652,-0.00929590166772674,0.0412103335504195,0.139436056238115,0.0199120565388922,0.0721287859298232,0.0312544088350888,0.0218516806046438
"ZNF292","Fibroblasts2","turquoise",0.186636503454314,-0.0129174109303438,0.21042948341132,0.0622534516131657,0.0394697104853512,0.0670212091001626,0.0573999320728709,0.104103057592414,0.0604081316124838,0.01878296911328
"ZNF358","Fibroblasts2","turquoise",0.143660676759547,0.0362983371883169,0.182931557840597,0.0319787572301641,0.0583525807075477,0.0226303630890662,0.00808892155691692,0.0633393742219278,0.0317296017330502,0.0152910922770324
"ZNF407","Fibroblasts2","turquoise",0.0989273477030016,-0.00599956009890793,0.122697946004542,0.029458353903474,0.0432808912558019,0.0192212891120359,0.0261982097163515,0.0150008596004896,0.00469289268035064,0.0177185673080794
"ZNF414","Fibroblasts1","blue",0.0211069327030679,0.0626614837552546,-0.0253310594882869,0.0120845259775933,0.0105217540397041,-0.0372578641329149,0.0277940537127911,0.0152754896685039,0.0279841571879898,0.0293328038503299
"ZNF423","Fibroblasts3","green",0.0481227792598789,-0.0162710317232628,0.0279460042572949,0.133086797342328,-0.0437603292315538,0.0597332007822408,0.0316312338291947,0.000745697304203718,0.00967185243974621,-0.024756364845884
"ZNF428","Fibroblasts1","blue",0.0658846590293205,0.157879797508744,-0.000575439726207027,0.0174455036968395,0.0595882157499529,-0.0845095588989119,0.0255933766869697,0.0136529005858629,0.0380841024662636,0.0697687476174241
"ZNF469","Fibroblasts5","yellow",0.150175679692507,-0.0558938218068922,0.198574265115395,-0.0950451469794926,0.0161789451452377,0.203926593767004,0.0139847903808878,0.154123975521324,0.0966522976985957,-0.0302235927334932
"ZNF557","Fibroblasts6","brown",0.0327279477110329,-0.0143494463039844,0.0272183103829579,0.0228681719859273,-0.0314760074320204,0.0428910073189687,0.120148850580777,0.0214251208438655,0.0247567647669056,-0.0207773552916181
"ZNF609","Fibroblasts2","turquoise",0.138244967892361,-0.0380897805316788,0.181544570370472,0.0152057407137401,0.0498580246566435,0.108280960528293,0.0282838339950484,0.0542010187975535,0.0281066640553253,0.0235910862770925
"ZNF618","Fibroblasts2","turquoise",0.133288986212956,-0.0370329694528999,0.175912228077469,-0.0125720552187412,0.0781569402118222,0.1059965285619,0.026153795562749,0.0598003466721262,0.0166759951037594,0.0453894431729334
"ZNF652","Fibroblasts2","turquoise",0.161361073464512,-0.0227818695153238,0.186720491410966,0.0236433116044568,0.0265148080158098,0.114480574695472,0.0778664936179105,0.106659784288819,0.0681675673634853,0.0129693923523377
"ZNF688","Fibroblasts1","blue",0.0384653452186873,0.0893392132209291,-0.00136085850397111,-0.00503492553402412,0.0374168382159229,-0.0464407410647071,0.00551865820038174,0.00624342045678267,0.0168756636940136,0.0461675130374067
"ZNF703","Fibroblasts6","brown",0.0898845121212225,0.00217621931188234,0.0914344057395065,0.0951878059706725,0.0623436341398255,0.00196862343268007,0.0378492521421651,-0.00881299250826626,-0.0193692053682646,0.0679125128730007
"ZNF704","Fibroblasts3","green",0.0596246778382908,-0.0302315858191252,0.0554199234433618,0.16858053206341,-0.0766251223892927,0.0482710261535141,0.0174827496635813,-0.00847132761041711,0.00425857131179479,-0.0824994170126352
"ZNF706","Fibroblasts1","blue",0.0736473353324609,0.190771073410488,-0.0187326917247678,0.00204671564514582,0.0509159247858178,-0.0980101374997848,0.0319313229859091,0.0372688373133517,0.0908750729368401,0.0646343514361168
"ZNF787","Fibroblasts2","turquoise",0.144619072350821,0.0127814122332275,0.198147010641305,-0.00162604705296722,0.101390135429778,0.0363690857153485,0.0220620743774599,0.0507203563085986,0.0151609015651829,0.0538335682800053
"ZNF83","Fibroblasts9","black",0.0972927817309766,0.0151197347702622,0.0941563101093379,-0.00239000017629388,0.0571586022369507,0.00803581696446168,0.0199989460781605,0.0472201125112794,0.0263834011214887,0.0563231833728024
"ZNF853","Fibroblasts2","turquoise",0.0827701804682113,-0.0428572508274015,0.112722812094814,0.0353386610714431,-0.00791720250818139,0.0982412672072255,0.0130102939382212,0.0658340157645293,0.0407762090451158,-0.0171925699553096
"ZNF90","Fibroblasts3","green",0.00332035496645471,0.0502943660373272,-0.0500373490707894,0.0671620272034612,-0.02708052968282,-0.0417973154193995,0.0154320233932673,-0.0384794516824131,0.000762927070783794,-0.0131736041279227
"ZNFX1","Fibroblasts2","turquoise",0.18084234341965,0.00651222774630626,0.21569782827702,0.0160989418522637,0.14322967416843,0.0270283221121344,0.0417841420833292,0.063863125740921,0.0181007932682699,0.0859520689782641
"ZNHIT1","Fibroblasts1","blue",0.114534167373972,0.227593248494593,0.0267793183961338,-0.0176501498390293,0.0904997875388107,-0.0818800429557476,0.0397485567108664,0.0297757447723192,0.0505848978169168,0.0894070409791808
"ZNRF1","Fibroblasts2","turquoise",0.133117657894276,0.0245155480355527,0.179641298393928,-0.0190845423651718,0.125839041171415,0.0312331762284888,0.0176545517130476,0.0604776045699332,0.026721080648268,0.0702505159704443
"ZNRF2","Fibroblasts2","turquoise",0.0988268268077361,0.00779191534371318,0.131682216297716,-0.0150223009488172,0.0874133072717203,0.0142757731251202,0.0362797878645861,0.0314550540958837,0.016538450995307,0.0512356316559748
"ZRANB1","Fibroblasts2","turquoise",0.146617906047441,0.024856836136152,0.167970923303307,-0.0228754484117866,0.0907246938804688,0.0166580933739096,0.0323682766914994,0.0753550325433436,0.0437664265334529,0.0450743332759857
"ZRSR2","Fibroblasts6","brown",-0.0101995998281228,0.0289530925940831,-0.0499994587707382,0.0173297403166836,-0.020508848840703,-0.0301214453519752,0.0416531662599895,-0.00816348730756165,0.0083207925444132,-0.0144104800909637
"ZSCAN16-AS1","Fibroblasts6","brown",0.0308245815408465,0.0810781673669684,-0.0134273834331308,0.0161839020876422,-0.0154511461313708,-0.0170667821301724,0.0642018761716044,0.0362804945592919,0.0405620846709027,-0.0175346326747224
"ZSWIM6","Fibroblasts2","turquoise",0.142437179100334,-0.00695491736177645,0.189320063536942,-0.0218648286163398,0.094174237840275,0.0376045668029864,0.0342173676065916,0.0881425990200257,0.0513958398214725,0.0617603208685747
"ZSWIM8","Fibroblasts2","turquoise",0.106747702303782,0.0348402926776342,0.134427042721901,-0.0169274824817545,0.0973993509945344,-0.0420602073344132,0.00905477968437176,0.0436632300009434,0.00478029589363348,0.0447139103958586
"ZYG11B","Fibroblasts2","turquoise",0.168936279669497,-0.0152493333022624,0.184461648546493,0.0205208255180446,0.0588471426375488,0.104647949509607,0.052707361791744,0.0889388241914374,0.0517740344295079,0.0377492717655008
"ZZEF1","Fibroblasts2","turquoise",0.101240644495363,-0.00589857176155921,0.130204582256717,0.00976874427033216,0.0545855426450587,0.0158567062454548,0.0213281449104197,0.0385766027461686,0.0100132941404885,0.0261676484792643
"C20orf24","Fibroblasts1","blue",0.0600470113722443,0.145540369543129,-0.00502689669929634,0.0102193497692954,0.0768208428469554,-0.0967012934077373,0.0244955018841399,0.0109137801570666,0.0189436248935897,0.0675184756875611
"CRIP1","Fibroblasts1","blue",-0.136241985138274,0.185304297616064,-0.330883695711732,0.035622363967904,-0.06769964127175,-0.191153063272247,0.0554105817944336,-0.0573475276896213,0.028203332477152,0.00806082089091474
"EIF1AY","Fibroblasts2","turquoise",0.146646086544907,0.0155237447053767,0.202678490787403,0.0300674637984575,0.0904919072209668,0.0296868919410678,0.0035030184970443,0.0420269847249238,0.00731023608676574,0.0436755393914327
"FAM215B","Fibroblasts1","blue",0.000337594531930372,0.0753030794019194,-0.0522295293622984,0.0280077134811128,0.0120859900474495,-0.0616442600240748,-0.0134212312084162,-0.0224748863467669,-0.000844387233719907,0.020048036882054
"HES4","Fibroblasts1","blue",0.058462121539563,0.146162218381512,0.00793186986788605,-0.0280439605046992,0.118710965243962,-0.145820653419927,0.055453445166117,-0.0346897314454448,-0.00996730190914808,0.104165290938753
"KDM5D","Fibroblasts2","turquoise",0.114115854162155,-0.0529780975709141,0.177494586727699,0.0139600382847252,0.0499557462862883,0.0432810255138673,0.004890015325707,0.0393763480998575,-0.00284324399829642,0.0131732065116811
"MFSD14A","Fibroblasts1","blue",0.0673667625472765,0.104145129587048,0.0115344847416769,0.00167263026295021,0.0676616951411559,-0.084136787814331,0.0266081315482695,0.0196761608554248,0.0418935653438569,0.0651548896899347
"MMP27","Fibroblasts3","green",0.025682303004864,0.0230403774734261,-0.000735999116501326,0.158775379466139,-0.0503265432288819,-0.0264593141151668,-0.00972260736838647,-0.0330684087136274,-0.00594290760696575,-0.0503831706875876
"MRPL23","Fibroblasts1","blue",-0.0481946213432686,0.159441899455394,-0.177983740687982,-0.0202096686508856,-0.0287416739693625,-0.111637467174208,0.0372195993921629,-0.0136199614099294,0.0589386416784208,0.0143708313838365
"NTHL1","Fibroblasts1","blue",0.0469696409197149,0.0979035474393364,-0.000953253222842592,0.0234912050010307,0.033748309023673,-0.0694148642222773,0.0124654188068759,-0.0241906704432148,-0.0108578804492357,0.0475808602281499
"RANGRF","Fibroblasts1","blue",0.0285763510449397,0.12546705228035,-0.0384611606827093,0.0121463631719361,0.025033307611051,-0.0844299559721432,0.0318388949763666,-0.0105388656590074,0.0195784858142052,0.0377231611528929
"RPS4Y1","Fibroblasts2","turquoise",0.308141893195215,0.0248612107175724,0.465789261520471,0.0420165927539651,0.215078607030653,0.0363915540711845,-0.00458360946162314,0.075052675296134,-0.00467682113035512,0.0897090443227327
"SPSB3","Fibroblasts1","blue",0.0191536338723839,0.0988057093297717,-0.0380790467025328,0.0302909469523785,0.00167857382018119,-0.109030382060446,0.0182509728891787,1.7646457378912e-05,0.0336628985239119,0.0112962222823507
"WNT6","Fibroblasts4","red",0.0532297933968397,0.0374878986787342,0.101521404464565,-0.0877328142454279,0.14633937676721,-0.043287536150565,-0.0309634736245407,-0.00977171926981708,-0.019796353196796,0.0897235398169669
"ZFY","Fibroblasts2","turquoise",0.137700583657615,-0.0369883005557931,0.186925969893913,0.0217162046279116,0.0527803346282633,0.077763791693992,0.0222819235621553,0.0479550944986555,0.0183311772011833,0.0230963295802683
"ZMAT5","Fibroblasts1","blue",0.019290248211274,0.100115121638662,-0.0409145312596507,0.00737836001630504,0.00513115278036931,-0.070075149321534,0.00872653081828483,-0.00731120869007363,0.0164815543493276,0.0121084248327404
"A1BG","Fibroblasts1","blue",0.0264980164571922,0.201363845854128,-0.0544759788812921,-0.0427977021439055,0.043932022194552,-0.136505778384588,0.0395353073767968,0.0462423273867751,0.0813749211719988,0.043479655531849
"AGAP2-AS1","Fibroblasts1","blue",0.0571339138446626,0.126356137607911,-0.00576853779696925,-0.0391378778988745,0.0526410896935989,-0.0560671572478603,0.00427304611837703,0.0405539263482441,0.0590893704543826,0.044194142371067
"CCDC107","Fibroblasts1","blue",0.0957215850985454,0.15066064470017,0.0469971510233312,0.0212899606379214,0.0863693555796638,-0.125077014472465,0.00992714756682877,0.0200427860466832,0.0417838834928057,0.0620655880087932
"HSPB2","Fibroblasts6","brown",0.00945576760394769,0.0868748643744977,-0.0627853159596065,0.0580767027884014,-0.0190141008444619,-0.0537346311582616,0.0359348266635653,-0.0176962718322119,0.017202888021758,-0.0024405846798714
"LPIN3","Fibroblasts6","brown",-0.020416180061836,0.0157558823480793,-0.0417531202396451,0.0326999643382958,-0.0314445644358091,-0.050106373728127,0.105349119278592,-0.0275853303838849,-0.0110913070684362,-0.0151554893429727
"LRP3","Fibroblasts2","turquoise",0.113438095383321,0.0442507360685319,0.141512044647225,0.0224037806503196,0.068922791454534,-0.0480463092849577,0.0134020793937591,0.030951061603588,0.00513152772762546,0.020491099925323
"MGAT2","Fibroblasts1","blue",0.049561529598213,0.10312428307917,-0.012011110171157,0.0185704452014559,0.0422575966205794,-0.0759468889385509,0.0274165631736971,0.0393646066179322,0.0420669623339897,0.0396748141079059
"MIF","Fibroblasts1","blue",-0.103144683709199,0.289892659733306,-0.304908744671746,-0.0533298960671206,-0.0111391642139766,-0.217327872252223,0.0755645318138832,-0.0437920864202999,0.0444039310223411,0.0486504029728052
"MIR497HG","Fibroblasts3","green",0.0172710291346003,0.0538467923560263,-0.00654465025276897,0.088839174447175,-0.00497939864566767,-0.0581573947074764,0.0105201605331483,-0.0389934404667741,-0.0151345761509376,-0.00174740354517615
"MLST8","Fibroblasts1","blue",0.0334538473730578,0.0901439214786219,-0.013674765163816,-0.0121016320242823,0.0318630115986692,-0.0591090353806379,0.00828959866441218,0.00558385527267893,0.0131431750901615,0.029524682085593
"MMP23B","Fibroblasts1","blue",0.0177601772041126,0.110093383219668,-0.0605259027738823,0.0255623101649453,0.015630243674373,-0.0676240973748704,0.0289463794999442,0.0533795818290778,0.0726158226258487,0.049117308618929
"MTRNR2L6","Fibroblasts2","turquoise",0.0649489400567673,-0.0304956199025874,0.172735510616627,-0.0210127216458229,0.102212242678705,-0.0471503950079038,-0.0423058836081511,0.0165479414690786,-0.00502669109059658,0.0366446485551189
"NUDT3","Fibroblasts2","turquoise",0.221386247926188,0.12097265393733,0.237829705081651,0.0299933440750526,0.16462222687425,-0.092936000418292,0.033573613890372,0.0701858695014534,0.0380998327327665,0.102865191232642
"PHKG1","Fibroblasts6","brown",-0.0804527343448801,0.0193302411110322,-0.114584631978088,-0.0177004285852548,-0.0461675467873921,-0.0759444178631155,0.27371366573645,-0.0314801845047994,-0.0116664789595499,-0.0395120880676056
"PSMB10","Fibroblasts1","blue",-0.0212079559824329,0.128906805089495,-0.121395138504083,-0.0211923122749801,0.0165524816237772,-0.0852948758851882,0.0293651246663443,-0.00823547979079,0.0282765489351223,0.05191376446396
"TMED1","Fibroblasts1","blue",0.0710545192386821,0.153071794102708,0.00679986172892864,-0.00824312115509033,0.0894263455249537,-0.10303407905322,0.0129637177566066,0.0266811111880868,0.0384276408216755,0.0889636232068256
"WNT4","Fibroblasts2","turquoise",0.15178432552154,0.0427691120066193,0.2182716530735,-0.0427710393989731,0.166986592097894,-0.0212905070672676,0.0206015403985663,0.0381152135959519,-0.012410865165397,0.102994153074819
"ENDOG","Fibroblasts2","turquoise",0.136734829052056,0.074089907454896,0.148715971015106,0.0421142581981812,0.075902198442009,-0.0510283357203974,0.0242203925818425,0.0258062540341622,0.0222401241420851,0.0356281053948813
"FXYD1","Fibroblasts1","blue",0.00841428650173121,0.18179446367375,-0.0851722131905066,0.173950320376352,0.000809683560700801,-0.195069001946546,-0.0106272873555387,-0.0599782313580802,-0.00170137183819901,0.037260009275817
"SYNC","Fibroblasts6","brown",-0.0263213552902871,0.0295566379014779,-0.0649745784125614,0.048352664327659,-0.0430114746549989,-0.0663008862878649,0.0981284235874268,-0.0149260129112682,0.00462653016809661,-0.0363244639233523
"FO538757.2","Fibroblasts1","blue",0.0116104647246852,0.0527897547569149,-0.0248132922810784,0.0238931204349348,0.00131916691990429,-0.070641622643295,0.0161360566563554,-0.00797993199524031,0.00471517763918491,0.00310699212692176
"ARL2BP","Fibroblasts1","blue",0.0959081277729071,0.217470580975137,-0.028148144034447,0.0411121025353133,0.0745960531599656,-0.148126839794195,0.0400531577905669,0.0166162858949592,0.0741879291713706,0.0903053881272282
"AP006222.2","Fibroblasts1","blue",0.0273539509856386,0.0894485468611027,-0.0370089588455159,0.0230383409868102,-0.0128354108578547,-0.057204058208659,0.038984456841761,0.0282701757288435,0.045767514943,-0.000934799129955064
"RP11-108M9.4","Fibroblasts1","blue",-0.0254186657060357,0.0578965276132662,-0.0746598881108693,0.00469771818302859,-0.0354890833030653,-0.0547034562419621,0.0196791271861504,-0.0185282309946115,0.00822144933793505,-0.0253744807235186
"UTP11L","Fibroblasts1","blue",0.0561657497625659,0.110736281096807,0.0119572908777069,-0.00101458838473002,0.0690435822021598,-0.0841869140669821,0.0393615835765852,0.00217784345268959,0.00461022350935377,0.0449515447261057
"SEP15","Fibroblasts1","blue",0.0412827599335195,0.30401255646842,-0.123673022498182,0.0420623802725656,0.100051820616184,-0.260459840473573,0.0455045966570599,0.00436848187456858,0.0881493782732862,0.124275907909937
"RP11-14N7.2","Fibroblasts3","green",0.00321162042258611,0.0584126419086224,-0.0651921761150451,0.160597217428434,-0.0289681522462241,-0.0823035797665011,0.0238888689064926,-0.0423640063773079,-0.0207581238575464,-0.0239433811461691
"CH17-189H20.1","Fibroblasts6","brown",0.0289631870725426,0.0533457761633017,-0.000374837216824923,0.0626293502889106,0.00315855147879509,-0.0778319630616622,0.0777946112770838,0.0130913128966181,0.0234716805311539,-0.00136875674356608
"KIAA0907","Fibroblasts1","blue",0.0228910302459673,0.0497894807972116,-0.0169667897520631,0.0125188708294411,0.00239849442649417,-0.0688825687380107,0.0299642087272844,-0.00532350598908425,-0.000407840178514709,-0.00554096700352165
"APOA1BP","Fibroblasts1","blue",0.0328034384524274,0.156639305482894,-0.0470686295511715,0.0244668676622604,0.0478083088081513,-0.120097247962065,0.00246967550514469,-0.0294329516279849,0.0191756729541236,0.0562425245906539
"KIRREL","Fibroblasts2","turquoise",0.208915757473549,0.0504487297760094,0.262537900416017,-0.0195685461919957,0.165844014571093,-0.0616934507090992,0.032612922724379,0.0917915949669793,0.0321038278169867,0.0928404755941404
"HNRNPU-AS1","Fibroblasts2","turquoise",0.148750594185558,0.0225048337603679,0.199579508763014,-0.0255673972887283,0.172027887640901,-0.0599390733066214,0.0441784860943792,0.0273956831029653,-0.0100007768075704,0.107479869369377
"RP11-803D5.4","Fibroblasts2","turquoise",0.108517259333328,0.0477003435339951,0.141451420425293,-0.0453371526553602,0.104616246468979,-0.0330320104510016,0.00504078604409537,0.0405279297656553,0.0134993651255087,0.0663052854091108
"RQCD1","Fibroblasts6","brown",-0.00318401373623535,0.0686587652095981,-0.0500317976861637,-0.0220065746102049,0.0302120469423244,-0.0830420001370037,0.196992614549468,-0.00830136209952786,0.0108282258209788,0.0361960791344143
"MYEOV2","Fibroblasts1","blue",0.0606511827405528,0.305078169875301,-0.0523926169843867,-0.0221024172296398,0.091226977259493,-0.220117307687448,0.0409062144617729,0.0169507246457076,0.0691177631906222,0.074122394518253
"SELK","Fibroblasts1","blue",0.06802456259419,0.23435868534633,-0.0177039342156091,0.0132751849309761,0.147668908631279,-0.205676635049037,0.0419222057785853,-0.0177471721342181,0.010978276421107,0.13569462240349
"LRTM1","Fibroblasts1","blue",-0.0471312989956137,0.109466218489384,-0.122409639792161,0.0128079995958517,-0.0138654638431329,-0.0917687509780154,-0.0198693624798751,-0.0509167876028745,0.00787856059051544,0.0398128216669861
"MINA","Fibroblasts3","green",0.0562403323537239,0.0502745529781961,0.0206258598358659,0.0772628551194976,0.0175222631123272,-0.051965029749532,0.00745234007896345,-0.00709993964186789,-0.000807566736506857,0.00875834531497899
"PVRL3","Fibroblasts2","turquoise",0.134009523006285,0.0413547448777784,0.166664659833674,0.00908312368889573,0.108503618019398,-0.0547745069277263,0.0180215136329265,0.0148153171701631,0.00108730700600356,0.0518851509888347
"RP11-553L6.5","Fibroblasts3","green",0.121596322437803,0.0964411903049208,0.0794151204530366,0.072605206396811,0.0774578092498279,-0.102031861831912,0.0489324907299776,0.00766291636239393,0.0243544748688484,0.0704738043369768
"SELT","Fibroblasts1","blue",0.039901232371787,0.219995671074161,-0.0791779904458736,-0.0148314785159381,0.0945265850257905,-0.156566433389261,0.0320189361485963,-0.014470211006357,0.0368078086413716,0.0988595823328048
"RP11-538P18.2","Fibroblasts1","blue",-0.0270617514258679,0.0430313033155185,-0.0739181114567086,0.0286495728837979,-0.0292482242496857,-0.0545043896943455,0.134998153478002,-0.0285680780475194,-0.00817863514485676,-0.00983293082022357
"PYURF","Fibroblasts1","blue",0.00612860107900024,0.276271156131568,-0.177140841167379,0.0328327270578832,0.0235609319911504,-0.202696606729967,0.0384084101115067,-0.000261263407266651,0.074214232753232,0.0766455922034652
"CCDC109B","Fibroblasts1","blue",-0.00537774357990087,0.0378304257125823,-0.0579376685848702,0.118726922804114,-0.0375693979675209,-0.0592509716784028,0.0126248507544792,-0.0215940554802164,0.0200093018902276,-0.0266244765007638
"RP11-125O18.1","Fibroblasts2","turquoise",0.111349127787755,0.0874135475127371,0.130312096701906,-0.0714108729186841,0.151398625611945,-0.0515371474043034,-0.00146365227467731,-0.0255678261837704,-0.0330563429028018,0.109155428339361
"C4orf27","Fibroblasts1","blue",0.0965731752492088,0.131249072743785,0.0340231798464646,0.045959194124204,0.0613889400814334,-0.101823155228503,0.0358540198033574,0.00613162700137474,0.00831884454760262,0.050169147505022
"SEPP1","Fibroblasts1","blue",-0.0547621269502516,0.138769694313435,-0.172895456486775,0.263316557810578,-0.0346879196303194,-0.266902541110649,-0.00855736864213743,-0.0140812808989018,0.0722975857821401,0.0541345117716851
"C5orf28","Fibroblasts1","blue",0.0111659292612751,0.0906338553722183,-0.0580478645095125,0.0167511401775085,0.015479034396602,-0.0691190545271976,0.0208417128490267,0.01083453549044,0.0436274781961161,0.0333403786023844
"GNB2L1","Fibroblasts1","blue",0.12661673772172,0.516616669975961,-0.0235912630157026,0.0201564593198872,0.273766497214402,-0.494531775094221,0.0212071726026344,-0.115624489099678,-0.0135424690547618,0.231670271253345
"LRRC16A","Fibroblasts6","brown",0.0130422602543174,0.0120588464441059,-0.0168554186602832,0.092604182863189,-0.0302634806364828,-0.0472330888569041,0.142708397459528,-0.0110721985462204,-0.00172370898525148,-0.0288763330328009
"C6orf1","Fibroblasts1","blue",0.0325957296008618,0.154171939312376,-0.0529249175350252,-0.0366530362841841,0.0211065749009175,-0.0931256320517948,0.0324435320629924,0.001894029065367,0.0451576644584092,0.027633119021254
"RP11-417E7.2","Fibroblasts8","magenta",0.00395282363936252,0.0792335756045051,-0.0507494650654178,-0.0346142168108975,-0.0355670210742031,-0.039633323631164,0.042269598009097,0.127937293492638,0.195005001293395,-0.0342101477919905
"GBAS","Fibroblasts1","blue",0.0811186310414317,0.148026649963108,0.00571595159827471,0.0307821658321213,0.0794559921278531,-0.104120042812656,0.0153025956065037,0.0101168992981721,0.0309043167527059,0.0914931453386342
"WBSCR22","Fibroblasts1","blue",0.0621918911849122,0.123715276258873,0.0147874402017124,0.0102291387228173,0.0854223503021641,-0.102970067705285,0.00944708547370308,-0.00331730657127546,0.0178528653960744,0.0630040811481516
"SHFM1","Fibroblasts1","blue",0.0508958883864722,0.337051845026457,-0.0631745854048849,-0.0368329239815569,0.173032396425357,-0.299904598013909,0.0259166153058271,-0.0425805213607084,0.00290396788288387,0.15250533262603
"LINC00998","Fibroblasts1","blue",-0.0028354712863812,0.158869890609415,-0.136074747159004,0.0207848124928353,9.91274953022207e-05,-0.112594697116931,0.0539690103740507,0.00780987437370369,0.038901492142033,0.041025970380256
"C7orf73","Fibroblasts1","blue",0.0580801299966363,0.290256416868192,-0.0794382570429476,-0.0585778847743507,0.0835344325736011,-0.196059646101642,0.0462234903566543,0.0587080621975874,0.100221214669754,0.0799637940852402
"C7orf55","Fibroblasts1","blue",0.00817210160701014,0.110832254210415,-0.0607333325706889,0.0356917217727212,0.0138881412522518,-0.0950494399080247,0.034963319869735,-0.0242539720669059,0.00112824399702262,0.0325661252932376
"FIGF","Fibroblasts3","green",0.027429870522898,-0.0011592825137146,-0.000574463311156921,0.224168746671603,-0.0775293623209355,-0.0401101556228561,0.00590475196201484,-0.0135135822392526,-0.0196255007398149,-0.0803647501070853
"MTRNR2L10","Fibroblasts2","turquoise",0.151257288430626,-0.0611131795626599,0.350857250293968,-0.0603717103138752,0.198641497300171,-0.0810658632364537,-0.0762578675757031,0.0427253385379394,-0.0116507808197879,0.0637596437798341
"LINC01420","Fibroblasts1","blue",0.0648023857922581,0.247748313505856,-0.0398571847577262,-0.0263800577543695,0.0951845367780477,-0.166382449778534,0.0223286101186096,0.0506808083777396,0.0887450150234508,0.0945114630893807
"WBP5","Fibroblasts1","blue",0.0570176310199384,0.27235949100148,-0.0829428893649148,-0.0105023139404845,0.0794743460958107,-0.224809324438,0.0601198307539506,0.02712332944923,0.086905718238021,0.0722729631193079
"NGFRAP1","Fibroblasts1","blue",0.0542492508397522,0.29474416080753,-0.0833323384355357,0.01132885690398,0.0650695537462495,-0.225443390668342,0.0176446912365521,-0.00622656074926147,0.055248487035981,0.0689108914139884
"FAM127B","Fibroblasts1","blue",0.0654054061963485,0.137412101764846,-0.00205847105208976,0.0360121618745024,0.0468610016505697,-0.106955143625868,0.0342177679474102,0.00173649573055836,0.028048087176689,0.0471031397080953
"CDR1-AS","Fibroblasts2","turquoise",0.270756360744951,0.0298891692586708,0.340884418673979,0.0393464218975075,0.128721365727497,-0.0218586725666926,0.0772482474838998,0.145517095080843,0.0882734550500393,0.0500159522205776
"CTD-2336O2.1","Fibroblasts1","blue",0.0490218125149097,0.115790415074806,-0.000811054600018094,0.0214411680439667,0.0482498569055533,-0.0887251108324937,0.0119099066786109,-0.0133425216127796,0.00181114806777179,0.0401640732101015
"C8orf4","Fibroblasts9","black",0.126108204454772,0.214008565379744,0.119382575800683,-0.217045089145661,0.460978017752297,-0.205311456611769,-0.020547659386837,-0.0200845270262715,-0.0427301633904974,0.467286115164524
"TCEB1","Fibroblasts1","blue",0.0693063102355587,0.242670727550244,-0.0374269011404878,-0.0203576574839701,0.138646387390831,-0.175006363920098,0.0289813632901489,-0.0161088307238249,0.0132207467413273,0.121633491043033
"TMEM55A","Fibroblasts1","blue",0.0807989292154472,0.140375006217864,0.00254973350734296,0.0609761492396629,0.0614364322255551,-0.101422897805186,0.0187604460840889,-0.0257168490621593,0.018110517370464,0.0801063360119172
"FAM92A1","Fibroblasts9","black",0.136433164409748,0.164681577868491,0.0777859396538212,-0.0147789357561073,0.141013809388626,-0.0990317111834604,0.0239307627647092,0.051512716906377,0.0497482618222056,0.154252895030583
"WASH1","Fibroblasts6","brown",-0.0131008426988414,0.0625566063645251,-0.0637103732829246,0.0160203604516904,-0.0191057806187331,-0.0631490781320888,0.0308017714524712,-0.00543070372428969,0.0104328324915087,-0.00566373372890211
"TMEM261","Fibroblasts1","blue",0.0628883942528586,0.165878056686742,-0.0289600633645592,0.0276925688971203,0.0500387713750458,-0.111062277049232,0.0469234392157047,0.0324012636512472,0.050850933562309,0.0391845234743897
"TOPORS-AS1","Fibroblasts1","blue",0.00405865035394527,0.0882700073710987,-0.0474351831247572,-0.00386527675408118,0.0148117223106215,-0.0642278167748409,0.0178623954217298,0.0100212933413229,0.0317873862694899,0.0207432716993907
"EBLN3","Fibroblasts3","green",0.102206104724711,0.0808023322185074,0.0555476782354272,0.0900606959111741,0.022958395364147,-0.0780980017237982,0.0381791559649496,0.012581994592814,0.0371474114440092,0.0102489359787642
"PSMD5-AS1","Fibroblasts6","brown",-0.0303805218816583,0.0345412804904366,-0.0689667256928208,0.0388675855367176,-0.0533028700451575,-0.0614224117303656,0.0720508446377157,-0.0202838035775844,-0.000831572149912071,-0.0308729379601951
"C9orf142","Fibroblasts6","brown",0.0507555260137151,0.12020025423843,0.0110784611168947,0.00894699393967024,0.0508807574744445,-0.106384608286557,0.0500104343422865,-0.0148482430827096,0.0112375163894584,0.0403888023982729
"PRKCDBP","Fibroblasts1","blue",0.0216935366782729,0.230713499799908,-0.11472276267789,0.119999736591301,-0.0331851515301912,-0.195793011503128,0.0231560809030072,-0.051846759667482,0.0403575226341723,-0.0145742537935771
"C11orf31","Fibroblasts1","blue",0.00237373476866126,0.221244831284978,-0.113042789178498,-0.0346208765210214,0.0509502324882474,-0.169009546921018,0.046541079066872,0.0175446956893216,0.0504744886235945,0.0544716147935547
"CMB9-22P13.1","Fibroblasts3","green",-0.00469512491367333,0.0275223975528484,-0.0420726041542069,0.0620193700591915,-0.0339227519985074,-0.0569946696673382,0.0218774649476579,-0.0323038918330972,-0.00927309432326243,-0.0227472362165269
"C11orf73","Fibroblasts1","blue",0.0813896930937175,0.189959440322737,0.00601086122541665,-0.00735198327697265,0.121565085968089,-0.131181011946417,0.00845751774226228,0.00917355276097796,0.0261614023572493,0.11775760943923
"RP11-356J5.12","Fibroblasts3","green",0.00418723854801245,0.0269662837844917,-0.0262496998272598,0.124845707599234,-0.0697188942211362,-0.0437971017227522,0.00854040561070785,0.00988901062707373,0.0411869779300377,-0.057657194724145
"RP11-536K7.3","Fibroblasts3","green",0.0150630704635151,0.0524408735176058,-0.00706995548250513,0.0229389155120141,0.0296502666579736,-0.0464509047546804,0.0192406779745047,-0.0203045524869206,-0.00786656092960515,0.0234301767906187
"C10orf54","Fibroblasts3","green",0.049201196362181,0.109454823410217,0.000283603532862341,0.132530397313422,0.0106517732300806,-0.110786044860514,0.00611991097235173,-0.0287481711925613,0.014828490893819,0.026542943651637
"ADIRF","Fibroblasts1","blue",-0.218593109932247,0.379977175430761,-0.477391990574916,0.223392714252339,-0.096609368818819,-0.499613515719815,0.0179550156071334,-0.297690724695871,-0.0828704744426424,0.0382162108845514
"OBFC1","Fibroblasts1","blue",0.0291794678822852,0.0911118697735106,-0.0088672123550824,-0.00985933320763543,0.0410455179167703,-0.0569036591459686,0.0109048527168228,0.00334076856412699,0.0209959680963393,0.0509961100481939
"METTL10","Fibroblasts1","blue",0.0476889082217999,0.104149338261759,-0.0125944417900541,0.0317899842811437,0.0480424077034655,-0.0746684222580381,0.026035365582636,0.00531991195163484,0.0216179476622847,0.0497087857641363
"LYRM5","Fibroblasts1","blue",0.0657412285202783,0.160572620308322,-0.0131999281170387,0.0334388831258218,0.0582541230150421,-0.0943203866533098,0.0224718391182839,0.0177344273961037,0.0367140141069005,0.065935095322049
"RP11-352M15.2","Fibroblasts1","blue",0.0300256588987438,0.072608851072761,-0.0179685254657033,0.0143770585258352,0.0312730359856919,-0.0620109353089882,0.0189053313289151,-0.00781694935709959,0.00571576529191244,0.0356650590135943
"RP11-983P16.4","Fibroblasts1","blue",0.0362551114425305,0.0985235507412255,-0.0156910381195541,0.0654784125721089,0.0331613174424467,-0.0772532027264212,-0.00484730565496462,-0.0297634629818002,-0.0140211656247726,0.0514698120446739
"LINC00936","Fibroblasts4","red",0.0778291162735009,0.0545502916773169,0.100212063098043,-0.0469805374653397,0.183515006205882,-0.0564801884887323,0.00124528016225867,-0.00174391300220986,-0.0308327490285921,0.0950413690416712
"LHFP","Fibroblasts1","blue",0.168993240596148,0.241542936761947,0.0637891224298291,0.106954779011257,0.175870322349164,-0.235729205623477,0.0467215175911314,-0.0819789260120425,-0.0327615782585217,0.181898986139545
"TMEM55B","Fibroblasts1","blue",0.0329927816028341,0.0826675940964208,-0.0167809159587301,-0.011712365212432,0.0224989061805377,-0.0680631696803932,0.0253715908927808,0.0128596986608422,0.0339803263483277,0.0240360172538189
"C14orf166","Fibroblasts1","blue",0.133238413352396,0.239499900239902,0.0569849658033573,0.0121323361520433,0.150195705013981,-0.176866369194729,0.0165328960752772,0.0296703402917707,0.0627315296904809,0.108139952265718
"PCNX","Fibroblasts2","turquoise",0.157020555943593,0.0346187494487294,0.200524570762089,-0.0231815750239044,0.158661681240681,-0.0610203252819834,0.0176378868335084,0.0433096005290447,0.00691958606294854,0.085729743980052
"C14orf1","Fibroblasts1","blue",0.0158282063228711,0.096649462169691,-0.051303651604715,0.0345401243420055,0.0266612412513003,-0.0815747113828139,0.0251103142663044,-0.0220117367253244,0.0203552094720999,0.0489087917181266
"C14orf142","Fibroblasts1","blue",0.0409853410808931,0.108665080729845,-0.00360446445049364,-0.0211649653654159,0.0605233270813313,-0.0630448642583014,0.0309821268448461,0.0120647090294877,0.0193167608647472,0.0620349257410688
"MESDC2","Fibroblasts1","blue",0.0976916380107993,0.131721754102794,0.0482666561000294,0.0703536563965666,0.11266961267597,-0.137604480702732,0.0315454482891496,0.00756824358517947,0.00228892275195532,0.0979452704159583
"RP11-437B10.1","Fibroblasts2","turquoise",0.0946966913041156,0.0101672845669097,0.13118989216104,-0.00349208791535765,0.0844714518659965,-0.0343712889206105,0.0111374945688194,0.035706054411806,0.00352594159781084,0.0520381782909007
"VIMP","Fibroblasts1","blue",0.0928645645475263,0.225016807589734,0.00347452109060396,-9.37688933353439e-05,0.176358084601925,-0.221539753405871,0.0163965901024941,-0.0220474628238097,0.0137305173178513,0.135307353737211
"C16orf13","Fibroblasts1","blue",0.0604839274221193,0.177200477887074,-0.0158634802288836,0.0231709447165532,0.03605817384432,-0.125154611515185,0.0382039888207862,0.00798421916190331,0.0467500504318701,0.0313149288402597
"TCEB2","Fibroblasts1","blue",0.0093834630782851,0.449298747397744,-0.160410528505426,-0.0749937619344001,0.13452356851828,-0.392243788449884,0.0497182301092585,-0.041156602358581,0.0358860949023259,0.119511428185753
"CYB5D1","Fibroblasts2","turquoise",0.0935300320590556,0.0170674980640555,0.138959499381751,-0.00710680856933648,0.1286660632207,-0.028547721815122,0.0172529381275,0.0280394876450396,0.00278972269575218,0.0683366783979609
"RP11-160E2.6","Fibroblasts2","turquoise",0.0939955981134414,0.017169483350277,0.13672064243708,-0.0119359266216211,0.112845717583228,-0.0433138983024997,-0.00830269218007395,-0.0133298019345279,-0.0309685542559937,0.0659874340339276
"PTRF","Fibroblasts1","blue",0.207612534066492,0.278447218378154,0.13139957750934,0.0439754953236142,0.203006057924957,-0.260002113792965,0.0774687293703561,0.0268890839239482,0.0578596583610767,0.148379980993577
"RP11-294J22.6","Fibroblasts6","brown",-0.0294475427811256,0.0599270939593785,-0.0878621912366221,0.0030526763010005,-0.0266204661919214,-0.0603385372376327,0.159448849257738,-0.0194363356901945,0.00738130330436217,-0.0117065772355082
"C17orf89","Fibroblasts1","blue",0.0878234744913517,0.201526223173164,0.0344185868367474,-0.0227211394615047,0.116615547681248,-0.136350800680711,0.0201489705152311,0.0347929098458213,0.0354195828894491,0.0953185830606281
"FAM195B","Fibroblasts1","blue",0.103061486518676,0.201267394192214,0.0223824291110852,-0.0187122452826155,0.0605365496114472,-0.128455424479896,0.031816356514265,0.0410396687396446,0.075385052665825,0.055860625099208
"STRA13","Fibroblasts1","blue",0.0446616318315287,0.17201873140703,-0.0347003780354423,0.0104053704231356,0.0197106057286218,-0.115347695242064,0.0222102743463338,-0.0328135363998179,0.012521310835786,0.0243378070785874
"LINC00493","Fibroblasts1","blue",0.0397323940376539,0.196677837801466,-0.0300883872157393,0.00682556107025801,0.0624271179034516,-0.169100962402385,0.0187817938531405,-0.0383852286170853,0.00364566263460328,0.0519345548221072
"FAM65C","Fibroblasts4","red",0.152750991555048,0.0746757486432603,0.182050571057426,-0.09878126959014,0.269098097852582,-0.106864080683158,-0.000186360188620904,-0.015037976103182,-0.0449482164744188,0.160861475341865
"FDX1L","Fibroblasts6","brown",0.000727963519043344,0.0727395091221355,-0.0544677437907721,0.0130896138238219,-0.0269019242992007,-0.0457610941558839,0.0340016311279602,-0.00527397088598771,0.0181628564073981,-0.013827819762979
"C19orf43","Fibroblasts1","blue",0.143744992179219,0.267888571350594,0.0677072776960452,-0.0275462763265036,0.169083987545723,-0.208737801731834,0.0324832301974207,0.00722876616841615,0.0401494702002597,0.125827083848913
"CTC-425F1.4","Fibroblasts6","brown",-0.0375211175739249,0.00511815395798559,-0.0334940304136523,-0.0332548496744275,0.00599476302557965,-0.0529195485191551,0.195528722984654,-0.010194175872833,-0.00541750133751719,-0.000559441542993844
"CTD-3252C9.4","Fibroblasts1","blue",0.025248976328317,0.14848689398414,0.00579090078760129,-0.11347014947437,0.249677348101785,-0.225216460613981,0.0383452070357579,-0.0667118350410434,-0.0280562603651498,0.243652206204782
"C19orf60","Fibroblasts1","blue",0.0669525713065587,0.21624934167736,-0.0169767236429122,0.0405839257780463,0.0700963492901901,-0.172732641684532,0.0360621244790569,0.024225627266683,0.0557377043136597,0.0674361882417561
"PVRL2","Fibroblasts4","red",0.115584277604572,0.111624687241427,0.116799916509087,-0.0721515831385821,0.25030920632389,-0.116697015800861,0.00668028366919293,0.0276477709411452,-0.00126434460638626,0.16558681765609
"GLTSCR2","Fibroblasts1","blue",0.061441056146709,0.267728767972453,-0.0468198681908024,0.0748850906679863,0.0954977501948457,-0.232285292681363,-0.00457676416932059,-0.092875816253949,-0.0239598775526882,0.101916351488681
"SEPW1","Fibroblasts1","blue",0.0946943940769237,0.216537420124361,0.0112018793187484,0.0835817430840888,0.0396071647505749,-0.194908521457335,0.0505717362314574,0.0060187660585961,0.0566495870230802,0.0136064004159268
"SELM","Fibroblasts1","blue",0.0359526913894543,0.497628709263521,-0.108893810872141,-0.0719740676527883,0.308268457471329,-0.531521166618865,0.000922585847834424,-0.0849629726252504,-0.025966037855594,0.266114582587741
