"","orig.ident","nCount_Spatial","nFeature_Spatial","nCount_SCT","nFeature_SCT","SCT_snn_res.0.8","seurat_clusters","SCT_snn_res.0.5","SCT_snn_res.0.6","Region"
"AAACAACGAATAGTTC-1","Visium",2489,1383,1765,1315,"4","3","2","3","Suprabasal epithelial"
"AAACAAGTATCTCCCA-1","Visium",1032,663,1062,643,"1","1","0","1","Basal epithelium"
"AAACAATCTACTAGCA-1","Visium",2631,1392,1762,1281,"4","3","2","3","Suprabasal epithelial"
"AAACACCAATAACTGC-1","Visium",870,579,964,556,"0","0","0","0","Basal epithelium"
"AAACAGAGCGACTCCT-1","Visium",1570,989,1414,952,"5","2","1","2","Reticular stroma"
"AAACAGCTTTCAGAAG-1","Visium",1022,660,1060,647,"0","0","0","0","Basal epithelium"
"AAACAGGGTCTATATT-1","Visium",843,550,962,535,"0","0","0","0","Basal epithelium"
"AAACAGTGTTCCTGGG-1","Visium",418,292,832,302,"0","0","0","0","Basal epithelium"
"AAACATGGTGAGAGGA-1","Visium",28,28,455,183,"0","0","0","0","Basal epithelium"
"AAACATTTCCCGGATT-1","Visium",926,618,1017,612,"1","1","0","1","Basal epithelium"
"AAACCACTACACAGAT-1","Visium",1229,811,1199,784,"1","1","0","1","Basal epithelium"
"AAACCCGAACGAAATC-1","Visium",776,514,943,500,"1","1","0","1","Basal epithelium"
"AAACCGGAAATGTTAA-1","Visium",556,402,953,396,"1","1","0","1","Basal epithelium"
"AAACCGGGTAGGTACC-1","Visium",1143,718,1131,694,"0","0","0","0","Basal epithelium"
"AAACCGTTCGTCCAGG-1","Visium",832,565,949,547,"0","0","0","0","Basal epithelium"
"AAACCTAAGCAGCCGG-1","Visium",716,494,903,479,"0","0","0","0","Basal epithelium"
"AAACCTCATGAAGTTG-1","Visium",1413,838,1327,821,"3","4","3","4","Suprabasal epithelial"
"AAACGAAGAACATACC-1","Visium",10536,3346,1301,716,"7","9","7","9","Suprabasal epithelial"
"AAACGAAGATGGAGTA-1","Visium",965,620,1036,609,"0","0","0","0","Basal epithelium"
"AAACGACAGTCTTGCC-1","Visium",1108,753,1103,730,"1","1","0","1","Basal epithelium"
"AAACGAGACGGTTGAT-1","Visium",2192,1278,1633,1219,"8","6","5","6","Immune stroma"
"AAACGCCCGAGATCGG-1","Visium",1381,942,1317,922,"10","10","4","10","Reticular stroma"
"AAACGCTGGGCACGAC-1","Visium",794,527,957,520,"1","1","0","1","Basal epithelium"
"AAACGGGCGTACGGGT-1","Visium",577,397,927,389,"1","1","0","1","Basal epithelium"
"AAACGGGTTGGTATCC-1","Visium",1442,867,1336,843,"4","3","2","3","Suprabasal epithelial"
"AAACGGTTGCGAACTG-1","Visium",820,547,946,526,"0","0","0","0","Basal epithelium"
"AAACGTGTTCGCCCTA-1","Visium",1302,765,1195,695,"5","2","1","2","Reticular stroma"
"AAACTAACGTGGCGAC-1","Visium",1421,947,1325,911,"5","2","1","2","Reticular stroma"
"AAACTCGGTTCGCAAT-1","Visium",731,505,919,495,"0","0","0","0","Basal epithelium"
"AAACTCGTGATATAAG-1","Visium",2307,1506,1718,1424,"8","6","5","6","Immune stroma"
"AAACTGCTGGCTCCAA-1","Visium",1022,670,1057,654,"1","0","0","0","Basal epithelium"
"AAACTTAATTGCACGC-1","Visium",922,616,1002,599,"0","0","0","0","Basal epithelium"
"AAACTTGCAAACGTAT-1","Visium",986,639,1036,623,"0","0","0","0","Basal epithelium"
"AAAGAATGACCTTAGA-1","Visium",1071,685,1090,669,"1","1","0","1","Basal epithelium"
"AAAGAATGTGGACTAA-1","Visium",930,612,1010,601,"1","1","0","1","Basal epithelium"
"AAAGACATGAAGTTTA-1","Visium",2272,1405,1686,1340,"10","10","4","10","Reticular stroma"
"AAAGACCCAAGTCGCG-1","Visium",7126,2826,1249,755,"7","3","2","3","Suprabasal epithelial"
"AAAGACTGGGCGCTTT-1","Visium",3255,1607,1767,1279,"3","4","3","4","Suprabasal epithelial"
"AAAGCTTGCCTACATA-1","Visium",1127,725,1124,705,"1","1","0","1","Basal epithelium"
"AAAGGCCCTATAATAC-1","Visium",738,502,924,485,"0","0","0","0","Basal epithelium"
"AAAGGCTACGGACCAT-1","Visium",475,351,869,353,"0","0","0","0","Basal epithelium"
"AAAGGCTCTCGCGCCG-1","Visium",783,536,938,520,"0","0","0","0","Basal epithelium"
"AAAGGGATGTAGCAAG-1","Visium",3412,1930,1856,1458,"2","2","1","2","Reticular stroma"
"AAAGGGCAGCTTGAAT-1","Visium",6416,2482,1199,671,"3","4","3","4","Suprabasal epithelial"
"AAAGGTAAGCTGTACC-1","Visium",8219,4037,1420,1119,"6","5","4","5","Basal epithelium"
"AAAGGTCAACGACATG-1","Visium",1171,763,1149,738,"1","1","0","1","Basal epithelium"
"AAAGTAGCATTGCTCA-1","Visium",1009,687,1049,673,"0","0","0","0","Basal epithelium"
"AAAGTCACTGATGTAA-1","Visium",11213,3644,1310,762,"7","9","7","9","Suprabasal epithelial"
"AAAGTCGACCCTCAGT-1","Visium",1104,673,1114,656,"3","4","3","4","Suprabasal epithelial"
"AAAGTGCCATCAATTA-1","Visium",788,533,955,527,"1","1","0","1","Basal epithelium"
"AAAGTGTGATTTATCT-1","Visium",1196,748,1181,734,"1","1","0","1","Basal epithelium"
"AAAGTTGACTCCCGTA-1","Visium",889,608,988,598,"1","1","0","1","Basal epithelium"
"AAATAACCATACGGGA-1","Visium",3040,1903,1920,1612,"5","2","1","2","Reticular stroma"
"AAATAAGGTAGTGCCC-1","Visium",829,541,952,524,"0","0","0","0","Basal epithelium"
"AAATACCTATAAGCAT-1","Visium",1019,662,1051,646,"0","0","0","0","Basal epithelium"
"AAATAGCTTAGACTTT-1","Visium",966,640,1032,628,"0","0","0","0","Basal epithelium"
"AAATAGGGTGCTATTG-1","Visium",1002,656,1044,639,"0","0","0","0","Basal epithelium"
"AAATCACTCCTAAACG-1","Visium",1583,962,1419,942,"1","1","0","1","Basal epithelium"
"AAATCCGATACACGCC-1","Visium",796,535,946,523,"1","1","0","1","Basal epithelium"
"AAATCGCGGAAGGAGT-1","Visium",823,544,967,536,"0","0","0","0","Basal epithelium"
"AAATCGTGTACCACAA-1","Visium",1556,894,1383,863,"9","8","6","8","Inflamed epithelium"
"AAATCTAGCCCTGCTA-1","Visium",951,628,1015,612,"1","1","0","1","Basal epithelium"
"AAATCTGCCCGCGTCC-1","Visium",810,519,963,505,"0","0","0","0","Basal epithelium"
"AAATGACTGATCAAAC-1","Visium",538,378,945,372,"0","0","0","0","Basal epithelium"
"AAATGATTCGATCAGC-1","Visium",1300,896,1246,862,"5","2","1","2","Reticular stroma"
"AAATGCTCGTTACGTT-1","Visium",2877,1464,1761,1278,"3","4","3","4","Suprabasal epithelial"
"AAATGGCATGTCTTGT-1","Visium",14545,5559,1287,999,"6","5","4","5","Basal epithelium"
"AAATGGCCCGTGCCCT-1","Visium",1021,683,1051,663,"0","0","0","0","Basal epithelium"
"AAATGGTCAATGTGCC-1","Visium",3491,1787,1763,1261,"2","2","1","2","Reticular stroma"
"AAATGTATCTTATCCC-1","Visium",2653,1375,1733,1249,"3","4","3","4","Suprabasal epithelial"
"AAATGTGGGTGCTCCT-1","Visium",2740,1438,1793,1324,"7","3","2","3","Suprabasal epithelial"
"AAATTAACGGGTAGCT-1","Visium",15971,5298,1392,764,"2","7","1","7","Immune stroma"
"AAATTAATAAGCGCGA-1","Visium",1560,884,1390,859,"3","4","3","4","Suprabasal epithelial"
"AAATTACACGACTCTG-1","Visium",3923,2374,1596,1289,"2","2","1","2","Reticular stroma"
"AAATTACCTATCGATG-1","Visium",1594,1035,1398,979,"5","2","1","2","Reticular stroma"
"AAATTCCAGGTCCAAA-1","Visium",823,575,937,552,"1","1","0","1","Basal epithelium"
"AAATTGATAGTCCTTT-1","Visium",994,684,1041,668,"0","0","0","0","Basal epithelium"
"AAATTGCGGCGGTTCT-1","Visium",1738,1058,1486,1026,"4","3","2","3","Suprabasal epithelial"
"AAATTGGTGAGAAGCA-1","Visium",998,677,1004,621,"5","2","1","2","Reticular stroma"
"AAATTTACCGAAATCC-1","Visium",12766,5021,1371,1056,"6","5","4","5","Basal epithelium"
"AAATTTGCGGGTGTGG-1","Visium",931,627,1005,613,"0","0","0","0","Basal epithelium"
"AACAACTGGTAGTTGC-1","Visium",15177,5723,1210,912,"6","5","4","5","Basal epithelium"
"AACAATACATTGTCGA-1","Visium",661,477,880,469,"0","0","0","0","Basal epithelium"
"AACAATTACTCTACGC-1","Visium",13568,3866,1163,593,"3","4","3","4","Suprabasal epithelial"
"AACACACGCTCGCCGC-1","Visium",901,602,991,587,"1","1","0","1","Basal epithelium"
"AACACGACTGTACTGA-1","Visium",58409,6833,1404,673,"12","9","7","9","Suprabasal epithelial"
"AACACGAGACGCGGCC-1","Visium",1005,669,1048,654,"0","0","0","0","Basal epithelium"
"AACACGCGGCCGCGAA-1","Visium",1749,1038,1489,1018,"4","3","2","3","Suprabasal epithelial"
"AACAGCTGTGTGGCAA-1","Visium",697,499,895,485,"0","0","0","0","Basal epithelium"
"AACAGGAAATCGAATA-1","Visium",11796,4658,1394,1065,"6","5","4","5","Basal epithelium"
"AACAGGATGGGCCGCG-1","Visium",37906,4470,1629,482,"11","11","8","11","Inflamed epithelium"
"AACAGGTAGTATGGAT-1","Visium",867,569,977,555,"1","1","0","1","Basal epithelium"
"AACATAGCGTGTATCG-1","Visium",936,597,1017,583,"1","1","0","1","Basal epithelium"
"AACATATCAACTGGTG-1","Visium",2017,1329,1600,1268,"8","6","5","6","Immune stroma"
"AACATCGATACGTCTA-1","Visium",1273,860,1216,820,"5","2","1","2","Reticular stroma"
"AACATTGAAGTTGATC-1","Visium",659,476,868,468,"0","0","0","0","Basal epithelium"
"AACATTGGTCAGCCGT-1","Visium",1984,1132,1557,1098,"4","3","2","3","Suprabasal epithelial"
"AACATTGTGACTCGAG-1","Visium",726,483,913,466,"1","1","0","1","Basal epithelium"
"AACCAAGACTTCTCTG-1","Visium",2397,1080,1626,1029,"3","4","3","4","Suprabasal epithelial"
"AACCAGTATCACTCTT-1","Visium",17317,4906,1252,751,"10","10","4","10","Reticular stroma"
"AACCATAGGGTTGAAC-1","Visium",1147,756,1140,738,"0","0","0","0","Basal epithelium"
"AACCATGGGATCGCTA-1","Visium",4041,1895,1335,848,"4","3","2","3","Suprabasal epithelial"
"AACCCAGAGACGGAGA-1","Visium",8745,3106,1313,771,"7","3","2","3","Suprabasal epithelial"
"AACCCATCCCATGATC-1","Visium",930,634,996,614,"0","0","0","0","Basal epithelium"
"AACCCGACAACCCGTG-1","Visium",605,432,874,421,"0","0","0","0","Basal epithelium"
"AACCCGAGCAGAATCG-1","Visium",678,457,895,446,"1","1","0","1","Basal epithelium"
"AACCCGATAGGGCTTC-1","Visium",1213,770,1185,743,"1","1","0","1","Basal epithelium"
"AACCCGCTGTATTCCA-1","Visium",806,532,954,521,"0","0","0","0","Basal epithelium"
"AACCCTACTGTCAATA-1","Visium",1205,777,1185,757,"0","0","0","0","Basal epithelium"
"AACCCTGGTGGAACCA-1","Visium",15227,5376,1264,917,"6","5","4","5","Basal epithelium"
"AACCGAGCTTGGTCAT-1","Visium",3012,1676,1835,1418,"2","2","1","2","Reticular stroma"
"AACCGCTAAGGGATGC-1","Visium",928,610,1008,591,"1","1","0","1","Basal epithelium"
"AACCGTTGTGTTTGCT-1","Visium",15081,5370,1260,943,"6","5","4","5","Basal epithelium"
"AACCTAAAGCCGTCCG-1","Visium",3151,1711,1855,1448,"7","3","2","3","Suprabasal epithelial"
"AACCTCGCTTTAGCCC-1","Visium",1060,682,1085,665,"0","0","0","0","Basal epithelium"
"AACCTGTCACGGAATT-1","Visium",945,631,1011,613,"0","0","0","0","Basal epithelium"
"AACCTTTAAATACGGT-1","Visium",820,561,941,543,"0","0","0","0","Basal epithelium"
"AACCTTTACGACGTCT-1","Visium",3697,2252,1848,1521,"2","2","1","2","Reticular stroma"
"AACGAAAGTCGTCCCA-1","Visium",999,619,1052,604,"1","1","0","1","Basal epithelium"
"AACGACCTCCTAGCCG-1","Visium",1009,642,1046,620,"1","1","0","1","Basal epithelium"
"AACGATAATGCCGTAG-1","Visium",919,617,992,601,"0","0","0","0","Basal epithelium"
"AACGATAGAAGGGCCG-1","Visium",22611,6615,1397,1043,"6","5","4","5","Basal epithelium"
"AACGATATGTCAACTG-1","Visium",3463,1896,1848,1415,"2","2","1","2","Reticular stroma"
"AACGCATGATCTGGGT-1","Visium",4622,2453,974,519,"2","7","1","7","Immune stroma"
"AACGCGAACGGCAACA-1","Visium",1602,943,1417,916,"4","3","2","3","Suprabasal epithelial"
"AACGCGACCTTGGGCG-1","Visium",570,397,926,396,"0","0","0","0","Basal epithelium"
"AACGCGGTCTCCAGCC-1","Visium",2778,1569,1814,1394,"2","2","1","2","Reticular stroma"
"AACGCTGTTGCTGAAA-1","Visium",949,622,1016,604,"1","1","0","1","Basal epithelium"
"AACGGACGTACGTATA-1","Visium",785,520,943,507,"1","1","0","1","Basal epithelium"
"AACGGCCATCTCCGGT-1","Visium",1135,710,1136,696,"0","0","0","0","Basal epithelium"
"AACGTACTGTGGGTAC-1","Visium",822,530,967,521,"0","0","0","0","Basal epithelium"
"AACGTAGTCTACCCAT-1","Visium",2323,1281,1664,1218,"4","3","2","3","Suprabasal epithelial"
"AACGTCAGACTAGTGG-1","Visium",78626,9770,1166,788,"6","5","4","5","Basal epithelium"
"AACGTCATCCGGCTTG-1","Visium",585,417,890,409,"0","0","0","0","Basal epithelium"
"AACGTCGCTGCACTTC-1","Visium",1140,734,1134,715,"1","1","0","1","Basal epithelium"
"AACGTGATGAAGGACA-1","Visium",3843,2263,1621,1295,"5","2","1","2","Reticular stroma"
"AACGTGCGAAAGTCTC-1","Visium",5517,2498,1102,621,"2","2","1","2","Reticular stroma"
"AACGTTATCAGCACCT-1","Visium",3490,1689,1712,1221,"3","4","3","4","Suprabasal epithelial"
"AACGTTCTACCATTGT-1","Visium",1510,907,1365,882,"1","1","0","1","Basal epithelium"
"AACTACCCGTTTGTCA-1","Visium",1128,710,1125,690,"1","1","0","1","Basal epithelium"
"AACTAGCGTATCGCAC-1","Visium",3333,1687,1794,1325,"4","3","2","3","Suprabasal epithelial"
"AACTAGGCTTGGGTGT-1","Visium",1273,800,1238,782,"0","0","0","0","Basal epithelium"
"AACTCAAGTTAATTGC-1","Visium",33404,5109,1259,382,"11","11","8","11","Inflamed epithelium"
"AACTCCAGAGCGTGTT-1","Visium",629,448,883,439,"1","1","0","1","Basal epithelium"
"AACTCCTAATCCCATG-1","Visium",2565,1549,1785,1414,"5","2","1","2","Reticular stroma"
"AACTCGATAAACACGT-1","Visium",2522,1385,1738,1289,"4","3","2","3","Suprabasal epithelial"
"AACTCGATGGCGCAGT-1","Visium",2840,1464,1772,1297,"4","3","2","3","Suprabasal epithelial"
"AACTCTCAATAGAGCG-1","Visium",1124,731,1124,714,"1","1","0","1","Basal epithelium"
"AACTCTCAGTGTGCTC-1","Visium",796,567,936,558,"0","0","0","0","Basal epithelium"
"AACTGAGGTCAGCGTC-1","Visium",1731,1144,1497,1093,"5","2","1","2","Reticular stroma"
"AACTGAGTTATACTGA-1","Visium",859,567,968,548,"1","1","0","1","Basal epithelium"
"AACTGATATTAGGCCT-1","Visium",6176,3228,1194,902,"6","5","4","5","Basal epithelium"
"AACTGGGTCCCGACGT-1","Visium",2269,1367,1665,1289,"5","2","1","2","Reticular stroma"
"AACTGGGTTCGAGCCG-1","Visium",6139,2981,1203,825,"10","10","4","10","Reticular stroma"
"AACTGGTGTGGGCCTT-1","Visium",4130,1963,1272,801,"7","3","2","3","Suprabasal epithelial"
"AACTTCTGCGTCTATC-1","Visium",3354,1638,1754,1260,"3","4","3","4","Suprabasal epithelial"
"AACTTGCCCGTATGCA-1","Visium",21117,4956,1123,512,"3","4","3","4","Suprabasal epithelial"
"AACTTGCGTTCTCGCG-1","Visium",2319,1281,1676,1227,"3","4","3","4","Suprabasal epithelial"
"AACTTTACGGGAGCTT-1","Visium",2130,1157,1601,1122,"3","4","3","4","Suprabasal epithelial"
"AACTTTAGCTGCTGAG-1","Visium",3500,1767,1744,1277,"7","3","2","3","Suprabasal epithelial"
"AACTTTCTCGATCATG-1","Visium",1283,793,1242,772,"1","1","0","1","Basal epithelium"
"AAGAAAGTTTGATGGG-1","Visium",472,322,877,327,"0","0","0","0","Basal epithelium"
"AAGAAATCACCAGATT-1","Visium",1084,700,1090,678,"1","1","0","1","Basal epithelium"
"AAGAAGGATCAGTTAG-1","Visium",2911,1526,1817,1353,"3","4","3","4","Suprabasal epithelial"
"AAGACATACGTGGTTT-1","Visium",858,574,970,557,"1","1","0","1","Basal epithelium"
"AAGACCAAATAACTCA-1","Visium",998,642,1046,625,"0","0","0","0","Basal epithelium"
"AAGACCCAACTGAACA-1","Visium",625,443,863,430,"0","0","0","0","Basal epithelium"
"AAGACTAACCCGTTGT-1","Visium",1907,1114,1538,1081,"4","3","2","3","Suprabasal epithelial"
"AAGACTCACGCCCACT-1","Visium",2720,1584,1826,1438,"10","10","4","10","Reticular stroma"
"AAGACTGCAAGCTACT-1","Visium",8910,3472,1271,725,"2","7","1","7","Immune stroma"
"AAGAGATGAATCGGTA-1","Visium",15633,4102,1180,547,"3","4","3","4","Suprabasal epithelial"
"AAGAGCTCTTTATCGG-1","Visium",2162,1243,1616,1180,"8","6","5","6","Immune stroma"
"AAGAGGATGTACGCGA-1","Visium",1239,745,1214,730,"3","4","3","4","Suprabasal epithelial"
"AAGAGGCATGGATCGC-1","Visium",1911,1105,1540,1071,"1","1","0","1","Basal epithelium"
"AAGAGGCCCTTTGGAA-1","Visium",729,496,919,486,"1","1","0","1","Basal epithelium"
"AAGATGGCACCGGACC-1","Visium",744,513,934,508,"0","0","0","0","Basal epithelium"
"AAGATTGGCGGAACGT-1","Visium",3728,2219,1773,1422,"2","2","1","2","Reticular stroma"
"AAGCACCCTGCGTATC-1","Visium",1171,761,1161,745,"0","0","0","0","Basal epithelium"
"AAGCATACTCTCCTGA-1","Visium",955,619,1030,602,"0","0","0","0","Basal epithelium"
"AAGCCACTTGCAGGTA-1","Visium",573,398,918,394,"0","0","0","0","Basal epithelium"
"AAGCCGAAGCGGTTTA-1","Visium",748,517,917,505,"1","1","0","1","Basal epithelium"
"AAGCCGCCGTGAAATC-1","Visium",645,461,871,451,"0","0","0","0","Basal epithelium"
"AAGCCGCTTTACCTTG-1","Visium",1121,732,1115,707,"0","0","0","0","Basal epithelium"
"AAGCCGGAGAGCAGGA-1","Visium",673,467,892,461,"1","1","0","1","Basal epithelium"
"AAGCGCAGGGCTTTGA-1","Visium",869,613,969,599,"0","0","0","0","Basal epithelium"
"AAGCGGAGTGCGCGCA-1","Visium",1346,851,1270,814,"1","1","0","1","Basal epithelium"
"AAGCGGCGTCATGGGT-1","Visium",8624,4185,1479,1194,"5","2","1","2","Reticular stroma"
"AAGCGTCCCTCATCGA-1","Visium",751,522,922,514,"0","0","0","0","Basal epithelium"
"AAGCTAGATCGAGTAA-1","Visium",849,561,964,544,"1","1","0","1","Basal epithelium"
"AAGCTATGGATTGACC-1","Visium",634,430,889,419,"0","0","0","0","Basal epithelium"
"AAGCTCGTGCCAAGTC-1","Visium",10147,3844,1661,966,"2","2","1","2","Reticular stroma"
"AAGCTCTTTCATGGTG-1","Visium",967,616,1033,607,"0","0","0","0","Basal epithelium"
"AAGGAGAACTTATAAG-1","Visium",4160,1964,1204,727,"7","3","2","3","Suprabasal epithelial"
"AAGGAGCGGTTGGTGC-1","Visium",3190,1650,1863,1359,"2","2","1","2","Reticular stroma"
"AAGGATCGATCGCTTG-1","Visium",907,597,1002,587,"0","0","0","0","Basal epithelium"
"AAGGATGAGGGACCTC-1","Visium",1298,821,1206,757,"5","2","1","2","Reticular stroma"
"AAGGCAGGCTGTCTCC-1","Visium",830,562,956,550,"0","0","0","0","Basal epithelium"
"AAGGCGCGTAAAGCTT-1","Visium",93342,9111,1029,485,"11","11","8","11","Inflamed epithelium"
"AAGGCTGTGCTCATCG-1","Visium",11767,3756,1338,598,"2","7","1","7","Immune stroma"
"AAGGGAACGACTGGCT-1","Visium",778,546,928,537,"0","0","0","0","Basal epithelium"
"AAGGGACAGATTCTGT-1","Visium",1425,952,1324,911,"5","2","1","2","Reticular stroma"
"AAGGGACTATGCATTC-1","Visium",784,514,939,497,"0","0","0","0","Basal epithelium"
"AAGGGTTAGCCATGCG-1","Visium",1023,650,1061,634,"1","1","0","1","Basal epithelium"
"AAGGGTTTGATTTCAG-1","Visium",26,26,480,174,"0","0","0","0","Basal epithelium"
"AAGGTATCCTAATATA-1","Visium",2061,1290,1569,1203,"5","2","1","2","Reticular stroma"
"AAGGTGATAAACCAGC-1","Visium",1052,645,1085,635,"1","1","0","1","Basal epithelium"
"AAGTAAGCTTCCAAAC-1","Visium",2092,1227,1572,1179,"4","3","2","3","Suprabasal epithelial"
"AAGTAGAAGACCGGGT-1","Visium",38827,7486,1247,805,"6","5","4","5","Basal epithelium"
"AAGTAGTGACGCGAGG-1","Visium",105877,6996,1478,435,"11","11","8","11","Inflamed epithelium"
"AAGTCAATTGTCGTCA-1","Visium",996,633,1053,620,"1","1","0","1","Basal epithelium"
"AAGTCTAGTAGCTGCC-1","Visium",1401,874,1317,851,"1","1","0","1","Basal epithelium"
"AAGTCTTCTGTGGCCT-1","Visium",691,464,905,456,"0","0","0","0","Basal epithelium"
"AAGTGACGACCGAATT-1","Visium",1055,659,1077,640,"0","0","0","0","Basal epithelium"
"AAGTGAGTCGGGTTTA-1","Visium",447,320,848,325,"0","0","0","0","Basal epithelium"
"AAGTGCAAAGGTAGAC-1","Visium",2820,1434,1776,1290,"3","4","3","4","Suprabasal epithelial"
"AAGTGCCTTGACTGTA-1","Visium",1129,737,1126,719,"0","0","0","0","Basal epithelium"
"AAGTGCGTTAGAATCT-1","Visium",954,633,1020,617,"0","0","0","0","Basal epithelium"
"AAGTGCTTCTCTATTG-1","Visium",660,470,881,461,"0","0","0","0","Basal epithelium"
"AAGTGTTTGGAGACGG-1","Visium",856,586,972,577,"1","0","0","0","Basal epithelium"
"AAGTTCACTCCAAGCT-1","Visium",1017,658,1058,643,"0","0","0","0","Basal epithelium"
"AAGTTCAGTCTGCGTA-1","Visium",1537,999,1377,944,"2","2","1","2","Reticular stroma"
"AAGTTCGGCCAACAGG-1","Visium",1095,721,1098,698,"0","0","0","0","Basal epithelium"
"AAGTTGTGATGTTATA-1","Visium",1043,655,1068,637,"1","1","0","1","Basal epithelium"
"AAGTTTACTAATGGCA-1","Visium",7547,2888,1258,729,"7","3","2","3","Suprabasal epithelial"
"AAGTTTATGGGCCCAA-1","Visium",698,479,896,467,"0","0","0","0","Basal epithelium"
"AATAACAACGCTCGGC-1","Visium",7070,2338,1265,591,"3","4","3","4","Suprabasal epithelial"
"AATAACACTAGAACAA-1","Visium",972,658,1022,640,"0","0","0","0","Basal epithelium"
"AATAACGTCGCGCCCA-1","Visium",1040,663,1066,643,"1","1","0","1","Basal epithelium"
"AATAAGTCCTCGAGAC-1","Visium",21495,4177,1511,566,"12","9","7","9","Suprabasal epithelial"
"AATAATCTTCGTATCG-1","Visium",726,515,913,509,"1","1","0","1","Basal epithelium"
"AATACAATGTTTCAGG-1","Visium",3555,1706,1694,1192,"3","4","3","4","Suprabasal epithelial"
"AATACCGGAGGGCTGT-1","Visium",540,379,926,378,"0","0","0","0","Basal epithelium"
"AATACCTGATGTGAAC-1","Visium",1036,691,1064,671,"1","1","0","1","Basal epithelium"
"AATAGAACAGAGTGGC-1","Visium",723,507,895,493,"0","0","0","0","Basal epithelium"
"AATAGAATCTGTTTCA-1","Visium",1031,664,1061,645,"1","1","0","1","Basal epithelium"
"AATAGCAAGCCTCCTG-1","Visium",1869,1230,1566,1181,"10","10","4","10","Reticular stroma"
"AATAGCTACCGCGTGC-1","Visium",1257,827,1199,781,"5","2","1","2","Reticular stroma"
"AATAGGCACGACCCTT-1","Visium",537,389,930,386,"0","0","0","0","Basal epithelium"
"AATAGTCCGTCCCGAC-1","Visium",1098,706,1104,689,"0","0","0","0","Basal epithelium"
"AATAGTCGCGAGTCGG-1","Visium",2274,1223,1638,1171,"3","4","3","4","Suprabasal epithelial"
"AATATCAAGGTCGGAT-1","Visium",3165,1573,1821,1323,"7","3","2","3","Suprabasal epithelial"
"AATATCCTAGCAAACT-1","Visium",1024,655,1055,635,"0","0","0","0","Basal epithelium"
"AATATCGAATCAATGC-1","Visium",817,545,954,528,"1","1","0","1","Basal epithelium"
"AATATCGAGGGTTCTC-1","Visium",2067,1307,1597,1246,"8","6","5","6","Immune stroma"
"AATATTGGAGTATTGA-1","Visium",2560,1231,1683,1136,"3","4","3","4","Suprabasal epithelial"
"AATCAGACTGCAGGAC-1","Visium",1505,915,1371,892,"4","3","2","3","Suprabasal epithelial"
"AATCAGGTTTCATTTA-1","Visium",731,497,919,487,"0","0","0","0","Basal epithelium"
"AATCATGTAAAGACTC-1","Visium",1132,708,1137,696,"1","1","0","1","Basal epithelium"
"AATCCAAGGGCCTGAG-1","Visium",28036,5669,1249,569,"7","9","7","9","Suprabasal epithelial"
"AATCCATGCAAGGGTG-1","Visium",2015,1124,1567,1088,"4","3","2","3","Suprabasal epithelial"
"AATCCCGCTCAGAGCC-1","Visium",704,483,898,472,"1","1","0","1","Basal epithelium"
"AATCGAGGTCTCAAGG-1","Visium",770,534,928,520,"1","1","0","1","Basal epithelium"
"AATCGCCTCAGCGCCA-1","Visium",2201,1240,1626,1182,"1","1","0","1","Basal epithelium"
"AATCGCGCAGAGGACT-1","Visium",768,536,924,520,"1","1","0","1","Basal epithelium"
"AATCGGGACACTACGA-1","Visium",15499,3949,1269,590,"7","9","7","9","Suprabasal epithelial"
"AATCGGTATAGCCCTC-1","Visium",984,646,1038,631,"1","1","0","1","Basal epithelium"
"AATCGTGAGCCGAGCA-1","Visium",797,559,943,546,"0","0","0","0","Basal epithelium"
"AATCTAGGTTTACTTG-1","Visium",1093,731,1094,708,"0","0","0","0","Basal epithelium"
"AATCTATGCCGGAGCC-1","Visium",3227,1919,1943,1582,"8","6","5","6","Immune stroma"
"AATCTCTACTGTGGTT-1","Visium",907,594,999,579,"0","0","0","0","Basal epithelium"
"AATCTGCGTTGGGACG-1","Visium",1600,1034,1424,1000,"8","6","5","6","Immune stroma"
"AATCTGGCTTTCTAGT-1","Visium",1105,758,1097,731,"0","0","0","0","Basal epithelium"
"AATCTGGGTAGACCCT-1","Visium",4619,2428,996,648,"10","10","4","10","Reticular stroma"
"AATGACAGCAATGTCT-1","Visium",1069,700,1085,683,"0","0","0","0","Basal epithelium"
"AATGACGTAGGATGTC-1","Visium",1328,827,1266,800,"1","1","0","1","Basal epithelium"
"AATGACTGTCAGCCGG-1","Visium",5194,2741,1049,700,"5","2","1","2","Reticular stroma"
"AATGAGTTCGCATATG-1","Visium",2550,1356,1736,1272,"3","4","3","4","Suprabasal epithelial"
"AATGATGATACGCTAT-1","Visium",1659,1104,1429,1034,"5","2","1","2","Reticular stroma"
"AATGATGCGACTCCTG-1","Visium",1919,1254,1592,1197,"8","6","5","6","Immune stroma"
"AATGCAACCGGGTACC-1","Visium",3870,2009,1535,1091,"2","2","1","2","Reticular stroma"
"AATGCACCAAGCAATG-1","Visium",4129,2115,1376,878,"2","2","1","2","Reticular stroma"
"AATGGCCGCCAATGCG-1","Visium",1356,856,1280,823,"1","1","0","1","Basal epithelium"
"AATGGTCCACCGTTCA-1","Visium",3608,1689,1625,1117,"3","4","3","4","Suprabasal epithelial"
"AATGGTTCTCACAAGC-1","Visium",8757,3121,1306,778,"7","3","2","3","Suprabasal epithelial"
"AATGTATGGCACTGTA-1","Visium",1743,1054,1488,1031,"0","0","0","0","Basal epithelium"
"AATGTGCCCGAGGTGT-1","Visium",906,617,989,599,"0","0","0","0","Basal epithelium"
"AATGTGCTAATCTGAG-1","Visium",661,478,865,466,"0","0","0","0","Basal epithelium"
"AATGTTAAGACCCTGA-1","Visium",1034,664,1065,645,"1","1","0","1","Basal epithelium"
"AATGTTGTCGTGAGAC-1","Visium",935,612,1014,598,"1","1","0","1","Basal epithelium"
"AATTAAAGGTCGGCGT-1","Visium",2140,1159,1570,1101,"9","8","6","8","Inflamed epithelium"
"AATTAACGGATTTCCA-1","Visium",691,472,900,464,"0","0","0","0","Basal epithelium"
"AATTACGAGACCCATC-1","Visium",1635,993,1427,960,"0","0","0","0","Basal epithelium"
"AATTACTCGTACGCTC-1","Visium",2111,1192,1583,1141,"4","3","2","3","Suprabasal epithelial"
"AATTAGCGCTGCAGCG-1","Visium",794,523,946,509,"0","0","0","0","Basal epithelium"
"AATTATACCCAGCAAG-1","Visium",1048,702,1070,682,"1","1","0","1","Basal epithelium"
"AATTCATAAGGGATCT-1","Visium",1727,1082,1471,1022,"5","2","1","2","Reticular stroma"
"AATTCATTGTCATGCA-1","Visium",1087,681,1100,665,"0","0","0","0","Basal epithelium"
"AATTCCAACTTGGTGA-1","Visium",2478,1348,1714,1267,"4","3","2","3","Suprabasal epithelial"
"AATTCCAAGCATGTAC-1","Visium",1218,781,1194,759,"0","0","0","0","Basal epithelium"
"AATTCGATTCGAGGAT-1","Visium",899,608,993,594,"0","0","0","0","Basal epithelium"
"AATTCTAGAGTTAGGC-1","Visium",1111,721,1113,702,"0","0","0","0","Basal epithelium"
"AATTGAACGCTCTGGT-1","Visium",1040,687,1068,671,"1","1","0","1","Basal epithelium"
"AATTGCAGCAATCGAC-1","Visium",871,570,977,559,"1","1","0","1","Basal epithelium"
"AATTGCGTGGATTACA-1","Visium",960,608,1024,591,"0","0","0","0","Basal epithelium"
"AATTGTGGTTGCCAAA-1","Visium",674,458,892,448,"1","1","0","1","Basal epithelium"
"AATTTGGGACATAGTA-1","Visium",1373,899,1295,864,"5","2","1","2","Reticular stroma"
"AATTTGGTTCCAAAGA-1","Visium",21810,6097,1330,937,"6","5","4","5","Basal epithelium"
"ACAAACCATGCGTCCT-1","Visium",973,651,1029,636,"0","0","0","0","Basal epithelium"
"ACAAACCGACAAGGCG-1","Visium",3506,1904,1820,1414,"4","3","2","3","Suprabasal epithelial"
"ACAAACTCCATCAGAG-1","Visium",555,397,960,395,"0","0","0","0","Basal epithelium"
"ACAAAGAAGGTAGGCC-1","Visium",734,500,927,492,"0","0","0","0","Basal epithelium"
"ACAAAGCATGACCTAG-1","Visium",880,560,995,551,"1","1","0","1","Basal epithelium"
"ACAAATCGCACCGAAT-1","Visium",856,559,975,546,"0","0","0","0","Basal epithelium"
"ACAAATGGTAGTGTTT-1","Visium",1001,651,1048,635,"1","1","0","1","Basal epithelium"
"ACAAATTCAGATCTGA-1","Visium",2637,1763,1839,1557,"5","2","1","2","Reticular stroma"
"ACAACAGCATGAGCTA-1","Visium",4891,2333,974,440,"2","7","1","7","Immune stroma"
"ACAACGGTCCCTGCGA-1","Visium",7079,2646,1221,694,"3","4","3","4","Suprabasal epithelial"
"ACAAGCAGTGCCTAGC-1","Visium",16235,4426,1152,575,"3","4","3","4","Suprabasal epithelial"
"ACAAGCTATATGGAAG-1","Visium",1054,655,1087,644,"0","0","0","0","Basal epithelium"
"ACAAGGAAATCCGCCC-1","Visium",853,570,974,560,"0","0","0","0","Basal epithelium"
"ACAAGGACAAGAGGTT-1","Visium",43847,6415,1081,386,"11","11","8","11","Inflamed epithelium"
"ACAAGGATGCTTTAGG-1","Visium",834,566,960,553,"0","0","0","0","Basal epithelium"
"ACAAGGCCTACCAGCC-1","Visium",1980,1263,1582,1207,"10","10","4","10","Reticular stroma"
"ACAAGGGCAGGCTCTG-1","Visium",1313,807,1263,788,"0","0","0","0","Basal epithelium"
"ACAAGTAATTGTAAGG-1","Visium",389,301,777,310,"0","0","0","0","Basal epithelium"
"ACAATAGTCGTACGTT-1","Visium",959,630,1020,612,"0","0","0","0","Basal epithelium"
"ACAATCCATTTAAACC-1","Visium",14305,3520,1288,529,"3","4","3","4","Suprabasal epithelial"
"ACAATCGATCTTTATA-1","Visium",4885,2186,1046,560,"7","3","2","3","Suprabasal epithelial"
"ACAATGAATACGGAGA-1","Visium",784,560,924,543,"0","0","0","0","Basal epithelium"
"ACAATGATTCTTCTAC-1","Visium",2578,1624,1817,1482,"5","2","1","2","Reticular stroma"
"ACAATTGTGTCTCTTT-1","Visium",1148,726,1135,702,"1","1","0","1","Basal epithelium"
"ACAATTTAGGAGGCTC-1","Visium",2863,1428,1759,1253,"3","4","3","4","Suprabasal epithelial"
"ACAATTTGAGCAGTGG-1","Visium",1881,1149,1505,1063,"5","2","1","2","Reticular stroma"
"ACAATTTGGCCATATT-1","Visium",911,591,988,571,"0","0","0","0","Basal epithelium"
"ACACAAAGACGGGTGG-1","Visium",2517,1518,1767,1400,"5","2","1","2","Reticular stroma"
"ACACAAATATTCCTAG-1","Visium",1357,858,1272,817,"1","1","0","1","Basal epithelium"
"ACACACCAGGACCAGT-1","Visium",1261,761,1234,746,"0","0","0","0","Basal epithelium"
"ACACACTTTCTACACG-1","Visium",16780,5914,1337,1025,"6","5","4","5","Basal epithelium"
"ACACATGATCAAATCT-1","Visium",839,572,965,559,"0","0","0","0","Basal epithelium"
"ACACATTGACGCAACA-1","Visium",1633,988,1444,967,"4","3","2","3","Suprabasal epithelial"
"ACACATTTCCGTAGAC-1","Visium",929,612,1009,598,"0","0","0","0","Basal epithelium"
"ACACCACATAATTAGC-1","Visium",898,602,989,589,"0","0","0","0","Basal epithelium"
"ACACCCAGCATGCAGC-1","Visium",5455,2868,1088,719,"2","2","1","2","Reticular stroma"
"ACACCCGAGAAATCCG-1","Visium",57444,5531,1739,559,"12","9","7","9","Suprabasal epithelial"
"ACACCCGTAAATCTGT-1","Visium",1698,1038,1479,1013,"1","1","0","1","Basal epithelium"
"ACACCGAGCGCTCTTT-1","Visium",1907,1126,1554,1098,"1","1","0","1","Basal epithelium"
"ACACCGGTCTGACCGC-1","Visium",852,569,965,555,"0","0","0","0","Basal epithelium"
"ACACCTTAAGTAGGGC-1","Visium",3130,1771,1897,1495,"5","2","1","2","Reticular stroma"
"ACACCTTACTACTTGC-1","Visium",1190,778,1167,757,"0","0","0","0","Basal epithelium"
"ACACGAGACTCCTTCT-1","Visium",5881,2716,1120,612,"2","7","1","7","Immune stroma"
"ACACGGCACTATGCAT-1","Visium",40405,6931,1241,695,"12","9","7","9","Suprabasal epithelial"
"ACACGGGAACTTAGGG-1","Visium",4393,2300,971,548,"2","2","1","2","Reticular stroma"
"ACACGTAGGCCACAAG-1","Visium",755,510,921,498,"1","1","0","1","Basal epithelium"
"ACACTCCAATGTCACT-1","Visium",2768,1485,1786,1340,"3","4","3","4","Suprabasal epithelial"
"ACACTGATCAAGGTGT-1","Visium",787,555,937,547,"0","0","0","0","Basal epithelium"
"ACACTGGGACAGTCGT-1","Visium",614,435,882,430,"1","1","0","1","Basal epithelium"
"ACAGAACTGAGAACAA-1","Visium",841,587,952,577,"0","0","0","0","Basal epithelium"
"ACAGATTAGGTTAGTG-1","Visium",8675,3196,1357,854,"7","3","2","3","Suprabasal epithelial"
"ACAGCATAGAGCCAGT-1","Visium",75848,8296,1183,567,"12","9","7","9","Suprabasal epithelial"
"ACAGCGACATTCTCAT-1","Visium",994,655,1044,640,"1","1","0","1","Basal epithelium"
"ACAGCGCACCCGCAGC-1","Visium",3536,2159,1872,1557,"6","5","4","5","Basal epithelium"
"ACAGGAGGCGCAGCCG-1","Visium",2470,1353,1723,1273,"4","3","2","3","Suprabasal epithelial"
"ACAGGCACGGATCCTT-1","Visium",942,634,1008,624,"1","1","0","1","Basal epithelium"
"ACAGGCTTGCCCGACT-1","Visium",962,612,1026,596,"1","1","0","1","Basal epithelium"
"ACAGGTGGAGGTGAGG-1","Visium",628,450,878,441,"0","0","0","0","Basal epithelium"
"ACAGGTGTGTTGTTGC-1","Visium",849,552,974,538,"0","0","0","0","Basal epithelium"
"ACAGTAATACAACTTG-1","Visium",921,589,1005,573,"0","0","0","0","Basal epithelium"
"ACAGTATACCGTGGGA-1","Visium",1419,878,1300,829,"8","6","5","6","Immune stroma"
"ACAGTGCAGCGCATTT-1","Visium",1368,848,1287,818,"1","1","0","1","Basal epithelium"
"ACATAAGTCGTGGTGA-1","Visium",888,578,986,559,"1","1","0","1","Basal epithelium"
"ACATAATAAGGCGGTG-1","Visium",1393,888,1309,862,"5","2","1","2","Reticular stroma"
"ACATACAATCAAGCGG-1","Visium",758,508,933,499,"1","1","0","1","Basal epithelium"
"ACATCAGCTGGGACGC-1","Visium",3042,1523,1791,1296,"3","4","3","4","Suprabasal epithelial"
"ACATCCCGGCCATACG-1","Visium",1253,769,1228,754,"0","0","0","0","Basal epithelium"
"ACATCCTGGTAACTGT-1","Visium",1051,696,1079,683,"0","0","0","0","Basal epithelium"
"ACATCGATCGTTTACC-1","Visium",2413,1299,1675,1219,"9","8","6","8","Inflamed epithelium"
"ACATCGCAATATTCGG-1","Visium",425,315,834,321,"0","0","0","0","Basal epithelium"
"ACATCGGTCAGCCGCG-1","Visium",1480,885,1353,861,"0","0","0","0","Basal epithelium"
"ACATCGTATGCAATGG-1","Visium",1147,745,1140,729,"1","1","0","1","Basal epithelium"
"ACATCGTTAACCTAGT-1","Visium",10263,4680,1599,1323,"6","5","4","5","Basal epithelium"
"ACATCTCAACGCGTAA-1","Visium",21528,4934,1266,617,"7","9","7","9","Suprabasal epithelial"
"ACATGCTTACGGCAGC-1","Visium",660,483,862,471,"0","0","0","0","Basal epithelium"
"ACATGGCGCCAAAGTA-1","Visium",770,508,939,497,"0","0","0","0","Basal epithelium"
"ACATGGCTCAATTTAG-1","Visium",1474,932,1355,899,"0","0","0","0","Basal epithelium"
"ACATTAGTTTATATCC-1","Visium",1321,832,1272,812,"0","0","0","0","Basal epithelium"
"ACATTCGCGCGGAATA-1","Visium",483,328,887,326,"0","0","0","0","Basal epithelium"
"ACATTTGAAACCTAAC-1","Visium",1082,705,1091,687,"1","1","0","1","Basal epithelium"
"ACCAAACACCCAGCGA-1","Visium",1531,1070,1379,1009,"5","2","1","2","Reticular stroma"
"ACCAAACTAGAAATCC-1","Visium",5205,2323,1094,629,"7","3","2","3","Suprabasal epithelial"
"ACCAACACCACACACT-1","Visium",1478,1024,1331,951,"5","2","1","2","Reticular stroma"
"ACCAACCGCACTCCAC-1","Visium",1167,730,1160,717,"1","1","0","1","Basal epithelium"
"ACCAACGCTTATTTAT-1","Visium",898,635,977,617,"0","0","0","0","Basal epithelium"
"ACCAAGAACGCGTGTC-1","Visium",26534,7160,1406,1066,"6","5","4","5","Basal epithelium"
"ACCAAGTCATCGGCAG-1","Visium",956,632,1031,620,"1","1","0","1","Basal epithelium"
"ACCAATATGCAAGTTA-1","Visium",1135,716,1135,699,"1","1","0","1","Basal epithelium"
"ACCACAACTCAGAACA-1","Visium",39360,8367,1436,1134,"6","5","4","5","Basal epithelium"
"ACCACAAGTTTCTATC-1","Visium",3558,1856,1742,1285,"2","7","1","7","Immune stroma"
"ACCACACGGTTGATGG-1","Visium",1020,665,1055,649,"1","1","0","1","Basal epithelium"
"ACCACCAATGTAACAA-1","Visium",1030,684,1066,671,"1","1","0","1","Basal epithelium"
"ACCACCCTCTCTTCTA-1","Visium",1868,1162,1553,1127,"8","6","5","6","Immune stroma"
"ACCACGTGCAGCTATA-1","Visium",1024,641,1062,627,"1","1","0","1","Basal epithelium"
"ACCACTGTTCAAGAAG-1","Visium",1987,1116,1563,1089,"4","3","2","3","Suprabasal epithelial"
"ACCAGACCATAACAAC-1","Visium",837,545,964,528,"1","1","0","1","Basal epithelium"
"ACCAGCCCGGTCTTTG-1","Visium",16656,4626,1222,653,"7","9","7","9","Suprabasal epithelial"
"ACCAGGAGTGTGATCT-1","Visium",3532,1736,1711,1224,"7","3","2","3","Suprabasal epithelial"
"ACCAGTGCCCGGTCAA-1","Visium",3203,2014,1952,1633,"2","2","1","2","Reticular stroma"
"ACCAGTGCGGGAGACG-1","Visium",722,476,912,461,"1","1","0","1","Basal epithelium"
"ACCATATCCGCAATAA-1","Visium",8848,2743,1292,606,"9","8","6","8","Inflamed epithelium"
"ACCATCCGCCAACTAG-1","Visium",1051,672,1074,653,"0","0","0","0","Basal epithelium"
"ACCATCGTATATGGTA-1","Visium",1992,1132,1553,1084,"9","0","0","0","Basal epithelium"
"ACCATTAAGGGTGTCA-1","Visium",1849,1099,1537,1068,"4","3","2","3","Suprabasal epithelial"
"ACCCAACGCCCGTGGC-1","Visium",2502,1516,1756,1392,"8","6","5","6","Immune stroma"
"ACCCACCTACATGCTC-1","Visium",7939,2944,1223,699,"3","4","3","4","Suprabasal epithelial"
"ACCCATCTTGAGGGTA-1","Visium",51420,4733,1818,488,"11","11","8","11","Inflamed epithelium"
"ACCCATTTGTCCCTCT-1","Visium",1040,682,1062,663,"1","1","0","1","Basal epithelium"
"ACCCGAGCGAAATTAC-1","Visium",736,516,907,499,"0","0","0","0","Basal epithelium"
"ACCCGATTGGTTCCGA-1","Visium",781,516,949,508,"0","0","0","0","Basal epithelium"
"ACCCGGAAACTCCCAG-1","Visium",729,496,915,483,"0","0","0","0","Basal epithelium"
"ACCCGGAGCACCACAA-1","Visium",849,550,970,539,"1","1","0","1","Basal epithelium"
"ACCCGGATGACGCATC-1","Visium",1071,713,1091,698,"0","0","0","0","Basal epithelium"
"ACCCGGTTACACTTCC-1","Visium",1794,1018,1495,990,"9","8","6","8","Inflamed epithelium"
"ACCCGTAGCAGAGAAT-1","Visium",867,554,987,541,"0","0","0","0","Basal epithelium"
"ACCCGTAGTCTAGTTG-1","Visium",867,570,981,553,"1","1","0","1","Basal epithelium"
"ACCCGTGTCATCAGTA-1","Visium",786,546,935,535,"0","0","0","0","Basal epithelium"
"ACCCTATAGGACTGAG-1","Visium",2120,1165,1581,1131,"1","1","0","1","Basal epithelium"
"ACCCTATGCCATATCG-1","Visium",936,638,1008,630,"0","0","0","0","Basal epithelium"
"ACCCTCCCGTCAGGGC-1","Visium",1002,631,1050,616,"1","1","0","1","Basal epithelium"
"ACCCTCCCTTGCTATT-1","Visium",1060,655,1083,634,"1","1","0","1","Basal epithelium"
"ACCCTGGTAACGCCCT-1","Visium",1831,1200,1537,1150,"8","6","5","6","Immune stroma"
"ACCCTTCATCTGCGAA-1","Visium",13216,4842,1255,871,"6","5","4","5","Basal epithelium"
"ACCCTTGCCTGGGTCG-1","Visium",1224,792,1201,773,"0","0","0","0","Basal epithelium"
"ACCCTTTAGTTCTCCA-1","Visium",57469,9007,1257,890,"6","5","4","5","Basal epithelium"
"ACCGAAAGGGCCCTGC-1","Visium",9773,3373,1344,777,"7","9","7","9","Suprabasal epithelial"
"ACCGAAGAGTCTGGTT-1","Visium",1116,709,1117,689,"0","0","0","0","Basal epithelium"
"ACCGACACATCTCCCA-1","Visium",891,608,983,595,"1","0","0","0","Basal epithelium"
"ACCGACTGAGTCCCAC-1","Visium",13281,3686,1428,448,"2","7","1","7","Immune stroma"
"ACCGAGTCTCCTTATT-1","Visium",1085,734,1097,721,"0","0","0","0","Basal epithelium"
"ACCGATAGGCATAACC-1","Visium",775,506,946,491,"1","1","0","1","Basal epithelium"
"ACCGATATTTAATCAT-1","Visium",836,547,965,535,"1","1","0","1","Basal epithelium"
"ACCGATGGTAGCATCG-1","Visium",1122,724,1129,713,"0","0","0","0","Basal epithelium"
"ACCGCAATAACTGCCT-1","Visium",1065,674,1090,660,"1","1","0","1","Basal epithelium"
"ACCGCGGTGGAAGTCG-1","Visium",685,473,888,460,"1","1","0","1","Basal epithelium"
"ACCGCTAGTCATTGGT-1","Visium",622,436,871,424,"0","0","0","0","Basal epithelium"
"ACCGGGCCTTTGTTGA-1","Visium",956,633,1018,613,"1","1","0","1","Basal epithelium"
"ACCGGTCAGGTACACC-1","Visium",912,638,989,625,"0","0","0","0","Basal epithelium"
"ACCGGTCTGAGTACGG-1","Visium",2393,1472,1726,1385,"10","10","4","10","Reticular stroma"
"ACCGTCCACTGGGCCC-1","Visium",1235,773,1212,754,"1","1","0","1","Basal epithelium"
"ACCGTGACCACGTGGG-1","Visium",433,324,829,329,"0","0","0","0","Basal epithelium"
"ACCGTTCCCGCTCTGA-1","Visium",9120,3230,1315,765,"7","3","2","3","Suprabasal epithelial"
"ACCTAAGTACCTTTCA-1","Visium",996,680,1035,663,"0","0","0","0","Basal epithelium"
"ACCTAATCGACTTCCT-1","Visium",51213,5702,1530,472,"11","11","8","11","Inflamed epithelium"
"ACCTACAGTATGTGGT-1","Visium",1021,658,1060,640,"1","1","0","1","Basal epithelium"
"ACCTACTATAAATCTA-1","Visium",651,449,886,441,"1","1","0","1","Basal epithelium"
"ACCTCAGCGAGGCGCA-1","Visium",970,631,1035,621,"0","0","0","0","Basal epithelium"
"ACCTCCGCCCTCGCTG-1","Visium",1006,634,1049,618,"1","1","0","1","Basal epithelium"
"ACCTCCGTTATTCACC-1","Visium",1097,722,1103,706,"0","0","0","0","Basal epithelium"
"ACCTCGAACTTATGCT-1","Visium",886,578,999,567,"0","0","0","0","Basal epithelium"
"ACCTGCGTGTCATGTT-1","Visium",1050,697,1070,676,"0","0","0","0","Basal epithelium"
"ACCTTTCCTTTAGAAG-1","Visium",3617,1817,1676,1221,"7","3","2","3","Suprabasal epithelial"
"ACGAAATGGGCGGCAC-1","Visium",9057,3032,1276,689,"3","4","3","4","Suprabasal epithelial"
"ACGACCCATGAGTTGC-1","Visium",805,524,950,508,"1","1","0","1","Basal epithelium"
"ACGACTCTAGGGCCGA-1","Visium",838,549,965,535,"1","1","0","1","Basal epithelium"
"ACGACTGGTCATACTC-1","Visium",733,517,907,505,"0","0","0","0","Basal epithelium"
"ACGAGAACCCATCACG-1","Visium",2840,1505,1791,1343,"4","3","2","3","Suprabasal epithelial"
"ACGAGATATTTGCTTA-1","Visium",10107,4702,1564,1277,"6","5","4","5","Basal epithelium"
"ACGAGGATACCACTCT-1","Visium",1198,774,1180,756,"0","0","0","0","Basal epithelium"
"ACGAGGTTTACAACGT-1","Visium",1168,749,1157,734,"0","0","0","0","Basal epithelium"
"ACGAGTACGGATGCCC-1","Visium",1854,1220,1570,1178,"8","6","5","6","Immune stroma"
"ACGAGTCGCCGGCGTT-1","Visium",2519,1385,1725,1295,"4","3","2","3","Suprabasal epithelial"
"ACGATACATAGAACTA-1","Visium",3789,2040,1675,1230,"2","2","1","2","Reticular stroma"
"ACGATACCTATCCTGA-1","Visium",1666,944,1445,922,"3","4","3","4","Suprabasal epithelial"
"ACGATCATACATAGAG-1","Visium",5791,2425,1146,527,"2","7","1","7","Immune stroma"
"ACGATCATCTTGTAAA-1","Visium",1187,770,1165,748,"0","0","0","0","Basal epithelium"
"ACGATGCATATGTTAT-1","Visium",90886,6811,1363,362,"11","11","8","11","Inflamed epithelium"
"ACGATGGATCCGATGC-1","Visium",19284,6081,1359,1022,"6","5","4","5","Basal epithelium"
"ACGCAAACTAATAGAT-1","Visium",588,436,880,424,"0","0","0","0","Basal epithelium"
"ACGCAATCACTACAGC-1","Visium",3126,1897,1929,1593,"8","6","5","6","Immune stroma"
"ACGCATAAATGACATG-1","Visium",1386,920,1305,886,"10","10","4","10","Reticular stroma"
"ACGCATACGTTTACTA-1","Visium",1143,743,1143,731,"1","1","0","1","Basal epithelium"
"ACGCATTCGTGAGTAC-1","Visium",12472,4625,1544,974,"2","7","1","7","Immune stroma"
"ACGCCACTCGAAACAG-1","Visium",659,448,890,441,"0","0","0","0","Basal epithelium"
"ACGCCAGATGATTTCT-1","Visium",4441,2241,962,470,"2","7","1","7","Immune stroma"
"ACGCCAGTGCGTTTGC-1","Visium",1079,691,1089,672,"1","1","0","1","Basal epithelium"
"ACGCCCAGCTGTCGAT-1","Visium",7358,2980,1255,791,"7","3","2","3","Suprabasal epithelial"
"ACGCCGCTAGACGACC-1","Visium",1183,740,1164,723,"0","0","0","0","Basal epithelium"
"ACGCCTGACACGCGCT-1","Visium",1407,841,1327,830,"4","3","2","3","Suprabasal epithelial"
"ACGCGAAGTCAGACGA-1","Visium",1101,698,1110,683,"0","0","0","0","Basal epithelium"
"ACGCGCTACACAGGGT-1","Visium",1181,730,1168,714,"0","0","0","0","Basal epithelium"
"ACGCGGGCCAAGGACA-1","Visium",17681,5308,1394,599,"2","7","1","7","Immune stroma"
"ACGCGTTTCTTAAGAG-1","Visium",2393,1252,1688,1209,"3","4","3","4","Suprabasal epithelial"
"ACGCTACTGAATGGGC-1","Visium",956,628,1021,613,"1","1","0","1","Basal epithelium"
"ACGCTAGTATCAGTGC-1","Visium",1765,1072,1493,1033,"1","1","0","1","Basal epithelium"
"ACGCTAGTGATACACT-1","Visium",2164,1366,1635,1306,"8","6","5","6","Immune stroma"
"ACGCTGTGAGGCGTAG-1","Visium",925,607,1013,596,"0","0","0","0","Basal epithelium"
"ACGCTTAGTGTCTCTC-1","Visium",12684,4314,1246,775,"7","3","2","3","Suprabasal epithelial"
"ACGGAACACGAGTGCC-1","Visium",942,616,1015,598,"1","1","0","1","Basal epithelium"
"ACGGAATTTAGCAAAT-1","Visium",3182,1612,1782,1316,"4","3","2","3","Suprabasal epithelial"
"ACGGACGCAGCGACAA-1","Visium",708,480,919,473,"0","0","0","0","Basal epithelium"
"ACGGACTCTCAAAGCG-1","Visium",774,523,934,502,"0","0","0","0","Basal epithelium"
"ACGGAGCGCAAATTAC-1","Visium",1223,813,1179,771,"5","2","1","2","Reticular stroma"
"ACGGATGGTGCGGATA-1","Visium",836,549,965,536,"0","0","0","0","Basal epithelium"
"ACGGCACTTGCTTGGG-1","Visium",987,648,1032,626,"0","0","0","0","Basal epithelium"
"ACGGCCAACATGGACT-1","Visium",726,493,909,481,"0","0","0","0","Basal epithelium"
"ACGGCGACGATGGGAA-1","Visium",669,444,906,442,"1","1","0","1","Basal epithelium"
"ACGGCGGGTTGCCCTG-1","Visium",1909,1081,1541,1046,"4","3","2","3","Suprabasal epithelial"
"ACGGCTGGATGTAGAA-1","Visium",856,576,971,567,"0","0","0","0","Basal epithelium"
"ACGGGAGTGTCGGCCC-1","Visium",924,599,1009,588,"0","0","0","0","Basal epithelium"
"ACGGGCGTATGCGACA-1","Visium",5943,3226,1198,874,"2","2","1","2","Reticular stroma"
"ACGGGTCATGTGACTT-1","Visium",2415,1319,1691,1240,"3","4","3","4","Suprabasal epithelial"
"ACGGGTTGTGACCTGT-1","Visium",860,600,960,587,"1","1","0","1","Basal epithelium"
"ACGGTACAGTTCAATG-1","Visium",924,610,995,585,"1","1","0","1","Basal epithelium"
"ACGGTCACCGAGAACA-1","Visium",739,501,917,489,"0","0","0","0","Basal epithelium"
"ACGTACAGATTTCTCT-1","Visium",31346,6511,1223,714,"12","9","7","9","Suprabasal epithelial"
"ACGTACTTTGGCACGG-1","Visium",531,383,929,377,"0","0","0","0","Basal epithelium"
"ACGTAGATTGCTGATG-1","Visium",12456,3896,1443,605,"2","7","1","7","Immune stroma"
"ACGTAGGAGAGTCGCT-1","Visium",684,477,883,463,"0","0","0","0","Basal epithelium"
"ACGTATTACTCCGATC-1","Visium",1138,722,1131,699,"1","1","0","1","Basal epithelium"
"ACGTCCTAAACGAGAT-1","Visium",3660,1822,1660,1193,"7","3","2","3","Suprabasal epithelial"
"ACGTCGGGCAACTCGG-1","Visium",473,343,874,345,"1","1","0","1","Basal epithelium"
"ACGTCTCGTTCCGGGA-1","Visium",756,499,936,489,"0","0","0","0","Basal epithelium"
"ACGTGACAAAGTAAGT-1","Visium",954,616,1025,601,"1","1","0","1","Basal epithelium"
"ACGTGCGCCTCGTGCA-1","Visium",1299,865,1260,850,"5","2","1","2","Reticular stroma"
"ACGTGGTCGAATGTGC-1","Visium",5718,2598,1096,658,"7","3","2","3","Suprabasal epithelial"
"ACGTTAATGTCGAAGA-1","Visium",1781,1004,1481,971,"9","8","6","8","Inflamed epithelium"
"ACGTTAGATTTGCCCG-1","Visium",4145,1720,1237,642,"3","4","3","4","Suprabasal epithelial"
"ACGTTATTGGTCACTC-1","Visium",2862,1479,1781,1306,"3","4","3","4","Suprabasal epithelial"
"ACGTTCACTATGCCGC-1","Visium",669,474,877,468,"0","0","0","0","Basal epithelium"
"ACGTTCCGCGCTCCGT-1","Visium",6062,2516,1184,671,"7","3","2","3","Suprabasal epithelial"
"ACGTTCGCAATCAATT-1","Visium",1026,681,1057,663,"0","0","0","0","Basal epithelium"
"ACGTTCGTTCAGGAAA-1","Visium",656,486,867,477,"0","0","0","0","Basal epithelium"
"ACGTTCTGTACAAGTC-1","Visium",1123,726,1118,703,"1","1","0","1","Basal epithelium"
"ACGTTGTCGTTGAAAG-1","Visium",491,364,878,365,"0","0","0","0","Basal epithelium"
"ACGTTTAGTTGTGATC-1","Visium",4201,2353,1213,882,"10","10","4","10","Reticular stroma"
"ACGTTTCGGTGCACTT-1","Visium",1164,740,1156,726,"1","1","0","1","Basal epithelium"
"ACTAAGGACGCACACC-1","Visium",1359,854,1281,818,"1","1","0","1","Basal epithelium"
"ACTAATACGTCAGGCG-1","Visium",5236,2850,1057,739,"6","5","4","5","Basal epithelium"
"ACTACAAAGAGAGGTG-1","Visium",494,354,882,354,"0","0","0","0","Basal epithelium"
"ACTACATCCCGACAAG-1","Visium",991,647,1042,633,"0","0","0","0","Basal epithelium"
"ACTACCAGCTCTCTGG-1","Visium",14858,5747,1264,983,"6","5","4","5","Basal epithelium"
"ACTACCATCCGAGGGC-1","Visium",503,375,876,367,"0","0","0","0","Basal epithelium"
"ACTACGCGTTAGAATT-1","Visium",1096,712,1090,682,"1","1","0","1","Basal epithelium"
"ACTAGTTGCGATCGTC-1","Visium",684,450,900,437,"1","1","0","1","Basal epithelium"
"ACTATATGCTGTGTTC-1","Visium",2505,1530,1736,1356,"2","2","1","2","Reticular stroma"
"ACTATCCAGGGCATGG-1","Visium",719,501,905,490,"0","0","0","0","Basal epithelium"
"ACTATCGCCGGCTAAA-1","Visium",2285,1297,1686,1251,"4","3","2","3","Suprabasal epithelial"
"ACTATCTGCCCGCGTA-1","Visium",846,554,969,540,"1","1","0","1","Basal epithelium"
"ACTATGTCCAGCTGCC-1","Visium",881,588,981,575,"0","0","0","0","Basal epithelium"
"ACTATTCGTCCGTGGT-1","Visium",5738,3185,1111,831,"6","5","4","5","Basal epithelium"
"ACTATTTCCGGGCCCA-1","Visium",775,536,942,521,"0","0","0","0","Basal epithelium"
"ACTCAACGAATGTATT-1","Visium",2209,1228,1634,1182,"4","3","2","3","Suprabasal epithelial"
"ACTCAAGTGCAAGGCT-1","Visium",970,642,1029,625,"1","1","0","1","Basal epithelium"
"ACTCAATAAAGGCACG-1","Visium",1694,1052,1479,1019,"5","2","1","2","Reticular stroma"
"ACTCAGACCTGCTTCT-1","Visium",4885,2189,1051,573,"7","3","2","3","Suprabasal epithelial"
"ACTCATGGCAGCCTTC-1","Visium",899,600,985,584,"0","0","0","0","Basal epithelium"
"ACTCCAATATCATCAT-1","Visium",853,600,953,589,"0","0","0","0","Basal epithelium"
"ACTCCCATTCCTAAAG-1","Visium",929,582,1014,562,"0","0","0","0","Basal epithelium"
"ACTCCCGAATTCGTTT-1","Visium",1355,884,1294,859,"8","6","5","6","Immune stroma"
"ACTCCCGTAGACTAGG-1","Visium",1027,682,1063,669,"1","1","0","1","Basal epithelium"
"ACTCCCTAATGCTAAA-1","Visium",853,552,974,536,"0","0","0","0","Basal epithelium"
"ACTCCCTAGAATAGTA-1","Visium",1198,750,1173,726,"0","0","0","0","Basal epithelium"
"ACTCCGGCCGACCACT-1","Visium",1079,697,1096,683,"1","1","0","1","Basal epithelium"
"ACTCGATGTATTTCAT-1","Visium",2778,1480,1776,1323,"3","4","3","4","Suprabasal epithelial"
"ACTCGCCGTTCGATAA-1","Visium",971,624,1030,606,"1","1","0","1","Basal epithelium"
"ACTCGCGATCTGACGC-1","Visium",1001,653,1044,632,"1","1","0","1","Basal epithelium"
"ACTCGTAACCCGTCCT-1","Visium",1303,840,1258,822,"0","0","0","0","Basal epithelium"
"ACTCGTCAGTAATCCC-1","Visium",2858,1580,1806,1378,"1","1","0","1","Basal epithelium"
"ACTCTAAACCTGGGAT-1","Visium",2540,1405,1735,1293,"3","4","3","4","Suprabasal epithelial"
"ACTCTCTGACTTAGGT-1","Visium",1619,986,1429,954,"1","1","0","1","Basal epithelium"
"ACTCTCTTATACACGA-1","Visium",34578,8280,1581,1273,"6","5","4","5","Basal epithelium"
"ACTCTGACCTAATAGA-1","Visium",1014,647,1045,618,"1","1","0","1","Basal epithelium"
"ACTCTTCAGCTCCCGC-1","Visium",899,585,995,569,"0","0","0","0","Basal epithelium"
"ACTCTTGTATAGTAAC-1","Visium",5374,2484,1042,535,"2","7","1","7","Immune stroma"
"ACTGAAACGCCGTTAG-1","Visium",954,635,1017,618,"1","1","0","1","Basal epithelium"
"ACTGAATGGCGAAAGT-1","Visium",830,536,956,522,"1","1","0","1","Basal epithelium"
"ACTGATTTAGTGATTC-1","Visium",21233,4909,1321,641,"7","9","7","9","Suprabasal epithelial"
"ACTGCCCGCCATTCTC-1","Visium",1013,684,1057,672,"0","0","0","0","Basal epithelium"
"ACTGCCGTCGTAACTC-1","Visium",3639,2095,1765,1401,"2","2","1","2","Reticular stroma"
"ACTGCGGACACACCGT-1","Visium",927,633,1001,620,"0","0","0","0","Basal epithelium"
"ACTGCTCGGAAGGATG-1","Visium",1065,715,1085,702,"0","0","0","0","Basal epithelium"
"ACTGGCGAACCTGCGT-1","Visium",1320,829,1265,804,"1","1","0","1","Basal epithelium"
"ACTGGGATGCCAGTGC-1","Visium",487,356,875,350,"0","0","0","0","Basal epithelium"
"ACTGTACGATACACAT-1","Visium",5091,2670,1051,670,"2","2","1","2","Reticular stroma"
"ACTGTAGCACTTTGGA-1","Visium",57838,8318,1085,602,"11","11","8","11","Inflamed epithelium"
"ACTGTATACGCGAGCA-1","Visium",3342,1665,1789,1304,"4","3","2","3","Suprabasal epithelial"
"ACTGTCCAGGATTATA-1","Visium",16221,4590,1372,494,"2","7","1","7","Immune stroma"
"ACTGTCTTCTTTAGAA-1","Visium",7859,3094,1324,667,"2","7","1","7","Immune stroma"
"ACTGTGCTAGTAGATC-1","Visium",4075,1983,1280,821,"4","3","2","3","Suprabasal epithelial"
"ACTGTTTAGTGTAGGC-1","Visium",4425,2048,994,515,"7","3","2","3","Suprabasal epithelial"
"ACTTACCGGGCGCGCA-1","Visium",16575,5735,1397,1064,"6","5","4","5","Basal epithelium"
"ACTTACGCATCCACGC-1","Visium",1031,676,1057,658,"0","0","0","0","Basal epithelium"
"ACTTAGTACGACAAGA-1","Visium",4210,2018,1153,683,"4","3","2","3","Suprabasal epithelial"
"ACTTATACTTACCCGG-1","Visium",1483,920,1355,889,"1","1","0","1","Basal epithelium"
"ACTTATCTGATCTATA-1","Visium",2046,1210,1590,1185,"4","3","2","3","Suprabasal epithelial"
"ACTTATTAGGATCGGT-1","Visium",8585,2554,1292,582,"9","8","6","8","Inflamed epithelium"
"ACTTATTTATGTGCCA-1","Visium",1069,682,1082,661,"1","1","0","1","Basal epithelium"
"ACTTCAGGCTGATCCC-1","Visium",986,641,1039,625,"1","1","0","1","Basal epithelium"
"ACTTCCAGTGGAAGCT-1","Visium",396,294,815,303,"1","1","0","1","Basal epithelium"
"ACTTCCATGCGGGACA-1","Visium",945,630,1015,616,"0","0","0","0","Basal epithelium"
"ACTTCCTGTCGTGCGA-1","Visium",1609,1016,1435,989,"1","1","0","1","Basal epithelium"
"ACTTCGCCATACGCAC-1","Visium",4420,2323,980,583,"2","2","1","2","Reticular stroma"
"ACTTCGCTAGCGAGTG-1","Visium",725,481,906,463,"1","1","0","1","Basal epithelium"
"ACTTGACTCCCTCTTT-1","Visium",1897,1075,1527,1031,"0","0","0","0","Basal epithelium"
"ACTTGCCATATTGTAC-1","Visium",5391,2395,1097,606,"7","3","2","3","Suprabasal epithelial"
"ACTTGCTCTATCTACC-1","Visium",866,570,969,550,"0","0","0","0","Basal epithelium"
"ACTTGGGACCCGGTGG-1","Visium",3719,1849,1603,1114,"2","2","1","2","Reticular stroma"
"ACTTGGGCTTTCGCCA-1","Visium",867,587,978,578,"1","1","0","1","Basal epithelium"
"ACTTGTAGTCCCTTCA-1","Visium",904,588,996,577,"0","0","0","0","Basal epithelium"
"ACTTGTGGATGGAACG-1","Visium",784,530,946,519,"1","1","0","1","Basal epithelium"
"ACTTGTTACCGGATCA-1","Visium",809,511,966,500,"1","1","0","1","Basal epithelium"
"ACTTTACCCTCATGAA-1","Visium",1257,838,1220,813,"8","6","5","6","Immune stroma"
"ACTTTATACACCACTT-1","Visium",783,515,942,500,"1","1","0","1","Basal epithelium"
"ACTTTCCTATAGCTTC-1","Visium",5805,2477,1133,532,"2","7","1","7","Immune stroma"
"ACTTTGACTGCATCCT-1","Visium",1077,684,1082,658,"0","0","0","0","Basal epithelium"
"ACTTTGGTCGTGCTCC-1","Visium",780,523,943,514,"0","0","0","0","Basal epithelium"
"ACTTTGTCGACGCACT-1","Visium",756,506,934,498,"1","1","0","1","Basal epithelium"
"AGAAATTATGACTCGC-1","Visium",724,495,914,484,"1","1","0","1","Basal epithelium"
"AGAACACGGCGATGGT-1","Visium",524,363,926,361,"0","0","0","0","Basal epithelium"
"AGAACCCAGCGTGACA-1","Visium",743,527,919,516,"0","0","0","0","Basal epithelium"
"AGAACCCTCAATTGGG-1","Visium",1047,669,1072,653,"0","0","0","0","Basal epithelium"
"AGAACGTGGTACATTC-1","Visium",4075,2158,1332,907,"2","2","1","2","Reticular stroma"
"AGAACTGTACTTTGTA-1","Visium",1003,640,1043,620,"0","0","0","0","Basal epithelium"
"AGAAGAGCGCCGTTCC-1","Visium",90,81,529,180,"1","0","0","0","Basal epithelium"
"AGAAGGTACACTTCAC-1","Visium",1112,727,1115,709,"0","0","0","0","Basal epithelium"
"AGAAGGTTGCCGAATT-1","Visium",1827,1046,1521,1017,"9","8","6","8","Inflamed epithelium"
"AGAAGGTTGTAGGTCG-1","Visium",789,540,938,521,"0","0","0","0","Basal epithelium"
"AGAAGTGATTCGTGAT-1","Visium",879,603,974,589,"0","0","0","0","Basal epithelium"
"AGAATAAATCTTCAGG-1","Visium",800,530,957,514,"1","1","0","1","Basal epithelium"
"AGAATACAGGCTATCC-1","Visium",999,662,1047,647,"1","1","0","1","Basal epithelium"
"AGAATGCGGGTTCGGA-1","Visium",1468,972,1341,922,"5","2","1","2","Reticular stroma"
"AGAATTATGGATTCGA-1","Visium",1197,852,1172,827,"8","6","5","6","Immune stroma"
"AGAATTGTTTGACATA-1","Visium",3236,1626,1801,1324,"3","4","3","4","Suprabasal epithelial"
"AGACAGCTCAGAATCC-1","Visium",3350,1629,1731,1228,"3","4","3","4","Suprabasal epithelial"
"AGACAGGCATCTCAGC-1","Visium",759,504,942,497,"1","1","0","1","Basal epithelium"
"AGACATAGATCCTTCC-1","Visium",4231,2025,1137,668,"7","3","2","3","Suprabasal epithelial"
"AGACCAAACCACACCT-1","Visium",956,592,1033,581,"0","0","0","0","Basal epithelium"
"AGACCATGGGATACAA-1","Visium",6057,2460,1149,638,"3","4","3","4","Suprabasal epithelial"
"AGACCCACCGCTGATC-1","Visium",1152,721,1148,705,"0","0","0","0","Basal epithelium"
"AGACCCGCCCTCCTCG-1","Visium",3011,1639,1848,1397,"5","2","1","2","Reticular stroma"
"AGACCGCTCCGCGGTT-1","Visium",761,515,929,505,"1","1","0","1","Basal epithelium"
"AGACCGGGAAACCCTG-1","Visium",967,646,1028,627,"0","0","0","0","Basal epithelium"
"AGACGAAGTGCCGGTC-1","Visium",860,558,983,545,"1","0","0","0","Basal epithelium"
"AGACGACGATGCCGCT-1","Visium",981,646,1035,631,"0","0","0","0","Basal epithelium"
"AGACGCCCACTTCGCC-1","Visium",838,547,966,528,"1","1","0","1","Basal epithelium"
"AGACGGGATTGGTATA-1","Visium",4431,2157,986,555,"7","3","2","3","Suprabasal epithelial"
"AGACGGGCCGATTTAA-1","Visium",3607,2151,1857,1513,"5","2","1","2","Reticular stroma"
"AGACTAGCCTTCCAGA-1","Visium",5818,2454,1126,501,"2","7","1","7","Immune stroma"
"AGACTGTTACCGGGTC-1","Visium",692,471,894,458,"0","0","0","0","Basal epithelium"
"AGAGAAACACCAGAAA-1","Visium",504,379,908,381,"0","0","0","0","Basal epithelium"
"AGAGAACCGTCTAGGA-1","Visium",908,641,964,610,"5","2","1","2","Reticular stroma"
"AGAGAAGGAGTACAAT-1","Visium",663,471,869,456,"0","0","0","0","Basal epithelium"
"AGAGATCTCTAAAGCG-1","Visium",886,565,989,544,"0","0","0","0","Basal epithelium"
"AGAGCAGTTATGAGAC-1","Visium",3833,1760,1486,964,"3","4","3","4","Suprabasal epithelial"
"AGAGCCGCCGAGATTT-1","Visium",654,461,883,452,"1","1","0","1","Basal epithelium"
"AGAGCGCTTGTAACGG-1","Visium",797,533,948,523,"0","0","0","0","Basal epithelium"
"AGAGCGGGCTAATCAT-1","Visium",6678,3547,1275,981,"6","5","4","5","Basal epithelium"
"AGAGCGTACAAGCTCG-1","Visium",8200,2866,1285,727,"3","4","3","4","Suprabasal epithelial"
"AGAGCTACGAAAGCAT-1","Visium",1806,1077,1507,1047,"1","1","0","1","Basal epithelium"
"AGAGGCTTCGGAAACC-1","Visium",877,586,974,567,"1","1","0","1","Basal epithelium"
"AGAGGGACAATTGTCC-1","Visium",822,584,951,572,"1","1","0","1","Basal epithelium"
"AGAGGTATCTCGGTCC-1","Visium",3377,1723,1788,1326,"4","3","2","3","Suprabasal epithelial"
"AGAGTAAACTTCACTA-1","Visium",853,568,964,551,"1","1","0","1","Basal epithelium"
"AGAGTATAGTGTTACG-1","Visium",999,658,1045,643,"1","1","0","1","Basal epithelium"
"AGAGTCTTAATGAAAG-1","Visium",899,566,1003,557,"1","1","0","1","Basal epithelium"
"AGAGTGAACAGACACC-1","Visium",1289,833,1250,813,"1","1","0","1","Basal epithelium"
"AGAGTTAGAGACCGAT-1","Visium",19901,6290,1453,1122,"6","5","4","5","Basal epithelium"
"AGAGTTGCAGGCCTCC-1","Visium",1209,721,1151,665,"5","2","1","2","Reticular stroma"
"AGATAACTTCAGGGCC-1","Visium",66778,9255,1146,718,"11","11","8","11","Inflamed epithelium"
"AGATAATCACACCTAT-1","Visium",512,376,912,378,"0","0","0","0","Basal epithelium"
"AGATACCAATAGAACC-1","Visium",391,282,816,294,"1","1","0","1","Basal epithelium"
"AGATACCAGCACTTCA-1","Visium",1119,724,1101,688,"5","2","1","2","Reticular stroma"
"AGATACCGGTGTTCAC-1","Visium",2577,1253,1670,1127,"9","8","6","8","Inflamed epithelium"
"AGATACGACTTCATAT-1","Visium",5304,2376,1067,598,"7","3","2","3","Suprabasal epithelial"
"AGATACTCAAGATCGA-1","Visium",957,631,1027,618,"1","1","0","1","Basal epithelium"
"AGATATAATACGACTA-1","Visium",902,623,985,610,"0","0","0","0","Basal epithelium"
"AGATCGTGCATAAGAT-1","Visium",1572,1052,1399,998,"5","2","1","2","Reticular stroma"
"AGATCTCAGGTGTGAT-1","Visium",4014,2127,1421,989,"2","2","1","2","Reticular stroma"
"AGATCTGGAGAGGATA-1","Visium",489,361,878,365,"0","0","0","0","Basal epithelium"
"AGATGACTCGCCCACG-1","Visium",2826,1608,1831,1418,"5","2","1","2","Reticular stroma"
"AGATGAGGGTTGCGAT-1","Visium",3049,1785,1914,1514,"2","2","1","2","Reticular stroma"
"AGATGATGGAGTCTGG-1","Visium",964,656,1011,633,"1","1","0","1","Basal epithelium"
"AGATGCAAGACGTGCA-1","Visium",682,478,887,466,"0","0","0","0","Basal epithelium"
"AGATGCATCCTGTGTC-1","Visium",919,618,1005,605,"0","0","0","0","Basal epithelium"
"AGATGCTATAACGAGC-1","Visium",1562,937,1399,911,"1","1","0","1","Basal epithelium"
"AGATTATAGGACGTTT-1","Visium",5306,2360,1145,590,"2","7","1","7","Immune stroma"
"AGATTCAAGCGGGTCG-1","Visium",1414,929,1331,904,"0","0","0","0","Basal epithelium"
"AGATTCACAACCGATA-1","Visium",740,505,919,493,"0","0","0","0","Basal epithelium"
"AGCAAAGGCCGCTAGT-1","Visium",809,531,956,518,"0","0","0","0","Basal epithelium"
"AGCAACATATCTTATT-1","Visium",1476,879,1338,850,"0","0","0","0","Basal epithelium"
"AGCAACCGAAAGTAAT-1","Visium",907,631,991,619,"0","0","0","0","Basal epithelium"
"AGCACACGTTTAGACT-1","Visium",780,554,915,534,"0","0","0","0","Basal epithelium"
"AGCACCAGTACTCACG-1","Visium",4844,2031,1081,408,"2","7","1","7","Immune stroma"
"AGCACTACCGGCCTGT-1","Visium",3527,1535,1647,1066,"3","4","3","4","Suprabasal epithelial"
"AGCACTACCTCACCAG-1","Visium",1021,652,1067,644,"0","0","0","0","Basal epithelium"
"AGCACTTAAGGACGCC-1","Visium",65472,7236,1079,350,"11","11","8","11","Inflamed epithelium"
"AGCAGAAGGAGAAAGA-1","Visium",612,438,882,425,"0","0","0","0","Basal epithelium"
"AGCAGCCAGATGAATA-1","Visium",985,649,1024,623,"0","0","0","0","Basal epithelium"
"AGCAGTCGAAGCATGC-1","Visium",851,554,974,541,"1","1","0","1","Basal epithelium"
"AGCATATCAATATGCT-1","Visium",1190,737,1167,714,"1","1","0","1","Basal epithelium"
"AGCATCATTTCGAAAG-1","Visium",1024,679,1055,659,"0","0","0","0","Basal epithelium"
"AGCATCGTCGATAATT-1","Visium",1673,1060,1471,1027,"5","2","1","2","Reticular stroma"
"AGCATTACGAGGCAAG-1","Visium",1032,676,1067,665,"1","1","0","1","Basal epithelium"
"AGCCAAGCTTTGTGTC-1","Visium",1003,664,1043,652,"0","0","0","0","Basal epithelium"
"AGCCACAGGTTACCCG-1","Visium",934,601,1017,587,"1","1","0","1","Basal epithelium"
"AGCCACTCCCGTGCTT-1","Visium",3754,1971,1676,1222,"2","2","1","2","Reticular stroma"
"AGCCATATAGTATGTG-1","Visium",663,442,888,435,"1","1","0","1","Basal epithelium"
"AGCCCATACATGTAAG-1","Visium",1242,803,1212,780,"0","0","0","0","Basal epithelium"
"AGCCCGCAACAAGCAG-1","Visium",565,406,955,397,"1","0","0","0","Basal epithelium"
"AGCCCGCACTACAATG-1","Visium",1081,692,1097,678,"1","1","0","1","Basal epithelium"
"AGCCCGGCATTAGAGG-1","Visium",563,405,925,398,"0","0","0","0","Basal epithelium"
"AGCCCGGTAGCCTGTA-1","Visium",598,417,892,406,"0","0","0","0","Basal epithelium"
"AGCCCTAAGCGAAGTT-1","Visium",9559,4303,1467,1183,"6","5","4","5","Basal epithelium"
"AGCCCTCCCTGGTGGC-1","Visium",755,536,910,520,"0","0","0","0","Basal epithelium"
"AGCCCTGTCGCACCGT-1","Visium",954,633,1023,619,"1","1","0","1","Basal epithelium"
"AGCCCTTCTAATCCGA-1","Visium",1971,1296,1572,1191,"2","2","1","2","Reticular stroma"
"AGCCCTTGGACATCCC-1","Visium",857,579,975,572,"1","1","0","1","Basal epithelium"
"AGCCGCAAATTCAAAT-1","Visium",851,574,965,556,"0","0","0","0","Basal epithelium"
"AGCCGCTTGATTAGCG-1","Visium",2183,1202,1613,1158,"4","3","2","3","Suprabasal epithelial"
"AGCCGTGGCTAAATGT-1","Visium",1045,710,1074,696,"0","0","0","0","Basal epithelium"
"AGCCTAATACCCACGT-1","Visium",829,559,953,545,"0","0","0","0","Basal epithelium"
"AGCCTTAAAGCGGAAG-1","Visium",3202,1594,1769,1285,"3","4","3","4","Suprabasal epithelial"
"AGCCTTGTCACTGATA-1","Visium",1079,669,1090,648,"1","1","0","1","Basal epithelium"
"AGCGACAGGAACGGTC-1","Visium",993,664,1035,644,"0","0","0","0","Basal epithelium"
"AGCGACATCCCATTCA-1","Visium",3048,1838,1937,1585,"5","5","4","5","Basal epithelium"
"AGCGACCAACGATATT-1","Visium",3824,1992,1592,1146,"2","2","1","2","Reticular stroma"
"AGCGACTTTGAAGACA-1","Visium",549,392,925,383,"0","0","0","0","Basal epithelium"
"AGCGAGACGTGAAGGC-1","Visium",414,307,819,318,"0","0","0","0","Basal epithelium"
"AGCGATGCGCCTAATA-1","Visium",464,330,884,335,"1","1","0","1","Basal epithelium"
"AGCGCATAATGAATCG-1","Visium",556,390,952,382,"0","0","0","0","Basal epithelium"
"AGCGCGGGTGCCAATG-1","Visium",2845,1739,1881,1519,"2","2","1","2","Reticular stroma"
"AGCGCTAGAGCGATGT-1","Visium",462,349,867,359,"0","0","0","0","Basal epithelium"
"AGCGCTTATGGGCAAG-1","Visium",21854,6994,1546,1245,"6","5","4","5","Basal epithelium"
"AGCGGACACTTCGTAG-1","Visium",825,542,967,530,"0","0","0","0","Basal epithelium"
"AGCGGCGGTTAGCGGT-1","Visium",608,420,892,410,"1","1","0","1","Basal epithelium"
"AGCGGGAAGGGTCCAT-1","Visium",4694,2139,1015,531,"7","3","2","3","Suprabasal epithelial"
"AGCGGGTCTGACACTC-1","Visium",635,427,883,421,"0","0","0","0","Basal epithelium"
"AGCGGTTGAGATGTAC-1","Visium",2651,1566,1803,1431,"10","10","4","10","Reticular stroma"
"AGCGGTTGCCGCTCTG-1","Visium",1495,941,1359,902,"5","2","1","2","Reticular stroma"
"AGCGTACGAGAGCTAG-1","Visium",2057,1145,1580,1118,"4","3","2","3","Suprabasal epithelial"
"AGCGTAGCGCTAGACC-1","Visium",1548,914,1383,884,"4","3","2","3","Suprabasal epithelial"
"AGCGTCTGAACCCGCA-1","Visium",2097,1185,1579,1140,"4","3","2","3","Suprabasal epithelial"
"AGCGTGGTATTCTACT-1","Visium",1220,757,1200,738,"1","1","0","1","Basal epithelium"
"AGCGTTCCGATTTAAA-1","Visium",2414,1468,1743,1385,"10","10","4","10","Reticular stroma"
"AGCTAACAAGCAATGT-1","Visium",559,403,947,402,"0","0","0","0","Basal epithelium"
"AGCTAAGCTCCGTCCG-1","Visium",670,469,884,457,"0","0","0","0","Basal epithelium"
"AGCTAAGTACGCAGGC-1","Visium",858,578,968,565,"0","0","0","0","Basal epithelium"
"AGCTACGAATGGTGGT-1","Visium",848,577,964,564,"0","0","0","0","Basal epithelium"
"AGCTAGAAGCAGAAGT-1","Visium",2359,1472,1708,1353,"2","2","1","2","Reticular stroma"
"AGCTATTTAATCCAAC-1","Visium",4510,2402,917,509,"2","7","1","7","Immune stroma"
"AGCTCCATATATGTTC-1","Visium",974,623,1036,607,"1","1","0","1","Basal epithelium"
"AGCTCCTTCGCACATC-1","Visium",1105,678,1116,664,"1","1","0","1","Basal epithelium"
"AGCTCGTTGATGGAAA-1","Visium",1045,684,1069,664,"1","1","0","1","Basal epithelium"
"AGCTCTAGACGTTCCA-1","Visium",3959,1857,1393,878,"9","8","6","8","Inflamed epithelium"
"AGCTCTTCCCAGTGCA-1","Visium",2778,1640,1832,1437,"2","2","1","2","Reticular stroma"
"AGCTCTTCGTAACCTT-1","Visium",1171,744,1149,718,"1","1","0","1","Basal epithelium"
"AGCTCTTTACTCAGTT-1","Visium",2406,1302,1689,1227,"9","8","6","8","Inflamed epithelium"
"AGCTGAAGTAAACCAA-1","Visium",4942,2238,1096,512,"2","7","1","7","Immune stroma"
"AGCTGCATTTGAGGTG-1","Visium",1274,852,1233,826,"10","10","4","10","Reticular stroma"
"AGCTGCTGTGCCGAAT-1","Visium",1290,853,1237,818,"1","1","0","1","Basal epithelium"
"AGCTGTAACCTCAATC-1","Visium",1023,671,1056,654,"0","0","0","0","Basal epithelium"
"AGCTTATAGAGACCTG-1","Visium",2990,1547,1799,1322,"7","3","2","3","Suprabasal epithelial"
"AGCTTCAATACTTTGA-1","Visium",4267,2109,1113,690,"7","3","2","3","Suprabasal epithelial"
"AGCTTCTTCTCGAGCA-1","Visium",1060,700,1079,681,"1","1","0","1","Basal epithelium"
"AGCTTGATCAGGGTAG-1","Visium",487,359,876,362,"0","0","0","0","Basal epithelium"
"AGCTTGATCTTAACTT-1","Visium",1111,712,1118,699,"0","0","0","0","Basal epithelium"
"AGGAAAGCCTCTGATG-1","Visium",1916,1076,1544,1049,"4","3","2","3","Suprabasal epithelial"
"AGGAACGAACGACTTC-1","Visium",807,524,961,512,"1","1","0","1","Basal epithelium"
"AGGAAGCTGTCCGCCG-1","Visium",574,411,906,407,"1","1","0","1","Basal epithelium"
"AGGACAGTCGAATCCC-1","Visium",1240,769,1209,746,"1","1","0","1","Basal epithelium"
"AGGACATCGCACGTCG-1","Visium",8514,3106,1297,770,"7","3","2","3","Suprabasal epithelial"
"AGGACATCGGCACACT-1","Visium",1158,738,1145,716,"1","1","0","1","Basal epithelium"
"AGGACGACCCATTAGA-1","Visium",1972,1144,1554,1104,"1","1","0","1","Basal epithelium"
"AGGACGCTCGATGTTG-1","Visium",2811,1603,1806,1385,"2","2","1","2","Reticular stroma"
"AGGACTTATAGGAGAA-1","Visium",1057,681,1084,669,"4","3","2","3","Suprabasal epithelial"
"AGGAGACATCCACAGT-1","Visium",1366,873,1286,843,"8","6","5","6","Immune stroma"
"AGGAGAGTCTGGCTAC-1","Visium",1030,631,1065,608,"1","1","0","1","Basal epithelium"
"AGGAGCGTTTATTATC-1","Visium",940,619,1010,603,"1","1","0","1","Basal epithelium"
"AGGAGGCCTTCGCGCG-1","Visium",923,581,1013,573,"1","1","0","1","Basal epithelium"
"AGGATAAAGTCGGGAT-1","Visium",611,440,879,432,"0","0","0","0","Basal epithelium"
"AGGATATAGGGATTTA-1","Visium",989,631,1039,613,"1","1","0","1","Basal epithelium"
"AGGATATCCGACTGCA-1","Visium",868,588,974,580,"1","1","0","1","Basal epithelium"
"AGGATCACGCGATCTG-1","Visium",964,654,1014,638,"0","0","0","0","Basal epithelium"
"AGGATTGCTTACGACA-1","Visium",1037,666,1076,653,"1","1","0","1","Basal epithelium"
"AGGCAAAGAGGAATCA-1","Visium",1742,1013,1494,991,"4","3","2","3","Suprabasal epithelial"
"AGGCAATACGGAGGAC-1","Visium",2942,1568,1792,1338,"4","3","2","3","Suprabasal epithelial"
"AGGCACGTGACTGTCC-1","Visium",623,436,877,428,"1","1","0","1","Basal epithelium"
"AGGCAGATGCGTAAAC-1","Visium",1449,900,1295,828,"5","2","1","2","Reticular stroma"
"AGGCAGGGAGCGTACT-1","Visium",543,398,940,398,"0","0","0","0","Basal epithelium"
"AGGCATTGTCGTAGGG-1","Visium",785,528,935,511,"1","1","0","1","Basal epithelium"
"AGGCCACATTGGTTAC-1","Visium",798,553,938,542,"0","0","0","0","Basal epithelium"
"AGGCCACCCGTTATGA-1","Visium",57095,7642,1043,440,"11","11","8","11","Inflamed epithelium"
"AGGCCCAGTGACTGGT-1","Visium",1931,1121,1546,1083,"1","1","0","1","Basal epithelium"
"AGGCCCATTGTACAGG-1","Visium",42814,8513,1442,1119,"6","5","4","5","Basal epithelium"
"AGGCCCTAGAACGCCA-1","Visium",999,666,1036,646,"0","0","0","0","Basal epithelium"
"AGGCCTATCATACCAA-1","Visium",857,578,965,566,"0","0","0","0","Basal epithelium"
"AGGCCTGAGAATCTCG-1","Visium",767,511,947,505,"0","0","0","0","Basal epithelium"
"AGGCGATAACTGGCGT-1","Visium",588,411,913,409,"1","1","0","1","Basal epithelium"
"AGGCGGTTTGTCCCGC-1","Visium",844,554,963,536,"0","0","0","0","Basal epithelium"
"AGGCGTCTATGGACGG-1","Visium",1530,1070,1382,1012,"5","2","1","2","Reticular stroma"
"AGGCTATGGTTAGCTT-1","Visium",14793,3350,1323,439,"11","11","8","11","Inflamed epithelium"
"AGGCTTAAGTTGCACA-1","Visium",682,451,892,443,"1","1","0","1","Basal epithelium"
"AGGCTTCCCGAAGAAG-1","Visium",630,438,893,432,"0","0","0","0","Basal epithelium"
"AGGCTTGCTAGACACC-1","Visium",4238,1946,1168,678,"3","4","3","4","Suprabasal epithelial"
"AGGGAAACGAGGTACT-1","Visium",1404,870,1305,834,"5","2","1","2","Reticular stroma"
"AGGGACAGCACGGCGG-1","Visium",2577,1386,1740,1293,"4","3","2","3","Suprabasal epithelial"
"AGGGACCGGCTGCGTT-1","Visium",707,489,905,479,"0","0","0","0","Basal epithelium"
"AGGGACTCTACGCGAC-1","Visium",959,634,1024,621,"0","0","0","0","Basal epithelium"
"AGGGAGACATACTTCG-1","Visium",1064,696,1081,677,"8","6","5","6","Immune stroma"
"AGGGCAGCGGCGTGGT-1","Visium",18789,6120,1446,1145,"6","5","4","5","Basal epithelium"
"AGGGCCCTAATGTTCT-1","Visium",834,568,951,554,"1","1","0","1","Basal epithelium"
"AGGGCGAGCAGCTGAT-1","Visium",747,521,915,510,"0","0","0","0","Basal epithelium"
"AGGGCGTGATCGGCTA-1","Visium",85567,7996,1378,644,"12","9","7","9","Suprabasal epithelial"
"AGGGCTGCAGTTACAG-1","Visium",19684,6240,1558,884,"2","7","1","7","Immune stroma"
"AGGGTCAGAGCACTCG-1","Visium",625,455,872,448,"0","0","0","0","Basal epithelium"
"AGGGTCAGTAACCCTA-1","Visium",1244,839,1192,796,"5","2","1","2","Reticular stroma"
"AGGGTCGATGCGAACT-1","Visium",1088,722,1098,704,"1","0","0","0","Basal epithelium"
"AGGGTCTGGACGCAGT-1","Visium",906,612,988,599,"1","1","0","1","Basal epithelium"
"AGGGTGCCGTTCTTTA-1","Visium",672,474,883,466,"0","0","0","0","Basal epithelium"
"AGGGTGCTCTCGAGGG-1","Visium",1179,799,1158,777,"8","6","5","6","Immune stroma"
"AGGGTGGATAGTGCAT-1","Visium",2729,1398,1757,1265,"3","4","3","4","Suprabasal epithelial"
"AGGGTGTGCTACACGC-1","Visium",1426,899,1333,871,"1","1","0","1","Basal epithelium"
"AGGGTTCAGACGGTCC-1","Visium",607,426,878,418,"0","0","0","0","Basal epithelium"
"AGGGTTCCCTTTGGTT-1","Visium",2559,1544,1750,1389,"8","6","5","6","Immune stroma"
"AGGGTTTAGTTCGGGA-1","Visium",12498,4097,1455,647,"2","7","1","7","Immune stroma"
"AGGTAACCTCCTATTC-1","Visium",8747,3225,1290,776,"7","3","2","3","Suprabasal epithelial"
"AGGTACGATATTGCCA-1","Visium",5750,3159,1120,840,"6","5","4","5","Basal epithelium"
"AGGTAGATCGAGATAT-1","Visium",656,474,875,465,"0","0","0","0","Basal epithelium"
"AGGTAGGTACAAAGCT-1","Visium",25024,4588,1288,468,"3","4","3","4","Suprabasal epithelial"
"AGGTATAATTGATAGT-1","Visium",845,588,957,570,"0","0","0","0","Basal epithelium"
"AGGTATGCGGACATTA-1","Visium",746,507,928,497,"1","1","0","1","Basal epithelium"
"AGGTCAGGTGAGAGTG-1","Visium",734,492,925,483,"0","0","0","0","Basal epithelium"
"AGGTCGCCACTTCGGT-1","Visium",1809,1054,1506,1027,"4","3","2","3","Suprabasal epithelial"
"AGGTCGCCTCCCAACA-1","Visium",632,447,890,440,"1","1","0","1","Basal epithelium"
"AGGTCGCGGAGTTACT-1","Visium",1523,1063,1404,1028,"8","6","5","6","Immune stroma"
"AGGTGCACGTCCACAT-1","Visium",939,625,1013,609,"1","1","0","1","Basal epithelium"
"AGGTGGTGACCTTCGC-1","Visium",959,627,1020,607,"0","0","0","0","Basal epithelium"
"AGGTGTATCGCCATGA-1","Visium",1341,796,1277,775,"3","4","3","4","Suprabasal epithelial"
"AGGTGTTGCCGACCAC-1","Visium",965,646,1029,633,"1","1","0","1","Basal epithelium"
"AGGTTACACCATGCCG-1","Visium",922,620,991,601,"1","1","0","1","Basal epithelium"
"AGGTTCTCCTTTCCGG-1","Visium",2038,1163,1578,1131,"0","0","0","0","Basal epithelium"
"AGGTTGAGGCACGCTT-1","Visium",2559,1531,1764,1385,"2","2","1","2","Reticular stroma"
"AGGTTTCACACACCTT-1","Visium",2454,1313,1708,1230,"9","8","6","8","Inflamed epithelium"
"AGTAACGTTCATCCTG-1","Visium",5669,2856,1115,757,"10","10","4","10","Reticular stroma"
"AGTAACTATAGCAGCC-1","Visium",1000,630,1052,619,"1","1","0","1","Basal epithelium"
"AGTAAGGGACAGAATC-1","Visium",874,586,986,577,"1","1","0","1","Basal epithelium"
"AGTAATCTAAGGGTGG-1","Visium",776,531,931,518,"1","1","0","1","Basal epithelium"
"AGTAATGTCTTGCCGC-1","Visium",4523,2588,916,625,"5","5","4","5","Basal epithelium"
"AGTAATTTGCAAGCGT-1","Visium",758,522,922,508,"0","0","0","0","Basal epithelium"
"AGTACAGAAGCTTATA-1","Visium",1050,703,1067,687,"0","0","0","0","Basal epithelium"
"AGTACATCATTTATCA-1","Visium",1591,1040,1436,1011,"8","6","5","6","Immune stroma"
"AGTACCTTCGAGTGCT-1","Visium",3162,1972,1945,1617,"2","2","1","2","Reticular stroma"
"AGTACGGCCCGTATCG-1","Visium",1599,928,1419,912,"3","4","3","4","Suprabasal epithelial"
"AGTACGGGCACCTGGC-1","Visium",3471,1933,1810,1407,"2","2","1","2","Reticular stroma"
"AGTACGTGGCCTGTCT-1","Visium",39541,8290,1466,1133,"6","5","4","5","Basal epithelium"
"AGTACTCTTATGCCCA-1","Visium",1178,770,1166,756,"1","1","0","1","Basal epithelium"
"AGTAGAAGGCGCCTCA-1","Visium",648,468,869,465,"0","0","0","0","Basal epithelium"
"AGTAGCGTGAACGAAC-1","Visium",5517,2500,1110,657,"7","3","2","3","Suprabasal epithelial"
"AGTAGCTAGACGCCGA-1","Visium",2161,1370,1633,1297,"10","10","4","10","Reticular stroma"
"AGTAGGAAGGAAGTTG-1","Visium",3892,2296,1648,1289,"2","2","1","2","Reticular stroma"
"AGTAGGTAACATACAT-1","Visium",66903,7809,1260,575,"12","9","7","9","Suprabasal epithelial"
"AGTATAATACTAGGCA-1","Visium",30571,3821,1584,436,"11","11","8","11","Inflamed epithelium"
"AGTATACACAGCGACA-1","Visium",788,550,937,537,"0","0","0","0","Basal epithelium"
"AGTATCCATAATAACG-1","Visium",1636,992,1444,969,"4","3","2","3","Suprabasal epithelial"
"AGTATGCTGGAGACCA-1","Visium",715,504,889,490,"0","0","0","0","Basal epithelium"
"AGTATTTGGCACGACC-1","Visium",784,513,947,500,"0","0","0","0","Basal epithelium"
"AGTCAAATGATGTGAT-1","Visium",527,394,904,390,"0","0","0","0","Basal epithelium"
"AGTCAACACCACCATC-1","Visium",2470,1346,1703,1244,"9","8","6","8","Inflamed epithelium"
"AGTCAAGATGACACTT-1","Visium",860,576,971,565,"1","1","0","1","Basal epithelium"
"AGTCACTAGCTCTCGA-1","Visium",1201,761,1178,739,"1","1","0","1","Basal epithelium"
"AGTCACTCCGCCTCAT-1","Visium",2663,1416,1729,1277,"4","3","2","3","Suprabasal epithelial"
"AGTCAGCCACCGCCTG-1","Visium",3933,1878,1411,938,"4","3","2","3","Suprabasal epithelial"
"AGTCCAGCGGGTACGT-1","Visium",1663,961,1444,939,"4","3","2","3","Suprabasal epithelial"
"AGTCCATTGGCTGATG-1","Visium",904,605,991,587,"1","1","0","1","Basal epithelium"
"AGTCCCGCCTTTAATT-1","Visium",1572,987,1405,946,"2","2","1","2","Reticular stroma"
"AGTCCCTCGCAGAAAG-1","Visium",1162,733,1141,706,"1","1","0","1","Basal epithelium"
"AGTCGAAACGATTCAG-1","Visium",685,467,908,462,"0","0","0","0","Basal epithelium"
"AGTCGAATTAGCGTAA-1","Visium",991,640,1051,628,"1","1","0","1","Basal epithelium"
"AGTCGACGGTCTCAAG-1","Visium",1211,783,1189,762,"1","1","0","1","Basal epithelium"
"AGTCGGCCCAAACGAC-1","Visium",59643,9310,1257,910,"6","5","4","5","Basal epithelium"
"AGTCGGCTCAACTTTA-1","Visium",989,673,1028,653,"0","0","0","0","Basal epithelium"
"AGTCGGTTGCGTGAGA-1","Visium",917,624,997,612,"1","1","0","1","Basal epithelium"
"AGTCGTATAAAGCAGA-1","Visium",827,543,971,536,"0","0","0","0","Basal epithelium"
"AGTCGTCGACCACCAA-1","Visium",1054,695,1077,676,"0","0","0","0","Basal epithelium"
"AGTCGTGGGCATTACG-1","Visium",888,600,979,584,"0","0","0","0","Basal epithelium"
"AGTCTAAAGTATACTC-1","Visium",1541,1034,1413,1009,"8","6","5","6","Immune stroma"
"AGTCTCACAAGACTAC-1","Visium",976,655,1030,638,"0","0","0","0","Basal epithelium"
"AGTCTGGACATCCTTG-1","Visium",3362,1705,1774,1312,"3","4","3","4","Suprabasal epithelial"
"AGTCTTCTCCTCAAAT-1","Visium",3272,1805,1864,1452,"2","2","1","2","Reticular stroma"
"AGTCTTTAAAGTGTCC-1","Visium",990,655,1041,640,"0","0","0","0","Basal epithelium"
"AGTGAACAAACTTCTC-1","Visium",821,537,966,527,"1","1","0","1","Basal epithelium"
"AGTGAAGATGGTGTCC-1","Visium",1469,939,1350,907,"8","6","5","6","Immune stroma"
"AGTGACCTACTTTACG-1","Visium",1577,897,1390,866,"1","1","0","1","Basal epithelium"
"AGTGACTGTGACACAA-1","Visium",770,537,936,526,"0","0","0","0","Basal epithelium"
"AGTGAGACTTCCAGTA-1","Visium",1520,947,1367,910,"1","1","0","1","Basal epithelium"
"AGTGAGCCTCGCCGCC-1","Visium",1549,1024,1409,986,"8","6","5","6","Immune stroma"
"AGTGAGGGTTTCTGAC-1","Visium",18096,6572,1578,1275,"6","5","4","5","Basal epithelium"
"AGTGAGTCGAATTAAC-1","Visium",899,589,992,573,"1","1","0","1","Basal epithelium"
"AGTGATAACCTGCGCG-1","Visium",797,549,945,536,"1","1","0","1","Basal epithelium"
"AGTGATATGAGTAGTT-1","Visium",1482,855,1354,834,"1","1","0","1","Basal epithelium"
"AGTGATTCAAGCAGGA-1","Visium",1742,1063,1474,1021,"8","6","5","6","Immune stroma"
"AGTGCACGCTTAAGAA-1","Visium",872,577,982,564,"1","1","0","1","Basal epithelium"
"AGTGCGTAGCTCGTAA-1","Visium",1164,728,1152,709,"0","0","0","0","Basal epithelium"
"AGTGCTAAACACAGCA-1","Visium",1007,647,1054,634,"1","1","0","1","Basal epithelium"
"AGTGCTTGCACGAATA-1","Visium",1279,805,1230,776,"1","1","0","1","Basal epithelium"
"AGTGGCCCGCAAATGG-1","Visium",772,511,952,502,"1","1","0","1","Basal epithelium"
"AGTGGCGGCAATTTGA-1","Visium",3815,2251,1655,1324,"2","2","1","2","Reticular stroma"
"AGTGGCGTCTGAAGGT-1","Visium",705,499,878,480,"1","1","0","1","Basal epithelium"
"AGTGGCTCCGTCGGCC-1","Visium",1148,753,1135,731,"0","0","0","0","Basal epithelium"
"AGTGGGAGTATACACG-1","Visium",2735,1435,1786,1310,"4","3","2","3","Suprabasal epithelial"
"AGTGGTGTTACCCGTG-1","Visium",806,556,949,543,"0","0","0","0","Basal epithelium"
"AGTGGTTGCGTATAGG-1","Visium",1200,751,1187,739,"3","4","3","4","Suprabasal epithelial"
"AGTGTATTGCGCATTG-1","Visium",2905,1563,1817,1321,"2","2","1","2","Reticular stroma"
"AGTGTGCTAAGATCGC-1","Visium",2584,1430,1750,1326,"1","1","0","1","Basal epithelium"
"AGTGTGGTCTATTGTG-1","Visium",3620,1724,1662,1157,"3","4","3","4","Suprabasal epithelial"
"AGTTAAACACTTGCGA-1","Visium",2916,1441,1751,1227,"9","8","6","8","Inflamed epithelium"
"AGTTAAGCGGTCCCGG-1","Visium",1588,1101,1433,1058,"5","2","1","2","Reticular stroma"
"AGTTAAGTCAACCGCT-1","Visium",959,650,1023,642,"0","0","0","0","Basal epithelium"
"AGTTACCCTTAAGACT-1","Visium",3162,1623,1800,1318,"3","4","3","4","Suprabasal epithelial"
"AGTTACCGCACATGGT-1","Visium",3735,1772,1559,1062,"3","4","3","4","Suprabasal epithelial"
"AGTTACTCTATCGTGG-1","Visium",2755,1740,1893,1562,"2","2","1","2","Reticular stroma"
"AGTTATTCAGACTGTG-1","Visium",1201,735,1182,717,"1","1","0","1","Basal epithelium"
"AGTTATTGAAAGGTAA-1","Visium",4247,2092,1086,643,"7","3","2","3","Suprabasal epithelial"
"AGTTCACCGGTTGGAC-1","Visium",2638,1418,1768,1311,"3","4","3","4","Suprabasal epithelial"
"AGTTCCTACAGAATTA-1","Visium",4874,2267,1035,528,"2","2","1","2","Reticular stroma"
"AGTTCCTATTTATGTT-1","Visium",1560,933,1391,908,"1","1","0","1","Basal epithelium"
"AGTTCTGCGTTGTATC-1","Visium",2012,1143,1564,1104,"1","1","0","1","Basal epithelium"
"AGTTGACATCGGCTGG-1","Visium",2410,1313,1697,1242,"4","3","2","3","Suprabasal epithelial"
"AGTTGACGGTCCTTGC-1","Visium",1095,729,1104,714,"0","0","0","0","Basal epithelium"
"AGTTGCGGTCCTCAAC-1","Visium",879,591,985,578,"0","0","0","0","Basal epithelium"
"AGTTGCTGACTGATAT-1","Visium",2835,1474,1787,1317,"3","4","3","4","Suprabasal epithelial"
"AGTTGGCAAGGCTAGA-1","Visium",923,611,1002,595,"1","1","0","1","Basal epithelium"
"AGTTTATGTAAAGACA-1","Visium",1211,804,1183,777,"8","6","5","6","Immune stroma"
"AGTTTCGCAGGTCGGA-1","Visium",25828,6486,1234,821,"6","5","4","5","Basal epithelium"
"AGTTTGCACCTGCCTC-1","Visium",1130,719,1124,694,"0","0","0","0","Basal epithelium"
"AGTTTGGCACGGGTTG-1","Visium",1035,666,1067,647,"0","0","0","0","Basal epithelium"
"AGTTTGGCCAGACCTA-1","Visium",1323,846,1260,814,"0","0","0","0","Basal epithelium"
"ATAAACCATTGGACGG-1","Visium",2501,1381,1733,1296,"4","3","2","3","Suprabasal epithelial"
"ATAAACGGACCCGTAA-1","Visium",1000,657,1037,634,"0","0","0","0","Basal epithelium"
"ATAAACGTTGCACCAC-1","Visium",782,512,948,501,"1","1","0","1","Basal epithelium"
"ATAAAGGCTCGGTCGT-1","Visium",4329,2013,1088,588,"9","8","6","8","Inflamed epithelium"
"ATAAAGGTCAAGTACG-1","Visium",63340,8546,1190,674,"12","9","7","9","Suprabasal epithelial"
"ATAAATATTAGCAGCT-1","Visium",1615,873,1404,852,"3","4","3","4","Suprabasal epithelial"
"ATAACGCCGGAGGGTC-1","Visium",1840,1104,1516,1055,"8","6","5","6","Immune stroma"
"ATAACGGAGTCCAACG-1","Visium",5145,2517,1068,568,"2","7","1","7","Immune stroma"
"ATAACGTTACCTCCAC-1","Visium",2688,1641,1773,1380,"2","2","1","2","Reticular stroma"
"ATAAGCAAACACCGAG-1","Visium",981,648,1030,626,"10","10","0","10","Reticular stroma"
"ATAAGGTGGAGAACAT-1","Visium",717,506,901,493,"0","0","0","0","Basal epithelium"
"ATAAGTACCCGATTGT-1","Visium",3092,1987,1923,1619,"2","2","1","2","Reticular stroma"
"ATAAGTAGGATTCAGA-1","Visium",2054,1353,1610,1301,"8","6","5","6","Immune stroma"
"ATAAGTAGGGCGACTC-1","Visium",876,579,979,567,"0","0","0","0","Basal epithelium"
"ATAAGTTACCGCGACG-1","Visium",1122,741,1125,727,"1","1","0","1","Basal epithelium"
"ATAATACCGTTAGCCG-1","Visium",2601,1394,1751,1289,"3","4","3","4","Suprabasal epithelial"
"ATAATAGCTGTTGAAT-1","Visium",1190,750,1166,728,"0","0","0","0","Basal epithelium"
"ATAATAGTGTAGGGAC-1","Visium",3495,1674,1685,1182,"3","4","3","4","Suprabasal epithelial"
"ATAATCTTGGAGAACC-1","Visium",801,545,954,536,"1","1","0","1","Basal epithelium"
"ATAATTAGCTAAGTAG-1","Visium",698,485,899,477,"0","0","0","0","Basal epithelium"
"ATACAGCGTCCACTGA-1","Visium",994,637,1048,621,"1","1","0","1","Basal epithelium"
"ATACAGGCCCTCCAAT-1","Visium",1181,763,1163,743,"0","0","0","0","Basal epithelium"
"ATACCACGGGCAACTT-1","Visium",11552,3262,1258,574,"3","4","3","4","Suprabasal epithelial"
"ATACCAGCAAATTGCT-1","Visium",5439,2300,1120,596,"7","3","2","3","Suprabasal epithelial"
"ATACCAGGCTAATAGA-1","Visium",12514,3971,1270,739,"7","9","7","9","Suprabasal epithelial"
"ATACCAGGTGAGCGAT-1","Visium",2929,1528,1805,1329,"4","3","2","3","Suprabasal epithelial"
"ATACCCTCCCGGCCAA-1","Visium",706,475,913,466,"0","0","0","0","Basal epithelium"
"ATACCCTGGCTCAAAT-1","Visium",2665,1458,1783,1340,"4","3","2","3","Suprabasal epithelial"
"ATACCGTCATCCATAA-1","Visium",1208,756,1164,716,"5","2","1","2","Reticular stroma"
"ATACCTAACCAAGAAA-1","Visium",644,449,881,440,"0","0","0","0","Basal epithelium"
"ATACGAAGGCTTTCCA-1","Visium",831,540,963,525,"1","1","0","1","Basal epithelium"
"ATACGACAGATGGGTA-1","Visium",1170,769,1156,750,"1","1","0","1","Basal epithelium"
"ATACGAGGTTTGTAAG-1","Visium",636,459,869,451,"0","0","0","0","Basal epithelium"
"ATACGCCGATCTACCG-1","Visium",1935,1089,1550,1062,"4","3","2","3","Suprabasal epithelial"
"ATACGCCGGCGAAACC-1","Visium",1720,1020,1470,996,"1","1","0","1","Basal epithelium"
"ATACGGAACGTCGTTT-1","Visium",1016,666,1053,651,"0","0","0","0","Basal epithelium"
"ATACGGGTTTCGATTG-1","Visium",3736,1920,1674,1154,"2","2","1","2","Reticular stroma"
"ATACGGTGAAGATGCA-1","Visium",2506,1245,1680,1163,"3","4","3","4","Suprabasal epithelial"
"ATACGTACTTAGCCAC-1","Visium",1175,728,1170,716,"1","1","0","1","Basal epithelium"
"ATACGTCCACTCCTGT-1","Visium",1174,736,1163,719,"1","1","0","1","Basal epithelium"
"ATACGTTATGCACGGA-1","Visium",1029,665,1057,643,"0","0","0","0","Basal epithelium"
"ATACTACCCGTACCAC-1","Visium",1060,673,1080,655,"1","1","0","1","Basal epithelium"
"ATACTAGCATGACCCT-1","Visium",2504,1478,1789,1387,"5","2","1","2","Reticular stroma"
"ATACTCTCGCCACTCT-1","Visium",2915,1588,1833,1396,"4","3","2","3","Suprabasal epithelial"
"ATACTGCCTTACACCG-1","Visium",981,645,1038,633,"1","1","0","1","Basal epithelium"
"ATACTTGTTCTCGAGC-1","Visium",2965,1484,1782,1284,"3","4","3","4","Suprabasal epithelial"
"ATAGACAACGGGACCT-1","Visium",2551,1527,1754,1394,"8","6","5","6","Immune stroma"
"ATAGACGAAGAGAAAG-1","Visium",68239,9613,1350,977,"6","5","4","5","Basal epithelium"
"ATAGAGTACTGGGACA-1","Visium",7777,2891,1319,653,"2","7","1","7","Immune stroma"
"ATAGAGTTATCAACTT-1","Visium",1902,1189,1536,1110,"5","2","1","2","Reticular stroma"
"ATAGATTTGCAGTCGG-1","Visium",3480,1821,1755,1319,"7","3","2","3","Suprabasal epithelial"
"ATAGCAACTAGGGAAG-1","Visium",746,493,925,479,"1","1","0","1","Basal epithelium"
"ATAGCCATAACAGTCA-1","Visium",1083,685,1099,666,"1","1","0","1","Basal epithelium"
"ATAGCCTCAGTACCCA-1","Visium",3053,1563,1800,1323,"3","1","0","1","Basal epithelium"
"ATAGCTGCTCTTGTTA-1","Visium",2770,1444,1768,1294,"1","1","0","1","Basal epithelium"
"ATAGGAATCTAAGCTT-1","Visium",2218,1404,1665,1336,"10","10","4","10","Reticular stroma"
"ATAGGCGGCTATAGAA-1","Visium",1119,730,1113,708,"0","0","0","0","Basal epithelium"
"ATAGGCTAGCTTCGCA-1","Visium",2209,1357,1637,1269,"8","6","5","6","Immune stroma"
"ATAGGGATATCCTTGA-1","Visium",2493,1485,1762,1372,"5","2","1","2","Reticular stroma"
"ATAGGTTGGGCAGATG-1","Visium",6763,2521,1306,536,"2","7","1","7","Immune stroma"
"ATAGTCTTTGACGTGC-1","Visium",55527,6678,1379,609,"12","9","7","9","Suprabasal epithelial"
"ATAGTGAAGCGTTCTC-1","Visium",2362,1284,1667,1205,"9","8","6","8","Inflamed epithelium"
"ATAGTTCCACCCACTC-1","Visium",1165,774,1154,756,"0","0","0","0","Basal epithelium"
"ATATAAAGCGCTCGTG-1","Visium",528,368,918,359,"0","0","0","0","Basal epithelium"
"ATATAAATGTAGCTGC-1","Visium",863,556,979,542,"1","0","0","0","Basal epithelium"
"ATATAACACGGGCGCA-1","Visium",989,620,1055,611,"1","1","0","1","Basal epithelium"
"ATATACATGTATGGTA-1","Visium",1201,746,1182,727,"0","0","0","0","Basal epithelium"
"ATATACGCTCGTGACG-1","Visium",664,463,886,455,"1","1","0","1","Basal epithelium"
"ATATAGAGTATTGGTC-1","Visium",1011,655,1053,637,"0","0","0","0","Basal epithelium"
"ATATCAACCTACAGAG-1","Visium",974,662,1029,645,"0","0","0","0","Basal epithelium"
"ATATCAATTCCAGCCT-1","Visium",1012,642,1051,627,"0","0","0","0","Basal epithelium"
"ATATCGGTAGGGAGAT-1","Visium",608,424,890,417,"1","1","0","1","Basal epithelium"
"ATATCGTGCCAGACCC-1","Visium",11911,4051,1223,752,"7","3","2","3","Suprabasal epithelial"
"ATATCGTTCCTCGAAC-1","Visium",981,667,1034,654,"1","1","0","1","Basal epithelium"
"ATATCTCCCTCGTTAA-1","Visium",5339,2547,1102,535,"2","7","1","7","Immune stroma"
"ATATCTTAGGGCCTTC-1","Visium",16007,5627,1419,886,"2","7","1","7","Immune stroma"
"ATATGGGATAGCAACT-1","Visium",746,510,913,491,"0","0","0","0","Basal epithelium"
"ATATGTCTAGAGCGTG-1","Visium",672,468,882,458,"1","1","0","1","Basal epithelium"
"ATATGTCTCCCTAGCC-1","Visium",1484,951,1359,917,"1","0","0","0","Basal epithelium"
"ATATGTGCACAAACCA-1","Visium",1330,829,1263,798,"5","2","1","2","Reticular stroma"
"ATATTATCCCGTATTT-1","Visium",2172,1224,1594,1170,"4","3","2","3","Suprabasal epithelial"
"ATATTCAGTTAAACCT-1","Visium",1415,860,1310,832,"0","0","0","0","Basal epithelium"
"ATATTCCACATAGTGA-1","Visium",1196,776,1177,758,"0","0","0","0","Basal epithelium"
"ATATTCCCACAGGTCA-1","Visium",57652,9244,1410,1059,"6","5","4","5","Basal epithelium"
"ATATTGCTGTCAAAGT-1","Visium",5007,2160,1057,547,"4","3","2","3","Suprabasal epithelial"
"ATATTGGAGAGGCCTT-1","Visium",803,539,953,528,"1","1","0","1","Basal epithelium"
"ATATTTAACCCTCAAG-1","Visium",7435,3431,1282,869,"2","7","1","7","Immune stroma"
"ATCAAACACTGTTCCA-1","Visium",1022,652,1057,629,"1","1","0","1","Basal epithelium"
"ATCAAACGAAGGTTTG-1","Visium",872,604,965,588,"0","0","0","0","Basal epithelium"
"ATCAAAGAGCCGTGGT-1","Visium",461,338,867,340,"0","0","0","0","Basal epithelium"
"ATCAAGATCCCAGGAC-1","Visium",752,490,928,476,"1","1","0","1","Basal epithelium"
"ATCAATCTGGGCTGCA-1","Visium",9452,3802,1433,809,"2","7","1","7","Immune stroma"
"ATCAATGCCGTGGCTG-1","Visium",745,528,908,515,"0","0","0","0","Basal epithelium"
"ATCACATTAGAATATC-1","Visium",4244,2431,1184,852,"2","2","1","2","Reticular stroma"
"ATCACGTGCTAATTAA-1","Visium",1282,816,1235,790,"0","0","0","0","Basal epithelium"
"ATCACTTCATCCTCGC-1","Visium",2955,1753,1859,1494,"5","2","1","2","Reticular stroma"
"ATCAGAAGCTGGTTGC-1","Visium",594,427,890,416,"1","1","0","1","Basal epithelium"
"ATCAGACGGCACGCCG-1","Visium",1523,910,1367,878,"9","8","6","8","Inflamed epithelium"
"ATCAGCCTCATGCTGC-1","Visium",1060,694,1084,679,"1","1","0","1","Basal epithelium"
"ATCAGCTCGTCCACTA-1","Visium",978,648,1041,642,"0","0","0","0","Basal epithelium"
"ATCAGGTAGCTGACAG-1","Visium",852,563,969,551,"1","1","0","1","Basal epithelium"
"ATCAGGTCGCCATTGC-1","Visium",28133,6826,1343,934,"6","5","4","5","Basal epithelium"
"ATCAGTAGGCAGGGAT-1","Visium",2548,1629,1775,1451,"2","2","1","2","Reticular stroma"
"ATCATAGATCGACGAG-1","Visium",492,355,884,354,"0","0","0","0","Basal epithelium"
"ATCATAGCCCTATGTA-1","Visium",839,552,968,538,"1","1","0","1","Basal epithelium"
"ATCATCCAATATTTGT-1","Visium",4520,1905,1006,422,"9","8","6","8","Inflamed epithelium"
"ATCATCTGCCCAGTGT-1","Visium",7385,3252,1273,874,"10","10","4","10","Reticular stroma"
"ATCATGGACTACCGAC-1","Visium",804,532,958,523,"0","0","0","0","Basal epithelium"
"ATCATTGTACCGCATT-1","Visium",709,456,918,447,"1","0","0","0","Basal epithelium"
"ATCCAACGCAGTCATA-1","Visium",77379,8291,1061,468,"11","11","8","11","Inflamed epithelium"
"ATCCAATGGAGGGTCC-1","Visium",1140,746,1139,730,"0","0","0","0","Basal epithelium"
"ATCCAATGGTACCGAA-1","Visium",1133,708,1130,691,"0","0","0","0","Basal epithelium"
"ATCCACATCGACAGAA-1","Visium",972,622,1034,610,"0","0","0","0","Basal epithelium"
"ATCCACGCTAAATGTT-1","Visium",20680,6425,1281,936,"6","5","4","5","Basal epithelium"
"ATCCACTTTCAGACTA-1","Visium",1577,1008,1403,965,"1","1","0","1","Basal epithelium"
"ATCCAGAGCAACAACC-1","Visium",827,534,973,523,"0","0","0","0","Basal epithelium"
"ATCCAGGATTCGTGAA-1","Visium",2670,1373,1715,1207,"9","8","6","8","Inflamed epithelium"
"ATCCCATCCACAGCGC-1","Visium",890,583,989,572,"0","0","0","0","Basal epithelium"
"ATCCCATTTCCGTGGG-1","Visium",678,473,882,458,"0","0","0","0","Basal epithelium"
"ATCCGGACCAGCCTGA-1","Visium",1059,687,1074,664,"1","1","0","1","Basal epithelium"
"ATCCTACCTAAGCTCT-1","Visium",1838,1018,1503,990,"9","8","6","8","Inflamed epithelium"
"ATCCTGAATCGCTGCG-1","Visium",1413,791,1311,764,"3","4","3","4","Suprabasal epithelial"
"ATCCTGCGTGGAATGG-1","Visium",1253,741,1220,722,"9","0","0","0","Basal epithelium"
"ATCCTGCTGCAGATAG-1","Visium",3155,1653,1823,1372,"4","3","2","3","Suprabasal epithelial"
"ATCCTTCTGAAAGAAC-1","Visium",611,422,908,413,"0","0","0","0","Basal epithelium"
"ATCGACCCAATACAGA-1","Visium",1612,929,1404,885,"9","8","6","8","Inflamed epithelium"
"ATCGACTCTTTCCGTT-1","Visium",2806,1525,1825,1360,"5","2","1","2","Reticular stroma"
"ATCGCACGATTGTTCA-1","Visium",2014,1185,1580,1157,"0","0","0","0","Basal epithelium"
"ATCGCACGCCGGGAGA-1","Visium",4043,2185,1379,951,"2","2","1","2","Reticular stroma"
"ATCGCCAGTCAACATT-1","Visium",1002,637,1042,616,"1","1","0","1","Basal epithelium"
"ATCGCCGTGGTTCATG-1","Visium",1005,651,1045,632,"1","1","0","1","Basal epithelium"
"ATCGCTGCGTGCAGCA-1","Visium",1960,1242,1591,1197,"8","6","5","6","Immune stroma"
"ATCGCTTTACGTCTCA-1","Visium",982,638,1041,626,"0","0","0","0","Basal epithelium"
"ATCGGAGACAGACGGC-1","Visium",812,520,959,506,"0","0","0","0","Basal epithelium"
"ATCGGCAAGCAGTCCA-1","Visium",4188,2306,1264,858,"2","2","1","2","Reticular stroma"
"ATCGGTTACCTAGTAA-1","Visium",2048,1086,1547,1056,"3","4","3","4","Suprabasal epithelial"
"ATCGTATTCCGAGAAC-1","Visium",2016,1128,1567,1098,"3","4","3","4","Suprabasal epithelial"
"ATCGTCCAATCGAGTC-1","Visium",2025,1165,1562,1125,"0","0","0","0","Basal epithelium"
"ATCGTGGAAAGTCTGG-1","Visium",574,404,922,398,"0","0","0","0","Basal epithelium"
"ATCGTTAGCTAGCGGA-1","Visium",894,563,995,548,"1","1","0","1","Basal epithelium"
"ATCGTTCACTTTCGCC-1","Visium",45578,8470,1391,1027,"6","5","4","5","Basal epithelium"
"ATCTAACGTCCCTATG-1","Visium",2762,1527,1797,1357,"4","3","2","3","Suprabasal epithelial"
"ATCTAATATCCTACGG-1","Visium",1013,629,1063,616,"0","0","0","0","Basal epithelium"
"ATCTACCATCTGCTCC-1","Visium",1139,717,1141,707,"0","0","0","0","Basal epithelium"
"ATCTAGCTTGTGAGGG-1","Visium",559,395,942,383,"0","0","0","0","Basal epithelium"
"ATCTATCGATGATCAA-1","Visium",1351,803,1292,789,"4","3","2","3","Suprabasal epithelial"
"ATCTCATAAACCTACC-1","Visium",1538,1001,1403,974,"1","1","0","1","Basal epithelium"
"ATCTCCCACGGAATAT-1","Visium",868,587,965,563,"1","1","0","1","Basal epithelium"
"ATCTCCCTGCAATCTA-1","Visium",3337,1922,1897,1519,"2","2","1","2","Reticular stroma"
"ATCTCGTGAGCGAAAC-1","Visium",821,532,964,522,"1","1","0","1","Basal epithelium"
"ATCTGACATGGAAGGA-1","Visium",546,406,926,403,"0","0","0","0","Basal epithelium"
"ATCTGATAGTGTCTTA-1","Visium",2266,1240,1634,1182,"3","4","3","4","Suprabasal epithelial"
"ATCTGCACCTCTGCGA-1","Visium",1926,1227,1583,1189,"8","6","5","6","Immune stroma"
"ATCTGCTGTTATCGCC-1","Visium",1306,826,1257,804,"0","0","0","0","Basal epithelium"
"ATCTGGGCTGTTCTTG-1","Visium",731,501,917,488,"0","0","0","0","Basal epithelium"
"ATCTGGTTAAGACTGT-1","Visium",4015,2112,1410,963,"2","7","1","7","Immune stroma"
"ATCTGTAATTGTACCC-1","Visium",20981,6493,1426,1112,"6","5","4","5","Basal epithelium"
"ATCTTAGGGCATTAAT-1","Visium",916,600,994,583,"0","0","0","0","Basal epithelium"
"ATCTTATCGCACACCC-1","Visium",493,350,876,347,"1","1","0","1","Basal epithelium"
"ATCTTGACCTGCAACG-1","Visium",3760,1978,1661,1231,"5","2","1","2","Reticular stroma"
"ATCTTGACTTGTCCAA-1","Visium",1457,974,1343,932,"8","6","5","6","Immune stroma"
"ATCTTTCGTATAACCA-1","Visium",1259,812,1227,791,"8","6","5","6","Immune stroma"
"ATGAAGCCAAGGAGCC-1","Visium",17801,6312,1526,1214,"6","5","4","5","Basal epithelium"
"ATGAAGTGGACCCAGC-1","Visium",1848,1001,1497,973,"3","4","3","4","Suprabasal epithelial"
"ATGACGCCGGCTCTAA-1","Visium",11951,4628,1377,1039,"6","5","4","5","Basal epithelium"
"ATGACGCGTTCTATCC-1","Visium",1057,722,1073,707,"0","0","0","0","Basal epithelium"
"ATGACTATCAGCTGTG-1","Visium",602,426,881,414,"0","0","0","0","Basal epithelium"
"ATGACTATGCGACATT-1","Visium",950,632,1016,613,"1","1","0","1","Basal epithelium"
"ATGAGGAGTGTTAATC-1","Visium",61162,6049,1216,380,"11","11","8","11","Inflamed epithelium"
"ATGAGGGCAGCGGCTA-1","Visium",848,544,976,533,"1","1","0","1","Basal epithelium"
"ATGATCGGGAATAGAC-1","Visium",23871,7139,1431,1143,"6","5","4","5","Basal epithelium"
"ATGATGCAATGGTACA-1","Visium",1455,874,1342,854,"9","1","0","1","Basal epithelium"
"ATGCACCTTCCTTAAT-1","Visium",2906,1503,1787,1307,"3","4","3","4","Suprabasal epithelial"
"ATGCACGCGCTGTTCA-1","Visium",1003,625,1055,610,"1","1","0","1","Basal epithelium"
"ATGCACTACCGCATTG-1","Visium",5417,2536,1083,589,"2","2","1","2","Reticular stroma"
"ATGCATGATCCAGGAT-1","Visium",3305,1500,1772,1151,"2","7","1","7","Immune stroma"
"ATGCATTCCGTGATGG-1","Visium",3684,1846,1656,1201,"7","3","2","3","Suprabasal epithelial"
"ATGCCAATCGCTCTGC-1","Visium",2310,1418,1671,1293,"2","2","1","2","Reticular stroma"
"ATGCCATTTGCGACCA-1","Visium",1209,772,1195,759,"1","1","0","1","Basal epithelium"
"ATGCCGGTCTTGCATA-1","Visium",3410,1869,1862,1411,"2","2","1","2","Reticular stroma"
"ATGCCGGTTGATGGGA-1","Visium",3618,2077,1774,1377,"2","7","1","7","Immune stroma"
"ATGCGACAATTGGTCC-1","Visium",2563,1656,1798,1489,"2","2","1","2","Reticular stroma"
"ATGCGACAGTCCCATT-1","Visium",9492,4030,1526,970,"2","2","1","2","Reticular stroma"
"ATGCGAGTCCCACCAC-1","Visium",802,543,947,532,"1","1","0","1","Basal epithelium"
"ATGCTCAGTGTTGCAT-1","Visium",5522,2321,1095,594,"3","4","3","4","Suprabasal epithelial"
"ATGCTCTGGCGCGGTA-1","Visium",808,551,942,535,"0","0","0","0","Basal epithelium"
"ATGCTTAGGAGTTGAT-1","Visium",1018,649,1051,626,"1","1","0","1","Basal epithelium"
"ATGGAAATTTAAGGAG-1","Visium",891,598,985,585,"0","0","0","0","Basal epithelium"
"ATGGAACAGAATAAAC-1","Visium",1190,804,1166,781,"1","1","0","1","Basal epithelium"
"ATGGAACCTTTGCACA-1","Visium",800,537,947,523,"1","1","0","1","Basal epithelium"
"ATGGACTGCTTAGTTG-1","Visium",636,464,863,458,"0","0","0","0","Basal epithelium"
"ATGGAGCAGGCCGTGA-1","Visium",9228,3581,1337,801,"2","7","1","7","Immune stroma"
"ATGGATCCGGCGTCCG-1","Visium",1585,986,1430,960,"5","2","1","2","Reticular stroma"
"ATGGATTGACCAAACG-1","Visium",2211,1240,1613,1165,"5","2","1","2","Reticular stroma"
"ATGGCAGCATTACGAT-1","Visium",903,603,998,589,"0","0","0","0","Basal epithelium"
"ATGGCAGCCGAGAAAC-1","Visium",3761,1530,1463,844,"3","4","3","4","Suprabasal epithelial"
"ATGGCCCGAAAGGTTA-1","Visium",977,609,1041,595,"1","1","0","1","Basal epithelium"
"ATGGCGGAATAGTCGC-1","Visium",752,492,929,477,"0","0","0","0","Basal epithelium"
"ATGGCTGGAAATGGCC-1","Visium",29979,7129,1362,986,"6","5","4","5","Basal epithelium"
"ATGGGAACGGAAGCGG-1","Visium",15127,5240,1295,905,"6","5","4","5","Basal epithelium"
"ATGGGACCTGCTGAAC-1","Visium",636,465,849,447,"0","0","0","0","Basal epithelium"
"ATGGGCCTCGGCCTCT-1","Visium",915,585,995,565,"1","1","0","1","Basal epithelium"
"ATGGGTGTATACCTCC-1","Visium",692,507,872,500,"8","6","5","6","Immune stroma"
"ATGGTATTGGGAACCG-1","Visium",650,453,878,442,"0","0","0","0","Basal epithelium"
"ATGGTATTTACTGATT-1","Visium",994,637,1050,626,"0","0","0","0","Basal epithelium"
"ATGGTCGCGTGGTTTC-1","Visium",770,528,930,512,"1","1","0","1","Basal epithelium"
"ATGGTGCTCAAAGCCA-1","Visium",3589,1788,1675,1206,"7","3","2","3","Suprabasal epithelial"
"ATGGTTACGAAACATG-1","Visium",1057,719,1063,689,"1","1","0","1","Basal epithelium"
"ATGTAAGGCTGCTCTT-1","Visium",1084,726,1095,709,"1","1","0","1","Basal epithelium"
"ATGTACATGCGGTGAG-1","Visium",707,475,914,464,"1","1","0","1","Basal epithelium"
"ATGTACGATGACGTCG-1","Visium",612,431,867,423,"0","0","0","0","Basal epithelium"
"ATGTAGCGCGCGTAGG-1","Visium",598,409,890,398,"1","1","0","1","Basal epithelium"
"ATGTCATAATAAACGA-1","Visium",462,334,859,335,"0","0","0","0","Basal epithelium"
"ATGTCATTTCCCATTG-1","Visium",1157,714,1150,698,"1","1","0","1","Basal epithelium"
"ATGTCTTGTTTGACTC-1","Visium",786,527,943,517,"0","0","0","0","Basal epithelium"
"ATGTGAAAGCCTAATG-1","Visium",951,639,1021,623,"0","0","0","0","Basal epithelium"
"ATGTGCATCCGACGCA-1","Visium",3385,1893,1845,1438,"5","2","1","2","Reticular stroma"
"ATGTGGACATCTTGAT-1","Visium",1142,690,1140,672,"0","0","0","0","Basal epithelium"
"ATGTGTAGTTTAGTCA-1","Visium",5997,2506,1164,668,"7","3","2","3","Suprabasal epithelial"
"ATGTTACGAGCAATAC-1","Visium",3898,1855,1456,976,"4","3","2","3","Suprabasal epithelial"
"ATGTTCCTGCCCACCT-1","Visium",2709,1449,1784,1331,"1","1","0","1","Basal epithelium"
"ATGTTCGTCGACCCAC-1","Visium",2587,1281,1715,1188,"3","4","3","4","Suprabasal epithelial"
"ATGTTGATTAGAGACT-1","Visium",1040,698,1069,683,"1","1","0","1","Basal epithelium"
"ATGTTGTAGTCTGTTT-1","Visium",751,503,925,485,"0","0","0","0","Basal epithelium"
"ATGTTTCGGCCCGGAG-1","Visium",776,532,939,525,"0","0","0","0","Basal epithelium"
"ATGTTTGTAAGATCAT-1","Visium",1606,1037,1433,1005,"10","10","0","10","Reticular stroma"
"ATTAAACATGCGGACC-1","Visium",1775,1033,1491,989,"9","8","6","8","Inflamed epithelium"
"ATTAAAGCGGACGAGC-1","Visium",2630,1389,1746,1277,"4","3","2","3","Suprabasal epithelial"
"ATTAACACCTGAGATA-1","Visium",2547,1328,1727,1249,"3","4","3","4","Suprabasal epithelial"
"ATTAATACTACGCGGG-1","Visium",2551,1486,1774,1360,"5","2","1","2","Reticular stroma"
"ATTAATGAACCAGTCG-1","Visium",3616,1953,1763,1324,"2","2","1","2","Reticular stroma"
"ATTAATTCGGTCACTC-1","Visium",16343,5386,1289,918,"6","5","4","5","Basal epithelium"
"ATTACAACTACCGGCC-1","Visium",3148,1933,1961,1627,"5","2","1","2","Reticular stroma"
"ATTACATGTCAGTCTT-1","Visium",966,621,1039,615,"1","1","0","1","Basal epithelium"
"ATTACCACACTGCCTG-1","Visium",999,667,1042,648,"1","1","0","1","Basal epithelium"
"ATTACGACTCCACAGT-1","Visium",1817,1045,1414,919,"5","2","1","2","Reticular stroma"
"ATTACGCGCTGGCAGG-1","Visium",1158,721,1150,706,"0","0","0","0","Basal epithelium"
"ATTACGGGCTACGGTT-1","Visium",459,331,864,335,"1","1","0","1","Basal epithelium"
"ATTACTAGCCTCTTGC-1","Visium",100299,8628,1266,628,"12","9","7","9","Suprabasal epithelial"
"ATTACTTACTGGGCAT-1","Visium",2196,1359,1628,1261,"2","2","1","2","Reticular stroma"
"ATTAGATTCCTCAGCA-1","Visium",2080,1312,1589,1241,"8","6","5","6","Immune stroma"
"ATTAGATTGATAGCGG-1","Visium",38821,7688,1282,873,"6","5","4","5","Basal epithelium"
"ATTAGGCGATGCTTTC-1","Visium",7004,2835,1191,661,"9","8","6","8","Inflamed epithelium"
"ATTATACTTTGCTCGT-1","Visium",1772,1129,1517,1080,"5","2","1","2","Reticular stroma"
"ATTATAGCTACTTTAC-1","Visium",1017,672,1050,651,"0","0","0","0","Basal epithelium"
"ATTATCGGAATGTACG-1","Visium",796,533,939,523,"0","0","0","0","Basal epithelium"
"ATTATCTCGACAGATC-1","Visium",16314,4430,1206,607,"7","9","7","9","Suprabasal epithelial"
"ATTATGAGACCCAATT-1","Visium",1310,837,1265,817,"0","0","0","0","Basal epithelium"
"ATTATGCCATAGGGAG-1","Visium",2429,1409,1720,1301,"5","2","1","2","Reticular stroma"
"ATTATGCTCAGTATTG-1","Visium",1600,989,1424,962,"1","1","0","1","Basal epithelium"
"ATTATTATGTCCGTCA-1","Visium",869,605,968,586,"0","0","0","0","Basal epithelium"
"ATTATTCAGAGTCACT-1","Visium",1008,643,1051,625,"1","1","0","1","Basal epithelium"
"ATTCAAAGTACCTGTT-1","Visium",2011,1148,1580,1116,"4","3","2","3","Suprabasal epithelial"
"ATTCAACCATTTAAGG-1","Visium",960,620,1028,608,"1","1","0","1","Basal epithelium"
"ATTCACTGATGTTGGA-1","Visium",1028,673,1062,658,"0","0","0","0","Basal epithelium"
"ATTCAGATGAATCCCT-1","Visium",1453,954,1349,923,"1","1","0","1","Basal epithelium"
"ATTCAGGACCTATTTC-1","Visium",6229,3332,1300,960,"2","2","1","2","Reticular stroma"
"ATTCAGGATCGCCTCT-1","Visium",5087,2627,1054,701,"10","10","4","10","Reticular stroma"
"ATTCAGTAGCAGGGTC-1","Visium",10351,3353,1273,701,"3","4","3","4","Suprabasal epithelial"
"ATTCATATACTGTCCA-1","Visium",1426,899,1331,878,"0","0","0","0","Basal epithelium"
"ATTCATCGTTGAGGCA-1","Visium",932,592,1022,581,"0","0","0","0","Basal epithelium"
"ATTCCCACATAAACAA-1","Visium",7723,2818,1281,746,"3","4","3","4","Suprabasal epithelial"
"ATTCCCGAAGGTACAG-1","Visium",92,76,585,174,"1","1","0","1","Basal epithelium"
"ATTCCTAAGACGTGGA-1","Visium",2031,1304,1558,1185,"2","2","1","2","Reticular stroma"
"ATTCCTCCGCCAGTGC-1","Visium",77078,8238,1056,434,"11","11","8","11","Inflamed epithelium"
"ATTCCTTCCAGGCGGT-1","Visium",2518,1356,1732,1270,"4","3","2","3","Suprabasal epithelial"
"ATTCGACGCCGGGCCT-1","Visium",2726,1273,1704,1129,"3","4","3","4","Suprabasal epithelial"
"ATTCGCAGAGGACACT-1","Visium",1411,878,1316,852,"1","1","0","1","Basal epithelium"
"ATTCGCGCCTTGAGAG-1","Visium",473,350,845,350,"1","1","0","1","Basal epithelium"
"ATTCGTCCCGAGGTTA-1","Visium",1227,757,1198,733,"1","1","0","1","Basal epithelium"
"ATTCGTGCTATCTCTT-1","Visium",1196,766,1174,744,"0","0","0","0","Basal epithelium"
"ATTCGTGTACCCATTC-1","Visium",1127,741,1127,725,"1","1","0","1","Basal epithelium"
"ATTCGTTTATCGTATT-1","Visium",1103,689,1112,674,"1","1","0","1","Basal epithelium"
"ATTCTCGTCTCTTTAG-1","Visium",15570,4320,1250,646,"7","9","7","9","Suprabasal epithelial"
"ATTCTGAGTATGAACT-1","Visium",53814,8701,1321,931,"6","5","4","5","Basal epithelium"
"ATTCTTCGTACTTATG-1","Visium",16341,5850,1420,1102,"6","5","4","5","Basal epithelium"
"ATTGAAGATCTTAGTG-1","Visium",2721,1498,1782,1341,"2","2","1","2","Reticular stroma"
"ATTGAATTCCCTGTAG-1","Visium",972,648,1028,634,"1","1","0","1","Basal epithelium"
"ATTGACCGGCGATGAC-1","Visium",1175,815,1136,774,"5","2","1","2","Reticular stroma"
"ATTGACGTAACTCGGT-1","Visium",29286,7322,1358,1030,"6","5","4","5","Basal epithelium"
"ATTGATAGCAACGAGA-1","Visium",1996,1176,1580,1143,"1","1","0","1","Basal epithelium"
"ATTGATCACCACATTT-1","Visium",1297,784,1252,766,"0","0","0","0","Basal epithelium"
"ATTGATGAGTCCTAAC-1","Visium",1552,992,1404,960,"8","6","5","6","Immune stroma"
"ATTGCCTATTAGACCG-1","Visium",837,562,955,547,"0","0","0","0","Basal epithelium"
"ATTGCCTTTATGTTTG-1","Visium",1035,684,1058,660,"0","0","0","0","Basal epithelium"
"ATTGCGATCAGTAACT-1","Visium",1101,711,1105,689,"1","1","0","1","Basal epithelium"
"ATTGCTGCTCCTCCAT-1","Visium",13255,4588,1231,801,"11","11","8","11","Inflamed epithelium"
"ATTGGATTACAGCGTA-1","Visium",1150,708,1141,690,"1","1","0","1","Basal epithelium"
"ATTGGGAATATCTTGG-1","Visium",68113,5918,1858,704,"12","9","7","9","Suprabasal epithelial"
"ATTGGGAGTTCTGTAA-1","Visium",1212,798,1144,733,"5","2","1","2","Reticular stroma"
"ATTGGTAGGATCCGCT-1","Visium",2176,1177,1597,1135,"3","4","3","4","Suprabasal epithelial"
"ATTGGTTGTGCATTAC-1","Visium",1055,662,1090,650,"1","1","0","1","Basal epithelium"
"ATTGTACAACTCGGCT-1","Visium",1048,716,1066,698,"1","1","0","1","Basal epithelium"
"ATTGTCGCAATACCTT-1","Visium",1464,963,1346,920,"5","2","1","2","Reticular stroma"
"ATTGTCTGTTTCATGT-1","Visium",690,449,911,437,"0","0","0","0","Basal epithelium"
"ATTGTGACTTCGCTGC-1","Visium",1687,1104,1442,1035,"5","2","1","2","Reticular stroma"
"ATTGTTCAACGATCCG-1","Visium",726,482,922,473,"1","1","0","1","Basal epithelium"
"ATTTAACTCGTATTAC-1","Visium",40228,8499,1249,931,"6","5","4","5","Basal epithelium"
"ATTTACAGTTTACTGG-1","Visium",60749,8767,1042,561,"11","11","8","11","Inflamed epithelium"
"ATTTACTAAGTCCATT-1","Visium",1205,771,1181,747,"1","1","0","1","Basal epithelium"
"ATTTATACTGGTAAAG-1","Visium",894,575,990,560,"1","1","0","1","Basal epithelium"
"ATTTCATTATTTCGCG-1","Visium",1612,1030,1437,989,"5","2","1","2","Reticular stroma"
"ATTTCCGGGTTCTGCG-1","Visium",1017,705,1051,692,"0","0","0","0","Basal epithelium"
"ATTTGCCTAGTTACGA-1","Visium",4443,2079,990,516,"7","3","2","3","Suprabasal epithelial"
"ATTTGCGCGAGTAGCT-1","Visium",1062,704,1084,693,"0","0","0","0","Basal epithelium"
"ATTTGGAGATTGCGGT-1","Visium",288,210,741,231,"1","1","0","1","Basal epithelium"
"ATTTGTCTTGGGAGCT-1","Visium",1005,674,1045,657,"1","1","0","1","Basal epithelium"
"ATTTGTTCCAGGGCTC-1","Visium",1830,1104,1528,1069,"5","2","1","2","Reticular stroma"
"CAAACCAGGTCTGCAT-1","Visium",1159,712,1157,701,"0","0","0","0","Basal epithelium"
"CAAACCATAAGCGTAT-1","Visium",866,583,966,566,"0","0","0","0","Basal epithelium"
"CAAACCCTCCGGCGGG-1","Visium",435,311,840,324,"1","1","0","1","Basal epithelium"
"CAAACGAGTATCGCAG-1","Visium",965,609,1033,588,"0","0","0","0","Basal epithelium"
"CAAACGGTCGCACTTT-1","Visium",57586,8594,1044,556,"11","11","8","11","Inflamed epithelium"
"CAAACGTGGTCTTGCG-1","Visium",15118,4112,1304,661,"7","9","7","9","Suprabasal epithelial"
"CAAACTACGATAGAGA-1","Visium",2276,1382,1653,1269,"5","2","1","2","Reticular stroma"
"CAAACTATTGAGCTTC-1","Visium",6242,3256,1225,930,"6","5","4","5","Basal epithelium"
"CAAACTCGCGACGCCG-1","Visium",753,521,916,506,"1","1","0","1","Basal epithelium"
"CAAAGATTATTGGGCC-1","Visium",827,582,942,569,"0","0","0","0","Basal epithelium"
"CAAAGGTCATCTGAAA-1","Visium",576,418,910,413,"0","0","0","0","Basal epithelium"
"CAAAGGTTAAATTCAG-1","Visium",1086,712,1094,690,"1","1","0","1","Basal epithelium"
"CAAAGTCAGGTTAGCT-1","Visium",1805,1043,1515,1025,"4","3","2","3","Suprabasal epithelial"
"CAAATCTCTCACAAGG-1","Visium",1088,697,1098,679,"0","0","0","0","Basal epithelium"
"CAAATGCGGAGTGTTC-1","Visium",3100,1566,1785,1309,"7","3","2","3","Suprabasal epithelial"
"CAAATGTCCTTCCGTG-1","Visium",1368,826,1306,814,"9","8","6","8","Inflamed epithelium"
"CAAATTGGATTATGCC-1","Visium",2089,1393,1619,1320,"8","6","5","6","Immune stroma"
"CAAATTGTCAGCAAGC-1","Visium",10394,4474,1450,1135,"6","5","4","5","Basal epithelium"
"CAACACATCTCCTGCC-1","Visium",918,592,1009,585,"0","0","0","0","Basal epithelium"
"CAACAGAATAACGCTA-1","Visium",2342,1436,1711,1357,"10","10","4","10","Reticular stroma"
"CAACAGTGCCAAACGG-1","Visium",3461,1762,1721,1262,"7","3","2","3","Suprabasal epithelial"
"CAACATGGCCTGATAA-1","Visium",2278,1306,1659,1248,"4","3","2","3","Suprabasal epithelial"
"CAACCAGTGGCCTACC-1","Visium",810,541,947,525,"1","1","0","1","Basal epithelium"
"CAACCGCACCTAGACA-1","Visium",1885,1094,1522,1057,"4","3","2","3","Suprabasal epithelial"
"CAACCTACCGAGCAGT-1","Visium",903,577,1002,564,"1","1","0","1","Basal epithelium"
"CAACCTGAACCTGCCA-1","Visium",1210,759,1192,741,"1","1","0","1","Basal epithelium"
"CAACGACCCGTTTACA-1","Visium",20807,6551,1401,1066,"6","5","4","5","Basal epithelium"
"CAACGAGCTTATTATG-1","Visium",667,467,890,461,"0","0","0","0","Basal epithelium"
"CAACGATCGATCCAAT-1","Visium",1165,721,1155,705,"1","1","0","1","Basal epithelium"
"CAACGCGATGAGCCAA-1","Visium",426,313,819,313,"0","0","0","0","Basal epithelium"
"CAACGGTTCTTGATAC-1","Visium",16690,4400,1243,651,"7","9","7","9","Suprabasal epithelial"
"CAACGTGGTGGAGTCT-1","Visium",917,598,1008,586,"0","0","0","0","Basal epithelium"
"CAACTATATCGAATGC-1","Visium",1781,1177,1533,1140,"5","2","1","2","Reticular stroma"
"CAACTCCAACGTTTAG-1","Visium",47233,7579,1285,755,"12","9","7","9","Suprabasal epithelial"
"CAACTCCGTAACTTGC-1","Visium",1875,1075,1413,918,"5","2","1","2","Reticular stroma"
"CAACTCCTTGATCCCG-1","Visium",59656,8142,1221,717,"12","9","7","9","Suprabasal epithelial"
"CAACTGAGGGTATGAC-1","Visium",1343,830,1250,780,"5","2","1","2","Reticular stroma"
"CAACTGCTCATCCGAT-1","Visium",747,511,923,498,"0","0","0","0","Basal epithelium"
"CAACTTGTAGTGGGCA-1","Visium",3820,1865,1557,1085,"7","3","2","3","Suprabasal epithelial"
"CAAGAAACCCTAAACT-1","Visium",1164,721,1148,697,"1","1","0","1","Basal epithelium"
"CAAGACTCAGAAGCGC-1","Visium",786,531,946,522,"1","1","0","1","Basal epithelium"
"CAAGAGGGCGGAGTAC-1","Visium",740,517,907,503,"1","1","0","1","Basal epithelium"
"CAAGATATTATAACGT-1","Visium",884,594,984,579,"1","1","0","1","Basal epithelium"
"CAAGCAACGTCGGAGT-1","Visium",65963,7874,1040,396,"11","11","8","11","Inflamed epithelium"
"CAAGCACCAAATGCCT-1","Visium",1474,929,1370,909,"5","2","1","2","Reticular stroma"
"CAAGCGGCACATAATT-1","Visium",907,613,990,594,"0","0","0","0","Basal epithelium"
"CAAGGATCGCATGTTC-1","Visium",2507,1269,1707,1180,"9","8","6","8","Inflamed epithelium"
"CAAGGCCAGTGGTGCA-1","Visium",858,575,967,560,"0","0","0","0","Basal epithelium"
"CAAGGGAGTGTATTTG-1","Visium",1500,926,1370,902,"4","3","2","3","Suprabasal epithelial"
"CAAGGTCCTATAGGCT-1","Visium",829,558,958,541,"1","1","0","1","Basal epithelium"
"CAAGTAAGTGATAGAC-1","Visium",683,469,891,457,"0","0","0","0","Basal epithelium"
"CAAGTCGTTGAAATCT-1","Visium",571,419,906,416,"0","0","0","0","Basal epithelium"
"CAAGTGAACTTTGGTT-1","Visium",4731,2208,1020,563,"7","3","2","3","Suprabasal epithelial"
"CAAGTGTGGTTGCAAA-1","Visium",1259,789,1223,766,"1","1","0","1","Basal epithelium"
"CAATAAACCTTGGCCC-1","Visium",3834,2001,1580,1138,"2","2","1","2","Reticular stroma"
"CAATACGAGAGTCTGA-1","Visium",867,586,970,571,"1","1","0","1","Basal epithelium"
"CAATACGCTCTGAGGC-1","Visium",1138,738,1122,710,"0","0","0","0","Basal epithelium"
"CAATATGTAGATTTAC-1","Visium",2254,1421,1669,1340,"10","10","4","10","Reticular stroma"
"CAATATTCTTGACCTA-1","Visium",1132,740,1125,719,"0","0","0","0","Basal epithelium"
"CAATATTGGACTAGTG-1","Visium",1422,908,1331,886,"4","3","2","3","Suprabasal epithelial"
"CAATCCATTATCCGTT-1","Visium",1995,1276,1613,1235,"10","10","4","10","Reticular stroma"
"CAATCCCTATACCAGC-1","Visium",2977,1783,1896,1522,"2","2","1","2","Reticular stroma"
"CAATCCTGCCGTGGAG-1","Visium",3260,1659,1803,1336,"4","3","2","3","Suprabasal epithelial"
"CAATGACCCTTAATTT-1","Visium",833,555,958,540,"0","0","0","0","Basal epithelium"
"CAATGAGGTTCGACTA-1","Visium",882,595,986,580,"1","1","0","1","Basal epithelium"
"CAATGCGAGAAGTATC-1","Visium",999,657,1042,642,"1","1","0","1","Basal epithelium"
"CAATGGAATCTACATA-1","Visium",7088,3559,1291,986,"5","2","1","2","Reticular stroma"
"CAATGGATCTCTACCA-1","Visium",2673,1556,1741,1355,"5","2","1","2","Reticular stroma"
"CAATGGTCGGCCTGGG-1","Visium",5646,2442,1139,662,"7","3","2","3","Suprabasal epithelial"
"CAATGTGCCAACCCTT-1","Visium",976,661,1025,643,"1","1","0","1","Basal epithelium"
"CAATTAAGGGTGATGA-1","Visium",5854,2483,1178,547,"2","7","1","7","Immune stroma"
"CAATTGGGCCGCACTC-1","Visium",123,97,606,183,"0","0","0","0","Basal epithelium"
"CAATTTCGTATAAGGG-1","Visium",10908,3638,1267,690,"9","8","6","8","Inflamed epithelium"
"CAATTTGACCGGGAAG-1","Visium",1748,1038,1499,1019,"4","3","2","3","Suprabasal epithelial"
"CACAAACCGCAGAACT-1","Visium",914,586,1016,575,"4","3","2","3","Suprabasal epithelial"
"CACAAGAAAGATATTA-1","Visium",1389,960,1293,908,"5","2","1","2","Reticular stroma"
"CACAAGCTAAGAAAGG-1","Visium",800,531,941,512,"0","0","0","0","Basal epithelium"
"CACAATGAGCTGCTAT-1","Visium",1859,1067,1518,1021,"9","8","6","8","Inflamed epithelium"
"CACACACGCTAACGAG-1","Visium",986,638,1045,626,"1","1","0","1","Basal epithelium"
"CACACAGCTTGCGCTC-1","Visium",1197,773,1178,754,"1","1","0","1","Basal epithelium"
"CACACAGGGATAGATT-1","Visium",10075,3269,1283,714,"3","4","3","4","Suprabasal epithelial"
"CACACGCGCTGTCTTA-1","Visium",2011,1200,1566,1152,"8","6","5","6","Immune stroma"
"CACACGTTTCAATGGG-1","Visium",13062,4905,1382,1021,"6","5","4","5","Basal epithelium"
"CACACTTGTATTGCGA-1","Visium",2143,1129,1454,944,"5","2","1","2","Reticular stroma"
"CACAGAGACGAGGACG-1","Visium",685,479,892,469,"0","0","0","0","Basal epithelium"
"CACAGCACCCACGGCA-1","Visium",8608,3418,1383,796,"2","7","1","7","Immune stroma"
"CACAGCTAGGGAGTGA-1","Visium",1500,941,1356,900,"5","2","1","2","Reticular stroma"
"CACAGGGCCATATAGT-1","Visium",838,550,965,535,"1","1","0","1","Basal epithelium"
"CACAGGGCCGTTGTCA-1","Visium",867,578,979,564,"0","0","0","0","Basal epithelium"
"CACAGTCCCGCTTCGC-1","Visium",812,533,945,521,"1","1","0","1","Basal epithelium"
"CACAGTTCGCTTCCCA-1","Visium",1032,692,1061,672,"1","1","0","1","Basal epithelium"
"CACATAAGGCGACCGT-1","Visium",1938,1143,1551,1107,"4","3","2","3","Suprabasal epithelial"
"CACATATTAGCAGGAT-1","Visium",1060,678,1072,654,"0","0","0","0","Basal epithelium"
"CACATCGTGCACGCGC-1","Visium",579,442,890,436,"0","0","0","0","Basal epithelium"
"CACATCTCACCGACGA-1","Visium",1125,741,1127,727,"0","0","0","0","Basal epithelium"
"CACATGATTCAGCAAC-1","Visium",8083,2692,1266,624,"9","8","6","8","Inflamed epithelium"
"CACATGTTTGGACATG-1","Visium",2256,1244,1625,1183,"4","0","0","0","Basal epithelium"
"CACATTCTTTCGATGG-1","Visium",2661,1513,1783,1342,"2","2","1","2","Reticular stroma"
"CACATTTCTTGTCAGA-1","Visium",1261,788,1228,770,"1","1","0","1","Basal epithelium"
"CACCAATCATCCGTCT-1","Visium",1068,660,1098,650,"1","1","0","1","Basal epithelium"
"CACCACGCCACACAGA-1","Visium",1143,714,1133,694,"0","0","0","0","Basal epithelium"
"CACCAGTCAGCATGCA-1","Visium",793,534,935,517,"0","0","0","0","Basal epithelium"
"CACCATCGGAGGAGAC-1","Visium",38594,6871,1201,684,"12","9","7","9","Suprabasal epithelial"
"CACCATGATCGCAAAG-1","Visium",4136,2504,1354,1026,"2","2","1","2","Reticular stroma"
"CACCCAAATCTTATGT-1","Visium",1245,797,1210,769,"0","0","0","0","Basal epithelium"
"CACCCACACGTCACCC-1","Visium",75850,5906,2023,691,"12","9","7","9","Suprabasal epithelial"
"CACCCACGAGGCAATT-1","Visium",3210,1800,1862,1441,"2","2","1","2","Reticular stroma"
"CACCCGCGTTTGACAC-1","Visium",1169,736,1160,721,"1","1","0","1","Basal epithelium"
"CACCCGGTTTGTGACT-1","Visium",1081,711,1093,693,"0","0","0","0","Basal epithelium"
"CACCCTAACAAGATCT-1","Visium",1114,732,1121,719,"1","1","0","1","Basal epithelium"
"CACCCTTGGTGAGACC-1","Visium",1040,708,1065,692,"0","0","0","0","Basal epithelium"
"CACCCTTTCCTCGCTC-1","Visium",4117,2065,1265,825,"7","3","2","3","Suprabasal epithelial"
"CACCGATACACCGAGC-1","Visium",9825,4642,1540,1284,"6","5","4","5","Basal epithelium"
"CACCGATGATGGGTAC-1","Visium",1025,650,1065,637,"1","1","0","1","Basal epithelium"
"CACCGCCAGAAGGTTT-1","Visium",2219,1278,1649,1218,"5","2","1","2","Reticular stroma"
"CACCGCCGACCAGCGA-1","Visium",30300,7250,1269,909,"6","5","4","5","Basal epithelium"
"CACCGCGTCCACTCTA-1","Visium",2037,1244,1548,1131,"2","2","1","2","Reticular stroma"
"CACCGGAGATATCTCC-1","Visium",43680,7867,1338,907,"6","5","4","5","Basal epithelium"
"CACCGGGCATCACAAG-1","Visium",854,559,978,545,"1","1","0","1","Basal epithelium"
"CACCGGTAGAGACATT-1","Visium",738,510,914,494,"0","0","0","0","Basal epithelium"
"CACCGTATCCCATCCG-1","Visium",943,624,1019,612,"1","1","0","1","Basal epithelium"
"CACCGTTAGGGATCAC-1","Visium",1091,738,1088,710,"0","0","0","0","Basal epithelium"
"CACCGTTGCGCGATAT-1","Visium",1024,656,1061,640,"0","0","0","0","Basal epithelium"
"CACCTAATAGAGTCGT-1","Visium",2392,1265,1660,1199,"3","4","3","4","Suprabasal epithelial"
"CACCTAATCAGTTTAC-1","Visium",2406,1453,1734,1355,"5","2","1","2","Reticular stroma"
"CACCTCGATGGTGGAC-1","Visium",2936,1803,1897,1562,"5","2","1","2","Reticular stroma"
"CACCTCTACGAGTGTG-1","Visium",1346,851,1289,833,"1","1","0","1","Basal epithelium"
"CACCTTGCGAAACTCG-1","Visium",4516,2220,982,463,"2","7","1","7","Immune stroma"
"CACCTTGGCGCCTTTG-1","Visium",873,553,982,533,"1","1","0","1","Basal epithelium"
"CACGAAAGTTAGTCCC-1","Visium",25790,5358,1163,497,"3","4","3","4","Suprabasal epithelial"
"CACGACCACAGACTTT-1","Visium",2695,1624,1832,1478,"10","10","4","10","Reticular stroma"
"CACGACGTAATAGTAA-1","Visium",3264,1985,1933,1614,"10","10","4","10","Reticular stroma"
"CACGACTAAAGTTCTG-1","Visium",3010,1550,1828,1361,"4","3","2","3","Suprabasal epithelial"
"CACGAGCAAACCAGAC-1","Visium",654,469,866,465,"0","0","0","0","Basal epithelium"
"CACGATTGGTCGTTAA-1","Visium",2305,1316,1680,1263,"4","3","2","3","Suprabasal epithelial"
"CACGCACAGCGCAGCT-1","Visium",2517,1439,1749,1308,"2","2","1","2","Reticular stroma"
"CACGCAGCGAGGCTTT-1","Visium",59800,9218,1139,741,"11","11","8","11","Inflamed epithelium"
"CACGCGGAACTGTTGC-1","Visium",896,603,986,590,"1","1","0","1","Basal epithelium"
"CACGGACGTGGATGGC-1","Visium",984,641,1042,629,"1","1","5","1","Basal epithelium"
"CACGGCGCGCCAAAGG-1","Visium",1420,889,1306,840,"5","2","1","2","Reticular stroma"
"CACGGGATTGAGGGTT-1","Visium",2590,1337,1724,1227,"3","4","3","4","Suprabasal epithelial"
"CACGTCAATCAATGGA-1","Visium",696,468,902,457,"1","1","0","1","Basal epithelium"
"CACGTCGGCAACCTCT-1","Visium",1232,833,1203,809,"0","0","0","0","Basal epithelium"
"CACGTCGGGTTCTAGA-1","Visium",1533,907,1382,882,"4","3","2","3","Suprabasal epithelial"
"CACGTCTATGATGTGG-1","Visium",53437,9289,1393,1066,"6","5","4","5","Basal epithelium"
"CACGTTCGTGCTCTAG-1","Visium",2014,1142,1569,1109,"9","8","6","8","Inflamed epithelium"
"CACGTTTCGTACACAC-1","Visium",1224,737,1207,723,"1","1","0","1","Basal epithelium"
"CACTAAAGTTGCCTAT-1","Visium",4674,2205,1026,555,"2","7","1","7","Immune stroma"
"CACTACGGGAGCTGCC-1","Visium",826,545,957,530,"1","1","0","1","Basal epithelium"
"CACTACTCAGTTCTGT-1","Visium",60055,6843,1314,550,"12","9","7","9","Suprabasal epithelial"
"CACTCAAGAGCTATGG-1","Visium",3872,1759,1457,905,"9","8","6","8","Inflamed epithelium"
"CACTCAGCTCTTGAGG-1","Visium",18760,6151,1360,1045,"6","5","4","5","Basal epithelium"
"CACTCCTATGTAAGAT-1","Visium",1171,726,1155,705,"0","0","0","0","Basal epithelium"
"CACTCCTCTCGGTCGG-1","Visium",1591,1050,1420,1006,"5","2","1","2","Reticular stroma"
"CACTCGAGCTGAACAA-1","Visium",885,587,978,567,"0","0","0","0","Basal epithelium"
"CACTCGGTTAGGAGGA-1","Visium",1522,856,1372,834,"3","4","3","4","Suprabasal epithelial"
"CACTCTCAAGCATCGA-1","Visium",780,507,951,496,"1","1","0","1","Basal epithelium"
"CACTCTTCTGCTAGCC-1","Visium",965,616,1026,595,"1","1","0","1","Basal epithelium"
"CACTGACGATTGTGGA-1","Visium",634,447,872,436,"0","0","0","0","Basal epithelium"
"CACTGTCCAAGTGAGA-1","Visium",80023,9184,1107,623,"6","5","4","5","Basal epithelium"
"CACTTAATCAGACGGA-1","Visium",6731,2969,1195,758,"9","8","6","8","Inflamed epithelium"
"CACTTCGCCACAGGCT-1","Visium",6666,2643,1170,662,"3","4","3","4","Suprabasal epithelial"
"CACTTCGTCTTATCTC-1","Visium",2944,1553,1805,1352,"0","0","0","0","Basal epithelium"
"CAGAACTTAGCCCTCT-1","Visium",1033,638,1064,617,"1","1","0","1","Basal epithelium"
"CAGAATAACACACGGA-1","Visium",660,459,893,453,"1","1","0","1","Basal epithelium"
"CAGAATATTCGTTATC-1","Visium",607,412,888,401,"1","1","0","1","Basal epithelium"
"CAGACACCGATCGCTG-1","Visium",840,564,950,542,"0","0","0","0","Basal epithelium"
"CAGACCTGTAAGTGTT-1","Visium",1536,1008,1396,976,"8","6","5","6","Immune stroma"
"CAGACGAACCTGATAC-1","Visium",933,605,1008,586,"0","0","0","0","Basal epithelium"
"CAGAGACGGTCACCCA-1","Visium",1172,721,1157,703,"0","0","0","0","Basal epithelium"
"CAGAGCATGAGCTTGC-1","Visium",3118,1760,1860,1457,"2","2","1","2","Reticular stroma"
"CAGAGCGATGGATGCT-1","Visium",918,578,1016,566,"1","1","0","1","Basal epithelium"
"CAGAGGCGATGCATGA-1","Visium",801,555,946,540,"0","0","0","0","Basal epithelium"
"CAGAGTGATTTAACGT-1","Visium",28151,6871,1286,905,"6","5","4","5","Basal epithelium"
"CAGATAATGGGCGGGT-1","Visium",307,228,732,256,"1","1","0","1","Basal epithelium"
"CAGATACTAACATAGT-1","Visium",4479,2044,1004,433,"2","7","1","7","Immune stroma"
"CAGATATGAAGATGAC-1","Visium",710,491,902,482,"0","0","0","0","Basal epithelium"
"CAGATCATTTAAAGTC-1","Visium",7242,3948,1406,1141,"8","6","5","6","Immune stroma"
"CAGATCCTGGTTTGAA-1","Visium",1048,679,1077,665,"0","0","0","0","Basal epithelium"
"CAGATGTTTGTCCCAA-1","Visium",833,525,973,510,"0","0","0","0","Basal epithelium"
"CAGCAGCCCGTTCCTT-1","Visium",2429,1425,1679,1278,"5","2","1","2","Reticular stroma"
"CAGCAGTCCAGACTAT-1","Visium",1007,645,1063,638,"1","1","0","1","Basal epithelium"
"CAGCAGTCTGTGCTGC-1","Visium",896,585,992,570,"0","0","0","0","Basal epithelium"
"CAGCCCTCACAGGCAG-1","Visium",5754,2460,1123,628,"7","3","2","3","Suprabasal epithelial"
"CAGCCGGGCCCTCTAT-1","Visium",6873,3622,1330,1042,"6","5","4","5","Basal epithelium"
"CAGCCTCCTGCAGAGG-1","Visium",4896,2329,1068,521,"2","7","1","7","Immune stroma"
"CAGCCTCGATAGCGGT-1","Visium",793,540,943,523,"1","1","0","1","Basal epithelium"
"CAGCCTCTCCTCAAGA-1","Visium",2597,1596,1805,1437,"2","2","1","2","Reticular stroma"
"CAGCGATTCCCTTCAA-1","Visium",842,567,953,550,"0","0","0","0","Basal epithelium"
"CAGCGCCAACACGATA-1","Visium",1081,697,1091,674,"0","0","0","0","Basal epithelium"
"CAGCTCACTGAGACAT-1","Visium",14785,5365,1407,844,"2","7","1","7","Immune stroma"
"CAGCTCGACAAGTTAA-1","Visium",1529,968,1367,917,"5","2","1","2","Reticular stroma"
"CAGCTCGTGCTTGTGT-1","Visium",20714,4867,1248,571,"7","9","7","9","Suprabasal epithelial"
"CAGCTCTGGGCTCACT-1","Visium",609,436,877,429,"0","0","0","0","Basal epithelium"
"CAGCTGGCGTAACCGT-1","Visium",1023,688,1053,671,"0","0","0","0","Basal epithelium"
"CAGCTTAGTAGGTAGC-1","Visium",20515,4876,1160,541,"3","4","3","4","Suprabasal epithelial"
"CAGGAAGACTTTATAT-1","Visium",1674,1048,1463,1014,"5","2","1","2","Reticular stroma"
"CAGGACAGCTGCCCTT-1","Visium",949,619,1016,601,"0","0","0","0","Basal epithelium"
"CAGGATATATCGTTGT-1","Visium",1851,1033,1514,1005,"9","8","6","8","Inflamed epithelium"
"CAGGATCCGCCCGACC-1","Visium",2639,1393,1741,1265,"4","3","2","3","Suprabasal epithelial"
"CAGGCAGTCTTACCAG-1","Visium",922,610,1005,594,"0","0","0","0","Basal epithelium"
"CAGGCCAGTACCACCT-1","Visium",942,625,1004,606,"0","0","0","0","Basal epithelium"
"CAGGCCGTTTGGGTGT-1","Visium",3622,1645,1637,1091,"9","8","6","8","Inflamed epithelium"
"CAGGCGCACGGTGGTC-1","Visium",841,576,949,556,"0","0","0","0","Basal epithelium"
"CAGGCGCCATGCTAGG-1","Visium",823,555,950,539,"0","0","0","0","Basal epithelium"
"CAGGGAGATAGGCCAG-1","Visium",484,357,856,357,"0","0","0","0","Basal epithelium"
"CAGGGCTAACGAAACC-1","Visium",2162,1213,1598,1165,"4","3","2","3","Suprabasal epithelial"
"CAGGTTTAGTACTACA-1","Visium",1657,983,1411,924,"5","2","1","2","Reticular stroma"
"CAGTAACTATTTATTG-1","Visium",2664,1599,1794,1406,"2","2","1","2","Reticular stroma"
"CAGTAAGGGACGTCTC-1","Visium",819,528,964,519,"1","1","0","1","Basal epithelium"
"CAGTAATCCCTCCCAG-1","Visium",4841,2124,1034,536,"3","4","3","4","Suprabasal epithelial"
"CAGTACATTCTCTAAA-1","Visium",3578,2017,1803,1370,"2","7","1","7","Immune stroma"
"CAGTACCAGTTTACGT-1","Visium",1063,692,1088,677,"0","0","0","0","Basal epithelium"
"CAGTAGATGATGTCCG-1","Visium",1510,864,1360,842,"1","1","0","1","Basal epithelium"
"CAGTAGCCCACGCGGT-1","Visium",2722,1632,1832,1439,"2","2","1","2","Reticular stroma"
"CAGTAGCGAGGTAGTA-1","Visium",2011,1152,1565,1116,"4","3","2","3","Suprabasal epithelial"
"CAGTCCAACGCCTTCT-1","Visium",1260,810,1227,789,"1","1","0","1","Basal epithelium"
"CAGTCGAGGATGCAAT-1","Visium",2002,1334,1608,1268,"8","6","5","6","Immune stroma"
"CAGTCGGCCTAGATAT-1","Visium",864,569,974,554,"0","0","0","0","Basal epithelium"
"CAGTCTCTCGGCTAAT-1","Visium",2246,1230,1635,1176,"4","3","2","3","Suprabasal epithelial"
"CAGTCTGTATACTGGG-1","Visium",1461,861,1348,841,"9","8","6","8","Inflamed epithelium"
"CAGTGAATAAATGACT-1","Visium",3512,1979,1793,1388,"2","2","1","2","Reticular stroma"
"CAGTGGTTGCACATGA-1","Visium",2412,1288,1701,1229,"3","4","3","4","Suprabasal epithelial"
"CAGTGTCCGCAGAATG-1","Visium",6551,2582,1264,762,"7","3","2","3","Suprabasal epithelial"
"CAGTGTCGGCTGGCCC-1","Visium",906,599,991,581,"1","1","0","1","Basal epithelium"
"CAGTGTTAATCTCTCA-1","Visium",967,647,1026,634,"0","0","0","0","Basal epithelium"
"CAGTTCAAATTGACAC-1","Visium",4546,2245,985,528,"2","2","1","2","Reticular stroma"
"CAGTTCCGCGGGTCGA-1","Visium",9056,3003,1278,688,"3","4","3","4","Suprabasal epithelial"
"CAGTTCGAGGACCCGA-1","Visium",678,477,883,470,"0","0","0","0","Basal epithelium"
"CATAACGGACAGTCGT-1","Visium",1035,694,1057,673,"1","1","0","1","Basal epithelium"
"CATAAGAAGCTTGGCT-1","Visium",914,595,993,574,"0","0","0","0","Basal epithelium"
"CATAAGCTCTCCGTCT-1","Visium",1097,691,1106,670,"0","0","0","0","Basal epithelium"
"CATAATGAGCGGGCGA-1","Visium",2934,1500,1797,1326,"7","3","2","3","Suprabasal epithelial"
"CATACAAAGCCGAACC-1","Visium",4496,2100,979,504,"7","3","2","3","Suprabasal epithelial"
"CATACACAAAGTCAGC-1","Visium",1103,705,1115,691,"0","0","0","0","Basal epithelium"
"CATACACGGTTCCCAC-1","Visium",699,508,876,490,"0","0","0","0","Basal epithelium"
"CATACCCGTACCCAGT-1","Visium",4485,1720,1075,427,"3","4","3","4","Suprabasal epithelial"
"CATACGAACTAGCTGG-1","Visium",572,419,903,409,"0","0","0","0","Basal epithelium"
"CATACGGCGTCTGGGC-1","Visium",4029,1645,1318,707,"9","8","6","8","Inflamed epithelium"
"CATACGGGTGCATGAT-1","Visium",2223,1282,1620,1206,"4","3","2","3","Suprabasal epithelial"
"CATACTATGTAATTGT-1","Visium",6187,2720,1175,702,"2","2","1","2","Reticular stroma"
"CATACTTAGGCAATAC-1","Visium",1088,718,1101,701,"1","1","0","1","Basal epithelium"
"CATACTTCTTTCTCCG-1","Visium",827,549,955,530,"0","0","0","0","Basal epithelium"
"CATAGAGGAGATACTA-1","Visium",964,636,1023,620,"0","0","0","0","Basal epithelium"
"CATAGCCGCCCGGGAT-1","Visium",5848,2411,1134,615,"3","4","3","4","Suprabasal epithelial"
"CATAGCGTTGCCCACC-1","Visium",899,593,981,574,"0","0","0","0","Basal epithelium"
"CATAGGGACACTTGTG-1","Visium",647,456,880,450,"0","0","0","0","Basal epithelium"
"CATAGTACATTGAGAG-1","Visium",2790,1660,1893,1504,"2","2","1","2","Reticular stroma"
"CATAGTAGCATAGTAG-1","Visium",72599,9545,1251,868,"6","5","4","5","Basal epithelium"
"CATAGTCAAATACATA-1","Visium",896,615,986,601,"1","1","0","1","Basal epithelium"
"CATAGTCCACAAGAAC-1","Visium",1003,668,1040,651,"0","0","0","0","Basal epithelium"
"CATAGTGGGCACGCCT-1","Visium",951,620,1014,605,"1","1","0","1","Basal epithelium"
"CATATACTACTGATAA-1","Visium",2206,1358,1638,1269,"2","2","1","2","Reticular stroma"
"CATATAGGTACAGTCA-1","Visium",1611,943,1423,922,"1","1","0","1","Basal epithelium"
"CATATGTCAGGCTACG-1","Visium",877,586,978,569,"0","0","0","0","Basal epithelium"
"CATATTATTTGCCCTA-1","Visium",6780,3496,1236,937,"6","5","4","5","Basal epithelium"
"CATCAAACTGGCGCCC-1","Visium",1053,678,1048,627,"5","2","1","2","Reticular stroma"
"CATCAACACCTACTAA-1","Visium",2392,1334,1703,1257,"1","1","0","1","Basal epithelium"
"CATCATCTACCCGGAC-1","Visium",4634,2527,953,621,"10","10","4","10","Reticular stroma"
"CATCATTACCCTGAGG-1","Visium",1030,649,1060,627,"1","1","0","1","Basal epithelium"
"CATCCAATATAGTTTG-1","Visium",811,570,936,553,"0","0","0","0","Basal epithelium"
"CATCCCGAGATTCATA-1","Visium",1023,674,1057,659,"1","1","0","1","Basal epithelium"
"CATCCGCAGGCCCGAA-1","Visium",2207,1215,1614,1155,"1","1","0","1","Basal epithelium"
"CATCCTCTCAAAGATC-1","Visium",1011,665,1044,641,"1","1","0","1","Basal epithelium"
"CATCGAATGGATCTCT-1","Visium",1808,1069,1523,1043,"4","3","2","3","Suprabasal epithelial"
"CATCGCCCGCGGCCAA-1","Visium",18579,4846,1232,646,"7","9","7","9","Suprabasal epithelial"
"CATCGGACGGGTTAAT-1","Visium",2061,1105,1540,1068,"9","8","6","8","Inflamed epithelium"
"CATCGTCCGGTTACTA-1","Visium",3764,1785,1565,1081,"3","4","3","4","Suprabasal epithelial"
"CATCTACCCGAGAACG-1","Visium",1257,831,1218,801,"1","1","0","1","Basal epithelium"
"CATCTAGTGAAGGGAA-1","Visium",722,497,923,490,"0","0","0","0","Basal epithelium"
"CATCTATCCCGTGTCT-1","Visium",2753,1638,1853,1459,"2","2","1","2","Reticular stroma"
"CATCTGCAGGATCATT-1","Visium",3130,1556,1779,1277,"3","4","3","4","Suprabasal epithelial"
"CATCTTACACCACCTC-1","Visium",1393,895,1318,874,"0","0","0","0","Basal epithelium"
"CATGAACCGACATTTG-1","Visium",5849,2515,1152,668,"7","3","2","3","Suprabasal epithelial"
"CATGAACCTCTTATCA-1","Visium",13592,4248,1221,670,"7","9","7","9","Suprabasal epithelial"
"CATGACTTCGCTGAAT-1","Visium",1106,741,1111,723,"1","1","0","1","Basal epithelium"
"CATGAGATGCACTCTC-1","Visium",639,431,879,417,"1","1","0","1","Basal epithelium"
"CATGAGTCCATCACGG-1","Visium",513,367,907,365,"0","0","0","0","Basal epithelium"
"CATGATACGGTGAAAC-1","Visium",724,498,913,488,"0","0","0","0","Basal epithelium"
"CATGATCGCTTTGAGA-1","Visium",758,496,939,485,"1","1","0","1","Basal epithelium"
"CATGATGCACAATTCT-1","Visium",1497,958,1383,934,"5","2","1","2","Reticular stroma"
"CATGATGGAAGTTAGC-1","Visium",862,579,969,564,"1","1","0","1","Basal epithelium"
"CATGCACATGAGAGGC-1","Visium",584,431,898,419,"0","0","0","0","Basal epithelium"
"CATGCACGTGTTACTG-1","Visium",3797,2132,1619,1256,"10","10","4","10","Reticular stroma"
"CATGCATGGAGACCCT-1","Visium",40202,5298,1835,723,"12","9","7","9","Suprabasal epithelial"
"CATGCCAACTCGCAAA-1","Visium",964,672,1016,656,"0","0","0","0","Basal epithelium"
"CATGCGACCAGTTTAA-1","Visium",2036,1297,1589,1228,"8","6","5","6","Immune stroma"
"CATGCGTTAGACAGAA-1","Visium",8247,3874,1431,1126,"6","5","4","5","Basal epithelium"
"CATGCGTTGAGAGGAG-1","Visium",598,417,897,414,"0","0","0","0","Basal epithelium"
"CATGCTGGCTCCAATT-1","Visium",38772,8102,1418,1066,"6","5","4","5","Basal epithelium"
"CATGGAAATGGGACCA-1","Visium",2694,1688,1858,1539,"10","10","4","10","Reticular stroma"
"CATGGATTGTCTTCCG-1","Visium",1099,699,1107,681,"1","1","0","1","Basal epithelium"
"CATGGCAGGAAGATCG-1","Visium",3051,1826,1906,1529,"5","2","1","2","Reticular stroma"
"CATGGCTCCCTATGTC-1","Visium",2420,1242,1666,1171,"3","4","3","4","Suprabasal epithelial"
"CATGGGTATGCCTTAT-1","Visium",1200,794,1186,780,"1","1","0","1","Basal epithelium"
"CATGGGTCGGGTGTGG-1","Visium",2857,1738,1864,1510,"2","2","1","2","Reticular stroma"
"CATGGTAAGTAGCGTT-1","Visium",963,623,1032,607,"1","1","0","1","Basal epithelium"
"CATGGTATTAGTTTGT-1","Visium",601,424,885,415,"0","0","0","0","Basal epithelium"
"CATGGTCTAGATACCG-1","Visium",5781,2600,1166,669,"2","7","1","7","Immune stroma"
"CATGGTTTATTAATCA-1","Visium",1140,742,1123,711,"1","1","0","1","Basal epithelium"
"CATGTAAGAGACATTT-1","Visium",996,598,1056,585,"1","1","0","1","Basal epithelium"
"CATGTAGGAGCGCCAA-1","Visium",932,681,968,647,"5","2","1","2","Reticular stroma"
"CATGTCTCATTTATGG-1","Visium",1083,689,1096,671,"1","1","0","1","Basal epithelium"
"CATGTGGGCTCATCAC-1","Visium",947,661,1009,644,"1","1","0","1","Basal epithelium"
"CATTACATAGATTGTG-1","Visium",1407,889,1316,862,"8","6","5","6","Immune stroma"
"CATTACGCAGGAAGGG-1","Visium",650,431,905,421,"1","1","0","1","Basal epithelium"
"CATTACGTCGGCCCGT-1","Visium",1754,1108,1513,1079,"5","2","1","2","Reticular stroma"
"CATTATAACAGGGTCC-1","Visium",3581,1811,1698,1240,"7","3","2","3","Suprabasal epithelial"
"CATTATCCCATTAACG-1","Visium",843,578,960,564,"0","0","0","0","Basal epithelium"
"CATTATGCTTGTTGTG-1","Visium",2828,1536,1817,1351,"5","2","1","2","Reticular stroma"
"CATTCACTGACAGCTA-1","Visium",11184,3714,1321,788,"7","9","7","9","Suprabasal epithelial"
"CATTCAGGTCAGTGCG-1","Visium",1401,860,1316,839,"4","3","2","3","Suprabasal epithelial"
"CATTCCCATTCCGTCG-1","Visium",948,641,1001,615,"1","1","0","1","Basal epithelium"
"CATTCCCTAAGTACAA-1","Visium",2274,1258,1646,1200,"0","0","0","0","Basal epithelium"
"CATTCGTCGTAGCGGT-1","Visium",702,480,891,463,"1","1","0","1","Basal epithelium"
"CATTGATGAACACGCC-1","Visium",3296,2014,1962,1627,"8","6","5","6","Immune stroma"
"CATTGCAAAGCATAAT-1","Visium",5213,2605,1061,682,"10","10","4","10","Reticular stroma"
"CATTGCGAAATGGGCG-1","Visium",814,513,963,502,"3","4","3","4","Suprabasal epithelial"
"CATTGCGGGTCAATTC-1","Visium",46476,8525,1868,1234,"8","6","5","6","Immune stroma"
"CATTGTGTGCTAGATC-1","Visium",2802,1549,1827,1399,"3","4","3","4","Suprabasal epithelial"
"CATTTAGCGGACCATG-1","Visium",3783,2165,1662,1291,"2","2","1","2","Reticular stroma"
"CATTTATCGTTCAAGA-1","Visium",61634,7303,1417,716,"12","9","7","9","Suprabasal epithelial"
"CATTTCTAGCAGACTA-1","Visium",3577,1705,1683,1173,"4","3","2","3","Suprabasal epithelial"
"CATTTGAGTGGTACGT-1","Visium",862,587,962,570,"0","0","0","0","Basal epithelium"
"CCAAACAGAACCCTCG-1","Visium",3964,2147,1463,1079,"5","2","1","2","Reticular stroma"
"CCAAAGCAGTTGGTTG-1","Visium",1784,1039,1491,1003,"4","3","2","3","Suprabasal epithelial"
"CCAAAGTCCCGCTAAC-1","Visium",2328,1279,1659,1215,"4","3","2","3","Suprabasal epithelial"
"CCAAATAACAAGATTC-1","Visium",782,517,952,512,"1","1","0","1","Basal epithelium"
"CCAAATCAAAGGGCAA-1","Visium",707,489,895,477,"0","0","0","0","Basal epithelium"
"CCAACCTTATGTAACT-1","Visium",804,542,950,531,"1","1","0","1","Basal epithelium"
"CCAACGATGCACTGAT-1","Visium",78468,9162,1020,515,"11","11","8","11","Inflamed epithelium"
"CCAACGCTTGCCAGGG-1","Visium",2115,1377,1622,1299,"5","2","1","2","Reticular stroma"
"CCAACTTGATAGATCC-1","Visium",787,532,943,521,"0","0","0","0","Basal epithelium"
"CCAAGAAAGTGGGCGA-1","Visium",625,447,878,438,"1","1","0","1","Basal epithelium"
"CCAAGACTTCTGCGAA-1","Visium",2230,1314,1664,1253,"5","2","1","2","Reticular stroma"
"CCAAGCGTAACTCGTA-1","Visium",7525,2758,1296,527,"2","7","1","7","Immune stroma"
"CCAAGCTTGATCTCCT-1","Visium",2269,1266,1660,1215,"4","3","2","3","Suprabasal epithelial"
"CCAAGGAACAGAGAGG-1","Visium",107006,7776,1514,588,"12","9","7","9","Suprabasal epithelial"
"CCAAGGTTGCCCTTTC-1","Visium",1061,690,1078,675,"1","1","0","1","Basal epithelium"
"CCAAGTTTCTACAGAT-1","Visium",2398,1368,1721,1303,"1","1","0","1","Basal epithelium"
"CCAATAGATTTCATCT-1","Visium",2546,1341,1705,1239,"3","4","3","4","Suprabasal epithelial"
"CCAATAGTGCCGTCGA-1","Visium",23157,6561,1338,978,"6","5","4","5","Basal epithelium"
"CCAATCGGTAGATCGA-1","Visium",1088,738,1090,715,"5","2","1","2","Reticular stroma"
"CCAATGTCACAGCAAG-1","Visium",11854,4577,1375,1003,"6","5","4","5","Basal epithelium"
"CCAATTACGGGTCGAG-1","Visium",3830,2120,1671,1254,"2","2","1","2","Reticular stroma"
"CCAATTGAATGTTAAT-1","Visium",26565,7360,1416,1093,"6","5","4","5","Basal epithelium"
"CCACAATGTACGTCTT-1","Visium",2741,1606,1800,1418,"8","6","5","6","Immune stroma"
"CCACACTGAGATATTA-1","Visium",4544,2006,1010,485,"9","8","6","8","Inflamed epithelium"
"CCACAGCTGAAATCAT-1","Visium",2126,1194,1570,1147,"4","3","2","3","Suprabasal epithelial"
"CCACAGTACCCATCCT-1","Visium",896,601,979,582,"1","1","0","1","Basal epithelium"
"CCACATACTGCACCCA-1","Visium",950,628,1012,609,"1","1","0","1","Basal epithelium"
"CCACATGGCTCTTTAT-1","Visium",125,104,614,179,"1","1","0","1","Basal epithelium"
"CCACCAACTTTACTGT-1","Visium",936,626,1006,610,"0","0","0","0","Basal epithelium"
"CCACCCAAGGAAAGTG-1","Visium",4198,1947,1199,691,"9","8","6","8","Inflamed epithelium"
"CCACCTGTATGGAATA-1","Visium",876,590,980,576,"1","1","0","1","Basal epithelium"
"CCACGAATTTAACCTC-1","Visium",1062,695,1083,675,"1","1","0","1","Basal epithelium"
"CCACGAGAAGAGAATC-1","Visium",2995,1413,1819,1181,"2","7","1","7","Immune stroma"
"CCACGGAGCCATAAGA-1","Visium",1028,681,1064,667,"0","0","0","0","Basal epithelium"
"CCACGGCAGGTGTAGG-1","Visium",443,338,832,344,"0","0","0","0","Basal epithelium"
"CCACGGTGCCCGGTAG-1","Visium",960,642,1026,632,"0","0","0","0","Basal epithelium"
"CCACGTAAATTAGACT-1","Visium",934,621,997,596,"1","1","0","1","Basal epithelium"
"CCACTAAACTGAATCG-1","Visium",1793,1055,1504,1026,"4","3","2","3","Suprabasal epithelial"
"CCACTATCCGGGTCAC-1","Visium",1028,664,1067,651,"1","1","0","1","Basal epithelium"
"CCACTCAGATCCGCAA-1","Visium",907,607,999,592,"0","0","0","0","Basal epithelium"
"CCACTGGTGGCTGGTT-1","Visium",1109,708,1116,690,"0","0","0","0","Basal epithelium"
"CCACTGTTTGGATTAA-1","Visium",964,617,1029,599,"1","1","0","1","Basal epithelium"
"CCACTTTCCTTCTAGG-1","Visium",1165,755,1151,735,"1","1","0","1","Basal epithelium"
"CCAGAAACTGATGCGA-1","Visium",894,596,999,588,"1","1","0","1","Basal epithelium"
"CCAGAAAGCAACTCAT-1","Visium",1076,721,1086,699,"0","0","0","0","Basal epithelium"
"CCAGAGACAAAGCCGG-1","Visium",4062,1885,1272,786,"3","4","3","4","Suprabasal epithelial"
"CCAGATAGTTGAGTGA-1","Visium",2414,1442,1642,1242,"5","2","1","2","Reticular stroma"
"CCAGATGTAAATGGGT-1","Visium",933,642,997,625,"1","1","0","1","Basal epithelium"
"CCAGCCTGGACCAATA-1","Visium",10772,3617,1277,690,"9","8","6","8","Inflamed epithelium"
"CCAGCGGGATCACCAG-1","Visium",970,641,1031,627,"1","1","0","1","Basal epithelium"
"CCAGCTACGCCTCATA-1","Visium",3475,1767,1717,1258,"4","3","2","3","Suprabasal epithelial"
"CCAGCTCGAACGCATT-1","Visium",798,525,954,513,"0","0","0","0","Basal epithelium"
"CCAGCTGATGGTACTT-1","Visium",1804,986,1499,970,"3","4","3","4","Suprabasal epithelial"
"CCAGCTTCCGCCCGCA-1","Visium",3914,1808,1424,913,"3","4","3","4","Suprabasal epithelial"
"CCAGGCGAGATGGTCT-1","Visium",560,408,957,406,"0","0","0","0","Basal epithelium"
"CCAGGCTGGCGTCTGA-1","Visium",605,429,886,421,"1","1","0","1","Basal epithelium"
"CCAGGGACGTGGCCTC-1","Visium",2591,1499,1790,1378,"5","2","1","2","Reticular stroma"
"CCAGTAGTCTGATCCA-1","Visium",4789,2676,922,568,"2","2","1","2","Reticular stroma"
"CCAGTCAAATCTCTTA-1","Visium",1239,781,1213,762,"0","0","0","0","Basal epithelium"
"CCAGTCCATTATTCGA-1","Visium",2662,1448,1782,1338,"4","3","2","3","Suprabasal epithelial"
"CCAGTCTAGACGGCGC-1","Visium",2883,1737,1816,1443,"2","2","1","2","Reticular stroma"
"CCAGTCTTGTCATAGA-1","Visium",1405,867,1316,843,"0","0","0","0","Basal epithelium"
"CCAGTGAGCTCCTTGT-1","Visium",3039,1607,1831,1386,"4","3","2","3","Suprabasal epithelial"
"CCAGTGTACAGACCGA-1","Visium",789,563,934,548,"0","0","0","0","Basal epithelium"
"CCAGTTCGGTAACTCA-1","Visium",1004,662,1052,654,"1","1","0","1","Basal epithelium"
"CCATAAACAACCCGAC-1","Visium",1964,1260,1576,1205,"5","2","1","2","Reticular stroma"
"CCATAACCTGTGCAGT-1","Visium",992,645,1043,630,"0","0","0","0","Basal epithelium"
"CCATACCTTTACTTGT-1","Visium",1578,1035,1420,996,"8","6","5","6","Immune stroma"
"CCATACTCGCCTCTCC-1","Visium",1428,811,1325,794,"3","4","3","4","Suprabasal epithelial"
"CCATAGAGGCTGCCAG-1","Visium",918,575,1000,555,"1","1","0","1","Basal epithelium"
"CCATAGGTTGGCGTGG-1","Visium",1633,985,1442,949,"5","2","1","2","Reticular stroma"
"CCATAGTCAGTAACCC-1","Visium",3802,1828,1520,1048,"3","4","3","4","Suprabasal epithelial"
"CCATATGGAAACTATA-1","Visium",846,579,957,566,"1","1","0","1","Basal epithelium"
"CCATATTGGATCATGA-1","Visium",1862,1108,1541,1077,"4","3","2","3","Suprabasal epithelial"
"CCATCATAAGAACAGG-1","Visium",1180,807,1162,789,"10","1","0","1","Basal epithelium"
"CCATCCATACCAAGTC-1","Visium",7753,2925,1268,761,"7","3","2","3","Suprabasal epithelial"
"CCATCGCAGTTAAACT-1","Visium",1090,690,1102,674,"0","0","0","0","Basal epithelium"
"CCATCTCACCAGTGAA-1","Visium",1446,935,1339,909,"0","0","0","0","Basal epithelium"
"CCATCTTGTTCACAAT-1","Visium",3774,1860,1560,1103,"7","3","2","3","Suprabasal epithelial"
"CCATGCCCTAGATTTC-1","Visium",1285,785,1249,770,"1","1","0","1","Basal epithelium"
"CCATGCCTGTTTAGTA-1","Visium",10228,3513,1331,641,"2","7","1","7","Immune stroma"
"CCATGCTCTGCAGGAA-1","Visium",27201,7068,1316,942,"6","5","4","5","Basal epithelium"
"CCATGGCAAACGCTCA-1","Visium",590,410,889,403,"0","0","0","0","Basal epithelium"
"CCATGGCCCTTGTACC-1","Visium",6810,2545,1217,652,"3","4","3","4","Suprabasal epithelial"
"CCATGTTCATCTATAT-1","Visium",1059,705,1082,690,"0","0","0","0","Basal epithelium"
"CCATTAGCGATAATCC-1","Visium",69138,8696,1032,495,"11","11","8","11","Inflamed epithelium"
"CCATTCCCTGCCCACA-1","Visium",80975,8783,1028,459,"11","11","8","11","Inflamed epithelium"
"CCATTGTTTCCTCCAT-1","Visium",1108,707,1113,689,"1","1","0","1","Basal epithelium"
"CCATTTCTACCTATTA-1","Visium",1224,775,1201,756,"0","0","0","0","Basal epithelium"
"CCCAAACATGCTGCTC-1","Visium",1849,1104,1515,1067,"1","1","0","1","Basal epithelium"
"CCCAACATACGTCGCG-1","Visium",1339,843,1282,822,"0","0","0","0","Basal epithelium"
"CCCAACCACACTAACA-1","Visium",68261,7333,1306,614,"12","9","7","9","Suprabasal epithelial"
"CCCAAGAATGCACGGT-1","Visium",5235,2665,1055,687,"10","10","4","10","Reticular stroma"
"CCCAAGACAGAGTATG-1","Visium",3360,1682,1781,1295,"7","3","2","3","Suprabasal epithelial"
"CCCAAGTCATTACACT-1","Visium",1086,719,1097,702,"10","10","4","10","Reticular stroma"
"CCCAATGAGATTTGCA-1","Visium",693,476,910,464,"0","0","0","0","Basal epithelium"
"CCCAATTTCACAACTT-1","Visium",1772,975,1467,943,"3","4","3","4","Suprabasal epithelial"
"CCCACTCCACGGTATC-1","Visium",737,489,913,473,"1","1","0","1","Basal epithelium"
"CCCAGAGGAGGGCGTA-1","Visium",3435,2147,1949,1615,"2","2","1","2","Reticular stroma"
"CCCAGATTCCCGTGAC-1","Visium",785,548,940,541,"0","0","0","0","Basal epithelium"
"CCCAGGAAGAATTCGA-1","Visium",725,511,919,505,"0","0","0","0","Basal epithelium"
"CCCAGGTCTGAAGGCT-1","Visium",775,530,944,520,"1","1","0","1","Basal epithelium"
"CCCAGTAAACTTGGGA-1","Visium",771,534,938,528,"0","0","0","0","Basal epithelium"
"CCCAGTTAAGGCGCCG-1","Visium",1119,722,1123,706,"1","1","0","1","Basal epithelium"
"CCCATATAGGTCGATT-1","Visium",858,577,969,567,"1","1","0","1","Basal epithelium"
"CCCATTATTGTATCCT-1","Visium",1241,831,1211,808,"1","1","0","1","Basal epithelium"
"CCCGAAGTTTCGCGAA-1","Visium",859,569,980,560,"0","0","0","0","Basal epithelium"
"CCCGACCATAGTCCGC-1","Visium",1743,1095,1486,1039,"5","2","1","2","Reticular stroma"
"CCCGAGTTTCTCCGTA-1","Visium",930,633,1002,617,"1","1","0","1","Basal epithelium"
"CCCGATAGCCTCGCCT-1","Visium",807,539,958,527,"1","1","0","1","Basal epithelium"
"CCCGCAAATAATCATC-1","Visium",624,440,882,431,"1","1","0","1","Basal epithelium"
"CCCGCAGCGCGAACTA-1","Visium",965,632,1029,619,"0","0","0","0","Basal epithelium"
"CCCGCAGGGCCCAAAG-1","Visium",2452,1585,1786,1461,"5","2","1","2","Reticular stroma"
"CCCGCCATGCTCCCGT-1","Visium",105362,8141,1444,622,"12","9","7","9","Suprabasal epithelial"
"CCCGCGCAATGCACCC-1","Visium",4566,2081,993,515,"3","4","3","4","Suprabasal epithelial"
"CCCGCTAGAGGGTTAA-1","Visium",3725,2012,1657,1257,"10","10","4","10","Reticular stroma"
"CCCGCTTGCCCTCGTC-1","Visium",2408,1337,1698,1263,"4","3","2","3","Suprabasal epithelial"
"CCCGGCACGTGTCAGG-1","Visium",728,493,912,481,"1","1","0","1","Basal epithelium"
"CCCGGCTAGGTGAGAA-1","Visium",2154,1233,1597,1178,"4","3","2","3","Suprabasal epithelial"
"CCCGGGTCGTTCAGGG-1","Visium",694,477,900,469,"1","1","0","1","Basal epithelium"
"CCCGGTGGAAGAACCT-1","Visium",4667,2034,1013,509,"3","4","3","4","Suprabasal epithelial"
"CCCGGTGTATCGGAAT-1","Visium",823,570,949,560,"0","0","0","0","Basal epithelium"
"CCCGTAAGTCTAGGCC-1","Visium",1348,828,1278,803,"0","0","0","0","Basal epithelium"
"CCCGTAGCTGGGAAGA-1","Visium",730,510,901,493,"0","0","0","0","Basal epithelium"
"CCCGTCAGCGTCTGAC-1","Visium",2228,1284,1615,1194,"5","2","1","2","Reticular stroma"
"CCCGTGACAGTGCCTT-1","Visium",986,654,1039,643,"1","1","0","1","Basal epithelium"
"CCCGTGAGGGCGGTGA-1","Visium",582,416,914,412,"0","0","0","0","Basal epithelium"
"CCCGTGGGTTAATTGA-1","Visium",2799,1494,1807,1351,"4","3","2","3","Suprabasal epithelial"
"CCCGTTTCGCAGATGT-1","Visium",915,598,1001,581,"1","1","0","1","Basal epithelium"
"CCCTACCCACACCCAG-1","Visium",1181,743,1161,723,"0","0","0","0","Basal epithelium"
"CCCTACTTGAACAATG-1","Visium",890,595,988,585,"1","1","0","1","Basal epithelium"
"CCCTAGCTCTAAGGTC-1","Visium",635,426,895,424,"0","0","0","0","Basal epithelium"
"CCCTAGGCAACAAGAG-1","Visium",552,389,949,386,"0","0","0","0","Basal epithelium"
"CCCTAGTGTCAGGTGT-1","Visium",2287,1263,1670,1215,"4","3","2","3","Suprabasal epithelial"
"CCCTATGTAGAGCAGA-1","Visium",756,495,928,478,"0","0","0","0","Basal epithelium"
"CCCTCAAGCTCTTAGT-1","Visium",1873,1033,1518,1013,"3","4","3","4","Suprabasal epithelial"
"CCCTCAGATCGAGAAC-1","Visium",545,379,936,370,"1","1","0","1","Basal epithelium"
"CCCTCATCACAGAGTA-1","Visium",529,366,930,362,"0","0","0","0","Basal epithelium"
"CCCTCATTCTGGAATT-1","Visium",62646,5909,1900,662,"12","9","7","9","Suprabasal epithelial"
"CCCTCCTCGCTCGTAT-1","Visium",1052,697,1077,680,"1","0","0","0","Basal epithelium"
"CCCTCGATAATACACA-1","Visium",693,478,886,467,"0","0","0","0","Basal epithelium"
"CCCTCGGGAGCCTTGT-1","Visium",4263,2016,1082,616,"7","3","2","3","Suprabasal epithelial"
"CCCTGAAATGAGTTGA-1","Visium",67117,8774,1018,510,"11","11","8","11","Inflamed epithelium"
"CCCTGACTAACAAATT-1","Visium",978,634,1027,614,"0","0","0","0","Basal epithelium"
"CCCTGATGTAACTCGT-1","Visium",1942,1086,1539,1055,"3","4","3","4","Suprabasal epithelial"
"CCCTGCCCAATCCGCT-1","Visium",1173,730,1155,708,"0","0","0","0","Basal epithelium"
"CCCTGCGCTACGCATA-1","Visium",6596,2395,1201,602,"3","4","3","4","Suprabasal epithelial"
"CCCTGGCTGTTCCTTC-1","Visium",1007,657,1053,643,"0","0","0","0","Basal epithelium"
"CCCTGGGAGGGATCCT-1","Visium",381,283,795,298,"0","0","0","0","Basal epithelium"
"CCCTGGTATGGGCGGC-1","Visium",59362,8239,1146,654,"12","9","7","9","Suprabasal epithelial"
"CCCTGTTGGCAAAGAC-1","Visium",3005,1662,1830,1416,"0","0","0","0","Basal epithelium"
"CCCTTCTCGTACGCGA-1","Visium",2068,1173,1561,1130,"4","3","2","3","Suprabasal epithelial"
"CCCTTTAATGGAGTTC-1","Visium",545,372,931,367,"1","1","0","1","Basal epithelium"
"CCCTTTGACAGGTCTT-1","Visium",1337,828,1281,806,"0","0","0","0","Basal epithelium"
"CCGAAACACGACCTCT-1","Visium",653,452,871,433,"1","1","0","1","Basal epithelium"
"CCGAAAGTGGTGAGCA-1","Visium",3317,1665,1790,1310,"4","3","2","3","Suprabasal epithelial"
"CCGAACACTGGGCCTC-1","Visium",935,589,1021,576,"0","0","0","0","Basal epithelium"
"CCGAACCTTCCCGGCC-1","Visium",1178,749,1157,724,"1","1","0","1","Basal epithelium"
"CCGAAGCATTGACCAA-1","Visium",729,503,911,490,"1","1","0","1","Basal epithelium"
"CCGAAGGGCGTACCGC-1","Visium",865,585,974,572,"1","1","0","1","Basal epithelium"
"CCGAAGTATATTGTTC-1","Visium",4052,1880,1317,832,"3","4","3","4","Suprabasal epithelial"
"CCGACAAACACATGAG-1","Visium",2274,1220,1629,1169,"3","4","3","4","Suprabasal epithelial"
"CCGACAAAGGGAGTGC-1","Visium",4029,1704,1291,723,"3","4","3","4","Suprabasal epithelial"
"CCGACAATAGGCCGCC-1","Visium",785,537,932,521,"1","1","0","1","Basal epithelium"
"CCGACGGGCATGAGGT-1","Visium",928,619,1014,612,"0","0","0","0","Basal epithelium"
"CCGACGTAAACACAAC-1","Visium",2396,1465,1733,1363,"2","2","1","2","Reticular stroma"
"CCGACTCGCATAGTCT-1","Visium",23875,5070,1261,565,"7","9","7","9","Suprabasal epithelial"
"CCGAGAAGTCGCATAA-1","Visium",822,557,954,546,"0","0","0","0","Basal epithelium"
"CCGAGCTGTGCTTGTC-1","Visium",2071,1367,1592,1276,"5","2","1","2","Reticular stroma"
"CCGAGGGATGTTAGGC-1","Visium",10252,3328,1345,769,"7","9","7","9","Suprabasal epithelial"
"CCGATATGACGTAAGG-1","Visium",775,527,939,515,"1","1","0","1","Basal epithelium"
"CCGATCTCAACCTTAT-1","Visium",1229,766,1206,750,"0","0","0","0","Basal epithelium"
"CCGATCTTAAGAGGCT-1","Visium",1186,754,1139,705,"5","2","1","2","Reticular stroma"
"CCGATTCGAGGGACCC-1","Visium",1036,645,1070,627,"0","0","0","0","Basal epithelium"
"CCGATTGGTCAATGAA-1","Visium",1845,1154,1565,1130,"10","10","4","10","Reticular stroma"
"CCGCACAAAGACCAAC-1","Visium",3618,1815,1693,1231,"9","8","6","8","Inflamed epithelium"
"CCGCACACGAACGTGT-1","Visium",762,524,923,510,"1","1","0","1","Basal epithelium"
"CCGCACGTGACCTCGG-1","Visium",14106,4013,1155,541,"3","4","3","4","Suprabasal epithelial"
"CCGCACTTGCAATGAC-1","Visium",970,610,1037,598,"1","1","0","1","Basal epithelium"
"CCGCATGTGGTACGAT-1","Visium",871,576,981,564,"0","0","0","0","Basal epithelium"
"CCGCCACCACAATCCA-1","Visium",7853,3050,1298,798,"7","3","2","3","Suprabasal epithelial"
"CCGCCGGAACTTCTCG-1","Visium",1078,699,1090,677,"0","0","0","0","Basal epithelium"
"CCGCCGGTCAACACAC-1","Visium",40660,7726,1217,807,"6","5","4","5","Basal epithelium"
"CCGCCGTTGAGGATAA-1","Visium",882,592,984,575,"0","0","0","0","Basal epithelium"
"CCGCCTGCGAATTGGT-1","Visium",3504,2156,1909,1569,"2","2","1","2","Reticular stroma"
"CCGCCTTGCGATGTCG-1","Visium",843,571,955,555,"1","1","0","1","Basal epithelium"
"CCGCGATTTGGTAGGT-1","Visium",905,594,993,579,"0","0","0","0","Basal epithelium"
"CCGCGCAAGATACCCA-1","Visium",805,510,974,503,"1","1","0","1","Basal epithelium"
"CCGCGGAATGCGTCAC-1","Visium",583,412,882,395,"0","0","0","0","Basal epithelium"
"CCGCGGGTACGAAGAA-1","Visium",7403,2765,1221,683,"3","4","3","4","Suprabasal epithelial"
"CCGCGTAGGTAAGGGC-1","Visium",4628,1995,1018,490,"3","4","3","4","Suprabasal epithelial"
"CCGCTATCAGCACCAG-1","Visium",1253,769,1218,746,"1","1","0","1","Basal epithelium"
"CCGCTCCAGGGCGATC-1","Visium",606,422,903,417,"0","0","0","0","Basal epithelium"
"CCGCTCCGGATAAGCT-1","Visium",534,390,908,384,"0","0","0","0","Basal epithelium"
"CCGCTCTTCCGAACTA-1","Visium",1113,680,1120,665,"1","1","0","1","Basal epithelium"
"CCGCTGGTGCCATTCA-1","Visium",45644,7561,1182,675,"12","9","7","9","Suprabasal epithelial"
"CCGCTTACCTCACTCT-1","Visium",1346,866,1290,849,"0","0","0","0","Basal epithelium"
"CCGCTTCGCGGTTAAC-1","Visium",1948,1108,1569,1086,"4","3","2","3","Suprabasal epithelial"
"CCGCTTGCTGACATGG-1","Visium",2604,1619,1847,1507,"8","6","5","6","Immune stroma"
"CCGGAAGTGCAATATG-1","Visium",850,557,975,546,"1","1","0","1","Basal epithelium"
"CCGGAAGTTATCAGTC-1","Visium",688,483,885,469,"1","1","0","1","Basal epithelium"
"CCGGAATGGTTTCAGT-1","Visium",11329,3358,1247,603,"3","4","3","4","Suprabasal epithelial"
"CCGGAGCGTACTTTCT-1","Visium",1149,744,1136,723,"0","0","0","0","Basal epithelium"
"CCGGAGGTCTTATGGT-1","Visium",1095,738,1088,705,"5","2","1","2","Reticular stroma"
"CCGGCACGACCGTTTC-1","Visium",928,622,1000,605,"0","0","0","0","Basal epithelium"
"CCGGCCGCGAGCATAT-1","Visium",585,408,916,405,"0","0","0","0","Basal epithelium"
"CCGGCGCATATTGGAT-1","Visium",33894,7615,1280,928,"6","5","4","5","Basal epithelium"
"CCGGCGTGAGACTCTG-1","Visium",816,569,939,555,"0","0","0","0","Basal epithelium"
"CCGGGACCCGCAGAGA-1","Visium",35166,8236,1409,1097,"6","5","4","5","Basal epithelium"
"CCGGGCGGTCTCGTCA-1","Visium",3481,1927,1782,1377,"2","2","1","2","Reticular stroma"
"CCGGGCTAAGAATTTC-1","Visium",698,491,898,480,"0","0","0","0","Basal epithelium"
"CCGGGCTGCTCCATAC-1","Visium",1824,1088,1527,1058,"1","1","0","1","Basal epithelium"
"CCGGGTTCGAGGTTAC-1","Visium",2167,1056,1574,1017,"3","4","3","4","Suprabasal epithelial"
"CCGGTAATGGCTAGTC-1","Visium",973,663,1021,641,"1","1","0","1","Basal epithelium"
"CCGGTATCTGGCGACT-1","Visium",825,572,945,555,"1","1","0","1","Basal epithelium"
"CCGGTGCGAGTGATAG-1","Visium",2040,1195,1584,1159,"4","3","2","3","Suprabasal epithelial"
"CCGGTTTGTAATTGTG-1","Visium",906,635,987,619,"0","0","0","0","Basal epithelium"
"CCGTAAGTTGGTCCCA-1","Visium",2632,1521,1758,1352,"5","2","1","2","Reticular stroma"
"CCGTACCCAAGCGCCA-1","Visium",4246,1979,1141,664,"4","3","2","3","Suprabasal epithelial"
"CCGTAGGAAATCCCTG-1","Visium",803,523,961,512,"1","1","0","1","Basal epithelium"
"CCGTAGGGTTGTTTAC-1","Visium",802,537,943,521,"1","1","0","1","Basal epithelium"
"CCGTATCTCGTCGTAG-1","Visium",980,647,1031,630,"0","0","0","0","Basal epithelium"
"CCGTATTAGCGCAGTT-1","Visium",1154,774,1115,729,"5","2","1","2","Reticular stroma"
"CCGTCAACCTCTGGCG-1","Visium",933,611,1013,599,"0","0","0","0","Basal epithelium"
"CCGTGAGGCATTCATG-1","Visium",730,477,930,467,"1","1","0","1","Basal epithelium"
"CCGTGCCCATGACGGC-1","Visium",13520,4025,1231,660,"7","9","7","9","Suprabasal epithelial"
"CCGTGGAACGATCCAA-1","Visium",1826,1210,1535,1153,"8","6","5","6","Immune stroma"
"CCGTGTTAAATTCCAT-1","Visium",1127,740,1115,712,"0","0","0","0","Basal epithelium"
"CCGTTACGTTAGAACA-1","Visium",3270,1807,1890,1436,"2","2","1","2","Reticular stroma"
"CCGTTCCGAATCTCGG-1","Visium",1098,690,1096,663,"0","0","0","0","Basal epithelium"
"CCGTTTCCTTTCCGTG-1","Visium",736,504,913,491,"1","0","0","0","Basal epithelium"
"CCTAAACAGGGTCCGT-1","Visium",2769,1470,1791,1328,"4","3","2","3","Suprabasal epithelial"
"CCTAAAGGCTGACGCT-1","Visium",2332,1474,1706,1381,"5","2","1","2","Reticular stroma"
"CCTAAATTAACGGTTC-1","Visium",1548,891,1377,861,"9","8","6","8","Inflamed epithelium"
"CCTAAATTGTATCCTA-1","Visium",983,639,1032,623,"1","1","0","1","Basal epithelium"
"CCTAACCCAAACAAGT-1","Visium",815,549,947,534,"1","1","0","1","Basal epithelium"
"CCTAACTAAGGCTCTA-1","Visium",1338,905,1276,875,"5","2","1","2","Reticular stroma"
"CCTAAGTGTCTAACCG-1","Visium",1681,999,1454,975,"4","3","2","3","Suprabasal epithelial"
"CCTACAAGTCCGGAAT-1","Visium",5470,2954,1096,783,"5","2","1","2","Reticular stroma"
"CCTACAGTTGAGGGAG-1","Visium",653,454,871,440,"1","1","0","1","Basal epithelium"
"CCTACATTCACAGACG-1","Visium",1205,788,1180,763,"0","0","0","0","Basal epithelium"
"CCTACGCGACCTTACA-1","Visium",3791,2107,1621,1252,"10","10","4","10","Reticular stroma"
"CCTACGGCTCAGTCGA-1","Visium",4277,1964,1122,644,"4","3","2","3","Suprabasal epithelial"
"CCTACTCAACACGATT-1","Visium",928,600,1007,582,"1","1","0","1","Basal epithelium"
"CCTACTGCGGCGGCCA-1","Visium",1574,959,1408,927,"1","1","0","1","Basal epithelium"
"CCTACTGCTTACACTT-1","Visium",7459,2828,1280,630,"2","7","1","7","Immune stroma"
"CCTAGGCGTAGCGATC-1","Visium",1372,856,1296,828,"1","1","0","1","Basal epithelium"
"CCTAGGTAAAGGTAGC-1","Visium",878,579,983,566,"0","0","0","0","Basal epithelium"
"CCTAGTTAGTCGCATG-1","Visium",18126,6419,1456,1181,"6","5","4","5","Basal epithelium"
"CCTATAATGAGTGCCC-1","Visium",1207,775,1189,757,"1","1","0","1","Basal epithelium"
"CCTATACCGTCCTGTC-1","Visium",978,655,1028,637,"0","0","0","0","Basal epithelium"
"CCTATATCGTGTCACG-1","Visium",1007,674,1050,663,"0","0","0","0","Basal epithelium"
"CCTATATTTGTCCTGG-1","Visium",707,490,904,479,"0","0","0","0","Basal epithelium"
"CCTATCTATATCGGAA-1","Visium",2322,1451,1714,1363,"5","2","1","2","Reticular stroma"
"CCTATGAAGTGGTGCC-1","Visium",785,553,930,542,"0","0","0","0","Basal epithelium"
"CCTATGGCTCCTAGTG-1","Visium",750,515,916,504,"0","0","0","0","Basal epithelium"
"CCTATGGGTTACCGTC-1","Visium",5195,2193,1116,467,"2","7","1","7","Immune stroma"
"CCTATGGTCAAAGCTG-1","Visium",712,509,886,493,"0","0","0","0","Basal epithelium"
"CCTATGTCCACTCCAC-1","Visium",1309,807,1257,786,"1","1","0","1","Basal epithelium"
"CCTATTATTCCGGCCG-1","Visium",1238,784,1208,760,"0","0","0","0","Basal epithelium"
"CCTCAACGATCGCTGT-1","Visium",1170,721,1158,704,"1","1","0","1","Basal epithelium"
"CCTCACCAATCTTGAC-1","Visium",6928,2742,1208,706,"7","3","2","3","Suprabasal epithelial"
"CCTCACCTGAGGGAGC-1","Visium",1995,1337,1633,1295,"8","6","5","6","Immune stroma"
"CCTCACCTTAGCATCG-1","Visium",2153,1382,1647,1313,"8","6","5","6","Immune stroma"
"CCTCACGTCAGCTAAT-1","Visium",798,545,942,533,"1","1","0","1","Basal epithelium"
"CCTCATGCAGCTACGA-1","Visium",3158,1584,1824,1347,"4","3","2","3","Suprabasal epithelial"
"CCTCCCGACAATCCCT-1","Visium",67629,8083,1153,561,"12","9","7","9","Suprabasal epithelial"
"CCTCCGACAATTCAAG-1","Visium",93634,9552,1019,527,"11","11","8","11","Inflamed epithelium"
"CCTCCTAGCTAGAGTC-1","Visium",1048,683,1070,661,"0","0","0","0","Basal epithelium"
"CCTCCTGAGCCCACAT-1","Visium",840,544,975,534,"3","0","3","0","Basal epithelium"
"CCTCCTGTTGTGTCGT-1","Visium",876,586,982,572,"1","1","0","1","Basal epithelium"
"CCTCGAAGTGGACGGG-1","Visium",4523,2647,944,676,"6","5","4","5","Basal epithelium"
"CCTCGACCCACTGCCT-1","Visium",10601,3716,1289,814,"7","3","2","3","Suprabasal epithelial"
"CCTCGCCAGCAAATTA-1","Visium",4747,2029,1087,386,"2","7","1","7","Immune stroma"
"CCTCGCGCGATATAGG-1","Visium",2448,1558,1767,1417,"2","2","1","2","Reticular stroma"
"CCTCGCGCTGTGCGAT-1","Visium",1084,702,1097,684,"1","1","0","1","Basal epithelium"
"CCTCGGACCGGGATAG-1","Visium",1045,675,1077,660,"1","1","0","1","Basal epithelium"
"CCTCGGATGCTACCTG-1","Visium",2869,1421,1780,1269,"3","4","3","4","Suprabasal epithelial"
"CCTCGGTTTCCTTGCC-1","Visium",844,554,968,544,"0","0","0","0","Basal epithelium"
"CCTCGTTACGCCTGTT-1","Visium",1954,1255,1586,1213,"10","10","4","10","Reticular stroma"
"CCTCTAATCTGCCAAG-1","Visium",7865,2816,1313,531,"2","7","1","7","Immune stroma"
"CCTCTACAAGGATTGG-1","Visium",597,435,883,428,"0","0","0","0","Basal epithelium"
"CCTCTATCGATTAGCA-1","Visium",1234,798,1209,778,"0","0","0","0","Basal epithelium"
"CCTCTCTCCCATCTAG-1","Visium",35363,7105,1151,651,"11","11","8","11","Inflamed epithelium"
"CCTCTGGCCTAGACGG-1","Visium",2543,1549,1796,1442,"5","2","1","2","Reticular stroma"
"CCTCTGTACTATTCTA-1","Visium",1414,884,1322,860,"0","0","0","0","Basal epithelium"
"CCTGAACGATATATTC-1","Visium",1838,1101,1528,1069,"1","1","0","1","Basal epithelium"
"CCTGAATATTTACATA-1","Visium",3439,1956,1848,1470,"2","2","1","2","Reticular stroma"
"CCTGACAAACTCGCGC-1","Visium",852,538,979,525,"1","1","0","1","Basal epithelium"
"CCTGACCACCGATGGT-1","Visium",1298,827,1251,801,"0","0","0","0","Basal epithelium"
"CCTGACGCAACCTTTA-1","Visium",14347,4948,1264,856,"10","10","4","10","Reticular stroma"
"CCTGAGAATAAATGCA-1","Visium",504,390,884,390,"0","0","0","0","Basal epithelium"
"CCTGATTCGCGAAGAA-1","Visium",778,514,946,501,"1","1","0","1","Basal epithelium"
"CCTGCCCGTTGTCTAG-1","Visium",1650,977,1448,955,"3","4","3","4","Suprabasal epithelial"
"CCTGCGATAGAACTGT-1","Visium",1596,973,1419,942,"4","3","2","3","Suprabasal epithelial"
"CCTGCGTTCTACGCTT-1","Visium",3608,1677,1669,1148,"3","4","3","4","Suprabasal epithelial"
"CCTGCTACAACCATAC-1","Visium",1075,702,1092,687,"1","1","0","1","Basal epithelium"
"CCTGCTATTTGAGAAG-1","Visium",3106,1578,1828,1326,"2","2","1","2","Reticular stroma"
"CCTGGAAACGTTCTGC-1","Visium",1018,658,1053,638,"0","0","0","0","Basal epithelium"
"CCTGGCTAGACCCGCC-1","Visium",12409,5114,1374,1075,"6","5","4","5","Basal epithelium"
"CCTGGTCGAATGTGGG-1","Visium",527,348,917,345,"1","1","0","1","Basal epithelium"
"CCTGTAAGACATGATA-1","Visium",60059,5516,1387,346,"11","11","8","11","Inflamed epithelium"
"CCTGTACTCACGCCCA-1","Visium",1208,763,1194,750,"0","0","0","0","Basal epithelium"
"CCTGTCACCCGGGCTC-1","Visium",7972,2922,1398,628,"2","7","1","7","Immune stroma"
"CCTGTCCCTCACGTTA-1","Visium",1032,651,1068,634,"4","3","2","3","Suprabasal epithelial"
"CCTGTCGCCCGTAAAT-1","Visium",9022,3726,1353,886,"2","7","1","7","Immune stroma"
"CCTGTCGTGTATGAAG-1","Visium",224,186,654,236,"0","0","0","0","Basal epithelium"
"CCTGTGAAACCGTAAC-1","Visium",1563,904,1399,889,"0","0","0","0","Basal epithelium"
"CCTGTGCATAGGAGAC-1","Visium",2321,1319,1680,1261,"4","3","2","3","Suprabasal epithelial"
"CCTGTGCGGATTGTAA-1","Visium",2520,1541,1796,1444,"10","10","4","10","Reticular stroma"
"CCTGTTCAACCTCGGG-1","Visium",630,448,888,442,"0","0","0","0","Basal epithelium"
"CCTGTTTGAAGACACG-1","Visium",811,557,945,546,"0","0","0","0","Basal epithelium"
"CCTTAAGTACGCAATT-1","Visium",1091,723,1104,707,"0","0","0","0","Basal epithelium"
"CCTTCAGTTAAAGTGA-1","Visium",728,499,922,490,"0","0","0","0","Basal epithelium"
"CCTTCCGCAACGCTGC-1","Visium",786,528,936,510,"0","0","0","0","Basal epithelium"
"CCTTCGTATAGAATCC-1","Visium",815,533,961,524,"0","0","0","0","Basal epithelium"
"CCTTCTCAGCGTTCCT-1","Visium",1150,729,1139,706,"0","0","0","0","Basal epithelium"
"CCTTCTTGATCCAGTG-1","Visium",2411,1512,1744,1405,"5","2","1","2","Reticular stroma"
"CCTTGACCACTTTATT-1","Visium",1170,735,1159,720,"1","1","0","1","Basal epithelium"
"CCTTGTGAACGTGGTT-1","Visium",650,461,886,456,"0","0","0","0","Basal epithelium"
"CCTTTAAGGGAGCACT-1","Visium",816,552,943,531,"0","0","0","0","Basal epithelium"
"CCTTTCAATGAAGAAA-1","Visium",1978,1271,1554,1175,"5","2","1","2","Reticular stroma"
"CCTTTGAATTATGGCT-1","Visium",333,240,772,271,"1","1","0","1","Basal epithelium"
"CGAAACATAGATGGCA-1","Visium",1755,1107,1516,1071,"5","2","1","2","Reticular stroma"
"CGAAACGCAATTCATG-1","Visium",1311,807,1256,785,"0","0","0","0","Basal epithelium"
"CGAACAGTATGGGCGT-1","Visium",974,640,1038,627,"1","1","0","1","Basal epithelium"
"CGAACATAGTCAGAAA-1","Visium",1612,1034,1400,958,"5","2","1","2","Reticular stroma"
"CGAACCCGCATGCGTC-1","Visium",837,559,975,550,"0","0","0","0","Basal epithelium"
"CGAACCTCTTTCCTAG-1","Visium",837,564,961,546,"0","0","0","0","Basal epithelium"
"CGAACGCCCAGTGCCG-1","Visium",8021,3905,1429,1100,"6","5","4","5","Basal epithelium"
"CGAACGGCCGGACAAC-1","Visium",815,552,946,536,"0","0","0","0","Basal epithelium"
"CGAAGACGGTGAGTGC-1","Visium",928,558,1024,548,"3","4","3","4","Suprabasal epithelial"
"CGAAGACTGCCCGGGA-1","Visium",2034,1163,1571,1125,"4","3","2","3","Suprabasal epithelial"
"CGAAGATCAGTTTCAT-1","Visium",928,614,1009,593,"1","1","0","1","Basal epithelium"
"CGAAGCCACAGCATGG-1","Visium",757,505,924,491,"0","0","0","0","Basal epithelium"
"CGAAGCTATAAATTCA-1","Visium",3044,1917,1874,1549,"2","2","1","2","Reticular stroma"
"CGAAGGGTTTCAGATT-1","Visium",904,582,995,565,"0","0","0","0","Basal epithelium"
"CGAAGTTGCTCTGTGT-1","Visium",46218,8367,1176,759,"11","11","8","11","Inflamed epithelium"
"CGAATCTGCTCGACGC-1","Visium",652,479,866,466,"0","0","0","0","Basal epithelium"
"CGAATGAAGTCATTGC-1","Visium",676,477,882,460,"0","0","0","0","Basal epithelium"
"CGAATGACGCATAATG-1","Visium",769,520,930,505,"0","0","0","0","Basal epithelium"
"CGAATGGTAGGTCGTC-1","Visium",423,313,826,322,"0","0","0","0","Basal epithelium"
"CGAATTACATGGTGTT-1","Visium",3035,1761,1880,1510,"10","10","4","10","Reticular stroma"
"CGAATTCCCGGTTCAA-1","Visium",1064,707,1077,686,"1","1","0","1","Basal epithelium"
"CGACAATTTGATCTAA-1","Visium",1147,733,1133,710,"1","1","0","1","Basal epithelium"
"CGACACCGCTTAAGGA-1","Visium",1688,892,1322,765,"5","2","1","2","Reticular stroma"
"CGACACGCTCCGACAG-1","Visium",921,594,1010,582,"1","1","0","1","Basal epithelium"
"CGACACGGATGCCCAC-1","Visium",1492,918,1361,890,"1","1","0","1","Basal epithelium"
"CGACAGTTCGCGTTAT-1","Visium",85094,8015,1146,366,"11","11","8","11","Inflamed epithelium"
"CGACATGCGATCTTCT-1","Visium",37043,4491,1782,621,"12","9","7","9","Suprabasal epithelial"
"CGACCCTTAACGCCGG-1","Visium",781,515,946,505,"0","0","0","0","Basal epithelium"
"CGACCGTTGGTATTCG-1","Visium",531,376,934,376,"0","0","0","0","Basal epithelium"
"CGACCTACTAGACAAT-1","Visium",995,663,1041,647,"0","0","0","0","Basal epithelium"
"CGACGCATCCGTACCT-1","Visium",921,608,995,585,"0","0","0","0","Basal epithelium"
"CGACTCAGGATGTTAT-1","Visium",1914,1211,1556,1137,"2","2","1","2","Reticular stroma"
"CGACTCGGTACACGGT-1","Visium",1166,693,1106,625,"5","2","1","2","Reticular stroma"
"CGACTTGCCGGGAAAT-1","Visium",444,336,845,343,"0","0","0","0","Basal epithelium"
"CGACTTTGTATAGCCT-1","Visium",1138,758,1132,742,"0","0","0","0","Basal epithelium"
"CGAGACCCTAGAGTGT-1","Visium",1416,834,1318,810,"9","8","6","8","Inflamed epithelium"
"CGAGACTACTGCTGCT-1","Visium",1103,694,1107,676,"1","1","0","1","Basal epithelium"
"CGAGAGATGTGAACCT-1","Visium",4997,2476,1027,564,"2","2","1","2","Reticular stroma"
"CGAGAGCGCGTAGATA-1","Visium",712,484,909,471,"0","0","0","0","Basal epithelium"
"CGAGAGCTTTCACTAC-1","Visium",951,624,1016,607,"0","0","0","0","Basal epithelium"
"CGAGAGGGTAGCCGCG-1","Visium",695,480,893,468,"1","1","0","1","Basal epithelium"
"CGAGATGTTGCCTATA-1","Visium",1678,952,1447,934,"4","3","2","3","Suprabasal epithelial"
"CGAGATTTCGCTCGGG-1","Visium",591,415,889,410,"1","1","0","1","Basal epithelium"
"CGAGCACTTCAAGTTT-1","Visium",5639,2344,1110,596,"3","4","3","4","Suprabasal epithelial"
"CGAGCCGAGCACTCGA-1","Visium",2020,1171,1569,1134,"4","3","2","3","Suprabasal epithelial"
"CGAGCGTTGATCAGCC-1","Visium",9868,3441,1322,790,"7","3","2","3","Suprabasal epithelial"
"CGAGCTGGGCTTTAGG-1","Visium",2824,1678,1842,1491,"5","2","1","2","Reticular stroma"
"CGAGGAGCTTCCATAT-1","Visium",5760,3198,1166,843,"8","6","5","6","Immune stroma"
"CGAGGATCGGGAACGA-1","Visium",653,462,891,457,"1","1","0","1","Basal epithelium"
"CGAGGCCAGGCATTGG-1","Visium",2452,1342,1700,1254,"4","3","2","3","Suprabasal epithelial"
"CGAGGCTAAATATGGC-1","Visium",3403,1845,1839,1395,"2","2","1","2","Reticular stroma"
"CGAGGGACTGCGGTCG-1","Visium",2318,1205,1639,1143,"9","8","6","8","Inflamed epithelium"
"CGAGGGTATCCAGGTG-1","Visium",777,542,925,523,"1","1","0","1","Basal epithelium"
"CGAGTACTAAAGAGGA-1","Visium",1116,726,1115,707,"0","0","0","0","Basal epithelium"
"CGAGTGAAGGTACCAG-1","Visium",665,488,862,475,"0","0","0","0","Basal epithelium"
"CGAGTGCTATAGTTCG-1","Visium",3566,1767,1710,1226,"7","3","2","3","Suprabasal epithelial"
"CGAGTTCTGTCCCACC-1","Visium",2898,1600,1758,1326,"5","2","1","2","Reticular stroma"
"CGAGTTTATCGGACTG-1","Visium",1053,703,1065,676,"1","1","0","1","Basal epithelium"
"CGATAACCAATTTGAG-1","Visium",1155,780,1142,759,"1","1","0","1","Basal epithelium"
"CGATAATACTCAGGTT-1","Visium",861,585,974,572,"1","1","0","1","Basal epithelium"
"CGATACCTCGCGGACA-1","Visium",2587,1348,1724,1226,"9","8","6","8","Inflamed epithelium"
"CGATAGCGATACAGTG-1","Visium",1889,1083,1541,1062,"1","1","0","1","Basal epithelium"
"CGATAGTCGTACTGCA-1","Visium",997,679,1044,669,"0","0","0","0","Basal epithelium"
"CGATATTAGCCGCAGG-1","Visium",2673,1445,1785,1337,"4","3","2","3","Suprabasal epithelial"
"CGATCATTAGAGGCAC-1","Visium",1646,1009,1378,914,"5","2","1","2","Reticular stroma"
"CGATCCACCATTGTTG-1","Visium",752,512,932,504,"1","1","0","1","Basal epithelium"
"CGATCCGACCCAGTGC-1","Visium",7523,2442,1249,573,"9","8","6","8","Inflamed epithelium"
"CGATCCTCGCAACATA-1","Visium",626,455,858,443,"0","0","0","0","Basal epithelium"
"CGATCGAGAAGCACCA-1","Visium",650,448,880,440,"1","1","0","1","Basal epithelium"
"CGATCTGTTGGAGGAC-1","Visium",954,604,1031,592,"0","0","0","0","Basal epithelium"
"CGATGGACCCTACGCC-1","Visium",2118,1357,1596,1266,"2","2","1","2","Reticular stroma"
"CGATGTTGTTATCTAC-1","Visium",1436,917,1333,886,"0","0","0","0","Basal epithelium"
"CGATTAAATATCTCCT-1","Visium",1189,755,1169,735,"0","0","0","0","Basal epithelium"
"CGATTCGCCTGGCTGC-1","Visium",829,558,952,543,"1","1","0","1","Basal epithelium"
"CGATTTGTCATTAATG-1","Visium",591,433,877,427,"0","0","0","0","Basal epithelium"
"CGCAAACACGAGTTAC-1","Visium",69225,7911,1059,437,"11","11","8","11","Inflamed epithelium"
"CGCAATCGATCATTAG-1","Visium",2557,1327,1721,1238,"3","4","3","4","Suprabasal epithelial"
"CGCAATTACTTTCGGT-1","Visium",12494,3483,1205,546,"3","4","3","4","Suprabasal epithelial"
"CGCAATTAGGGTAATA-1","Visium",6056,2954,1136,749,"2","2","1","2","Reticular stroma"
"CGCAATTCTACAATAA-1","Visium",19938,4622,1185,536,"3","4","3","4","Suprabasal epithelial"
"CGCACATGTCCACTAC-1","Visium",1582,960,1417,937,"1","1","0","1","Basal epithelium"
"CGCACGTCTGTTTATG-1","Visium",718,511,905,502,"0","0","0","0","Basal epithelium"
"CGCACGTGCGCTATCA-1","Visium",946,633,1015,621,"1","1","0","1","Basal epithelium"
"CGCAGAAACATTTGCG-1","Visium",12308,3897,1264,702,"7","9","7","9","Suprabasal epithelial"
"CGCAGATCTTCACCCG-1","Visium",16282,5520,1577,1097,"8","6","5","6","Immune stroma"
"CGCAGGCGATCCAAAC-1","Visium",827,546,960,533,"1","1","0","1","Basal epithelium"
"CGCAGTTCTATCTTTC-1","Visium",1256,792,1221,770,"1","1","0","1","Basal epithelium"
"CGCATCATGGCTTCAG-1","Visium",26173,7162,1444,1108,"6","5","4","5","Basal epithelium"
"CGCATCCATCAGCCAG-1","Visium",1159,769,1142,747,"8","6","5","6","Immune stroma"
"CGCATGCCGAATGCGT-1","Visium",999,624,1053,610,"1","1","0","1","Basal epithelium"
"CGCATGGTGCGATGCT-1","Visium",2516,1271,1708,1191,"9","8","6","8","Inflamed epithelium"
"CGCATTAGCTAATAGG-1","Visium",3286,1840,1820,1412,"2","2","1","2","Reticular stroma"
"CGCCAAGAAGCCGAGT-1","Visium",910,592,1005,583,"0","0","0","0","Basal epithelium"
"CGCCAATTATTGCGTT-1","Visium",1912,1127,1565,1102,"4","3","2","3","Suprabasal epithelial"
"CGCCACAGGTCGCGAT-1","Visium",714,478,898,461,"0","0","0","0","Basal epithelium"
"CGCCACCCGCATTAAC-1","Visium",1993,1186,1577,1153,"4","3","2","3","Suprabasal epithelial"
"CGCCAGTAGTACCTTG-1","Visium",592,430,886,425,"0","0","0","0","Basal epithelium"
"CGCCATCCGATTATGA-1","Visium",3615,1947,1725,1285,"2","2","1","2","Reticular stroma"
"CGCCCAGCACGCCTAG-1","Visium",653,439,899,431,"1","0","0","0","Basal epithelium"
"CGCCCAGCGTTTCACG-1","Visium",824,543,956,526,"0","0","0","0","Basal epithelium"
"CGCCCGCTTCCGTACA-1","Visium",3243,1886,1901,1516,"5","2","1","2","Reticular stroma"
"CGCCCTAATTGTTCAA-1","Visium",1159,714,1151,699,"1","0","0","0","Basal epithelium"
"CGCCCTTACATCCACC-1","Visium",2265,1338,1671,1277,"10","10","4","10","Reticular stroma"
"CGCCCTTGAAGGCTGA-1","Visium",4425,1950,992,476,"3","4","3","4","Suprabasal epithelial"
"CGCCGACTATTCGCTA-1","Visium",1456,878,1343,856,"3","4","3","4","Suprabasal epithelial"
"CGCCGCCCATGCCTGT-1","Visium",1645,982,1440,957,"1","1","0","1","Basal epithelium"
"CGCCGCGTTCTGAACG-1","Visium",555,396,950,390,"0","0","0","0","Basal epithelium"
"CGCCGGTGTCGCAGTA-1","Visium",1210,774,1172,736,"1","1","0","1","Basal epithelium"
"CGCCGTCTACCCATCG-1","Visium",792,533,946,525,"0","0","0","0","Basal epithelium"
"CGCCGTTCAGCATAGT-1","Visium",959,627,1017,608,"1","1","0","1","Basal epithelium"
"CGCCTCCCTCCTCTAT-1","Visium",1410,848,1313,819,"1","1","0","1","Basal epithelium"
"CGCCTGGCCTACGTAA-1","Visium",1320,829,1267,806,"0","0","0","0","Basal epithelium"
"CGCCTTTAGCATGCTC-1","Visium",1090,703,1098,682,"1","1","0","1","Basal epithelium"
"CGCGAAGTGGCATACT-1","Visium",1047,685,1076,669,"1","1","0","1","Basal epithelium"
"CGCGACACTGCGCAGC-1","Visium",3748,1818,1579,1092,"3","4","3","4","Suprabasal epithelial"
"CGCGACCGCGACAGAT-1","Visium",886,585,993,575,"0","0","0","0","Basal epithelium"
"CGCGAGAGGGACTTGT-1","Visium",1838,1281,1548,1201,"2","2","1","2","Reticular stroma"
"CGCGAGTCTGCCGGGT-1","Visium",856,583,965,569,"0","0","0","0","Basal epithelium"
"CGCGCAAATGTCCAGA-1","Visium",893,608,988,595,"0","0","0","0","Basal epithelium"
"CGCGCAAGGAACTACA-1","Visium",1861,1073,1524,1043,"4","3","2","3","Suprabasal epithelial"
"CGCGCATGTTTGATTG-1","Visium",1006,675,1049,657,"0","0","0","0","Basal epithelium"
"CGCGCCCGACTTAATA-1","Visium",2779,1668,1833,1452,"2","2","1","2","Reticular stroma"
"CGCGGCAGTATTACGG-1","Visium",1794,1040,1501,1010,"4","3","2","3","Suprabasal epithelial"
"CGCGGCTCAACTTGAA-1","Visium",905,584,997,574,"1","1","0","1","Basal epithelium"
"CGCGGGAATTAGGCAG-1","Visium",3424,1751,1697,1183,"2","7","1","7","Immune stroma"
"CGCGGGAATTCCTTTC-1","Visium",936,625,1004,612,"1","1","0","1","Basal epithelium"
"CGCGGTAAGTCTAGCT-1","Visium",846,556,960,536,"1","1","0","1","Basal epithelium"
"CGCGGTACGGTATACA-1","Visium",685,448,905,434,"1","1","0","1","Basal epithelium"
"CGCGGTCACAAACCAA-1","Visium",1346,867,1277,831,"5","2","1","2","Reticular stroma"
"CGCGTACATTCTGGAA-1","Visium",1336,896,1279,870,"1","1","0","1","Basal epithelium"
"CGCGTCATATTAAACC-1","Visium",3353,1666,1773,1280,"7","3","2","3","Suprabasal epithelial"
"CGCGTGCTATCAACGA-1","Visium",1681,1001,1456,978,"4","3","2","3","Suprabasal epithelial"
"CGCGTGGGCCTGTGTT-1","Visium",28,25,499,178,"0","0","0","0","Basal epithelium"
"CGCGTTCATGAAATAC-1","Visium",3030,1606,1828,1364,"5","2","1","2","Reticular stroma"
"CGCTACCGCCCTATGA-1","Visium",2535,1373,1738,1279,"4","3","2","3","Suprabasal epithelial"
"CGCTACGGGACATTTA-1","Visium",21441,5246,1164,589,"9","8","6","8","Inflamed epithelium"
"CGCTAGAGACCGCTGC-1","Visium",1230,788,1210,774,"1","1","0","1","Basal epithelium"
"CGCTATACCGCCCACT-1","Visium",5595,2369,1133,636,"7","3","2","3","Suprabasal epithelial"
"CGCTATCGTGGCTTTA-1","Visium",1707,1043,1470,1011,"1","1","0","1","Basal epithelium"
"CGCTATTCAATGTATG-1","Visium",4623,2114,987,505,"3","4","3","4","Suprabasal epithelial"
"CGCTATTCTTAGGCTC-1","Visium",8552,2824,1246,592,"9","8","6","8","Inflamed epithelium"
"CGCTCGACATAATGAT-1","Visium",25533,7314,1388,1080,"6","5","4","5","Basal epithelium"
"CGCTCTCCGTAGATTA-1","Visium",85008,8739,1035,454,"11","11","8","11","Inflamed epithelium"
"CGCTGAGGACGTCCAA-1","Visium",2519,1380,1753,1304,"4","3","2","3","Suprabasal epithelial"
"CGCTGGTGACTACCCT-1","Visium",1038,685,1068,672,"1","1","0","1","Basal epithelium"
"CGCTGTGACGCCGCAC-1","Visium",5316,2283,1117,494,"2","7","1","7","Immune stroma"
"CGCTGTGTGGATGTTG-1","Visium",765,530,922,515,"0","0","0","0","Basal epithelium"
"CGCTTAGTATTGATAC-1","Visium",824,547,960,536,"1","0","0","0","Basal epithelium"
"CGCTTATTCCCGGTCG-1","Visium",1281,809,1242,786,"0","0","0","0","Basal epithelium"
"CGCTTCCACTGAAATC-1","Visium",96771,7036,1633,638,"12","9","7","9","Suprabasal epithelial"
"CGCTTCGGTCTAAGAC-1","Visium",993,655,1038,641,"0","0","0","0","Basal epithelium"
"CGCTTGGACGGATAGA-1","Visium",653,449,898,445,"1","1","0","1","Basal epithelium"
"CGCTTTCATACCGGTG-1","Visium",68313,9011,1110,634,"12","9","7","9","Suprabasal epithelial"
"CGCTTTCCGCCAAGGT-1","Visium",875,590,984,576,"0","0","0","0","Basal epithelium"
"CGCTTTCTTGCATTCG-1","Visium",2335,1406,1711,1339,"8","6","5","6","Immune stroma"
"CGGAAAGAATCAAACG-1","Visium",566,415,925,409,"0","0","0","0","Basal epithelium"
"CGGAAAGCAAATGTGC-1","Visium",2021,1162,1581,1134,"3","4","3","4","Suprabasal epithelial"
"CGGAAATTTCACATCC-1","Visium",55007,6344,1429,557,"12","9","7","9","Suprabasal epithelial"
"CGGAACGTAAACATAG-1","Visium",1014,663,1058,651,"0","0","0","0","Basal epithelium"
"CGGACCTCTGTAGTTA-1","Visium",722,502,904,490,"1","1","0","1","Basal epithelium"
"CGGACCTTTACGTCCC-1","Visium",836,555,970,542,"0","0","0","0","Basal epithelium"
"CGGACGTTACTTGAAG-1","Visium",841,568,959,555,"0","0","0","0","Basal epithelium"
"CGGAGCAATTTAATCG-1","Visium",1134,713,1138,701,"0","0","0","0","Basal epithelium"
"CGGAGCATGGCGATCC-1","Visium",4379,1861,1041,458,"9","8","6","8","Inflamed epithelium"
"CGGAGCTTATAACACC-1","Visium",12564,5045,1454,1118,"6","5","4","5","Basal epithelium"
"CGGAGTCCTAACCTGG-1","Visium",2004,1241,1578,1193,"10","10","4","10","Reticular stroma"
"CGGAGTTTGAGAGACA-1","Visium",47562,5839,1174,356,"11","11","8","11","Inflamed epithelium"
"CGGATAAGCGGACATG-1","Visium",3160,1577,1786,1309,"3","4","3","4","Suprabasal epithelial"
"CGGATCCTCAAGGACT-1","Visium",845,562,969,554,"1","1","0","1","Basal epithelium"
"CGGATGAATGCTGTGA-1","Visium",694,486,895,479,"0","0","0","0","Basal epithelium"
"CGGATTCTGCCTTATG-1","Visium",465,318,877,324,"0","0","0","0","Basal epithelium"
"CGGCAAACATCGTGCG-1","Visium",750,506,928,498,"0","0","0","0","Basal epithelium"
"CGGCAATAAGATCGCC-1","Visium",669,444,903,431,"1","1","0","1","Basal epithelium"
"CGGCACCGTTAGCGCC-1","Visium",2141,1354,1634,1262,"5","2","1","2","Reticular stroma"
"CGGCACTCAAGAAAGT-1","Visium",3165,1627,1809,1342,"4","3","2","3","Suprabasal epithelial"
"CGGCAGGGTCGGGTTG-1","Visium",1313,865,1264,840,"8","6","5","6","Immune stroma"
"CGGCCACGCACAAAGT-1","Visium",20421,6552,1684,1218,"2","7","1","7","Immune stroma"
"CGGCCAGAGCGACCAT-1","Visium",586,397,919,395,"0","0","0","0","Basal epithelium"
"CGGCCCAACCTGTAGT-1","Visium",1791,1126,1528,1092,"8","6","5","6","Immune stroma"
"CGGCCCAGGTATATCC-1","Visium",1090,728,1105,719,"0","0","0","0","Basal epithelium"
"CGGCGCCATCAATCCC-1","Visium",1010,659,1055,643,"0","0","0","0","Basal epithelium"
"CGGCTCTAAAGCTGCA-1","Visium",849,569,964,551,"1","1","0","1","Basal epithelium"
"CGGCTCTTCGTCGAAC-1","Visium",23757,6676,1399,1050,"6","5","4","5","Basal epithelium"
"CGGCTGAAGGTTACGC-1","Visium",1140,782,1133,764,"10","1","0","1","Basal epithelium"
"CGGCTGCAAGATTAAG-1","Visium",7138,2931,1280,796,"7","3","2","3","Suprabasal epithelial"
"CGGCTTTGTATGATAA-1","Visium",11150,3819,1269,754,"7","3","2","3","Suprabasal epithelial"
"CGGGAACGCCCTGCAT-1","Visium",859,562,965,543,"0","0","0","0","Basal epithelium"
"CGGGAAGTACCGTGGC-1","Visium",646,452,873,442,"0","0","0","0","Basal epithelium"
"CGGGAATATAGTATAC-1","Visium",957,626,1022,611,"1","1","0","1","Basal epithelium"
"CGGGAATTTATGTAAA-1","Visium",1045,669,1075,654,"0","0","0","0","Basal epithelium"
"CGGGAGCTTCAGTGTA-1","Visium",777,522,930,502,"1","0","0","0","Basal epithelium"
"CGGGAGTATACCGCCG-1","Visium",2982,1527,1797,1325,"3","4","3","4","Suprabasal epithelial"
"CGGGATCAATGTAAGA-1","Visium",1883,1169,1559,1120,"5","2","1","2","Reticular stroma"
"CGGGCAGCTAAACCGC-1","Visium",10992,4363,1544,1035,"2","7","1","7","Immune stroma"
"CGGGCCATAGCCGCAC-1","Visium",3180,1639,1814,1346,"1","1","0","1","Basal epithelium"
"CGGGCCTTCTTTGTAA-1","Visium",2251,1245,1643,1186,"9","8","6","8","Inflamed epithelium"
"CGGGCGATGGATCACG-1","Visium",770,531,933,521,"0","0","0","0","Basal epithelium"
"CGGGCTACTTAAATTG-1","Visium",1153,748,1135,723,"1","1","0","1","Basal epithelium"
"CGGGTGTACCCATTTA-1","Visium",2122,1299,1616,1237,"8","6","5","6","Immune stroma"
"CGGGTTCGGCACGTAT-1","Visium",15758,5622,1363,1021,"6","5","4","5","Basal epithelium"
"CGGGTTGTAGCTTTGG-1","Visium",1476,876,1348,850,"4","3","2","3","Suprabasal epithelial"
"CGGGTTTGTTAGGGCT-1","Visium",833,543,964,527,"1","1","0","1","Basal epithelium"
"CGGTAACAAGATACAT-1","Visium",2527,1383,1731,1294,"4","3","2","3","Suprabasal epithelial"
"CGGTACGGCAAACCCA-1","Visium",1109,691,1110,667,"1","1","0","1","Basal epithelium"
"CGGTACTAGAATCAAA-1","Visium",1093,710,1098,689,"1","1","0","1","Basal epithelium"
"CGGTAGAGGTGCAGGT-1","Visium",634,459,852,437,"5","2","1","2","Reticular stroma"
"CGGTATAGGTATTAGC-1","Visium",2200,1478,1668,1380,"5","2","1","2","Reticular stroma"
"CGGTATGGGCACTCTG-1","Visium",1013,677,1047,658,"0","0","0","0","Basal epithelium"
"CGGTCAAGTGGGAACC-1","Visium",1653,1055,1444,1008,"5","2","1","2","Reticular stroma"
"CGGTCAGTCCATATTT-1","Visium",921,599,1005,583,"1","1","0","1","Basal epithelium"
"CGGTCCATGAGACTCC-1","Visium",2497,1566,1787,1456,"8","6","5","6","Immune stroma"
"CGGTCCGTCGCAAGCC-1","Visium",725,477,926,467,"0","0","0","0","Basal epithelium"
"CGGTCTATCAACCCGT-1","Visium",2547,1442,1759,1309,"2","2","1","2","Reticular stroma"
"CGGTGAAGACTAAAGT-1","Visium",2979,1318,1705,1119,"3","4","3","4","Suprabasal epithelial"
"CGGTGCAGATAGAACG-1","Visium",1150,733,1137,709,"0","0","0","0","Basal epithelium"
"CGGTGCGCGTTGGTCC-1","Visium",989,635,1044,616,"0","0","0","0","Basal epithelium"
"CGGTGGGCTCCAGCCT-1","Visium",4604,2726,973,690,"2","2","1","2","Reticular stroma"
"CGGTGTACTTGATCCC-1","Visium",4206,1957,1142,656,"4","3","2","3","Suprabasal epithelial"
"CGGTTATCCAACAGTG-1","Visium",1548,1007,1402,974,"8","6","5","6","Immune stroma"
"CGGTTCAAGTAGGTGT-1","Visium",1607,1045,1407,980,"5","2","1","2","Reticular stroma"
"CGGTTCCGGCTTCTTG-1","Visium",2662,1415,1756,1300,"4","3","2","3","Suprabasal epithelial"
"CGGTTGACCTGGCATA-1","Visium",1354,813,1289,794,"3","0","0","0","Basal epithelium"
"CGGTTGAGTATCCTTC-1","Visium",844,570,960,557,"0","0","0","0","Basal epithelium"
"CGGTTGGGCAGGGTCC-1","Visium",689,458,906,451,"0","0","0","0","Basal epithelium"
"CGGTTGGGTTCAAGTT-1","Visium",62638,9234,1501,1130,"6","5","4","5","Basal epithelium"
"CGGTTTACTGAACATT-1","Visium",403,280,829,294,"1","1","0","1","Basal epithelium"
"CGGTTTATGAAGGAAC-1","Visium",2891,1772,1902,1547,"2","2","1","2","Reticular stroma"
"CGTAAACGCTTGAGTG-1","Visium",2144,1189,1581,1132,"3","4","3","4","Suprabasal epithelial"
"CGTAAAGCAAGAAATC-1","Visium",491,373,876,370,"0","0","0","0","Basal epithelium"
"CGTAAATAACAAAGGG-1","Visium",512,365,908,365,"0","0","0","0","Basal epithelium"
"CGTAACGGAACGATCA-1","Visium",1268,811,1234,790,"1","1","0","1","Basal epithelium"
"CGTAACTTCGACACTT-1","Visium",713,496,898,486,"0","0","0","0","Basal epithelium"
"CGTAATAATTACGAGT-1","Visium",1483,887,1350,862,"1","1","0","1","Basal epithelium"
"CGTAATATGGCCCTTG-1","Visium",984,640,1029,615,"1","1","0","1","Basal epithelium"
"CGTACCGAAAGTCTAG-1","Visium",1683,1027,1477,1003,"4","3","2","3","Suprabasal epithelial"
"CGTACCTGATAGGCCT-1","Visium",3313,1889,1844,1448,"2","2","1","2","Reticular stroma"
"CGTAGAGAGTAATTAT-1","Visium",834,539,973,527,"0","0","0","0","Basal epithelium"
"CGTAGCGAATTGTCAG-1","Visium",7656,3837,1382,1086,"6","5","4","5","Basal epithelium"
"CGTAGCGCCGACGTTG-1","Visium",4504,2085,1023,548,"7","3","2","3","Suprabasal epithelial"
"CGTATCTAGAACTAAG-1","Visium",909,589,1005,580,"1","1","0","1","Basal epithelium"
"CGTATTAAGAGATCTA-1","Visium",9574,3839,1388,880,"2","7","1","7","Immune stroma"
"CGTATTGTTTCCTAAT-1","Visium",1567,918,1403,899,"1","1","0","1","Basal epithelium"
"CGTATTGTTTGGCGCC-1","Visium",735,500,921,487,"0","0","0","0","Basal epithelium"
"CGTCAAATGGTCGCAG-1","Visium",833,565,955,554,"0","0","0","0","Basal epithelium"
"CGTCAAGGCTATAAAT-1","Visium",3415,1668,1686,1189,"3","4","3","4","Suprabasal epithelial"
"CGTCAATCTTTAACAT-1","Visium",1653,961,1435,928,"4","3","2","3","Suprabasal epithelial"
"CGTCACGTCCATTGGT-1","Visium",1037,662,1066,644,"0","0","0","0","Basal epithelium"
"CGTCAGCTATTTACTC-1","Visium",2695,1404,1760,1290,"3","4","3","4","Suprabasal epithelial"
"CGTCAGTGCGCACAAG-1","Visium",8835,3199,1362,827,"7","9","7","9","Suprabasal epithelial"
"CGTCAGTTTATCGTCT-1","Visium",3602,1755,1679,1188,"7","3","2","3","Suprabasal epithelial"
"CGTCATACCATATCCA-1","Visium",4568,2106,978,508,"3","4","3","4","Suprabasal epithelial"
"CGTCCAGATGGCTCCA-1","Visium",2579,1413,1758,1313,"4","3","2","3","Suprabasal epithelial"
"CGTCCTCATCGCGTGC-1","Visium",824,554,954,537,"1","1","0","1","Basal epithelium"
"CGTCGCATGTGAGCCA-1","Visium",926,613,1005,598,"0","0","0","0","Basal epithelium"
"CGTCGCGGCGGGATTT-1","Visium",1544,927,1396,906,"1","1","0","1","Basal epithelium"
"CGTCGCTTGGTTATAC-1","Visium",642,450,877,444,"0","0","0","0","Basal epithelium"
"CGTCGGATAGTGTTGA-1","Visium",991,672,1025,652,"8","6","5","6","Immune stroma"
"CGTCGGGTCTAAGCGC-1","Visium",955,672,1018,661,"0","0","0","0","Basal epithelium"
"CGTCGTCCTTCGCGAA-1","Visium",969,653,1023,637,"0","0","0","0","Basal epithelium"
"CGTCTCTCGCCGAGGC-1","Visium",1156,747,1145,727,"1","1","0","1","Basal epithelium"
"CGTCTGGAAGGGCCCG-1","Visium",1574,1058,1426,1023,"0","0","0","0","Basal epithelium"
"CGTCTTGAGTGTGACG-1","Visium",798,536,940,522,"0","0","0","0","Basal epithelium"
"CGTGAACTGACCCGAT-1","Visium",1016,676,1050,658,"0","0","0","0","Basal epithelium"
"CGTGAAGTTAATTCAC-1","Visium",2428,1296,1666,1201,"9","8","6","8","Inflamed epithelium"
"CGTGACATTGGGTCGT-1","Visium",1358,955,1301,926,"5","2","1","2","Reticular stroma"
"CGTGACCAGTCCTCTG-1","Visium",667,450,886,443,"0","0","0","0","Basal epithelium"
"CGTGCACACCACTGTA-1","Visium",1078,701,1096,687,"0","0","0","0","Basal epithelium"
"CGTGCAGACTGGGACA-1","Visium",580,391,928,384,"1","1","0","1","Basal epithelium"
"CGTGCATTGTCGACGC-1","Visium",865,536,994,523,"3","4","3","4","Suprabasal epithelial"
"CGTGCCCGACATTTGT-1","Visium",3899,1904,1461,988,"7","3","2","3","Suprabasal epithelial"
"CGTGCCCTCCCGAAGA-1","Visium",1546,898,1380,872,"1","1","0","1","Basal epithelium"
"CGTGCTGGCCTAGTCG-1","Visium",1883,1105,1557,1082,"4","3","2","3","Suprabasal epithelial"
"CGTGCTTCTACCTAAA-1","Visium",831,585,943,572,"0","0","0","0","Basal epithelium"
"CGTGGAAGCCTCGTAC-1","Visium",623,421,900,415,"1","1","0","1","Basal epithelium"
"CGTGGCCGAATATCTA-1","Visium",1107,715,1110,695,"1","1","0","1","Basal epithelium"
"CGTGGTACCCAAAGGC-1","Visium",712,496,902,483,"0","0","0","0","Basal epithelium"
"CGTGTATGGGAGCTGA-1","Visium",251,199,676,226,"1","1","0","1","Basal epithelium"
"CGTGTCCCATTCGCGA-1","Visium",46914,8930,1350,1026,"6","5","4","5","Basal epithelium"
"CGTGTCTCGTTACGAC-1","Visium",583,424,907,419,"0","0","0","0","Basal epithelium"
"CGTGTGTTAAACCCTG-1","Visium",765,533,923,523,"0","0","0","0","Basal epithelium"
"CGTTAAACTAGTTAGG-1","Visium",695,461,898,445,"1","1","0","1","Basal epithelium"
"CGTTAAATACGACCAG-1","Visium",1068,677,1086,659,"1","1","0","1","Basal epithelium"
"CGTTAATGTCCCGACG-1","Visium",887,586,972,561,"1","1","0","1","Basal epithelium"
"CGTTAGCTCACAACTG-1","Visium",1691,1084,1464,1027,"5","2","1","2","Reticular stroma"
"CGTTATCATACTTCCA-1","Visium",1214,748,1196,730,"0","0","0","0","Basal epithelium"
"CGTTCAAGGAAACGGA-1","Visium",498,368,894,367,"1","0","0","0","Basal epithelium"
"CGTTCAGACCCGCGAA-1","Visium",851,589,954,569,"0","0","0","0","Basal epithelium"
"CGTTCATGGTGCGCGT-1","Visium",969,651,1022,631,"0","0","0","0","Basal epithelium"
"CGTTCTTCGCACACCT-1","Visium",1589,1072,1399,1004,"5","2","1","2","Reticular stroma"
"CGTTGAATACCGCGCT-1","Visium",1033,682,1060,663,"0","0","0","0","Basal epithelium"
"CGTTGAGCGACCGTCG-1","Visium",1066,673,1090,660,"0","0","0","0","Basal epithelium"
"CGTTGAGTAATTGCGT-1","Visium",2707,1734,1872,1547,"2","2","1","2","Reticular stroma"
"CGTTGCCCGCGTGGGA-1","Visium",457,331,858,332,"0","0","0","0","Basal epithelium"
"CGTTGTAAACGTCAGG-1","Visium",3056,1508,1740,1247,"3","4","3","4","Suprabasal epithelial"
"CGTTGTAAGATTGATT-1","Visium",2891,1809,1921,1582,"8","6","5","6","Immune stroma"
"CGTTGTCGGCAATTGA-1","Visium",783,531,940,521,"0","0","0","0","Basal epithelium"
"CGTTGTTTCAATTCCC-1","Visium",37312,7951,1324,927,"6","5","4","5","Basal epithelium"
"CGTTTAAGCGGAGCAC-1","Visium",40211,8555,1442,1147,"6","5","4","5","Basal epithelium"
"CGTTTACAAGGCAGCT-1","Visium",2090,1346,1614,1281,"8","6","5","6","Immune stroma"
"CGTTTCACTTCGGGCG-1","Visium",4162,2308,1290,895,"2","2","1","2","Reticular stroma"
"CGTTTCGCTCATTACA-1","Visium",6246,2682,1151,649,"9","8","6","8","Inflamed epithelium"
"CGTTTCGGTTATATGC-1","Visium",1223,761,1199,740,"1","1","0","1","Basal epithelium"
"CGTTTGGTGTTGTGGG-1","Visium",632,449,877,441,"1","1","0","1","Basal epithelium"
"CGTTTGTGTAGAGGGT-1","Visium",637,460,862,450,"0","0","0","0","Basal epithelium"
"CTAAACGGGTGTAATC-1","Visium",2590,1396,1749,1301,"4","3","2","3","Suprabasal epithelial"
"CTAAAGAATGCCTACT-1","Visium",58981,5173,1412,335,"11","11","8","11","Inflamed epithelium"
"CTAAAGGATGAGATAC-1","Visium",481,350,877,350,"1","1","0","1","Basal epithelium"
"CTAAAGGGAAATAGGA-1","Visium",1310,815,1264,797,"0","0","0","0","Basal epithelium"
"CTAAAGTCCGAAGCTA-1","Visium",1640,1008,1447,986,"4","3","2","3","Suprabasal epithelial"
"CTAAATCCGGTGTACA-1","Visium",559,407,935,401,"0","0","0","0","Basal epithelium"
"CTAAATCCTATTCCGG-1","Visium",3871,2114,1482,1054,"5","2","1","2","Reticular stroma"
"CTAACAGCACAATAAC-1","Visium",129,95,653,176,"1","1","0","1","Basal epithelium"
"CTAACCGCGCGCCCGT-1","Visium",19328,3632,1415,486,"11","11","8","11","Inflamed epithelium"
"CTAACGAAACTTGCTG-1","Visium",1827,1164,1524,1110,"8","6","5","6","Immune stroma"
"CTAACTGATAATCGCC-1","Visium",876,580,990,568,"1","1","0","1","Basal epithelium"
"CTAACTGGTCCGGTTC-1","Visium",1292,842,1244,817,"0","0","0","0","Basal epithelium"
"CTAAGGGAATGATTGG-1","Visium",1271,811,1235,792,"1","1","0","1","Basal epithelium"
"CTAAGTACAGGGCTAC-1","Visium",3557,2116,1842,1513,"10","10","4","10","Reticular stroma"
"CTAATGCGCCCAACAA-1","Visium",2670,1415,1760,1287,"4","3","2","3","Suprabasal epithelial"
"CTAATTATGAAGCGTA-1","Visium",1310,798,1226,749,"5","2","1","2","Reticular stroma"
"CTAATTCGCACGCGCT-1","Visium",53594,5852,1319,440,"11","11","8","11","Inflamed epithelium"
"CTAATTCTCAGATATT-1","Visium",2390,1532,1773,1440,"8","6","5","6","Immune stroma"
"CTAATTTCAACAACAC-1","Visium",5230,2276,1079,591,"3","4","3","4","Suprabasal epithelial"
"CTACAAGAAATAACCC-1","Visium",825,552,957,542,"0","0","0","0","Basal epithelium"
"CTACACTAGCTTGTTC-1","Visium",2923,1570,1834,1385,"4","3","2","3","Suprabasal epithelial"
"CTACACTCGCAGATGG-1","Visium",804,531,962,525,"1","1","0","1","Basal epithelium"
"CTACATATCGCGGGAC-1","Visium",1208,763,1189,745,"0","0","0","0","Basal epithelium"
"CTACCCTAAGGTCATA-1","Visium",2333,1419,1698,1335,"8","6","5","6","Immune stroma"
"CTACGAACTAGGTCGA-1","Visium",54950,6155,1589,642,"12","9","7","9","Suprabasal epithelial"
"CTACGACTAGCTATAA-1","Visium",1261,742,1222,717,"3","4","3","4","Suprabasal epithelial"
"CTACGATCCTATCCTA-1","Visium",958,603,1034,590,"0","0","0","0","Basal epithelium"
"CTACGCACGGAGTACC-1","Visium",38285,6945,1563,490,"2","7","1","7","Immune stroma"
"CTACGCCATTTCCGAT-1","Visium",2130,1397,1625,1322,"5","2","1","2","Reticular stroma"
"CTACGTGTTGCCACCA-1","Visium",2045,1195,1580,1162,"4","3","2","3","Suprabasal epithelial"
"CTACTATCATAGGTTT-1","Visium",1140,741,1133,722,"0","0","0","0","Basal epithelium"
"CTACTATCTTTCAGAG-1","Visium",2388,1490,1713,1373,"8","6","5","6","Immune stroma"
"CTACTCAAGGTATAGT-1","Visium",840,595,953,583,"0","0","0","0","Basal epithelium"
"CTACTCTAGGCCCGGC-1","Visium",12525,3809,1186,628,"3","4","3","4","Suprabasal epithelial"
"CTACTGCCACCTGACC-1","Visium",6871,2816,1254,689,"2","7","1","7","Immune stroma"
"CTAGACATATATGTAG-1","Visium",9110,4072,1481,1149,"6","5","4","5","Basal epithelium"
"CTAGACTGCATTTCGT-1","Visium",37008,7841,1399,1026,"6","5","4","5","Basal epithelium"
"CTAGATAAACTCCTCG-1","Visium",1879,1128,1555,1095,"4","3","2","3","Suprabasal epithelial"
"CTAGATGTGAGTGTAA-1","Visium",1202,834,1172,804,"8","6","5","6","Immune stroma"
"CTAGATTTACGACGGC-1","Visium",1587,956,1403,921,"1","1","0","1","Basal epithelium"
"CTAGCAACTAATTTAC-1","Visium",1692,1024,1468,1000,"4","3","2","3","Suprabasal epithelial"
"CTAGCATAGTATAATG-1","Visium",6327,2708,1232,641,"2","7","1","7","Immune stroma"
"CTAGCCACAGGCGAGC-1","Visium",627,428,892,419,"1","1","0","1","Basal epithelium"
"CTAGCCCGGGAGACGA-1","Visium",494,352,903,354,"0","0","0","0","Basal epithelium"
"CTAGCCGATGTTATGA-1","Visium",1718,1124,1466,1063,"5","2","1","2","Reticular stroma"
"CTAGCGCCAATCCTAC-1","Visium",1620,1034,1437,1010,"1","1","0","1","Basal epithelium"
"CTAGCTTAATGGTCCC-1","Visium",869,574,981,562,"0","0","0","0","Basal epithelium"
"CTAGGCGCCCTATCAG-1","Visium",915,615,992,599,"1","1","0","1","Basal epithelium"
"CTAGGCGGCAGAGAAT-1","Visium",2105,1194,1589,1160,"4","3","2","3","Suprabasal epithelial"
"CTAGGGATAGGGACAA-1","Visium",444,321,862,327,"0","0","0","0","Basal epithelium"
"CTAGGTCTGAAGGAAT-1","Visium",886,597,979,582,"0","0","0","0","Basal epithelium"
"CTAGGTTCGGACGTGA-1","Visium",743,506,919,496,"1","1","0","1","Basal epithelium"
"CTAGTAGAAAGGGATT-1","Visium",747,522,918,510,"0","0","0","0","Basal epithelium"
"CTAGTATTCGGAATTA-1","Visium",1626,1067,1456,1031,"5","2","1","2","Reticular stroma"
"CTAGTCACGTCTTAAG-1","Visium",8828,3227,1277,704,"9","8","6","8","Inflamed epithelium"
"CTAGTGAAGGACAGGA-1","Visium",28997,6929,1217,801,"11","11","8","11","Inflamed epithelium"
"CTAGTTACAACCCGGT-1","Visium",857,577,965,564,"0","0","0","0","Basal epithelium"
"CTAGTTGGGCCCGGTA-1","Visium",2225,1291,1644,1221,"2","2","1","2","Reticular stroma"
"CTATAAGAGCCAATCG-1","Visium",1907,1250,1584,1201,"8","6","5","6","Immune stroma"
"CTATAAGTAGGGTTTG-1","Visium",731,490,913,474,"1","1","0","1","Basal epithelium"
"CTATACTTAAAGCGAG-1","Visium",839,548,967,535,"1","1","0","1","Basal epithelium"
"CTATAGGCGTTGATGT-1","Visium",549,405,946,406,"0","0","0","0","Basal epithelium"
"CTATATCCAGCCTGGC-1","Visium",779,533,934,519,"0","0","0","0","Basal epithelium"
"CTATCACAACGCTGGA-1","Visium",983,655,1039,645,"1","1","0","1","Basal epithelium"
"CTATCGACGAAATACA-1","Visium",947,610,1023,597,"1","1","0","1","Basal epithelium"
"CTATCGCGTAGAGAAC-1","Visium",331,242,766,263,"1","1","0","1","Basal epithelium"
"CTATCGGGTCTCAACA-1","Visium",8584,3575,1266,722,"2","7","1","7","Immune stroma"
"CTATGAACACCTTGCC-1","Visium",679,468,891,460,"1","1","0","1","Basal epithelium"
"CTATGCCCGAATGCAA-1","Visium",954,617,1020,600,"0","0","0","0","Basal epithelium"
"CTATGGGAAGCGGAAT-1","Visium",801,539,946,523,"1","1","0","1","Basal epithelium"
"CTATGTCACTAGCCCA-1","Visium",5765,2580,1139,582,"2","7","1","7","Immune stroma"
"CTATGTCTATTGAAAC-1","Visium",46148,5584,1592,610,"12","9","7","9","Suprabasal epithelial"
"CTATGTGAGTCACGGC-1","Visium",1038,679,1063,659,"0","0","0","0","Basal epithelium"
"CTATTCATGTGTCCCA-1","Visium",1404,864,1314,841,"0","0","0","0","Basal epithelium"
"CTATTGTGTTTGGTCA-1","Visium",2787,1586,1819,1368,"2","2","1","2","Reticular stroma"
"CTATTTGCTTGGAGGA-1","Visium",617,421,887,411,"0","0","0","0","Basal epithelium"
"CTATTTGGTTACGGAT-1","Visium",2125,1191,1588,1149,"1","1","0","1","Basal epithelium"
"CTCAAACCACTGCCCG-1","Visium",676,486,879,478,"0","0","0","0","Basal epithelium"
"CTCAACTAACCCGGAT-1","Visium",870,597,965,575,"1","1","0","1","Basal epithelium"
"CTCAAGACATTAGCGC-1","Visium",2996,1677,1867,1401,"2","2","1","2","Reticular stroma"
"CTCACACGCAAGCCTA-1","Visium",1388,865,1277,817,"8","6","5","6","Immune stroma"
"CTCACATTTACTAAAT-1","Visium",776,529,939,518,"0","0","0","0","Basal epithelium"
"CTCACCAGTACAAGTG-1","Visium",1455,834,1343,818,"3","4","3","4","Suprabasal epithelial"
"CTCACCGATCCAAACT-1","Visium",1205,780,1167,742,"1","1","0","1","Basal epithelium"
"CTCACTGTGATACTTA-1","Visium",1028,652,1063,632,"0","0","0","0","Basal epithelium"
"CTCACTTGGCTGGTAA-1","Visium",1221,776,1200,757,"0","0","0","0","Basal epithelium"
"CTCAGAGCTAATGTCG-1","Visium",612,433,887,424,"0","0","0","0","Basal epithelium"
"CTCAGATTGTGATAAG-1","Visium",837,554,970,539,"0","0","0","0","Basal epithelium"
"CTCAGCAGACTGCCGA-1","Visium",1234,809,1199,781,"0","0","0","0","Basal epithelium"
"CTCAGGACTCACCTGT-1","Visium",4065,1920,1281,807,"4","3","2","3","Suprabasal epithelial"
"CTCAGTCACGACAAAT-1","Visium",2588,1512,1763,1352,"2","2","1","2","Reticular stroma"
"CTCATAAATGTGTATA-1","Visium",1014,644,1058,627,"1","1","0","1","Basal epithelium"
"CTCATCACTTAGTGAT-1","Visium",1034,662,1058,638,"1","1","0","1","Basal epithelium"
"CTCATGGCTCACAATC-1","Visium",26462,6980,1268,929,"6","5","4","5","Basal epithelium"
"CTCATGGTAATTTGCG-1","Visium",969,638,1030,623,"0","0","0","0","Basal epithelium"
"CTCATTAACGTTGCCC-1","Visium",936,613,1014,595,"1","1","0","1","Basal epithelium"
"CTCATTCGTGAACATC-1","Visium",2463,1295,1696,1218,"3","4","3","4","Suprabasal epithelial"
"CTCATTGCTCTAACAA-1","Visium",940,628,1016,613,"0","0","0","0","Basal epithelium"
"CTCATTTGATGGGCGG-1","Visium",3587,1867,1754,1255,"2","7","1","7","Immune stroma"
"CTCCCAATGAGTCGCG-1","Visium",774,514,927,497,"0","0","0","0","Basal epithelium"
"CTCCCTCCTTTCGATC-1","Visium",1160,764,1146,744,"0","0","0","0","Basal epithelium"
"CTCCCTTGTATCAAGG-1","Visium",772,528,937,518,"0","0","0","0","Basal epithelium"
"CTCCGAGTAAATCCGC-1","Visium",1504,971,1380,941,"1","1","0","1","Basal epithelium"
"CTCCGCCCACATGAGG-1","Visium",1381,829,1302,809,"0","0","0","0","Basal epithelium"
"CTCCGGCCTAATATGC-1","Visium",1820,1155,1526,1106,"5","2","1","2","Reticular stroma"
"CTCCGGCTTGTAGACA-1","Visium",2303,1235,1647,1184,"1","1","0","1","Basal epithelium"
"CTCCTAAGTTATGTCT-1","Visium",3636,1822,1676,1220,"4","3","2","3","Suprabasal epithelial"
"CTCCTAGTAATCGTGA-1","Visium",572,410,917,396,"0","0","0","0","Basal epithelium"
"CTCCTCCAGCTCACAC-1","Visium",699,476,894,464,"0","0","0","0","Basal epithelium"
"CTCCTGTTCAAGGCAG-1","Visium",985,622,1043,607,"1","1","0","1","Basal epithelium"
"CTCCTTTACGCAAGTC-1","Visium",2062,1369,1601,1282,"8","6","5","6","Immune stroma"
"CTCGAATGGAACGTAT-1","Visium",6227,3127,1234,895,"10","10","4","10","Reticular stroma"
"CTCGAGACATACGATA-1","Visium",999,628,1058,617,"1","1","0","1","Basal epithelium"
"CTCGAGATCCAAAGCA-1","Visium",1445,896,1349,879,"1","1","0","1","Basal epithelium"
"CTCGAGGCAAGTTTCA-1","Visium",577,411,913,403,"0","0","0","0","Basal epithelium"
"CTCGAGGTCGAACAGT-1","Visium",2782,1538,1802,1361,"2","2","1","2","Reticular stroma"
"CTCGATATTTGCGAGC-1","Visium",1700,1081,1442,1009,"2","2","1","2","Reticular stroma"
"CTCGCACCTATATAGT-1","Visium",4896,2496,1008,621,"2","2","1","2","Reticular stroma"
"CTCGCATTGCATAGCC-1","Visium",984,661,1035,648,"0","0","0","0","Basal epithelium"
"CTCGCCGAATGTAGGG-1","Visium",503,373,903,369,"0","0","0","0","Basal epithelium"
"CTCGCTAGGTAAGCGA-1","Visium",965,638,1020,615,"0","0","0","0","Basal epithelium"
"CTCGGGATAACACCTA-1","Visium",792,540,947,528,"1","1","0","1","Basal epithelium"
"CTCGGGCATCGTCGGG-1","Visium",2711,1470,1804,1357,"7","3","2","3","Suprabasal epithelial"
"CTCGGGTTCTCTGGCC-1","Visium",756,530,911,514,"0","0","0","0","Basal epithelium"
"CTCGGTACCACTGCTC-1","Visium",1194,744,1177,729,"1","1","0","1","Basal epithelium"
"CTCGGTCCGTAGCCTG-1","Visium",42764,8745,1517,1188,"6","5","4","5","Basal epithelium"
"CTCGGTTGTCGGCCCT-1","Visium",866,599,962,581,"0","0","0","0","Basal epithelium"
"CTCGTCGAGGGCTCAT-1","Visium",737,516,902,503,"0","0","0","0","Basal epithelium"
"CTCGTCTGTGCCTTCG-1","Visium",940,608,1011,590,"1","1","0","1","Basal epithelium"
"CTCGTGGCACTGAAAG-1","Visium",660,481,883,475,"1","1","0","1","Basal epithelium"
"CTCGTTACGGCTACCA-1","Visium",695,469,896,457,"0","0","0","0","Basal epithelium"
"CTCGTTTCTAATGTTT-1","Visium",2446,1557,1728,1404,"2","2","1","2","Reticular stroma"
"CTCTAACACCGGCAGC-1","Visium",840,565,964,554,"1","1","0","1","Basal epithelium"
"CTCTAATGCATTGATC-1","Visium",2416,1568,1797,1471,"8","6","5","6","Immune stroma"
"CTCTACACTGGCGATT-1","Visium",1044,678,1072,662,"0","0","0","0","Basal epithelium"
"CTCTACATCCTGCGTG-1","Visium",968,613,1032,597,"1","1","0","1","Basal epithelium"
"CTCTAGCCCTCGGAAA-1","Visium",1015,662,1054,647,"1","1","0","1","Basal epithelium"
"CTCTATTTGGCTGCAG-1","Visium",1008,672,1042,652,"1","1","0","1","Basal epithelium"
"CTCTCACAATCGATGA-1","Visium",10652,3352,1438,546,"2","7","1","7","Immune stroma"
"CTCTCGATGTGCGCCT-1","Visium",6440,2604,1217,714,"7","3","2","3","Suprabasal epithelial"
"CTCTCGCTGTACTATG-1","Visium",2658,1357,1735,1245,"3","4","3","4","Suprabasal epithelial"
"CTCTCTAACTGCCTAG-1","Visium",1037,685,1057,662,"0","0","0","0","Basal epithelium"
"CTCTGCAGGCATTCTT-1","Visium",625,463,865,447,"0","0","0","0","Basal epithelium"
"CTCTGCGAAGCAAGCA-1","Visium",21296,4497,1355,586,"12","9","7","9","Suprabasal epithelial"
"CTCTGGACGCCTGGTG-1","Visium",14884,4789,1370,618,"2","7","1","7","Immune stroma"
"CTCTGTCCATGCACCA-1","Visium",1049,653,1077,633,"1","1","0","1","Basal epithelium"
"CTCTGTGCCTGCTATG-1","Visium",2723,1429,1769,1306,"4","3","2","3","Suprabasal epithelial"
"CTCTGTTTGAGGATTC-1","Visium",2771,1695,1849,1501,"5","2","1","2","Reticular stroma"
"CTCTTCTATTGACTGG-1","Visium",986,627,1043,611,"1","1","0","1","Basal epithelium"
"CTCTTCTGGAAGTTAG-1","Visium",587,420,896,411,"0","0","0","0","Basal epithelium"
"CTCTTGTCCCGCTTGG-1","Visium",1132,727,1127,706,"0","0","0","0","Basal epithelium"
"CTGAAACGGCCCTCAG-1","Visium",1110,768,1106,748,"1","1","0","1","Basal epithelium"
"CTGAAAGAGATCCGAC-1","Visium",1876,1189,1550,1133,"5","2","1","2","Reticular stroma"
"CTGAATCCGAGACCTC-1","Visium",976,619,1034,599,"0","0","0","0","Basal epithelium"
"CTGAATTTATTGCCAG-1","Visium",2222,1431,1645,1304,"2","2","1","2","Reticular stroma"
"CTGACATAGAAATAGA-1","Visium",655,446,892,440,"0","0","0","0","Basal epithelium"
"CTGACTGCGCAGCTCG-1","Visium",1179,828,1155,803,"8","6","5","6","Immune stroma"
"CTGAGAAAGTTCGGCG-1","Visium",677,460,902,451,"1","1","0","1","Basal epithelium"
"CTGAGAGTAGAAATAC-1","Visium",737,490,907,471,"4","3","2","3","Suprabasal epithelial"
"CTGAGCAAGTAACAAG-1","Visium",2795,1492,1805,1341,"3","4","3","4","Suprabasal epithelial"
"CTGAGCGAGACTTATT-1","Visium",899,608,988,594,"0","0","0","0","Basal epithelium"
"CTGATAGTGTATCTCA-1","Visium",3427,1593,1704,1166,"3","4","3","4","Suprabasal epithelial"
"CTGATCCCTTTATGCA-1","Visium",798,535,955,526,"0","0","0","0","Basal epithelium"
"CTGCAAATGGGCTCCA-1","Visium",3001,1609,1826,1392,"7","3","2","3","Suprabasal epithelial"
"CTGCAAGCACGTTCCG-1","Visium",800,523,949,508,"1","1","0","1","Basal epithelium"
"CTGCACAACTACATAT-1","Visium",825,541,962,528,"1","1","0","1","Basal epithelium"
"CTGCACCTAGTCCACA-1","Visium",1178,787,1168,775,"1","1","0","1","Basal epithelium"
"CTGCACCTGGAACCGC-1","Visium",90993,9071,1231,692,"12","9","7","9","Suprabasal epithelial"
"CTGCACTCCAGTACAG-1","Visium",1011,685,1052,673,"0","0","0","0","Basal epithelium"
"CTGCAGAGAATCAGAG-1","Visium",520,379,897,373,"1","1","0","1","Basal epithelium"
"CTGCAGGGTGACGCTC-1","Visium",1056,677,1076,660,"1","1","0","1","Basal epithelium"
"CTGCAGGTGCTCGGCC-1","Visium",2478,1341,1734,1274,"4","3","2","3","Suprabasal epithelial"
"CTGCCAAGGTTGGAAG-1","Visium",2690,1567,1831,1405,"2","2","1","2","Reticular stroma"
"CTGCCATGCATCACAT-1","Visium",3279,1580,1738,1211,"9","8","6","8","Inflamed epithelium"
"CTGCCCACGAAGCGTT-1","Visium",1752,984,1467,958,"3","4","3","4","Suprabasal epithelial"
"CTGCCTAGCCACCAAG-1","Visium",22865,7094,1535,1253,"6","5","4","5","Basal epithelium"
"CTGCCTCATATGCAAC-1","Visium",1008,678,1050,664,"1","1","0","1","Basal epithelium"
"CTGCCTTTAATACCTT-1","Visium",818,561,953,549,"0","0","0","0","Basal epithelium"
"CTGCCTTTCTAGTAAA-1","Visium",1060,682,1093,674,"0","0","0","0","Basal epithelium"
"CTGCGACCTCGCCGAA-1","Visium",923,604,1007,591,"0","0","0","0","Basal epithelium"
"CTGCGATTTCGAGATT-1","Visium",741,486,930,472,"1","1","0","1","Basal epithelium"
"CTGCGGGTGAAATGTT-1","Visium",8676,3055,1253,696,"3","4","3","4","Suprabasal epithelial"
"CTGCGGTAGTCACGTG-1","Visium",4081,2356,1390,1071,"5","2","1","2","Reticular stroma"
"CTGCGTTACGATATAA-1","Visium",1728,1075,1493,1035,"5","2","1","2","Reticular stroma"
"CTGCTCTCAACACACC-1","Visium",1191,735,1173,719,"1","1","0","1","Basal epithelium"
"CTGCTCTGACGGCAAA-1","Visium",513,369,900,360,"1","1","0","1","Basal epithelium"
"CTGCTGAGGCCACGAA-1","Visium",1243,778,1212,756,"0","0","0","0","Basal epithelium"
"CTGCTGTCTAACGAGC-1","Visium",882,602,976,589,"1","1","0","1","Basal epithelium"
"CTGCTTGGCGATAGCT-1","Visium",993,658,1042,638,"0","0","0","0","Basal epithelium"
"CTGCTTTATGTCCGCG-1","Visium",1390,900,1303,864,"5","2","1","2","Reticular stroma"
"CTGGAAATGGATGCTT-1","Visium",2312,1329,1654,1232,"5","2","1","2","Reticular stroma"
"CTGGAAGACACGGTGG-1","Visium",616,423,898,416,"1","1","0","1","Basal epithelium"
"CTGGACGCAGTCCGGC-1","Visium",824,555,945,537,"0","0","0","0","Basal epithelium"
"CTGGATTTACACTTGA-1","Visium",1046,699,1072,680,"0","0","0","0","Basal epithelium"
"CTGGCATCCGAATGAG-1","Visium",894,617,983,602,"0","0","0","0","Basal epithelium"
"CTGGCGACATAAGTCC-1","Visium",1208,825,1187,804,"5","2","1","2","Reticular stroma"
"CTGGCGATTTACATGT-1","Visium",1116,708,1124,696,"1","1","0","1","Basal epithelium"
"CTGGCGCACAGGTCTG-1","Visium",1300,819,1253,798,"1","1","0","1","Basal epithelium"
"CTGGCGGGAATAAGTA-1","Visium",3747,1781,1562,1080,"3","4","3","4","Suprabasal epithelial"
"CTGGCTCCTGCGGGAT-1","Visium",2171,1229,1608,1185,"4","3","2","3","Suprabasal epithelial"
"CTGGCTGATTCATCCT-1","Visium",1124,737,1126,723,"1","1","0","1","Basal epithelium"
"CTGGCTGCTAACGTAA-1","Visium",1875,1125,1542,1091,"4","3","2","3","Suprabasal epithelial"
"CTGGCTGGTTGTCAGT-1","Visium",1170,772,1148,746,"0","0","0","0","Basal epithelium"
"CTGGGATAAATAATGG-1","Visium",1232,726,1211,711,"1","1","0","1","Basal epithelium"
"CTGGGATACGCTACCC-1","Visium",1034,684,1055,659,"0","0","0","0","Basal epithelium"
"CTGGGATCGCCCAGAT-1","Visium",4251,2015,1104,637,"7","3","2","3","Suprabasal epithelial"
"CTGGGCACTAGTCGGA-1","Visium",1818,1153,1550,1125,"10","10","4","10","Reticular stroma"
"CTGGGCCTGCTATATC-1","Visium",1205,789,1184,768,"0","0","0","0","Basal epithelium"
"CTGGGCGGCCAAATGT-1","Visium",4635,2231,1002,574,"7","3","2","3","Suprabasal epithelial"
"CTGGGCTACTGGAGAG-1","Visium",937,630,1008,614,"1","1","0","1","Basal epithelium"
"CTGGGCTATCCTTTGG-1","Visium",3175,1858,1910,1546,"10","10","4","10","Reticular stroma"
"CTGGGTAGGCAGTTAA-1","Visium",1277,779,1228,747,"1","1","0","1","Basal epithelium"
"CTGGGTTGAGTTAAAG-1","Visium",967,646,1022,628,"0","0","0","0","Basal epithelium"
"CTGGTAAAGACTTACA-1","Visium",950,614,1032,605,"1","1","0","1","Basal epithelium"
"CTGGTAAAGTGTGGGC-1","Visium",615,444,878,437,"1","1","0","1","Basal epithelium"
"CTGGTAACACATAGAA-1","Visium",1209,743,1201,735,"1","1","0","1","Basal epithelium"
"CTGGTAACGAGCTCTT-1","Visium",1953,1250,1591,1197,"8","6","5","6","Immune stroma"
"CTGGTCATTCCAATCC-1","Visium",4521,2038,972,476,"3","4","3","4","Suprabasal epithelial"
"CTGGTCCTAACTTGGC-1","Visium",22220,4109,1535,600,"12","9","7","9","Suprabasal epithelial"
"CTGGTGAATGGGCCTA-1","Visium",802,571,945,560,"0","0","0","0","Basal epithelium"
"CTGGTTCAACGCATCA-1","Visium",2906,1511,1811,1337,"4","3","2","3","Suprabasal epithelial"
"CTGGTTCGCGAGCTAC-1","Visium",869,594,971,577,"1","1","0","1","Basal epithelium"
"CTGGTTTCGAGCAAGA-1","Visium",932,629,1008,614,"1","1","0","1","Basal epithelium"
"CTGTACTTCTTAGCAT-1","Visium",3979,1721,1399,830,"9","8","6","8","Inflamed epithelium"
"CTGTAGCCATCTCACT-1","Visium",899,594,995,577,"0","0","0","0","Basal epithelium"
"CTGTAGTGAGGATCGA-1","Visium",594,404,914,398,"1","1","0","1","Basal epithelium"
"CTGTATGGTGTAGAAA-1","Visium",5363,2252,1075,560,"3","4","3","4","Suprabasal epithelial"
"CTGTCAAATGGCTCGG-1","Visium",3615,1878,1766,1280,"2","7","1","7","Immune stroma"
"CTGTCACGCCAGGCGC-1","Visium",23093,6967,1515,1197,"6","5","4","5","Basal epithelium"
"CTGTCCTGCGCACTAC-1","Visium",847,576,961,563,"1","1","0","1","Basal epithelium"
"CTGTCTGTGGCTGGCT-1","Visium",2752,1456,1775,1299,"4","3","2","3","Suprabasal epithelial"
"CTGTGCAGGGTAGGTC-1","Visium",1198,735,1177,715,"1","1","0","1","Basal epithelium"
"CTGTGGTCGGGAGATA-1","Visium",928,609,1004,589,"1","1","0","1","Basal epithelium"
"CTGTTACCCAATCTAG-1","Visium",955,628,1027,614,"0","0","0","0","Basal epithelium"
"CTGTTCACTGCCTGTG-1","Visium",3693,2023,1745,1323,"5","2","1","2","Reticular stroma"
"CTGTTCATCTCACGGG-1","Visium",8556,2915,1270,677,"3","4","3","4","Suprabasal epithelial"
"CTGTTGGCTCTTCTGA-1","Visium",1820,1041,1512,1008,"3","4","3","4","Suprabasal epithelial"
"CTGTTGTTCAGTCGTA-1","Visium",641,455,878,447,"0","0","0","0","Basal epithelium"
"CTTAAATAAGACCCAT-1","Visium",3384,1664,1769,1278,"3","4","3","4","Suprabasal epithelial"
"CTTAACTTACAGTATA-1","Visium",1174,729,1160,711,"1","1","0","1","Basal epithelium"
"CTTAACTTCGAAGTAC-1","Visium",38301,7634,1270,864,"6","5","4","5","Basal epithelium"
"CTTAAGCAGCGAGCCG-1","Visium",904,585,1006,576,"0","0","0","0","Basal epithelium"
"CTTAATCGACTTAGTA-1","Visium",745,507,919,496,"0","0","0","0","Basal epithelium"
"CTTACACGGTATTCCA-1","Visium",30470,8100,1346,1009,"6","5","4","5","Basal epithelium"
"CTTACACTGGGAAATA-1","Visium",67403,9296,1206,797,"6","5","4","5","Basal epithelium"
"CTTACATAGATTTCTT-1","Visium",1110,720,1120,706,"0","0","0","0","Basal epithelium"
"CTTACTGACTCCTCTG-1","Visium",1322,833,1273,812,"1","1","0","1","Basal epithelium"
"CTTAGATGTTTCATCC-1","Visium",941,625,1015,612,"0","0","0","0","Basal epithelium"
"CTTAGCCCGGATAGTG-1","Visium",2562,1312,1723,1224,"3","4","3","4","Suprabasal epithelial"
"CTTAGCCTTCCACATG-1","Visium",3830,2065,1599,1159,"2","7","1","7","Immune stroma"
"CTTAGGTATAGACCAG-1","Visium",863,579,962,561,"0","0","0","0","Basal epithelium"
"CTTAGGTCCCAATCGT-1","Visium",1739,979,1458,947,"1","1","0","1","Basal epithelium"
"CTTAGTAGGCCTACAG-1","Visium",1134,760,1119,733,"8","6","5","6","Immune stroma"
"CTTAGTGTAGTAGCAT-1","Visium",909,613,995,601,"0","0","0","0","Basal epithelium"
"CTTAGTTGAGGAATCG-1","Visium",579,411,913,403,"0","0","0","0","Basal epithelium"
"CTTATAGATGGCTGTT-1","Visium",752,490,929,479,"1","1","0","1","Basal epithelium"
"CTTATGCGCTCAGGGC-1","Visium",1168,748,1149,723,"0","0","0","0","Basal epithelium"
"CTTATGTTGACTACCA-1","Visium",3433,1736,1753,1278,"4","3","2","3","Suprabasal epithelial"
"CTTCAACTCCACTTGG-1","Visium",995,671,1048,662,"0","0","0","0","Basal epithelium"
"CTTCACGCCCTGGTAC-1","Visium",658,450,883,437,"0","0","0","0","Basal epithelium"
"CTTCAGTGGTCGCCTA-1","Visium",980,652,1039,638,"0","0","0","0","Basal epithelium"
"CTTCAGTTGGACAACG-1","Visium",730,491,917,481,"1","1","0","1","Basal epithelium"
"CTTCATAGCTCAAGAA-1","Visium",15145,4221,1177,586,"7","9","7","9","Suprabasal epithelial"
"CTTCATCACCAGGGCT-1","Visium",869,594,964,574,"0","0","0","0","Basal epithelium"
"CTTCATTGTCAGTGGA-1","Visium",18330,6376,1616,1178,"2","7","1","7","Immune stroma"
"CTTCCGCTCCGTGAAG-1","Visium",894,590,983,575,"0","0","0","0","Basal epithelium"
"CTTCCTGCATATTTAC-1","Visium",2115,1358,1637,1302,"10","10","4","10","Reticular stroma"
"CTTCGATTGCGCAAGC-1","Visium",956,610,1028,593,"1","1","0","1","Basal epithelium"
"CTTCGGCCAATTGTTT-1","Visium",823,563,953,551,"1","1","0","1","Basal epithelium"
"CTTCGTAGATAGGTGA-1","Visium",2845,1500,1719,1249,"5","2","1","2","Reticular stroma"
"CTTCGTGCCCGCATCG-1","Visium",2317,1302,1675,1249,"4","3","2","3","Suprabasal epithelial"
"CTTCTATGTTGAAGTA-1","Visium",1156,735,1147,720,"0","0","0","0","Basal epithelium"
"CTTCTATTAATGCTAG-1","Visium",892,588,990,570,"0","0","0","0","Basal epithelium"
"CTTCTGGGCGTACCTA-1","Visium",649,439,892,429,"0","0","0","0","Basal epithelium"
"CTTCTTACGTCGTATA-1","Visium",11357,4829,1500,1207,"6","5","4","5","Basal epithelium"
"CTTGACCCGAAAGATA-1","Visium",19806,4883,1251,609,"7","9","7","9","Suprabasal epithelial"
"CTTGAGGTTATCCCGA-1","Visium",2842,1482,1769,1302,"3","4","3","4","Suprabasal epithelial"
"CTTGAGTTAGGGTAAT-1","Visium",1279,816,1236,790,"0","0","0","0","Basal epithelium"
"CTTGATGACCATCCAG-1","Visium",1053,682,1071,661,"1","1","0","1","Basal epithelium"
"CTTGCAACCGCCTCCT-1","Visium",1247,800,1213,777,"0","0","0","0","Basal epithelium"
"CTTGCCCACCCACGCA-1","Visium",998,662,1045,649,"1","1","0","1","Basal epithelium"
"CTTGCCCAGGCTCTAC-1","Visium",1354,829,1284,805,"9","8","6","8","Inflamed epithelium"
"CTTGGCCAAGCTGGGA-1","Visium",663,468,880,460,"0","0","0","0","Basal epithelium"
"CTTGTACTTGTTGACT-1","Visium",4973,2685,993,670,"5","2","1","2","Reticular stroma"
"CTTGTCAACATTCGAG-1","Visium",1038,659,1072,642,"0","0","0","0","Basal epithelium"
"CTTGTCGTACGTGTCA-1","Visium",1787,1058,1508,1027,"4","3","2","3","Suprabasal epithelial"
"CTTGTGAGGACAGCGG-1","Visium",1841,1078,1511,1034,"4","3","2","3","Suprabasal epithelial"
"CTTGTGAGTCTTTGAC-1","Visium",3041,1565,1792,1325,"4","3","2","3","Suprabasal epithelial"
"CTTGTGCTCACCGATT-1","Visium",928,645,990,617,"5","2","1","2","Reticular stroma"
"CTTGTTGCTGAGTCAA-1","Visium",2334,1267,1650,1198,"9","8","6","8","Inflamed epithelium"
"CTTGTTTATGTAGCCA-1","Visium",3580,1748,1687,1217,"3","4","3","4","Suprabasal epithelial"
"CTTTAACTTTCAAAGG-1","Visium",4296,2187,1088,664,"2","7","1","7","Immune stroma"
"CTTTAATATTGGTCGA-1","Visium",1086,695,1094,674,"0","0","0","0","Basal epithelium"
"CTTTACCGAATAGTAG-1","Visium",993,641,1042,625,"1","1","0","1","Basal epithelium"
"CTTTAGGAACACTGTT-1","Visium",1145,700,1138,680,"1","1","0","1","Basal epithelium"
"CTTTAGTGCTATTATT-1","Visium",1319,818,1268,797,"0","0","0","0","Basal epithelium"
"CTTTATCCGACGCATG-1","Visium",488,347,901,349,"0","0","0","0","Basal epithelium"
"CTTTCTGTGCGGGCTT-1","Visium",926,620,1004,610,"0","0","0","0","Basal epithelium"
"CTTTGAAACATATTCC-1","Visium",2175,1317,1622,1260,"10","10","4","10","Reticular stroma"
"CTTTGACGTCGCTTCT-1","Visium",953,608,1029,592,"0","0","0","0","Basal epithelium"
"CTTTGCATCGCTCTTG-1","Visium",946,622,1010,604,"1","1","0","1","Basal epithelium"
"CTTTGCTGTCATGGAT-1","Visium",566,385,930,374,"1","1","0","1","Basal epithelium"
"CTTTGGCAGACAGAGT-1","Visium",1214,830,1192,809,"0","0","0","0","Basal epithelium"
"CTTTGGCGCTTTATAC-1","Visium",4646,1958,1047,505,"3","4","3","4","Suprabasal epithelial"
"CTTTGGCTTTAGTAAA-1","Visium",69479,8207,1049,427,"11","11","8","11","Inflamed epithelium"
"CTTTGGGATTGTTGCA-1","Visium",663,467,878,454,"0","0","0","0","Basal epithelium"
"CTTTGTCGAATGCTCC-1","Visium",1132,713,1126,693,"0","0","0","0","Basal epithelium"
"GAAACAGATGACCACC-1","Visium",1348,844,1283,819,"1","1","0","1","Basal epithelium"
"GAAACAGCCATGCAGT-1","Visium",9861,4426,1506,1224,"6","5","4","5","Basal epithelium"
"GAAACATAGGAAACAG-1","Visium",722,515,896,501,"0","0","0","0","Basal epithelium"
"GAAACCATGGTGCGCT-1","Visium",2100,1352,1619,1291,"8","6","5","6","Immune stroma"
"GAAACCGAATTACCTT-1","Visium",1417,889,1322,857,"9","8","6","8","Inflamed epithelium"
"GAAACCTATACAAATG-1","Visium",573,415,931,411,"0","0","0","0","Basal epithelium"
"GAAACTCGTGCGATGC-1","Visium",10395,3440,1277,724,"3","4","3","4","Suprabasal epithelial"
"GAAACTCTAATGAAGG-1","Visium",12200,5228,1462,1153,"6","5","4","5","Basal epithelium"
"GAAAGAACAGCGTTAT-1","Visium",761,517,933,509,"1","1","0","1","Basal epithelium"
"GAAAGCAGTGCACTTT-1","Visium",772,531,927,516,"0","0","0","0","Basal epithelium"
"GAAAGCCCTTTGGACC-1","Visium",2824,1291,1746,1160,"3","4","3","4","Suprabasal epithelial"
"GAAAGTGACTAACTGC-1","Visium",13725,3504,1267,526,"3","4","3","4","Suprabasal epithelial"
"GAAATACCTGCTGGCT-1","Visium",48731,8832,1434,1101,"6","5","4","5","Basal epithelium"
"GAAATACTAAACGTTT-1","Visium",3333,1622,1752,1252,"3","4","3","4","Suprabasal epithelial"
"GAAATATCACCATCAG-1","Visium",6823,2509,1198,620,"3","4","3","4","Suprabasal epithelial"
"GAAATATGCTTGAATG-1","Visium",3106,2013,1957,1673,"2","2","1","2","Reticular stroma"
"GAAATCGCGCGCAACT-1","Visium",1674,1022,1461,986,"5","2","1","2","Reticular stroma"
"GAAATCTGACCAAGTT-1","Visium",994,645,1042,628,"1","1","0","1","Basal epithelium"
"GAAATGGCGGTGTTAG-1","Visium",6115,2408,1214,560,"2","7","1","7","Immune stroma"
"GAAATGGGATGTAAAC-1","Visium",1727,1006,1468,978,"1","1","0","1","Basal epithelium"
"GAAATTAGCACGGATA-1","Visium",4078,2172,1416,953,"2","2","1","2","Reticular stroma"
"GAAATTCACATCGCTG-1","Visium",60949,5689,1705,569,"12","9","7","9","Suprabasal epithelial"
"GAAATTGTCTCTATAA-1","Visium",1825,1030,1505,993,"9","8","6","8","Inflamed epithelium"
"GAACAACTGGGATGAA-1","Visium",646,447,885,438,"1","1","0","1","Basal epithelium"
"GAACACACATCAACCA-1","Visium",3161,1823,1882,1520,"5","2","1","2","Reticular stroma"
"GAACAGATTACTAAAT-1","Visium",735,497,918,485,"1","1","0","1","Basal epithelium"
"GAACATTAGTATGTTA-1","Visium",1912,1022,1406,880,"5","2","1","2","Reticular stroma"
"GAACCATCTGGGAGAC-1","Visium",3702,1859,1640,1192,"7","3","2","3","Suprabasal epithelial"
"GAACCCTCTGTGTTCT-1","Visium",850,566,960,552,"0","0","0","0","Basal epithelium"
"GAACCTCGACCTACAC-1","Visium",1019,676,1056,660,"0","0","0","0","Basal epithelium"
"GAACCTTTAACGATCC-1","Visium",871,576,989,567,"1","1","0","1","Basal epithelium"
"GAACGACCGAATGATA-1","Visium",3624,1922,1727,1284,"2","2","1","2","Reticular stroma"
"GAACGATAAGTTAAAG-1","Visium",903,600,982,575,"1","1","0","1","Basal epithelium"
"GAACGCGGGTCACACG-1","Visium",813,545,957,536,"0","0","0","0","Basal epithelium"
"GAACGGTGTAAAGCAG-1","Visium",1360,899,1296,875,"10","10","4","10","Reticular stroma"
"GAACGTCTCATGGTCG-1","Visium",1642,1075,1447,1043,"8","6","5","6","Immune stroma"
"GAACGTTAGGAAGACG-1","Visium",2671,1307,1739,1205,"3","4","3","4","Suprabasal epithelial"
"GAACGTTTGTATCCAC-1","Visium",1172,730,1159,711,"1","1","0","1","Basal epithelium"
"GAACTGTGGAGAGACA-1","Visium",623,430,885,417,"0","0","0","0","Basal epithelium"
"GAACTTAGCGCCCGGT-1","Visium",3202,1900,1924,1567,"10","10","4","10","Reticular stroma"
"GAACTTGTGCACGGGA-1","Visium",969,654,1009,625,"1","1","0","1","Basal epithelium"
"GAAGAAACGATATTGT-1","Visium",502,357,885,358,"0","0","0","0","Basal epithelium"
"GAAGAACGGTGCAGGT-1","Visium",8080,3020,1321,796,"7","3","2","3","Suprabasal epithelial"
"GAAGACTTCAATGCCG-1","Visium",4980,2238,1071,588,"7","3","2","3","Suprabasal epithelial"
"GAAGCAAGGCAATGTT-1","Visium",2098,1175,1562,1130,"4","3","2","3","Suprabasal epithelial"
"GAAGCCACTGATTATG-1","Visium",789,546,938,537,"0","0","0","0","Basal epithelium"
"GAAGCCGGGTAAGCTC-1","Visium",1738,995,1475,964,"3","4","3","4","Suprabasal epithelial"
"GAAGCCTGCACATTCC-1","Visium",1207,770,1184,748,"0","0","0","0","Basal epithelium"
"GAAGCGTGAGGAATTT-1","Visium",8729,3727,1418,886,"2","7","1","7","Immune stroma"
"GAAGCTCGGACCCGTC-1","Visium",942,652,997,628,"0","0","0","0","Basal epithelium"
"GAAGCTCTTTGCTTAG-1","Visium",1274,805,1245,792,"1","1","0","1","Basal epithelium"
"GAAGCTTGCTGACCGC-1","Visium",43623,5705,1143,341,"11","11","8","11","Inflamed epithelium"
"GAAGGACTAAATTGAA-1","Visium",2126,1222,1582,1174,"4","3","2","3","Suprabasal epithelial"
"GAAGGAGTCGAGTGCG-1","Visium",459,307,872,312,"0","0","0","0","Basal epithelium"
"GAAGGCTACCATTGTT-1","Visium",3860,2220,1690,1332,"8","6","5","6","Immune stroma"
"GAAGGGCATAACCATG-1","Visium",955,663,1013,643,"0","0","0","0","Basal epithelium"
"GAAGGGTCATTAAGAC-1","Visium",835,544,971,531,"1","1","0","1","Basal epithelium"
"GAAGTCAGTTGCACTA-1","Visium",1117,713,1117,692,"0","0","0","0","Basal epithelium"
"GAAGTCTCCCTAGCGA-1","Visium",1541,958,1385,924,"1","1","0","1","Basal epithelium"
"GAAGTGATTTATCGTG-1","Visium",3799,1755,1505,981,"9","8","6","8","Inflamed epithelium"
"GAAGTGCTGGATAGCT-1","Visium",9500,4443,1529,1251,"6","5","4","5","Basal epithelium"
"GAAGTTTCCACTCAAT-1","Visium",22682,6058,1274,830,"11","11","8","11","Inflamed epithelium"
"GAATAGACGCGACCCA-1","Visium",1105,702,1107,679,"0","0","0","0","Basal epithelium"
"GAATAGCATTTAGGGT-1","Visium",860,580,964,562,"1","1","0","1","Basal epithelium"
"GAATAGCCCTGCGGTC-1","Visium",2028,1419,1601,1326,"2","2","1","2","Reticular stroma"
"GAATAGTGCTCGATTA-1","Visium",628,434,869,422,"0","0","0","0","Basal epithelium"
"GAATATTCGGAGTCCC-1","Visium",1093,730,1091,704,"5","2","1","2","Reticular stroma"
"GAATCGACATGGTCAC-1","Visium",9830,4415,1444,1144,"6","5","4","5","Basal epithelium"
"GAATCGCCGGACACGG-1","Visium",4115,1946,1276,788,"7","3","2","3","Suprabasal epithelial"
"GAATCTATACTCGGAC-1","Visium",7389,3099,1267,827,"7","3","2","3","Suprabasal epithelial"
"GAATCTGAACATTCTC-1","Visium",1874,1005,1494,967,"9","8","6","8","Inflamed epithelium"
"GAATGAAGGTCTTCAG-1","Visium",1003,704,1024,672,"5","2","1","2","Reticular stroma"
"GAATGCCGAAATGACC-1","Visium",3031,1509,1775,1282,"3","4","3","4","Suprabasal epithelial"
"GAATGCGAATCGGTTC-1","Visium",800,548,937,534,"0","0","0","0","Basal epithelium"
"GAATGGGCTTATCGAC-1","Visium",915,590,1003,573,"0","0","0","0","Basal epithelium"
"GAATGTATGGCAGGTC-1","Visium",3384,1821,1847,1367,"2","7","1","7","Immune stroma"
"GAATGTGGTCCGGATT-1","Visium",1290,793,1250,775,"1","1","0","1","Basal epithelium"
"GAATGTTGGGTAATCT-1","Visium",4901,2421,995,556,"2","7","1","7","Immune stroma"
"GAATTATAGTGAAAGG-1","Visium",12039,4122,1511,741,"2","7","1","7","Immune stroma"
"GAATTATGCAACCTAC-1","Visium",1504,924,1371,902,"1","1","0","1","Basal epithelium"
"GAATTCACCCGGGTGT-1","Visium",735,499,917,486,"0","0","0","0","Basal epithelium"
"GAATTTCTCGCTGCAG-1","Visium",20481,3567,1538,469,"11","11","8","11","Inflamed epithelium"
"GACAAACATATGCAGG-1","Visium",676,454,895,438,"1","1","0","1","Basal epithelium"
"GACAACGACCATTGAA-1","Visium",3750,1938,1664,1198,"2","7","1","7","Immune stroma"
"GACAACGCAGCTTACG-1","Visium",2242,1378,1657,1306,"5","2","1","2","Reticular stroma"
"GACAAGACGCCCGTGC-1","Visium",934,602,1019,590,"1","1","0","1","Basal epithelium"
"GACAAGAGATGAGATT-1","Visium",724,508,898,495,"1","1","0","1","Basal epithelium"
"GACACAAGGGAAGAAA-1","Visium",3301,1751,1810,1348,"2","2","1","2","Reticular stroma"
"GACACAGCCGGGACTG-1","Visium",1094,707,1104,692,"1","1","0","1","Basal epithelium"
"GACACCCAAAGACGCG-1","Visium",523,368,921,363,"0","0","0","0","Basal epithelium"
"GACACGAGTTAGAGGA-1","Visium",3232,1596,1791,1303,"3","4","3","4","Suprabasal epithelial"
"GACACTGAGTTCAGTG-1","Visium",1813,1008,1503,986,"9","8","6","8","Inflamed epithelium"
"GACACTGGAACCCGAT-1","Visium",731,484,931,477,"1","1","0","1","Basal epithelium"
"GACACTTCCAATTACC-1","Visium",1105,708,1111,689,"0","0","0","0","Basal epithelium"
"GACAGAGGTCTTCAGT-1","Visium",588,417,901,411,"1","1","0","1","Basal epithelium"
"GACAGATTTCTGGCTC-1","Visium",1049,664,1080,649,"0","0","0","0","Basal epithelium"
"GACAGCCAGACCTGAC-1","Visium",1445,861,1335,840,"1","1","0","1","Basal epithelium"
"GACAGGCACACACTAT-1","Visium",1556,896,1388,869,"3","4","3","4","Suprabasal epithelial"
"GACAGGTAATCCGTGT-1","Visium",1122,704,1123,687,"1","1","0","1","Basal epithelium"
"GACATACTGTCGCAGA-1","Visium",3026,1550,1781,1292,"3","4","3","4","Suprabasal epithelial"
"GACATCCGTCGAACTG-1","Visium",722,503,911,497,"0","0","0","0","Basal epithelium"
"GACATCGATTTATAAC-1","Visium",866,573,979,559,"0","0","0","0","Basal epithelium"
"GACATTTCGCCCAGCC-1","Visium",851,564,976,553,"1","1","0","1","Basal epithelium"
"GACCAAACGTTGACTG-1","Visium",764,515,931,500,"1","1","0","1","Basal epithelium"
"GACCACACTTCCCTTT-1","Visium",970,629,1024,610,"0","0","0","0","Basal epithelium"
"GACCAGAGCCCTGTAG-1","Visium",19090,4950,1295,457,"2","7","1","7","Immune stroma"
"GACCAGGTCATTCATA-1","Visium",7141,2943,1249,792,"7","3","2","3","Suprabasal epithelial"
"GACCCAATTATGATAC-1","Visium",1183,773,1167,758,"0","0","0","0","Basal epithelium"
"GACCCGTCGCCGGCTA-1","Visium",16543,3368,1494,509,"12","9","7","9","Suprabasal epithelial"
"GACCGACCGCTAATAT-1","Visium",2384,1340,1708,1270,"4","3","2","3","Suprabasal epithelial"
"GACCGACGTGAAAGCA-1","Visium",725,495,911,482,"1","1","0","1","Basal epithelium"
"GACCGACTGAAGCGTC-1","Visium",3814,1615,1493,911,"3","4","3","4","Suprabasal epithelial"
"GACCGATTAAATATGT-1","Visium",770,531,927,521,"0","0","0","0","Basal epithelium"
"GACCGCGTCTGACGTG-1","Visium",823,550,967,539,"1","1","0","1","Basal epithelium"
"GACCGGTGATACTCTC-1","Visium",886,599,984,585,"0","0","0","0","Basal epithelium"
"GACCGTCAGGTCGTGA-1","Visium",1464,1023,1360,984,"5","2","1","2","Reticular stroma"
"GACCGTGCTGACGGTG-1","Visium",2487,1292,1701,1210,"9","8","6","8","Inflamed epithelium"
"GACCGTTACATGCGAC-1","Visium",993,661,1035,637,"0","0","0","0","Basal epithelium"
"GACCTGGTCTGGGCGT-1","Visium",1480,880,1357,858,"4","3","2","3","Suprabasal epithelial"
"GACCTTCCACGTCTAC-1","Visium",1258,806,1222,782,"0","0","0","0","Basal epithelium"
"GACGACGATCCGCGTT-1","Visium",921,601,997,582,"1","1","0","1","Basal epithelium"
"GACGACTTTCCAAGAA-1","Visium",2478,1386,1728,1304,"4","3","2","3","Suprabasal epithelial"
"GACGAGGCTAATAAAC-1","Visium",912,591,1015,584,"1","1","0","1","Basal epithelium"
"GACGATATCACTGGGT-1","Visium",528,372,935,373,"0","0","0","0","Basal epithelium"
"GACGCATACCCGTCGG-1","Visium",952,617,1022,602,"1","1","0","1","Basal epithelium"
"GACGCCGTAAAGGCTA-1","Visium",740,511,915,503,"0","0","0","0","Basal epithelium"
"GACGCCTGTTGCAGGG-1","Visium",3071,1547,1803,1321,"4","3","2","3","Suprabasal epithelial"
"GACGCTTGCTTCTAAA-1","Visium",6816,2073,1285,508,"3","4","3","4","Suprabasal epithelial"
"GACGGACCGCGTTCCT-1","Visium",5332,2355,1064,573,"7","3","2","3","Suprabasal epithelial"
"GACGGGATGTCTTATG-1","Visium",1774,1071,1509,1039,"4","3","2","3","Suprabasal epithelial"
"GACGGGCATCGAATTT-1","Visium",1056,702,1083,692,"1","1","0","1","Basal epithelium"
"GACGGGTTGGCCCGTA-1","Visium",611,421,887,415,"0","0","0","0","Basal epithelium"
"GACGGTCAATAGAAGC-1","Visium",1421,952,1329,918,"8","6","5","6","Immune stroma"
"GACGGTCCTAGGGTGT-1","Visium",791,560,933,545,"1","1","0","1","Basal epithelium"
"GACGTGAGACTCCATG-1","Visium",2166,1187,1603,1149,"4","3","2","3","Suprabasal epithelial"
"GACGTGTAGGGATTAT-1","Visium",24317,3738,1544,528,"11","11","8","11","Inflamed epithelium"
"GACGTTCGTAAATACA-1","Visium",19619,6473,1672,1261,"8","6","5","6","Immune stroma"
"GACGTTGCTCGGCGGC-1","Visium",490,367,886,367,"0","0","0","0","Basal epithelium"
"GACTAACACAGCACCT-1","Visium",14711,5918,1420,1138,"6","5","4","5","Basal epithelium"
"GACTAAGATCATGCAC-1","Visium",2873,1623,1834,1400,"2","2","1","2","Reticular stroma"
"GACTAAGTAGGCTCAC-1","Visium",10366,4617,1442,1147,"6","5","4","5","Basal epithelium"
"GACTACAAAGCGGTGG-1","Visium",833,571,954,556,"0","0","0","0","Basal epithelium"
"GACTACAATTGCTCGT-1","Visium",16153,6052,1359,1076,"6","5","4","5","Basal epithelium"
"GACTAGGCCGTTAGGT-1","Visium",871,575,960,553,"1","1","0","1","Basal epithelium"
"GACTCACCCACGTGAG-1","Visium",852,585,963,571,"0","0","0","0","Basal epithelium"
"GACTCCCAGAATAAGG-1","Visium",2727,1710,1890,1557,"8","6","5","6","Immune stroma"
"GACTCCTTCCAATTGA-1","Visium",998,642,1047,626,"0","0","0","0","Basal epithelium"
"GACTCGCGGGAATGAC-1","Visium",2144,1356,1609,1281,"8","6","5","6","Immune stroma"
"GACTCGGTCGGCGGAT-1","Visium",37621,8276,1556,1235,"6","5","4","5","Basal epithelium"
"GACTCTAGAGTTCCAA-1","Visium",683,460,900,448,"0","0","0","0","Basal epithelium"
"GACTGATTGGTCACAA-1","Visium",11774,4844,1461,1138,"6","5","4","5","Basal epithelium"
"GACTGCAAATCGAGCT-1","Visium",761,523,930,513,"0","0","0","0","Basal epithelium"
"GACTGCACCAGCCCAG-1","Visium",1041,670,1065,645,"1","1","0","1","Basal epithelium"
"GACTGCGGCACGTGTA-1","Visium",3681,1772,1603,1119,"3","4","3","4","Suprabasal epithelial"
"GACTGCTGGTGAGAAA-1","Visium",485,327,886,319,"0","0","0","0","Basal epithelium"
"GACTGGGCGCCGCAAC-1","Visium",46657,8171,1291,878,"6","5","4","5","Basal epithelium"
"GACTTCAACGCATCAA-1","Visium",1057,670,1085,654,"1","1","0","1","Basal epithelium"
"GACTTTCGAGCGGTTC-1","Visium",632,415,899,409,"1","1","0","1","Basal epithelium"
"GAGAAACTGGATCCCA-1","Visium",696,478,897,466,"1","1","0","1","Basal epithelium"
"GAGAACGGTTCTGACT-1","Visium",759,521,919,508,"1","1","0","1","Basal epithelium"
"GAGAATCTCACGATCA-1","Visium",1894,1067,1548,1050,"3","4","3","4","Suprabasal epithelial"
"GAGACCCTGCAACGCC-1","Visium",3048,1784,1877,1468,"2","2","1","2","Reticular stroma"
"GAGACTGATGGGTAGA-1","Visium",2544,1434,1743,1318,"5","2","1","2","Reticular stroma"
"GAGACTTCGCGACCGA-1","Visium",1121,733,1117,713,"0","0","0","0","Basal epithelium"
"GAGAGCGCAGTCCCTG-1","Visium",2319,1238,1665,1195,"3","4","3","4","Suprabasal epithelial"
"GAGAGGCCTATGTGTA-1","Visium",807,535,951,522,"1","1","0","1","Basal epithelium"
"GAGAGGGCGCGAGGTT-1","Visium",18712,3029,1525,430,"11","11","8","11","Inflamed epithelium"
"GAGAGGTGCATTCTGG-1","Visium",1019,663,1039,629,"0","0","0","0","Basal epithelium"
"GAGAGTCTCGGGAGAG-1","Visium",399,296,803,300,"0","0","0","0","Basal epithelium"
"GAGATCGATCTTACTC-1","Visium",143,122,601,194,"1","1","0","1","Basal epithelium"
"GAGATCTGCTTGGCAT-1","Visium",24979,7203,1409,1089,"6","5","4","5","Basal epithelium"
"GAGATCTGTCACTCCG-1","Visium",6635,2992,1219,722,"2","7","1","7","Immune stroma"
"GAGATCTTCCATGACA-1","Visium",1235,782,1212,765,"0","0","0","0","Basal epithelium"
"GAGATGACAATCCTTA-1","Visium",1033,666,1045,629,"1","1","0","1","Basal epithelium"
"GAGATGGCTTTAATCA-1","Visium",1064,679,1089,664,"0","0","0","0","Basal epithelium"
"GAGATGGGAGTCGACA-1","Visium",876,591,973,573,"1","1","0","1","Basal epithelium"
"GAGCACCTGTGTCCAG-1","Visium",897,611,990,603,"0","0","0","0","Basal epithelium"
"GAGCACGGCGCCTCTT-1","Visium",940,622,1018,608,"0","0","0","0","Basal epithelium"
"GAGCATCAACAACTTG-1","Visium",532,373,932,376,"0","0","0","0","Basal epithelium"
"GAGCATCATCCCTGGG-1","Visium",5849,2423,1158,646,"7","3","2","3","Suprabasal epithelial"
"GAGCCACGGTAGTAGG-1","Visium",4813,2182,1050,565,"7","3","2","3","Suprabasal epithelial"
"GAGCCAGCTACCTGTG-1","Visium",1098,698,1103,680,"1","1","0","1","Basal epithelium"
"GAGCCGAGCGTTTATT-1","Visium",1800,1194,1521,1122,"5","2","1","2","Reticular stroma"
"GAGCGAGGGAGTACCG-1","Visium",8272,4015,1452,1170,"6","5","4","5","Basal epithelium"
"GAGCGCAAATACTCCG-1","Visium",721,475,912,462,"1","1","0","1","Basal epithelium"
"GAGCGCGCACGAGTAG-1","Visium",641,447,874,437,"1","1","0","1","Basal epithelium"
"GAGCGCTATGTCAGGC-1","Visium",1972,1130,1546,1093,"4","3","2","3","Suprabasal epithelial"
"GAGCGCTGTTAGGTAA-1","Visium",760,540,909,519,"0","0","0","0","Basal epithelium"
"GAGCGGAATGCGGTGT-1","Visium",364,263,795,275,"0","0","0","0","Basal epithelium"
"GAGCTAAGGGCATATC-1","Visium",1574,977,1384,928,"5","2","1","2","Reticular stroma"
"GAGCTCAACATGAGCG-1","Visium",737,498,930,493,"0","0","0","0","Basal epithelium"
"GAGCTCTCGGACCTAA-1","Visium",4613,2094,1017,538,"4","3","2","3","Suprabasal epithelial"
"GAGCTGTCGTCTCGGA-1","Visium",1644,1055,1426,995,"2","2","1","2","Reticular stroma"
"GAGGAATATCTCTTTG-1","Visium",621,419,895,409,"1","1","0","1","Basal epithelium"
"GAGGAATGGAGAGGTT-1","Visium",35388,4052,1638,464,"11","11","8","11","Inflamed epithelium"
"GAGGAGATCCTCATGC-1","Visium",1909,1096,1549,1064,"1","1","0","1","Basal epithelium"
"GAGGAGTAATTCCTAC-1","Visium",2577,1389,1741,1291,"4","3","2","3","Suprabasal epithelial"
"GAGGATAAACAGTGCT-1","Visium",887,618,979,605,"0","0","0","0","Basal epithelium"
"GAGGCATTTGCAGCAG-1","Visium",1276,794,1226,761,"8","6","5","6","Immune stroma"
"GAGGCCCGACTCCGCA-1","Visium",1178,779,1154,752,"0","0","0","0","Basal epithelium"
"GAGGCCTGTTGATACA-1","Visium",504,361,887,358,"1","1","0","1","Basal epithelium"
"GAGGCTATCAAAGTCG-1","Visium",5730,2161,1143,517,"3","4","3","4","Suprabasal epithelial"
"GAGGGAGTCAGATCGC-1","Visium",548,389,959,386,"0","0","0","0","Basal epithelium"
"GAGGGCATCGCGTATC-1","Visium",3336,1677,1772,1287,"4","3","2","3","Suprabasal epithelial"
"GAGGGCCATAATATTA-1","Visium",1076,749,1087,730,"8","6","5","6","Immune stroma"
"GAGGGCCGGCAGAGTC-1","Visium",1032,665,1065,648,"1","1","0","1","Basal epithelium"
"GAGGGCGCAGCTCTGC-1","Visium",1407,909,1299,867,"5","2","1","2","Reticular stroma"
"GAGGGTAGTAACAAAG-1","Visium",510,368,909,363,"0","0","0","0","Basal epithelium"
"GAGGTACATCCATCTT-1","Visium",22500,6456,1347,986,"6","5","4","5","Basal epithelium"
"GAGGTACGCGTGTCCC-1","Visium",675,453,906,443,"1","1","0","1","Basal epithelium"
"GAGGTCCCAAAGATCT-1","Visium",3924,1876,1449,978,"3","4","3","4","Suprabasal epithelial"
"GAGGTCCGTTCGCTGT-1","Visium",486,349,874,348,"0","0","0","0","Basal epithelium"
"GAGGTCTTAGTGGGTC-1","Visium",3389,1945,1883,1521,"10","10","4","10","Reticular stroma"
"GAGTAAACCGGAAAGT-1","Visium",629,442,862,423,"0","0","0","0","Basal epithelium"
"GAGTAAATTAAGAACC-1","Visium",812,539,952,523,"1","1","0","1","Basal epithelium"
"GAGTAAGGCCACGGGA-1","Visium",699,479,901,470,"0","0","0","0","Basal epithelium"
"GAGTACGGGTATACAA-1","Visium",18269,4639,1278,656,"7","9","7","9","Suprabasal epithelial"
"GAGTAGATACTAGTTG-1","Visium",590,410,906,400,"0","0","0","0","Basal epithelium"
"GAGTATACCCTAATCA-1","Visium",764,532,924,523,"0","0","0","0","Basal epithelium"
"GAGTATCAAAGTTACA-1","Visium",619,414,890,408,"1","1","0","1","Basal epithelium"
"GAGTATGCCCGCCTTG-1","Visium",846,557,966,542,"0","0","0","0","Basal epithelium"
"GAGTATGCGCGTGCAT-1","Visium",781,536,939,523,"1","1","0","1","Basal epithelium"
"GAGTCAGACCAGAATC-1","Visium",881,621,968,604,"0","0","0","0","Basal epithelium"
"GAGTCCACCAGGTTTA-1","Visium",1004,679,1049,663,"1","1","0","1","Basal epithelium"
"GAGTCCGCTTACCGGA-1","Visium",1130,716,1124,696,"0","0","0","0","Basal epithelium"
"GAGTCGACAGACCCTC-1","Visium",2971,1469,1781,1267,"3","4","3","4","Suprabasal epithelial"
"GAGTCTTGTAAAGGAC-1","Visium",891,594,983,576,"0","0","0","0","Basal epithelium"
"GAGTGCACGGACAACA-1","Visium",1361,861,1293,838,"1","1","0","1","Basal epithelium"
"GAGTGTCAACCAGAAA-1","Visium",723,503,893,484,"0","0","0","0","Basal epithelium"
"GAGTGTGCGGTACCCA-1","Visium",1048,673,1069,652,"1","1","0","1","Basal epithelium"
"GAGTTCTGTGGGTGCT-1","Visium",920,584,1010,571,"0","0","0","0","Basal epithelium"
"GAGTTGATGGCAATTT-1","Visium",1048,694,1075,681,"0","0","0","0","Basal epithelium"
"GAGTTGTCACCAGTCT-1","Visium",1313,798,1260,776,"0","0","0","0","Basal epithelium"
"GATAAATCGGTGGATG-1","Visium",9629,3281,1304,748,"7","9","7","9","Suprabasal epithelial"
"GATAACTCGCACTGTG-1","Visium",1483,916,1358,882,"1","1","0","1","Basal epithelium"
"GATAAGGCAGATGCAA-1","Visium",2338,1264,1665,1209,"4","3","2","3","Suprabasal epithelial"
"GATAAGGGACGATTAG-1","Visium",168,132,639,202,"1","1","0","1","Basal epithelium"
"GATACCGTGTCGGAGT-1","Visium",740,507,918,499,"0","0","0","0","Basal epithelium"
"GATACGATGGGAGTCA-1","Visium",1268,749,1233,731,"9","8","6","8","Inflamed epithelium"
"GATAGAACCCGCTAGG-1","Visium",702,469,916,456,"0","0","0","0","Basal epithelium"
"GATAGATAGTACAGTC-1","Visium",1008,653,1042,632,"1","1","0","1","Basal epithelium"
"GATAGCGTACCACGCG-1","Visium",1960,1104,1556,1079,"4","3","2","3","Suprabasal epithelial"
"GATAGGATTAATTACA-1","Visium",804,565,943,550,"0","0","0","0","Basal epithelium"
"GATAGGTAACGTTGAC-1","Visium",822,559,956,547,"0","0","0","0","Basal epithelium"
"GATAGGTGTCCCGGGC-1","Visium",660,463,881,453,"0","0","0","0","Basal epithelium"
"GATAGTGCGAGTAAGT-1","Visium",631,447,875,442,"0","0","0","0","Basal epithelium"
"GATATCAAGCAGGAGC-1","Visium",373,261,792,278,"1","1","0","1","Basal epithelium"
"GATATCAGTATGTATC-1","Visium",2133,1209,1607,1171,"4","3","2","3","Suprabasal epithelial"
"GATATCTCATGCAATA-1","Visium",49424,8341,1271,882,"6","5","4","5","Basal epithelium"
"GATATGAGACACTAAC-1","Visium",2019,1142,1569,1104,"1","1","0","1","Basal epithelium"
"GATATGCGGTAGCCAA-1","Visium",3988,2053,1515,997,"2","2","1","2","Reticular stroma"
"GATATGGATTACGCGG-1","Visium",3511,1638,1707,1199,"3","4","3","4","Suprabasal epithelial"
"GATATTGAGATTGGCG-1","Visium",1044,708,1050,679,"0","0","0","0","Basal epithelium"
"GATATTTCCTACATGG-1","Visium",1468,963,1345,916,"5","2","1","2","Reticular stroma"
"GATCAACATAAAGGGA-1","Visium",446,307,851,313,"0","0","0","0","Basal epithelium"
"GATCATTCCAAACATT-1","Visium",4580,2216,1003,529,"2","7","1","7","Immune stroma"
"GATCCAACCTTTAAAC-1","Visium",542,395,943,391,"0","0","0","0","Basal epithelium"
"GATCCCTTTATACTGC-1","Visium",3136,1597,1819,1314,"2","2","1","2","Reticular stroma"
"GATCCGAATATAAGTG-1","Visium",701,496,887,481,"0","0","0","0","Basal epithelium"
"GATCCGGGAATTAACA-1","Visium",2790,1339,1739,1184,"9","8","6","8","Inflamed epithelium"
"GATCCTAAATCGGGAC-1","Visium",2404,1503,1753,1403,"8","6","5","6","Immune stroma"
"GATCCTCGACACTGGC-1","Visium",1216,796,1185,766,"0","0","0","0","Basal epithelium"
"GATCCTCTTGCGCTTA-1","Visium",22135,7044,1510,1233,"6","5","4","5","Basal epithelium"
"GATCGACACTATCTGA-1","Visium",4538,2180,978,477,"2","2","1","2","Reticular stroma"
"GATCGCGGGCTCTCCA-1","Visium",3362,1753,1836,1359,"2","2","1","2","Reticular stroma"
"GATCGCTACCCGATTT-1","Visium",1043,696,1065,676,"1","1","0","1","Basal epithelium"
"GATCGCTATATCTCAG-1","Visium",739,511,922,500,"0","0","0","0","Basal epithelium"
"GATCGCTGTGGTGCGT-1","Visium",697,501,889,492,"0","0","0","0","Basal epithelium"
"GATCGGATAGAACCAT-1","Visium",795,529,954,515,"0","0","0","0","Basal epithelium"
"GATCGGCGATAAGTCG-1","Visium",2996,1495,1781,1289,"3","4","3","4","Suprabasal epithelial"
"GATCGGTGGCCATAAC-1","Visium",2751,1416,1775,1244,"2","7","1","7","Immune stroma"
"GATCGTGACTGATATC-1","Visium",4717,1939,1050,465,"9","8","6","8","Inflamed epithelium"
"GATCTAACCGTATTCA-1","Visium",1159,732,1143,708,"0","0","0","0","Basal epithelium"
"GATCTCGACGCTGTGG-1","Visium",842,573,957,562,"1","1","0","1","Basal epithelium"
"GATCTGCTATCTAAGG-1","Visium",1021,684,1059,672,"0","0","0","0","Basal epithelium"
"GATCTTAGTGAACGTG-1","Visium",1454,934,1354,912,"1","1","0","1","Basal epithelium"
"GATCTTCATTGTCCTC-1","Visium",2889,1515,1806,1342,"1","1","0","1","Basal epithelium"
"GATCTTGGAGGGCATA-1","Visium",836,547,962,538,"0","0","0","0","Basal epithelium"
"GATCTTTGCAGGGTAT-1","Visium",87204,7436,1248,387,"11","11","8","11","Inflamed epithelium"
"GATCTTTGCTCAAAGA-1","Visium",1736,1044,1399,936,"5","2","1","2","Reticular stroma"
"GATGACAAGTAGGGCA-1","Visium",721,508,894,489,"0","0","0","0","Basal epithelium"
"GATGACGATGATCGCG-1","Visium",1281,848,1216,801,"5","2","1","2","Reticular stroma"
"GATGAGGAACCTTCGG-1","Visium",699,490,899,477,"0","0","0","0","Basal epithelium"
"GATGATTTGAAACTGG-1","Visium",1562,956,1416,933,"4","3","2","3","Suprabasal epithelial"
"GATGCCACACTACAGC-1","Visium",2177,1238,1628,1195,"4","3","2","3","Suprabasal epithelial"
"GATGCCAGCAGAAGGC-1","Visium",3387,1685,1726,1244,"3","4","3","4","Suprabasal epithelial"
"GATGCCTTCTGCGGCA-1","Visium",876,580,990,569,"0","0","0","0","Basal epithelium"
"GATGCGAATGGTATTA-1","Visium",3097,1580,1788,1312,"3","4","3","4","Suprabasal epithelial"
"GATGCGTCCTGCATTC-1","Visium",14319,4285,1185,582,"9","8","6","8","Inflamed epithelium"
"GATGCTACAAGCGCCT-1","Visium",37375,8004,1328,962,"6","5","4","5","Basal epithelium"
"GATGCTACCTTCGATG-1","Visium",776,532,929,515,"1","1","0","1","Basal epithelium"
"GATGCTGTATTTCATC-1","Visium",1764,1041,1489,1007,"1","1","0","1","Basal epithelium"
"GATGGCGCACACATTA-1","Visium",4324,1950,1072,582,"3","4","3","4","Suprabasal epithelial"
"GATGGTGAAATAACCC-1","Visium",1157,778,1135,748,"1","1","0","1","Basal epithelium"
"GATGGTGCCCTAGGCA-1","Visium",2139,1377,1624,1308,"5","2","1","2","Reticular stroma"
"GATGTAACGAACCACC-1","Visium",993,645,1040,626,"0","0","0","0","Basal epithelium"
"GATGTCCGGATCACAT-1","Visium",3189,1638,1818,1334,"4","3","2","3","Suprabasal epithelial"
"GATGTCGGTCAACTGC-1","Visium",14376,5606,1355,1060,"6","5","4","5","Basal epithelium"
"GATGTGTTGTCACAAG-1","Visium",51988,8435,1211,802,"6","5","4","5","Basal epithelium"
"GATGTTCAATCCACGA-1","Visium",2350,1237,1653,1167,"9","8","6","8","Inflamed epithelium"
"GATGTTTGTGCGAGAT-1","Visium",4445,1970,995,480,"3","4","3","4","Suprabasal epithelial"
"GATTAACCGAAAGCCC-1","Visium",885,583,983,567,"1","1","0","1","Basal epithelium"
"GATTAATCCTGGCTCA-1","Visium",2052,1175,1583,1149,"4","3","2","3","Suprabasal epithelial"
"GATTACTGAATTTGGG-1","Visium",1663,937,1434,908,"9","8","6","8","Inflamed epithelium"
"GATTAGAAACAAGCGT-1","Visium",564,387,942,382,"0","0","0","0","Basal epithelium"
"GATTATCTTGCATTAT-1","Visium",1053,675,1077,657,"0","0","0","0","Basal epithelium"
"GATTCCCTTGTCGCAG-1","Visium",5247,2539,1058,619,"2","7","1","7","Immune stroma"
"GATTCCGCGTTTCCGT-1","Visium",1790,1155,1535,1111,"5","2","1","2","Reticular stroma"
"GATTCCTATACGGCGC-1","Visium",5481,2244,1106,575,"3","4","3","4","Suprabasal epithelial"
"GATTCGACGGTTCACG-1","Visium",1590,922,1404,896,"9","8","6","8","Inflamed epithelium"
"GATTCTGTTAATGAGT-1","Visium",754,513,926,501,"1","1","0","1","Basal epithelium"
"GATTGACACTCTGCTC-1","Visium",6999,2681,1229,683,"7","3","2","3","Suprabasal epithelial"
"GATTGCTCCAGTTGCA-1","Visium",748,550,910,539,"0","0","0","0","Basal epithelium"
"GATTGGGAAAGGTTGT-1","Visium",629,415,912,408,"0","0","0","0","Basal epithelium"
"GATTTAGTGCGTACTG-1","Visium",1160,743,1151,727,"1","1","0","1","Basal epithelium"
"GATTTGCGCTAACACC-1","Visium",680,459,905,451,"1","1","0","1","Basal epithelium"
"GCAAACCCTACATTAT-1","Visium",1011,641,1054,624,"1","1","0","1","Basal epithelium"
"GCAAACCTTGGCCATA-1","Visium",703,503,885,492,"0","0","0","0","Basal epithelium"
"GCAAACGTAAGCGACC-1","Visium",421,308,832,316,"1","1","0","1","Basal epithelium"
"GCAAACGTCGCCAGGT-1","Visium",684,464,889,450,"1","1","0","1","Basal epithelium"
"GCAAAGGGCGTTAGCC-1","Visium",634,467,863,458,"0","0","0","0","Basal epithelium"
"GCAAATATTACGCTTT-1","Visium",21012,5942,1244,823,"11","11","8","11","Inflamed epithelium"
"GCAAATGAGGACACTT-1","Visium",824,526,967,517,"0","0","0","0","Basal epithelium"
"GCAACACACTAGAACT-1","Visium",985,647,1035,632,"0","0","0","0","Basal epithelium"
"GCAACAGCAGTATGCG-1","Visium",805,530,951,517,"0","0","0","0","Basal epithelium"
"GCAACCACCAGACCGG-1","Visium",1322,859,1256,823,"5","2","1","2","Reticular stroma"
"GCAACCACGGCCGCGT-1","Visium",1150,732,1137,710,"0","0","0","0","Basal epithelium"
"GCAACCCAAGTTGTTT-1","Visium",1406,840,1326,826,"3","4","3","4","Suprabasal epithelial"
"GCAACGGCTAGTTATG-1","Visium",948,626,1010,607,"1","1","0","1","Basal epithelium"
"GCAAGAATTCCTTGGC-1","Visium",1162,734,1146,711,"0","0","0","0","Basal epithelium"
"GCAAGATGTGTTCGCG-1","Visium",3663,2170,1808,1457,"2","2","1","2","Reticular stroma"
"GCAAGCTGGAAACCGC-1","Visium",927,573,1018,564,"1","1","0","1","Basal epithelium"
"GCAAGTGCACAGAGAA-1","Visium",11313,4716,1400,1051,"6","5","4","5","Basal epithelium"
"GCAAGTGTAAAGCATG-1","Visium",690,474,888,460,"0","0","0","0","Basal epithelium"
"GCAATTAGTCGCACCG-1","Visium",1023,676,1054,652,"1","1","0","1","Basal epithelium"
"GCACAAACCCTAGATG-1","Visium",688,458,910,455,"0","0","0","0","Basal epithelium"
"GCACAAACGAGGCGTG-1","Visium",706,483,903,475,"1","1","0","1","Basal epithelium"
"GCACAACCTCGGGCGT-1","Visium",922,592,1017,579,"0","0","0","0","Basal epithelium"
"GCACAAGTGGATCATA-1","Visium",1625,959,1441,939,"1","0","0","0","Basal epithelium"
"GCACAAGTGTCGGAAG-1","Visium",43927,7603,1177,720,"12","9","7","9","Suprabasal epithelial"
"GCACACACTGGTAGCC-1","Visium",1058,659,1083,644,"1","1","0","1","Basal epithelium"
"GCACACAGCTATTACC-1","Visium",1004,654,1040,632,"0","0","0","0","Basal epithelium"
"GCACACGCCCATGGTC-1","Visium",2205,1157,1602,1104,"3","4","3","4","Suprabasal epithelial"
"GCACAGCACGGGCCGA-1","Visium",561,387,982,386,"0","0","0","0","Basal epithelium"
"GCACCTAGGCGAGTCC-1","Visium",955,667,1006,645,"1","1","0","1","Basal epithelium"
"GCACCTTCCCGAAGGT-1","Visium",1058,673,1086,660,"1","1","0","1","Basal epithelium"
"GCACGCCGATTCCCGC-1","Visium",853,570,969,557,"1","1","0","1","Basal epithelium"
"GCACGCCTACTTAGAT-1","Visium",1217,803,1198,785,"0","0","0","0","Basal epithelium"
"GCACGTGGTTTACTTA-1","Visium",543,365,948,363,"1","1","0","1","Basal epithelium"
"GCACTAGTCGCGCTAT-1","Visium",11011,3693,1315,783,"7","3","2","3","Suprabasal epithelial"
"GCACTCCCACAGTCCC-1","Visium",2786,1500,1795,1348,"4","3","2","3","Suprabasal epithelial"
"GCACTGCCTACCTTTA-1","Visium",866,572,979,558,"0","0","0","0","Basal epithelium"
"GCACTGTGCAAATGTA-1","Visium",2573,1349,1726,1261,"4","3","2","3","Suprabasal epithelial"
"GCAGAAACGTAATCCA-1","Visium",1161,706,1128,662,"5","2","1","2","Reticular stroma"
"GCAGAAGGTAATCTCC-1","Visium",575,410,910,402,"1","1","0","1","Basal epithelium"
"GCAGACCCAGCACGTA-1","Visium",1056,692,1074,676,"1","1","0","1","Basal epithelium"
"GCAGATCCATAAGACT-1","Visium",629,452,878,441,"1","1","0","1","Basal epithelium"
"GCAGATCCTCGCAAAT-1","Visium",3419,1644,1734,1227,"3","4","3","4","Suprabasal epithelial"
"GCAGATTAGGGATATC-1","Visium",9316,3274,1304,733,"9","8","6","8","Inflamed epithelium"
"GCAGCACACAGCCCAG-1","Visium",26646,3784,1480,403,"11","11","8","11","Inflamed epithelium"
"GCAGCCTATATCACAT-1","Visium",1056,703,1078,690,"0","0","0","0","Basal epithelium"
"GCAGCGGTGGGCATTA-1","Visium",2135,1211,1593,1176,"4","3","2","3","Suprabasal epithelial"
"GCAGCTATGGACAGGT-1","Visium",6569,3604,1339,1008,"2","2","1","2","Reticular stroma"
"GCAGCTGTCAACGCAT-1","Visium",791,521,947,507,"0","0","0","0","Basal epithelium"
"GCAGGAACTTAGATCT-1","Visium",977,663,1026,643,"0","0","0","0","Basal epithelium"
"GCAGGACTATAGAATA-1","Visium",94438,9444,1055,497,"11","11","8","11","Inflamed epithelium"
"GCAGGTAGAGTATGGT-1","Visium",2023,1208,1571,1125,"2","2","1","2","Reticular stroma"
"GCAGTGCGGGCGGATG-1","Visium",418,305,824,315,"1","1","0","1","Basal epithelium"
"GCAGTGTGGCTATAGG-1","Visium",779,535,932,520,"1","1","0","1","Basal epithelium"
"GCAGTTCGATCCGAGC-1","Visium",693,466,903,451,"1","1","0","1","Basal epithelium"
"GCATAAATTGAACGCC-1","Visium",1080,696,1097,683,"1","1","0","1","Basal epithelium"
"GCATACGAGGTCTTTA-1","Visium",884,577,992,567,"0","0","0","0","Basal epithelium"
"GCATAGAGCACTCAGG-1","Visium",11751,3812,1261,674,"9","8","6","8","Inflamed epithelium"
"GCATCCCTAACTTTGA-1","Visium",20906,4872,1320,673,"7","9","7","9","Suprabasal epithelial"
"GCATCCTCTCCTATTA-1","Visium",3982,1966,1353,877,"4","3","2","3","Suprabasal epithelial"
"GCATCGGCCGTGTAGG-1","Visium",437,328,829,331,"1","1","0","1","Basal epithelium"
"GCATGACACAAAGGAA-1","Visium",917,608,995,590,"1","1","0","1","Basal epithelium"
"GCATGAGGGACGCGGC-1","Visium",1961,1235,1558,1158,"8","6","5","6","Immune stroma"
"GCATGCTAATAACGAT-1","Visium",969,621,1024,599,"1","1","0","1","Basal epithelium"
"GCATGGGTACTGACGC-1","Visium",525,350,922,344,"1","1","0","1","Basal epithelium"
"GCATTCAAGGCAACGC-1","Visium",1724,1116,1486,1074,"8","6","5","6","Immune stroma"
"GCATTCGAAATGAACA-1","Visium",3318,1600,1745,1238,"3","4","3","4","Suprabasal epithelial"
"GCATTGACTTGCGGAA-1","Visium",952,604,1024,587,"0","0","0","0","Basal epithelium"
"GCATTGTAATTCATAT-1","Visium",1110,698,1118,684,"0","0","0","0","Basal epithelium"
"GCATTTCCAAGGCTCC-1","Visium",1236,781,1205,758,"0","0","0","0","Basal epithelium"
"GCCAACCATTTCCGGA-1","Visium",2347,1513,1743,1438,"8","6","5","6","Immune stroma"
"GCCAAGAATACTTCTG-1","Visium",768,522,935,508,"0","0","0","0","Basal epithelium"
"GCCAATAGGGCATCTC-1","Visium",1780,1167,1532,1122,"8","6","5","6","Immune stroma"
"GCCACAATTTAAGGAC-1","Visium",1288,799,1253,784,"0","0","0","0","Basal epithelium"
"GCCACCCATTCCACTT-1","Visium",3657,1856,1680,1239,"4","3","2","3","Suprabasal epithelial"
"GCCACCTTATTCGCGA-1","Visium",605,418,877,409,"0","0","0","0","Basal epithelium"
"GCCACTCAGAGCGCGA-1","Visium",793,519,950,506,"1","1","0","1","Basal epithelium"
"GCCACTCCTTACGGTA-1","Visium",972,624,1030,610,"1","1","0","1","Basal epithelium"
"GCCAGGAAAGAACACT-1","Visium",512,380,910,378,"0","0","0","0","Basal epithelium"
"GCCAGGAGTAACCGAT-1","Visium",5379,2734,1115,696,"2","2","1","2","Reticular stroma"
"GCCAGGCGTTCGCATG-1","Visium",3963,2296,1505,1170,"5","2","1","2","Reticular stroma"
"GCCAGGCTTAGTGGTA-1","Visium",2296,1298,1688,1253,"4","3","2","3","Suprabasal epithelial"
"GCCATATTGCACACAG-1","Visium",1948,1204,1571,1146,"5","2","1","2","Reticular stroma"
"GCCATCGAGCTGCGTG-1","Visium",677,468,900,459,"0","0","0","0","Basal epithelium"
"GCCATCGATGCTGCAT-1","Visium",1051,714,1075,698,"8","6","5","6","Immune stroma"
"GCCATTAGCCTCAAAC-1","Visium",1424,897,1328,873,"1","1","0","1","Basal epithelium"
"GCCCACCAAGGCTGTC-1","Visium",5341,2297,1106,606,"7","3","2","3","Suprabasal epithelial"
"GCCCACTGGTCCACAA-1","Visium",1336,844,1279,824,"1","1","0","1","Basal epithelium"
"GCCCAGATGCTGGAGA-1","Visium",725,508,913,499,"0","0","0","0","Basal epithelium"
"GCCCAGCGACACAAAG-1","Visium",648,438,880,426,"0","0","0","0","Basal epithelium"
"GCCCAGTTGGTATGCC-1","Visium",93890,7198,1351,454,"12","9","7","9","Suprabasal epithelial"
"GCCCATGGGTGCAATG-1","Visium",3396,1939,1886,1521,"10","10","4","10","Reticular stroma"
"GCCCGACTTCTTCCCG-1","Visium",1095,739,1100,722,"0","0","0","0","Basal epithelium"
"GCCCGAGAGTCTAAAT-1","Visium",866,567,976,554,"0","0","0","0","Basal epithelium"
"GCCCGATCTGTGGTCG-1","Visium",1121,719,1123,701,"0","0","0","0","Basal epithelium"
"GCCCGATGCCCAGTTC-1","Visium",672,466,888,454,"0","0","0","0","Basal epithelium"
"GCCCGCGCGTAAACGG-1","Visium",783,531,939,514,"0","0","0","0","Basal epithelium"
"GCCCGCGCGTTTGACA-1","Visium",81744,8466,1192,551,"12","9","7","9","Suprabasal epithelial"
"GCCCGTAATACCTTCT-1","Visium",2466,1398,1678,1240,"5","2","1","2","Reticular stroma"
"GCCCGTCAAGCCCAAT-1","Visium",1090,698,1098,678,"1","1","0","1","Basal epithelium"
"GCCCGTTCACACAATT-1","Visium",600,411,899,404,"0","0","0","0","Basal epithelium"
"GCCCTAAGTGCAGGAT-1","Visium",928,576,1027,571,"1","1","0","1","Basal epithelium"
"GCCCTAGCCGTCGCGA-1","Visium",1006,670,1050,654,"0","0","0","0","Basal epithelium"
"GCCCTGAGGATGGGCT-1","Visium",802,539,949,525,"1","1","0","1","Basal epithelium"
"GCCGAAATTCCTACGT-1","Visium",9915,4098,1423,1049,"6","5","4","5","Basal epithelium"
"GCCGACCCACGACTGC-1","Visium",703,512,886,500,"0","0","0","0","Basal epithelium"
"GCCGATTGGCCAAGCT-1","Visium",2508,1285,1685,1187,"9","8","6","8","Inflamed epithelium"
"GCCGCACTCCGTTTCA-1","Visium",1057,690,1080,673,"0","0","0","0","Basal epithelium"
"GCCGCATTAGTCCGGC-1","Visium",2013,1006,1529,977,"3","4","3","4","Suprabasal epithelial"
"GCCGCTAGATACGCAG-1","Visium",2298,1428,1704,1364,"10","10","4","10","Reticular stroma"
"GCCGCTTGTGAGAAAC-1","Visium",87431,8222,1098,373,"11","11","8","11","Inflamed epithelium"
"GCCGGAAACACATCTT-1","Visium",3801,1878,1574,1115,"7","3","2","3","Suprabasal epithelial"
"GCCGGGTTAGGGTCGC-1","Visium",2069,1129,1549,1074,"9","8","6","8","Inflamed epithelium"
"GCCGGTCGTATCTCTC-1","Visium",781,511,948,498,"0","0","0","0","Basal epithelium"
"GCCGGTTTGGGCGGAT-1","Visium",1517,890,1374,871,"4","3","2","3","Suprabasal epithelial"
"GCCGTCGGTTTCGGGC-1","Visium",536,395,905,390,"0","0","0","0","Basal epithelium"
"GCCGTGGAAGAAATGT-1","Visium",839,575,959,567,"0","0","0","0","Basal epithelium"
"GCCTACGTTCTGTGCA-1","Visium",842,555,967,545,"0","0","0","0","Basal epithelium"
"GCCTAGCGATCTGACC-1","Visium",53411,8575,1195,776,"6","5","4","5","Basal epithelium"
"GCCTATAGTGTCAGGG-1","Visium",2218,1380,1595,1230,"8","6","5","6","Immune stroma"
"GCCTATCAGGTAAGAT-1","Visium",810,516,970,507,"1","1","0","1","Basal epithelium"
"GCCTATGCTGGGCCTT-1","Visium",1730,1113,1482,1057,"5","2","1","2","Reticular stroma"
"GCCTATTCCGATATAG-1","Visium",15364,4049,1144,530,"3","4","3","4","Suprabasal epithelial"
"GCCTATTTGCTACACA-1","Visium",5827,2543,1118,642,"7","3","2","3","Suprabasal epithelial"
"GCCTCAGGTACCGGTC-1","Visium",556,417,963,415,"0","0","0","0","Basal epithelium"
"GCCTCATCTGGAAATA-1","Visium",1270,801,1236,781,"1","1","0","1","Basal epithelium"
"GCCTCCGACAATTCAC-1","Visium",927,596,1020,589,"1","1","0","1","Basal epithelium"
"GCCTCTATACATAGCA-1","Visium",1098,691,1099,665,"0","0","0","0","Basal epithelium"
"GCCTGCTACACTGAGA-1","Visium",37855,7911,1446,1080,"6","5","4","5","Basal epithelium"
"GCCTGTCCCGGTGCAT-1","Visium",747,508,914,495,"0","0","0","0","Basal epithelium"
"GCCTTCAGCCCTACCG-1","Visium",69548,9437,1271,874,"6","5","4","5","Basal epithelium"
"GCCTTGTATATGCAGT-1","Visium",3542,1810,1692,1237,"3","4","3","4","Suprabasal epithelial"
"GCCTTTGTCAGTGGAC-1","Visium",1186,760,1167,742,"1","1","0","1","Basal epithelium"
"GCGAAACGATCGGGAG-1","Visium",770,488,948,474,"1","1","0","1","Basal epithelium"
"GCGAAACTTAACTGGA-1","Visium",1042,667,1065,648,"1","1","0","1","Basal epithelium"
"GCGAAGAATCTGACGG-1","Visium",703,474,910,465,"1","1","0","1","Basal epithelium"
"GCGAAGCCATACCCGT-1","Visium",9159,3521,1447,818,"2","7","1","7","Immune stroma"
"GCGAATGGACTAGCGA-1","Visium",795,528,950,514,"0","0","0","0","Basal epithelium"
"GCGACATGTAAACATC-1","Visium",946,635,1013,623,"0","0","0","0","Basal epithelium"
"GCGACCCAACCATCTG-1","Visium",853,594,952,578,"0","0","0","0","Basal epithelium"
"GCGACGATAGTTGTAC-1","Visium",1052,689,1069,670,"0","0","0","0","Basal epithelium"
"GCGACGGTAGTCTCCT-1","Visium",1057,658,1084,645,"0","0","0","0","Basal epithelium"
"GCGAGAAACGGGAGTT-1","Visium",1549,934,1381,899,"1","1","0","1","Basal epithelium"
"GCGAGAGGCCATGTAA-1","Visium",1360,936,1294,907,"8","6","5","6","Immune stroma"
"GCGAGAGTTGCGTCCA-1","Visium",1188,781,1169,763,"0","0","0","0","Basal epithelium"
"GCGAGCGCATGCTCCC-1","Visium",815,550,956,537,"1","1","0","1","Basal epithelium"
"GCGAGGCCCGAGCAGA-1","Visium",99696,9628,1179,604,"11","11","8","11","Inflamed epithelium"
"GCGAGGGACTGCTAGA-1","Visium",2377,1279,1689,1219,"4","3","2","3","Suprabasal epithelial"
"GCGAGTTCTGCAAAGA-1","Visium",25856,6871,1590,858,"2","7","1","7","Immune stroma"
"GCGATGTCTGTGCTTG-1","Visium",2180,1200,1613,1154,"1","1","0","1","Basal epithelium"
"GCGATTCTGGAAGCAG-1","Visium",6487,3417,1227,948,"6","5","4","5","Basal epithelium"
"GCGATTGTTAACGTTA-1","Visium",3613,1723,1650,1134,"9","8","6","8","Inflamed epithelium"
"GCGCAAATATATTCAA-1","Visium",872,587,974,572,"0","0","0","0","Basal epithelium"
"GCGCAAGAGCGCGCTG-1","Visium",669,465,887,452,"1","1","0","1","Basal epithelium"
"GCGCATCCAGTCAGCA-1","Visium",2386,1491,1730,1386,"8","6","5","6","Immune stroma"
"GCGCCGTTCCACGATA-1","Visium",2382,1307,1681,1222,"9","8","6","8","Inflamed epithelium"
"GCGCCTCCCACTCCGA-1","Visium",894,592,990,577,"1","1","0","1","Basal epithelium"
"GCGCGATGGGTCAAGT-1","Visium",2531,1374,1732,1281,"4","3","2","3","Suprabasal epithelial"
"GCGCGGTCTAGTAACT-1","Visium",655,452,891,439,"0","0","0","0","Basal epithelium"
"GCGCGTCATTGGTACA-1","Visium",756,504,932,495,"1","1","0","1","Basal epithelium"
"GCGCGTTTAAATCGTA-1","Visium",1773,1030,1500,999,"4","3","2","3","Suprabasal epithelial"
"GCGCTAAGTATGCATG-1","Visium",6802,3146,1248,850,"10","10","4","10","Reticular stroma"
"GCGCTAATTGAATAGA-1","Visium",3855,2033,1489,1036,"2","7","1","7","Immune stroma"
"GCGCTATGCCGAGGCA-1","Visium",1580,900,1405,880,"9","8","6","8","Inflamed epithelium"
"GCGCTCGATCACCTGT-1","Visium",798,528,951,519,"0","0","0","0","Basal epithelium"
"GCGCTGATCCAGACTC-1","Visium",1839,1133,1540,1090,"5","2","1","2","Reticular stroma"
"GCGCTGCTTTGCATTT-1","Visium",2384,1474,1735,1370,"8","6","5","6","Immune stroma"
"GCGCTGGCGGAAAGTC-1","Visium",2069,1151,1560,1118,"4","3","2","3","Suprabasal epithelial"
"GCGCTTAAATAATTGG-1","Visium",971,639,1040,632,"1","1","0","1","Basal epithelium"
"GCGGACCGCGTTGTGG-1","Visium",571,402,919,398,"0","0","0","0","Basal epithelium"
"GCGGAGAAACTTCGCA-1","Visium",897,621,979,602,"0","0","0","0","Basal epithelium"
"GCGGAGAGGGAGAACG-1","Visium",696,460,911,447,"0","0","0","0","Basal epithelium"
"GCGGATTACTTGTTCT-1","Visium",1160,753,1149,736,"1","1","0","1","Basal epithelium"
"GCGGCAAAGTATTGCC-1","Visium",656,436,895,430,"0","0","0","0","Basal epithelium"
"GCGGCTCTGACGTACC-1","Visium",19434,3188,1489,424,"11","11","8","11","Inflamed epithelium"
"GCGGCTTTAGCAAGTT-1","Visium",915,619,997,605,"1","1","0","1","Basal epithelium"
"GCGGGAACCAGGCCCT-1","Visium",56237,8817,1245,845,"6","5","4","5","Basal epithelium"
"GCGGGCAGACGGGTGA-1","Visium",444,305,853,310,"1","1","0","1","Basal epithelium"
"GCGGGCATTACGATGC-1","Visium",853,566,973,554,"1","0","0","0","Basal epithelium"
"GCGGGCGAGCCTTACC-1","Visium",860,577,965,557,"0","0","0","0","Basal epithelium"
"GCGGTAACCCAAATGA-1","Visium",2098,1213,1585,1170,"4","3","2","3","Suprabasal epithelial"
"GCGGTCCCGGTGAAGG-1","Visium",1479,1001,1319,922,"8","6","5","6","Immune stroma"
"GCGGTCCCTAGACGCA-1","Visium",15325,4367,1198,634,"7","9","7","9","Suprabasal epithelial"
"GCGGTCTTGCTTTCAC-1","Visium",1017,654,1055,637,"1","1","0","1","Basal epithelium"
"GCGGTGAACTGCGCTC-1","Visium",2927,1761,1926,1536,"2","2","1","2","Reticular stroma"
"GCGGTGCGGAGCATCG-1","Visium",2229,1200,1626,1155,"1","1","0","1","Basal epithelium"
"GCGGTTCCCTATCATG-1","Visium",1080,709,1090,687,"0","0","0","0","Basal epithelium"
"GCGTAAATGGCCATAA-1","Visium",1117,753,1106,727,"8","6","5","6","Immune stroma"
"GCGTCCAGCTCGTGGC-1","Visium",2132,1238,1603,1189,"4","3","2","3","Suprabasal epithelial"
"GCGTCCCTAAGACATA-1","Visium",562,408,949,396,"0","0","0","0","Basal epithelium"
"GCGTCGAAATGTCGGT-1","Visium",2461,1505,1767,1402,"5","2","1","2","Reticular stroma"
"GCGTCGCCAGGGTGAT-1","Visium",711,470,918,458,"0","0","0","0","Basal epithelium"
"GCGTCGTAACATGGTC-1","Visium",428,308,840,320,"1","1","0","1","Basal epithelium"
"GCGTCTAACCTCCTAA-1","Visium",789,526,940,507,"1","1","0","1","Basal epithelium"
"GCGTCTCTGCATTGGG-1","Visium",4300,1765,1075,463,"9","8","6","8","Inflamed epithelium"
"GCGTGGTACTGGGTTA-1","Visium",1290,845,1241,817,"0","0","0","0","Basal epithelium"
"GCGTGTATGTCGTATT-1","Visium",4637,2104,1013,534,"7","3","2","3","Suprabasal epithelial"
"GCGTTATATTTGGAAC-1","Visium",3494,1648,1716,1188,"3","4","3","4","Suprabasal epithelial"
"GCGTTCGGAGACCGGG-1","Visium",2840,1777,1848,1491,"2","2","1","2","Reticular stroma"
"GCGTTCTGACTAAGCG-1","Visium",747,511,928,497,"1","1","0","1","Basal epithelium"
"GCTAAACCTGAGGTGA-1","Visium",4219,1885,1153,637,"3","4","3","4","Suprabasal epithelial"
"GCTAACTGAAGTCTGA-1","Visium",912,584,1008,575,"1","1","0","1","Basal epithelium"
"GCTAAGCCCAGTATGC-1","Visium",1204,734,1192,722,"1","1","0","1","Basal epithelium"
"GCTAAGTAAAGGCGAT-1","Visium",3196,1567,1778,1271,"3","4","3","4","Suprabasal epithelial"
"GCTAAGTAGTTTCTCT-1","Visium",2680,1500,1791,1372,"8","6","5","6","Immune stroma"
"GCTAATACCGAATGCC-1","Visium",7790,3646,1373,1021,"6","5","4","5","Basal epithelium"
"GCTACAATCGAGGATA-1","Visium",784,516,942,498,"1","1","0","1","Basal epithelium"
"GCTACACTGTCCGAAC-1","Visium",1449,892,1351,876,"4","3","2","3","Suprabasal epithelial"
"GCTACAGTACGGACCG-1","Visium",1110,734,1113,716,"0","0","0","0","Basal epithelium"
"GCTACGACTTATTGGG-1","Visium",1092,681,1104,664,"0","0","0","0","Basal epithelium"
"GCTACTATAGTAGAGT-1","Visium",787,520,945,508,"1","1","0","1","Basal epithelium"
"GCTACTCGGACGCAGA-1","Visium",888,607,982,593,"0","0","0","0","Basal epithelium"
"GCTAGACCGTCTACTG-1","Visium",1095,743,1096,720,"0","0","0","0","Basal epithelium"
"GCTAGAGTAGAGATGT-1","Visium",1081,682,1090,660,"1","1","0","1","Basal epithelium"
"GCTAGCAACGCACCTA-1","Visium",855,570,978,563,"0","0","0","0","Basal epithelium"
"GCTAGCACCTGGGCCA-1","Visium",965,645,1026,633,"0","0","0","0","Basal epithelium"
"GCTAGCAGGGAGTGGG-1","Visium",1160,801,1125,760,"5","2","1","2","Reticular stroma"
"GCTAGCGATAGGTCTT-1","Visium",811,562,946,548,"0","0","0","0","Basal epithelium"
"GCTAGCTTGAATAGCT-1","Visium",824,556,952,539,"0","0","0","0","Basal epithelium"
"GCTAGGCACCACGGAG-1","Visium",1062,726,1070,701,"0","0","0","0","Basal epithelium"
"GCTAGTAGAGCTTGTA-1","Visium",4551,1817,1042,427,"9","8","6","8","Inflamed epithelium"
"GCTAGTTTCATTGAGG-1","Visium",8460,3136,1300,791,"7","3","2","3","Suprabasal epithelial"
"GCTATAAGGGCCAGGA-1","Visium",867,556,984,547,"1","1","0","1","Basal epithelium"
"GCTATACGTCTCGGAC-1","Visium",1031,662,1062,642,"1","1","0","1","Basal epithelium"
"GCTATCATACTCATGG-1","Visium",1198,753,1176,733,"1","1","0","1","Basal epithelium"
"GCTATCGCGGCGCAAC-1","Visium",3429,1667,1723,1226,"3","4","3","4","Suprabasal epithelial"
"GCTATGCCAGCTTATG-1","Visium",835,558,964,547,"0","0","0","0","Basal epithelium"
"GCTCAACCTCTTAGAG-1","Visium",2462,1292,1689,1204,"3","4","3","4","Suprabasal epithelial"
"GCTCAATCCGTTTATT-1","Visium",1195,776,1175,757,"0","0","0","0","Basal epithelium"
"GCTCAATGTAATACCG-1","Visium",974,635,1033,624,"1","1","0","1","Basal epithelium"
"GCTCATTACTGCATGT-1","Visium",1973,1294,1591,1220,"5","2","1","2","Reticular stroma"
"GCTCATTGATCATATC-1","Visium",933,618,1020,608,"1","1","0","1","Basal epithelium"
"GCTCCATGAGTGCAGA-1","Visium",652,468,878,456,"1","1","0","1","Basal epithelium"
"GCTCCATGCAAAGCAA-1","Visium",614,417,887,410,"1","1","0","1","Basal epithelium"
"GCTCCCAGTCGGTCCA-1","Visium",993,648,1038,629,"0","0","0","0","Basal epithelium"
"GCTCCGCTCGCTTCAG-1","Visium",934,643,1002,631,"0","0","0","0","Basal epithelium"
"GCTCCGGACGTTGATA-1","Visium",1991,1252,1590,1211,"10","10","4","10","Reticular stroma"
"GCTCCTGACATACTGG-1","Visium",1111,754,1110,734,"0","0","0","0","Basal epithelium"
"GCTCGACCGAACTGAA-1","Visium",1101,709,1112,697,"1","1","0","1","Basal epithelium"
"GCTCGCGGTTCCGCTC-1","Visium",3539,1742,1702,1219,"3","4","3","4","Suprabasal epithelial"
"GCTCGCTCATGTCCAA-1","Visium",1183,742,1153,710,"0","0","0","0","Basal epithelium"
"GCTCGGAATTTAAAGC-1","Visium",5257,2798,1069,686,"2","7","1","7","Immune stroma"
"GCTCTAAACCCTGACG-1","Visium",3241,1788,1893,1475,"5","2","1","2","Reticular stroma"
"GCTCTATGTTACGTGC-1","Visium",18905,6212,1247,921,"6","5","4","5","Basal epithelium"
"GCTCTCGGGTACCGAA-1","Visium",2579,1485,1782,1352,"5","2","1","2","Reticular stroma"
"GCTCTTTCCGCTAGTG-1","Visium",608,432,880,424,"0","0","0","0","Basal epithelium"
"GCTGAACTCTCCAGGG-1","Visium",848,580,958,564,"0","0","0","0","Basal epithelium"
"GCTGAAGGGTTCTTGG-1","Visium",697,460,911,452,"1","1","0","1","Basal epithelium"
"GCTGAATCTTCCAATC-1","Visium",905,615,988,598,"0","0","0","0","Basal epithelium"
"GCTGAGCAACGGTTCT-1","Visium",2500,1310,1710,1224,"3","4","3","4","Suprabasal epithelial"
"GCTGAGGCGTGAGTAT-1","Visium",2425,1222,1664,1157,"9","8","6","8","Inflamed epithelium"
"GCTGCACGGTTTCTTA-1","Visium",2021,1152,1584,1122,"9","8","6","8","Inflamed epithelium"
"GCTGCGAAGAATTATT-1","Visium",672,463,884,453,"0","0","0","0","Basal epithelium"
"GCTGCGCCTCCCACGT-1","Visium",2183,1165,1604,1125,"3","4","3","4","Suprabasal epithelial"
"GCTGCTAAGTAGTCGA-1","Visium",979,632,1040,620,"0","0","0","0","Basal epithelium"
"GCTGCTACTGCGTAGC-1","Visium",1146,715,1142,700,"1","1","0","1","Basal epithelium"
"GCTGCTCTCCGGACAC-1","Visium",7976,2895,1323,563,"2","7","1","7","Immune stroma"
"GCTGGACCCAAAGTGG-1","Visium",3110,1791,1891,1470,"2","2","1","2","Reticular stroma"
"GCTGGCAGGTGCCGTG-1","Visium",2097,1114,1558,1080,"3","4","3","4","Suprabasal epithelial"
"GCTGGCATATTCACCT-1","Visium",51584,5469,1471,449,"11","11","8","11","Inflamed epithelium"
"GCTGGCGGCGCATGCT-1","Visium",650,452,883,442,"0","0","0","0","Basal epithelium"
"GCTGGGAGCGCGTCAA-1","Visium",371,270,784,289,"0","0","0","0","Basal epithelium"
"GCTGGGTCCGCTGTTA-1","Visium",2590,1416,1736,1301,"4","3","2","3","Suprabasal epithelial"
"GCTGGTGACTCGTAGT-1","Visium",1549,882,1283,761,"5","2","1","2","Reticular stroma"
"GCTGGTTTAGGCCATA-1","Visium",886,566,982,545,"0","0","0","0","Basal epithelium"
"GCTGTATTACTGGCCC-1","Visium",1356,868,1285,843,"0","0","0","0","Basal epithelium"
"GCTGTCTGTGATCGAC-1","Visium",2686,1566,1830,1454,"10","10","4","10","Reticular stroma"
"GCTGTTGCTACCGAAC-1","Visium",1348,841,1278,815,"0","0","0","0","Basal epithelium"
"GCTTAATGTAACTAAC-1","Visium",1345,849,1280,826,"1","1","0","1","Basal epithelium"
"GCTTACGTAGTTAGTA-1","Visium",1015,673,1047,652,"0","0","0","0","Basal epithelium"
"GCTTAGGGAAGCGGTA-1","Visium",1981,995,1404,830,"5","2","1","2","Reticular stroma"
"GCTTATGAAGCAGGAA-1","Visium",1528,966,1392,942,"1","1","0","1","Basal epithelium"
"GCTTCAGTGGGATTAC-1","Visium",1532,1023,1389,985,"10","10","4","10","Reticular stroma"
"GCTTCCAGCTTAGATT-1","Visium",2065,1184,1560,1143,"4","3","2","3","Suprabasal epithelial"
"GCTTCCATGTAACCGC-1","Visium",1078,703,1091,685,"1","1","0","1","Basal epithelium"
"GCTTCCCGTAAGCTCC-1","Visium",1192,784,1175,767,"1","1","0","1","Basal epithelium"
"GCTTCCGTCCCTAGAC-1","Visium",2889,1600,1834,1384,"2","7","1","7","Immune stroma"
"GCTTCGACGTTCAATC-1","Visium",1028,679,1056,657,"0","0","0","0","Basal epithelium"
"GCTTGAGTGACCTCTG-1","Visium",1114,710,1120,694,"1","1","0","1","Basal epithelium"
"GCTTGATGATAATCAG-1","Visium",21735,3781,1414,469,"12","9","7","9","Suprabasal epithelial"
"GCTTGCAGCACAATTG-1","Visium",1382,888,1292,850,"5","2","1","2","Reticular stroma"
"GCTTGGATCGATTAGG-1","Visium",1289,875,1235,841,"8","6","5","6","Immune stroma"
"GCTTTACACAACTGGG-1","Visium",876,563,991,552,"1","1","0","1","Basal epithelium"
"GCTTTATTAAGTTACC-1","Visium",1065,668,1084,647,"1","1","0","1","Basal epithelium"
"GCTTTCAGAGGAGGTG-1","Visium",1303,878,1247,845,"0","0","0","0","Basal epithelium"
"GCTTTCTATCTCAACT-1","Visium",1354,873,1285,844,"1","1","0","1","Basal epithelium"
"GCTTTGCTGCCGGGTA-1","Visium",1429,901,1330,871,"1","1","0","1","Basal epithelium"
"GGAAACAGAGCTTGGG-1","Visium",284,219,710,245,"0","0","0","0","Basal epithelium"
"GGAAACCTTGTTGAAT-1","Visium",3648,2158,1805,1442,"2","2","1","2","Reticular stroma"
"GGAAACTAAATGGGCC-1","Visium",730,510,909,496,"1","1","0","1","Basal epithelium"
"GGAAAGGGAATTGAGC-1","Visium",621,427,884,415,"0","0","0","0","Basal epithelium"
"GGAAAGTCTTGATTGT-1","Visium",561,400,963,394,"0","0","0","0","Basal epithelium"
"GGAAAGTGCCCATGCC-1","Visium",2685,1549,1817,1371,"2","2","1","2","Reticular stroma"
"GGAACCCGAACAAGAA-1","Visium",3017,1495,1768,1264,"3","4","3","4","Suprabasal epithelial"
"GGAACCGTGTAAATTG-1","Visium",660,467,867,457,"0","0","0","0","Basal epithelium"
"GGAACCTTGACTCTGC-1","Visium",735,528,903,514,"0","0","0","0","Basal epithelium"
"GGAACGGCCTGCAGCC-1","Visium",4306,2004,1080,593,"3","4","3","4","Suprabasal epithelial"
"GGAACTCGTGAATACG-1","Visium",421,317,796,318,"0","0","0","0","Basal epithelium"
"GGAACTTTGGCGATTA-1","Visium",640,419,897,408,"1","1","0","1","Basal epithelium"
"GGAAGATAAGACTGTA-1","Visium",932,615,999,593,"1","1","0","1","Basal epithelium"
"GGAAGCTCGCTTACAG-1","Visium",5941,3212,1175,891,"6","5","4","5","Basal epithelium"
"GGAAGGACACCGTATA-1","Visium",938,609,1019,598,"1","1","0","1","Basal epithelium"
"GGAATAACCTCAAGAA-1","Visium",9484,3285,1329,785,"7","3","2","3","Suprabasal epithelial"
"GGAATGCGCTAGCGTG-1","Visium",2589,1480,1778,1356,"8","6","5","6","Immune stroma"
"GGACAACCATGAAGCC-1","Visium",940,595,1020,580,"1","1","0","1","Basal epithelium"
"GGACAAGCCATGATCG-1","Visium",1346,833,1289,820,"0","0","0","0","Basal epithelium"
"GGACAAGTTGCAGTGA-1","Visium",1784,967,1477,942,"3","4","3","4","Suprabasal epithelial"
"GGACACAAGTTTACAC-1","Visium",959,625,1021,611,"1","1","0","1","Basal epithelium"
"GGACACCTCGGTGTTG-1","Visium",640,436,883,426,"0","0","0","0","Basal epithelium"
"GGACCAACAGGATAAC-1","Visium",876,597,978,585,"0","0","0","0","Basal epithelium"
"GGACCTACGGTAACGT-1","Visium",1529,999,1367,940,"5","2","1","2","Reticular stroma"
"GGACCTCTAGGCCGCC-1","Visium",895,590,986,573,"0","0","0","0","Basal epithelium"
"GGACGGCTTGCGCAAC-1","Visium",4596,2575,954,638,"10","10","4","10","Reticular stroma"
"GGACGGGCGACCAACC-1","Visium",708,485,908,479,"1","1","0","1","Basal epithelium"
"GGACGTCCATAGTTGG-1","Visium",1768,1043,1413,925,"5","2","1","2","Reticular stroma"
"GGACTAAGTCAGGAGT-1","Visium",2484,1301,1707,1215,"3","4","3","4","Suprabasal epithelial"
"GGACTCACAAATTAGG-1","Visium",487,351,893,349,"1","1","0","1","Basal epithelium"
"GGACTCGAAGCTTTCA-1","Visium",720,475,921,461,"1","1","0","1","Basal epithelium"
"GGACTCGACAGCGCAT-1","Visium",796,540,948,529,"0","0","0","0","Basal epithelium"
"GGACTCGTGAGTGGTC-1","Visium",602,449,878,443,"0","0","0","0","Basal epithelium"
"GGACTCTTCCGGTTGA-1","Visium",735,509,899,490,"1","1","0","1","Basal epithelium"
"GGACTCTTTGACTAAG-1","Visium",821,556,948,543,"1","1","0","1","Basal epithelium"
"GGAGAAGTCATTGGCA-1","Visium",31504,7504,1187,830,"6","5","4","5","Basal epithelium"
"GGAGACATTCACGGGC-1","Visium",2901,1554,1807,1359,"4","3","2","3","Suprabasal epithelial"
"GGAGACCAATGTGCTT-1","Visium",2901,1773,1919,1577,"8","6","5","6","Immune stroma"
"GGAGACCATCTACATA-1","Visium",1003,643,1055,630,"0","0","0","0","Basal epithelium"
"GGAGACGACACCTTTG-1","Visium",972,644,1024,632,"1","1","0","1","Basal epithelium"
"GGAGCAACATTTCAAG-1","Visium",815,539,949,524,"1","1","0","1","Basal epithelium"
"GGAGCACCAAGAACTA-1","Visium",1149,752,1102,694,"5","2","1","2","Reticular stroma"
"GGAGCGAGGCCTACTT-1","Visium",614,423,876,417,"0","0","0","0","Basal epithelium"
"GGAGGAGTGTGTTTAT-1","Visium",2040,1169,1576,1139,"4","3","2","3","Suprabasal epithelial"
"GGAGGATTGAAAGGAG-1","Visium",13918,5243,1233,910,"6","5","4","5","Basal epithelium"
"GGAGGCCGAAGTCGTC-1","Visium",831,567,958,558,"1","1","0","1","Basal epithelium"
"GGAGGCGAAGAACCGC-1","Visium",1925,1271,1612,1237,"10","10","4","10","Reticular stroma"
"GGAGGGCTTGGTTGGC-1","Visium",2323,1434,1684,1322,"5","2","1","2","Reticular stroma"
"GGAGGGTCAAGTAAGA-1","Visium",529,377,915,369,"1","1","0","1","Basal epithelium"
"GGAGTACACATGAGCT-1","Visium",610,433,873,417,"1","1","0","1","Basal epithelium"
"GGAGTGCCGCCCTGGA-1","Visium",13026,5305,1398,1119,"6","5","4","5","Basal epithelium"
"GGAGTTGATTCTGTGT-1","Visium",790,519,942,506,"1","1","0","1","Basal epithelium"
"GGATACTCATGAATTG-1","Visium",4940,2255,1036,560,"7","3","2","3","Suprabasal epithelial"
"GGATCAAAGGACGAGG-1","Visium",3586,1756,1704,1228,"7","3","2","3","Suprabasal epithelial"
"GGATCAGAGCCATCAG-1","Visium",821,546,964,541,"0","0","0","0","Basal epithelium"
"GGATCATCCCGTACGC-1","Visium",2714,1611,1811,1408,"2","2","1","2","Reticular stroma"
"GGATCCCTACCAGCTA-1","Visium",1696,1025,1465,1002,"1","1","0","1","Basal epithelium"
"GGATCCGGAATATACT-1","Visium",2166,1259,1609,1201,"8","6","5","6","Immune stroma"
"GGATCTACCGTTCGTC-1","Visium",503,362,899,360,"1","1","0","1","Basal epithelium"
"GGATCTTACTGCCCTT-1","Visium",720,514,896,503,"0","0","0","0","Basal epithelium"
"GGATCTTGACTCAACC-1","Visium",1151,731,1137,709,"0","0","0","0","Basal epithelium"
"GGATGAAGATCGCTGA-1","Visium",1079,704,1090,687,"1","1","0","1","Basal epithelium"
"GGATGACGCGAGTTTA-1","Visium",85685,7988,1094,343,"11","11","8","11","Inflamed epithelium"
"GGATGCTGGCGTTCCT-1","Visium",1065,661,1093,650,"0","0","0","0","Basal epithelium"
"GGATGGCTTGAAGTAT-1","Visium",899,584,993,571,"1","1","0","1","Basal epithelium"
"GGATGTCCTTACCGCA-1","Visium",1648,1011,1447,980,"0","0","0","0","Basal epithelium"
"GGATTAAGCTAAGGTC-1","Visium",63323,9543,1546,1206,"6","5","4","5","Basal epithelium"
"GGATTAATCATGGACC-1","Visium",849,562,971,554,"1","1","0","1","Basal epithelium"
"GGATTCAGTACGGTGG-1","Visium",4909,2123,1035,523,"4","3","2","3","Suprabasal epithelial"
"GGATTCCGCTATACCC-1","Visium",5227,2595,1062,594,"2","7","1","7","Immune stroma"
"GGATTGAAGTAGCCTC-1","Visium",1126,728,1129,713,"1","1","0","1","Basal epithelium"
"GGATTGCTGTGACTCC-1","Visium",916,582,1004,566,"1","1","0","1","Basal epithelium"
"GGATTTCACTTCTATA-1","Visium",2710,1584,1829,1443,"8","6","5","6","Immune stroma"
"GGCAAAGGCGCCAATA-1","Visium",1060,698,1078,677,"0","0","0","0","Basal epithelium"
"GGCAAATTACTTTACT-1","Visium",2187,1153,1575,1092,"9","8","6","8","Inflamed epithelium"
"GGCAAGCCAGGGATAG-1","Visium",1231,816,1187,774,"8","6","5","6","Immune stroma"
"GGCAAGCCCATAGTGG-1","Visium",965,619,1032,606,"0","0","0","0","Basal epithelium"
"GGCAAGGCGAAATAGC-1","Visium",916,596,1005,583,"0","0","0","0","Basal epithelium"
"GGCAATAGTCAATGAG-1","Visium",8083,2787,1339,544,"2","7","1","7","Immune stroma"
"GGCACGCTGCTACAGT-1","Visium",1043,667,1077,652,"1","1","0","1","Basal epithelium"
"GGCACTCAGCCGACCC-1","Visium",835,550,957,531,"1","1","0","1","Basal epithelium"
"GGCACTCCACTGGGCA-1","Visium",20237,6612,1529,1231,"6","5","4","5","Basal epithelium"
"GGCACTGCGGTGGTTT-1","Visium",738,488,922,478,"1","1","0","1","Basal epithelium"
"GGCAGAGAGATCGGGA-1","Visium",911,566,1009,551,"1","1","0","1","Basal epithelium"
"GGCAGCAAACCTATGC-1","Visium",905,583,993,564,"1","1","0","1","Basal epithelium"
"GGCAGCGGTAATCCTA-1","Visium",2462,1450,1724,1307,"2","2","1","2","Reticular stroma"
"GGCATACAGGTAGCGG-1","Visium",117553,7480,1391,423,"11","11","8","11","Inflamed epithelium"
"GGCATATCGGTTCTGC-1","Visium",1580,976,1409,940,"5","2","1","2","Reticular stroma"
"GGCATCAACGAGCACG-1","Visium",3431,1755,1795,1336,"7","3","2","3","Suprabasal epithelial"
"GGCATTCCCTCCCTCG-1","Visium",902,602,997,588,"1","1","0","1","Basal epithelium"
"GGCATTGAACATCTCA-1","Visium",712,493,912,487,"1","0","0","0","Basal epithelium"
"GGCCAATTGTATAGAC-1","Visium",1040,669,1061,645,"1","1","0","1","Basal epithelium"
"GGCCACAAGCGATGGC-1","Visium",2765,1463,1786,1323,"4","3","2","3","Suprabasal epithelial"
"GGCCACACGAAAGCCT-1","Visium",2469,1356,1730,1283,"3","4","3","4","Suprabasal epithelial"
"GGCCCAATCTAGAGGG-1","Visium",1110,740,1105,714,"10","10","4","10","Reticular stroma"
"GGCCCAGCTGGTTTGC-1","Visium",848,581,959,564,"1","1","0","1","Basal epithelium"
"GGCCCAGTTATCAGCA-1","Visium",1466,899,1311,835,"5","2","1","2","Reticular stroma"
"GGCCCGGAGCATGTCT-1","Visium",667,454,893,444,"0","0","0","0","Basal epithelium"
"GGCCCGTATACCATGC-1","Visium",1191,740,1168,718,"1","1","0","1","Basal epithelium"
"GGCCCTCACCCACTTA-1","Visium",1896,1003,1525,979,"3","4","3","4","Suprabasal epithelial"
"GGCCGAGACTCTGGTG-1","Visium",502,383,901,391,"0","0","0","0","Basal epithelium"
"GGCCGCAGGAACCGCA-1","Visium",737,509,913,500,"1","1","0","1","Basal epithelium"
"GGCCGGCGTCTGCTAT-1","Visium",835,566,947,550,"0","0","0","0","Basal epithelium"
"GGCCGTTTGGGTTTCA-1","Visium",401,302,810,314,"0","0","0","0","Basal epithelium"
"GGCCTGCTCTGATGTT-1","Visium",870,572,977,557,"0","0","0","0","Basal epithelium"
"GGCCTGCTTCTCCCGA-1","Visium",787,533,947,521,"0","0","0","0","Basal epithelium"
"GGCCTTTGCAACTGGC-1","Visium",1030,646,1067,630,"0","0","0","0","Basal epithelium"
"GGCGAAATCTAACTTG-1","Visium",914,590,1001,574,"1","1","0","1","Basal epithelium"
"GGCGAACCGTTCTGAT-1","Visium",1165,770,1148,747,"1","1","0","1","Basal epithelium"
"GGCGAGCATCGAGGAC-1","Visium",1375,874,1297,845,"4","3","2","3","Suprabasal epithelial"
"GGCGAGCGAAACGGCA-1","Visium",930,590,1020,581,"1","1","0","1","Basal epithelium"
"GGCGCACAGTTTACCT-1","Visium",1005,654,1050,638,"1","1","0","1","Basal epithelium"
"GGCGCAGGACATCTTC-1","Visium",2155,1071,1567,1023,"3","4","3","4","Suprabasal epithelial"
"GGCGCATGAATTGATG-1","Visium",1812,977,1476,948,"9","8","6","8","Inflamed epithelium"
"GGCGCGGAGATCTTTC-1","Visium",828,572,944,553,"1","1","0","1","Basal epithelium"
"GGCGCGTTCGAGTTTA-1","Visium",1041,695,1064,675,"0","0","0","0","Basal epithelium"
"GGCGCTCCTCATCAAT-1","Visium",2949,1523,1792,1322,"3","4","3","4","Suprabasal epithelial"
"GGCGCTTCATTCCCTG-1","Visium",845,569,967,560,"0","0","0","0","Basal epithelium"
"GGCGGAGTAATATTAG-1","Visium",23352,7286,1361,1071,"6","5","4","5","Basal epithelium"
"GGCGGGCTCTAAGAGT-1","Visium",718,466,918,453,"1","1","0","1","Basal epithelium"
"GGCGGTAGGATCATTG-1","Visium",9413,3029,1382,519,"2","7","1","7","Immune stroma"
"GGCGGTTTGCCGGTGC-1","Visium",1647,965,1437,939,"3","4","3","4","Suprabasal epithelial"
"GGCGTACCCTATATAA-1","Visium",2560,1382,1752,1288,"4","3","2","3","Suprabasal epithelial"
"GGCGTAGGGAAAGCTG-1","Visium",709,472,913,460,"0","0","0","0","Basal epithelium"
"GGCGTCCTATCCGCTG-1","Visium",71899,7134,1192,391,"11","11","8","11","Inflamed epithelium"
"GGCTAAAGGGCGGGTC-1","Visium",1304,877,1229,830,"2","2","1","2","Reticular stroma"
"GGCTAATGATTGAAAT-1","Visium",3425,2152,1940,1606,"2","2","1","2","Reticular stroma"
"GGCTACTATACACTCC-1","Visium",862,577,970,561,"0","0","0","0","Basal epithelium"
"GGCTATTAAGTTGTAT-1","Visium",78896,9051,1064,545,"11","11","8","11","Inflamed epithelium"
"GGCTCCTCCACCTGTT-1","Visium",926,616,1002,604,"0","0","0","0","Basal epithelium"
"GGCTCGCGTTGAGGTA-1","Visium",1654,1058,1451,1020,"8","6","5","6","Immune stroma"
"GGCTCGTGCCACCAGC-1","Visium",30964,4491,1592,498,"12","9","7","9","Suprabasal epithelial"
"GGCTCTGCTCCAACGC-1","Visium",4781,2487,993,572,"2","7","1","7","Immune stroma"
"GGCTGAAATAGCAAAG-1","Visium",761,528,924,516,"1","1","0","1","Basal epithelium"
"GGCTGAGCATCGTAAG-1","Visium",5708,3143,1138,867,"6","5","4","5","Basal epithelium"
"GGCTGGCAATCCCACG-1","Visium",924,606,999,586,"1","1","0","1","Basal epithelium"
"GGCTGGCAGCTTTATG-1","Visium",2789,1515,1811,1366,"4","3","2","3","Suprabasal epithelial"
"GGCTGGCTAGCTTAAA-1","Visium",2835,1455,1797,1309,"4","3","2","3","Suprabasal epithelial"
"GGCTGTCCTACTGCGG-1","Visium",694,472,914,463,"1","1","0","1","Basal epithelium"
"GGCTTCTCGTGGGTGG-1","Visium",735,502,923,494,"1","1","0","1","Basal epithelium"
"GGCTTGGCTCTCACCT-1","Visium",2751,1448,1798,1324,"3","4","3","4","Suprabasal epithelial"
"GGCTTTCAATAAGGGT-1","Visium",912,604,1000,590,"0","0","0","0","Basal epithelium"
"GGGAAAGAATGCCAAC-1","Visium",796,500,958,487,"1","1","0","1","Basal epithelium"
"GGGAACCACCTGTTTC-1","Visium",1987,1124,1548,1093,"4","3","2","3","Suprabasal epithelial"
"GGGAACGGGAGGTTAG-1","Visium",3084,1267,1709,1041,"3","4","3","4","Suprabasal epithelial"
"GGGAACGGTTTCAGAT-1","Visium",653,439,889,427,"0","0","0","0","Basal epithelium"
"GGGAAGACGGTCTGTC-1","Visium",698,472,917,467,"0","0","0","0","Basal epithelium"
"GGGAAGGGCTTTCTCA-1","Visium",724,476,908,454,"1","0","0","0","Basal epithelium"
"GGGAATGAGCCCTCAC-1","Visium",2490,1597,1766,1443,"2","2","1","2","Reticular stroma"
"GGGAATTCTGTCCAGT-1","Visium",2112,1162,1580,1114,"3","4","3","4","Suprabasal epithelial"
"GGGACAGAGTTACTCC-1","Visium",861,573,975,564,"0","0","0","0","Basal epithelium"
"GGGACCCGTATATCTT-1","Visium",814,550,947,535,"0","0","0","0","Basal epithelium"
"GGGACTGCATAGATAG-1","Visium",12780,4962,1594,1096,"2","7","1","7","Immune stroma"
"GGGAGAACTCACAGTA-1","Visium",9089,3258,1413,658,"2","7","1","7","Immune stroma"
"GGGAGCGACCGTAGTG-1","Visium",564,398,933,394,"1","1","0","1","Basal epithelium"
"GGGAGGATGCCCGAAA-1","Visium",4768,2509,999,641,"5","5","4","5","Basal epithelium"
"GGGAGTAATGGCTGGC-1","Visium",4120,1969,1249,791,"7","3","2","3","Suprabasal epithelial"
"GGGAGTTAATGAGGCG-1","Visium",3562,2040,1779,1406,"2","2","1","2","Reticular stroma"
"GGGATACGGTAATAAT-1","Visium",2465,1317,1702,1229,"3","4","3","4","Suprabasal epithelial"
"GGGATATTGATCGCCA-1","Visium",616,437,875,424,"0","0","0","0","Basal epithelium"
"GGGATCCCAATACAAA-1","Visium",1255,777,1187,724,"5","2","1","2","Reticular stroma"
"GGGATGGACCCGCGTC-1","Visium",967,642,1031,628,"0","0","0","0","Basal epithelium"
"GGGATGGTCGTAACCG-1","Visium",943,630,1008,611,"0","0","0","0","Basal epithelium"
"GGGATTATCTCACAAC-1","Visium",2993,1585,1837,1389,"4","3","2","3","Suprabasal epithelial"
"GGGATTTACCGCACCT-1","Visium",1202,758,1175,732,"1","1","0","1","Basal epithelium"
"GGGCAACCGCACGTGC-1","Visium",997,664,1038,646,"0","0","0","0","Basal epithelium"
"GGGCACGAATTGGCCG-1","Visium",1824,1001,1500,970,"3","4","3","4","Suprabasal epithelial"
"GGGCACGTAGTACTGT-1","Visium",563,395,943,388,"0","0","0","0","Basal epithelium"
"GGGCACTATTGACCAT-1","Visium",460,323,868,325,"1","1","0","1","Basal epithelium"
"GGGCAGACGTCACTGC-1","Visium",887,571,993,559,"0","0","0","0","Basal epithelium"
"GGGCAGAGCAATCGTT-1","Visium",919,611,1008,603,"0","0","0","0","Basal epithelium"
"GGGCAGGATTTCTGTG-1","Visium",939,622,1016,608,"1","1","0","1","Basal epithelium"
"GGGCAGTCAACGCCAA-1","Visium",880,600,986,591,"0","0","0","0","Basal epithelium"
"GGGCATGCATGTCGAG-1","Visium",486,341,890,341,"0","0","0","0","Basal epithelium"
"GGGCCATTCGTGCTGG-1","Visium",145,127,592,201,"4","3","2","3","Suprabasal epithelial"
"GGGCCCGTCTTAAACA-1","Visium",1741,995,1474,965,"9","8","6","8","Inflamed epithelium"
"GGGCCCTACGAAAGGG-1","Visium",763,502,935,486,"1","1","0","1","Basal epithelium"
"GGGCCCTTATCTATAC-1","Visium",2080,1138,1561,1097,"3","4","3","4","Suprabasal epithelial"
"GGGCCGGCCGAAGTAC-1","Visium",1534,933,1398,909,"1","1","0","1","Basal epithelium"
"GGGCCTAAATGGGCTA-1","Visium",716,500,906,486,"0","0","0","0","Basal epithelium"
"GGGCCTATACAACCGG-1","Visium",1156,783,1143,761,"1","1","0","1","Basal epithelium"
"GGGCCTATTTAAGTAT-1","Visium",2450,1419,1618,1196,"5","2","1","2","Reticular stroma"
"GGGCGAATTTCTCCAC-1","Visium",2568,1380,1741,1284,"1","1","0","1","Basal epithelium"
"GGGCGATATGTGTGAA-1","Visium",2575,1433,1752,1310,"2","2","1","2","Reticular stroma"
"GGGCGATCCATAGGCC-1","Visium",433,294,859,306,"1","1","0","1","Basal epithelium"
"GGGCGCAGCGTTACTC-1","Visium",913,596,1002,583,"0","0","0","0","Basal epithelium"
"GGGCGGCAAATGAATT-1","Visium",696,473,906,468,"0","0","0","0","Basal epithelium"
"GGGCGGGTTCCCTACG-1","Visium",1016,690,1054,673,"0","0","0","0","Basal epithelium"
"GGGCGGTCCTATTGTC-1","Visium",3518,1766,1734,1271,"4","3","2","3","Suprabasal epithelial"
"GGGCGTACATTTATAT-1","Visium",3605,1975,1759,1344,"5","2","1","2","Reticular stroma"
"GGGCGTCACCACGTAA-1","Visium",1004,654,1043,632,"0","0","0","0","Basal epithelium"
"GGGCGTCCACTGGCTC-1","Visium",1605,1004,1418,960,"5","2","1","2","Reticular stroma"
"GGGCGTGGTTTCCCAG-1","Visium",669,464,893,457,"0","0","0","0","Basal epithelium"
"GGGCGTTTACATTCAT-1","Visium",793,548,928,524,"0","0","0","0","Basal epithelium"
"GGGCTACTATTTCGTG-1","Visium",1068,694,1087,673,"1","1","0","1","Basal epithelium"
"GGGCTATGATCGATGG-1","Visium",557,400,951,396,"0","0","0","0","Basal epithelium"
"GGGCTCATCGAACCCA-1","Visium",2495,1371,1724,1243,"2","2","1","2","Reticular stroma"
"GGGCTGCCTAGGGCGA-1","Visium",13334,4464,1489,752,"2","7","1","7","Immune stroma"
"GGGCTGGTTAGTCGCG-1","Visium",2996,1588,1805,1326,"2","7","1","7","Immune stroma"
"GGGTAATGCTGTGTTT-1","Visium",2252,1263,1647,1203,"4","3","2","3","Suprabasal epithelial"
"GGGTACACTCTGGAGG-1","Visium",2090,1180,1574,1139,"4","3","2","3","Suprabasal epithelial"
"GGGTACCCACGGTCCT-1","Visium",3465,1723,1731,1257,"4","3","2","3","Suprabasal epithelial"
"GGGTACTTCATGAACT-1","Visium",70353,5635,1608,439,"11","11","8","11","Inflamed epithelium"
"GGGTATGTATGCACTT-1","Visium",17240,4352,1194,560,"3","4","3","4","Suprabasal epithelial"
"GGGTATTCTAGCAAAC-1","Visium",768,528,936,518,"0","0","0","0","Basal epithelium"
"GGGTCACCGTGACGGT-1","Visium",5484,2620,1063,653,"9","8","6","8","Inflamed epithelium"
"GGGTCACGTGCTTATG-1","Visium",1529,1012,1411,985,"10","10","4","10","Reticular stroma"
"GGGTCACTGAGTAGTG-1","Visium",1230,803,1214,791,"1","1","0","1","Basal epithelium"
"GGGTCAGGAGCTAGAT-1","Visium",480,350,880,346,"0","0","0","0","Basal epithelium"
"GGGTCATGCGTACCAT-1","Visium",3861,1836,1472,977,"3","4","3","4","Suprabasal epithelial"
"GGGTCCTTGGAAGAAG-1","Visium",675,453,889,440,"0","0","0","0","Basal epithelium"
"GGGTCGTGGCAAGTGT-1","Visium",1893,1257,1581,1211,"8","6","5","6","Immune stroma"
"GGGTCTATCGCTTTCC-1","Visium",867,567,985,559,"1","1","0","1","Basal epithelium"
"GGGTGACACCTTAACT-1","Visium",1205,743,1189,727,"1","1","0","1","Basal epithelium"
"GGGTGCATATGAAAGC-1","Visium",961,640,1018,619,"8","6","5","6","Immune stroma"
"GGGTGGTCCAGCCTGT-1","Visium",48276,7066,1212,589,"12","9","7","9","Suprabasal epithelial"
"GGGTGTTTCAGCTATG-1","Visium",6309,3180,1192,873,"6","5","4","5","Basal epithelium"
"GGGTTAACATTTGAGT-1","Visium",941,641,1008,626,"0","0","0","0","Basal epithelium"
"GGGTTCAGACGAACAA-1","Visium",3511,1708,1709,1213,"3","4","3","4","Suprabasal epithelial"
"GGGTTTAGGATAGGAT-1","Visium",1018,658,1062,647,"1","1","0","1","Basal epithelium"
"GGGTTTCCGGCTTCCA-1","Visium",2712,1485,1791,1345,"4","3","2","3","Suprabasal epithelial"
"GGTAAACTCTGCGCTG-1","Visium",668,454,891,445,"1","1","0","1","Basal epithelium"
"GGTAAATGTGCGTTAC-1","Visium",1774,1198,1534,1152,"5","2","4","2","Reticular stroma"
"GGTAACCGGCAAAGGT-1","Visium",1939,1105,1550,1076,"4","3","2","3","Suprabasal epithelial"
"GGTAACCGGGAGGATA-1","Visium",590,430,882,414,"0","0","0","0","Basal epithelium"
"GGTAACTATGTATCTG-1","Visium",9721,3414,1308,777,"7","3","2","3","Suprabasal epithelial"
"GGTACAAACATGCTAT-1","Visium",2613,1330,1694,1191,"9","8","6","8","Inflamed epithelium"
"GGTACACCAGATTTAT-1","Visium",4407,2510,1011,685,"8","6","5","6","Immune stroma"
"GGTACATCTGGGACGA-1","Visium",995,632,1036,609,"0","0","0","0","Basal epithelium"
"GGTACCATTAAGACGG-1","Visium",1300,870,1241,835,"8","6","5","6","Immune stroma"
"GGTACGTTGCGGCCGG-1","Visium",693,471,896,464,"1","1","0","1","Basal epithelium"
"GGTACTAAGTGCTTTG-1","Visium",754,542,909,532,"1","1","0","1","Basal epithelium"
"GGTAGAAGACCGCCTG-1","Visium",850,577,969,571,"0","0","0","0","Basal epithelium"
"GGTAGACCGTTGGGCG-1","Visium",584,416,886,399,"0","0","0","0","Basal epithelium"
"GGTAGGCCAATATCAC-1","Visium",851,556,965,537,"0","0","0","0","Basal epithelium"
"GGTAGTGCTCGCACCA-1","Visium",6719,2980,1237,720,"2","2","1","2","Reticular stroma"
"GGTATAGTGACACATA-1","Visium",1060,671,1078,646,"0","0","0","0","Basal epithelium"
"GGTATCAAGCATAGAA-1","Visium",2681,1446,1787,1328,"4","3","2","3","Suprabasal epithelial"
"GGTATGAAAGAACTGA-1","Visium",1306,784,1258,764,"3","4","3","4","Suprabasal epithelial"
"GGTATTGCCGAGTTTA-1","Visium",8904,3157,1350,682,"2","7","1","7","Immune stroma"
"GGTCAAGACTACTTCG-1","Visium",867,566,984,552,"1","1","0","1","Basal epithelium"
"GGTCACGTTAGATTCA-1","Visium",3069,1601,1807,1354,"4","3","2","3","Suprabasal epithelial"
"GGTCAGTGGGTCCCAC-1","Visium",908,620,990,608,"0","0","0","0","Basal epithelium"
"GGTCATTGTAGTCATA-1","Visium",2292,1267,1549,1084,"5","2","1","2","Reticular stroma"
"GGTCCACGTCTATTTG-1","Visium",535,400,899,399,"0","0","0","0","Basal epithelium"
"GGTCCCATAACATAGA-1","Visium",1449,974,1348,945,"10","10","4","10","Reticular stroma"
"GGTCCTTCATACGACT-1","Visium",1890,1115,1545,1079,"0","0","0","0","Basal epithelium"
"GGTCGGATAAACGGCG-1","Visium",2276,1400,1666,1290,"2","2","1","2","Reticular stroma"
"GGTCGGCCAGGAGCTT-1","Visium",1492,960,1365,929,"8","6","5","6","Immune stroma"
"GGTCGGTAATTAGACA-1","Visium",4186,1953,1159,664,"7","3","2","3","Suprabasal epithelial"
"GGTCGGTCGTCCACAG-1","Visium",782,535,942,522,"0","0","0","0","Basal epithelium"
"GGTCGTAAGCTCGCAC-1","Visium",1168,743,1155,724,"0","0","0","0","Basal epithelium"
"GGTCTCCAAGTAGTGC-1","Visium",584,402,909,397,"1","1","0","1","Basal epithelium"
"GGTCTCCGTCCAGGTT-1","Visium",920,590,1005,575,"1","1","0","1","Basal epithelium"
"GGTCTCTGAATGGACT-1","Visium",1165,762,1153,745,"0","0","0","0","Basal epithelium"
"GGTCTGAGAATCTGGA-1","Visium",3415,1931,1776,1371,"5","2","1","2","Reticular stroma"
"GGTCTTGAGCGCTCTT-1","Visium",695,477,887,460,"0","0","0","0","Basal epithelium"
"GGTCTTGGTGTTAACT-1","Visium",2721,1470,1779,1338,"4","3","2","3","Suprabasal epithelial"
"GGTGAAACCGGGAATG-1","Visium",3042,1594,1839,1389,"7","3","2","3","Suprabasal epithelial"
"GGTGAACGGGCTAGCC-1","Visium",2299,1274,1662,1214,"4","3","2","3","Suprabasal epithelial"
"GGTGAAGTACAGGGAT-1","Visium",975,657,1033,644,"0","0","0","0","Basal epithelium"
"GGTGACTGATAGAGAG-1","Visium",730,477,912,462,"1","1","0","1","Basal epithelium"
"GGTGAGATGCAGATAA-1","Visium",6364,2602,1188,682,"7","3","2","3","Suprabasal epithelial"
"GGTGATAAGGAGCAGT-1","Visium",2258,1238,1634,1183,"9","8","6","8","Inflamed epithelium"
"GGTGATGAAGGAAGTG-1","Visium",1176,694,1172,687,"3","4","3","4","Suprabasal epithelial"
"GGTGATTTCATCTTGT-1","Visium",3819,1889,1497,1034,"7","3","2","3","Suprabasal epithelial"
"GGTGCAGAGCCTATCG-1","Visium",2954,1818,1898,1551,"2","2","1","2","Reticular stroma"
"GGTGCATAAATGATTA-1","Visium",923,628,997,615,"0","0","0","0","Basal epithelium"
"GGTGCGGATAAGTGGC-1","Visium",77632,8562,1161,538,"12","9","7","9","Suprabasal epithelial"
"GGTGCTGATCACAAAG-1","Visium",4959,2114,1057,536,"3","4","3","4","Suprabasal epithelial"
"GGTGCTGGTACACATT-1","Visium",1974,1101,1538,1063,"9","8","6","8","Inflamed epithelium"
"GGTGGACCACGTGTTA-1","Visium",9052,4049,1459,1127,"6","5","4","5","Basal epithelium"
"GGTGGACTGCTCTGGC-1","Visium",1053,681,1078,665,"1","1","0","1","Basal epithelium"
"GGTGGAGGTTGATACG-1","Visium",752,509,930,500,"1","1","0","1","Basal epithelium"
"GGTGGGATTAGGTCCC-1","Visium",442,324,826,330,"0","0","0","0","Basal epithelium"
"GGTGTAAATCGATTGT-1","Visium",678,475,881,459,"0","0","0","0","Basal epithelium"
"GGTGTAGGTAAGTAAA-1","Visium",530,388,922,381,"0","0","0","0","Basal epithelium"
"GGTGTTCTGTTTCTAC-1","Visium",6232,3068,1190,851,"10","10","4","10","Reticular stroma"
"GGTGTTGGGCGTCTTA-1","Visium",520,397,911,399,"1","1","0","1","Basal epithelium"
"GGTTACCACCCTCGGG-1","Visium",1246,800,1217,780,"0","0","0","0","Basal epithelium"
"GGTTACCCGACACTTT-1","Visium",936,612,1008,597,"1","1","0","1","Basal epithelium"
"GGTTACCGCTCCCTAC-1","Visium",633,451,857,433,"0","0","0","0","Basal epithelium"
"GGTTAGCTATATGTCT-1","Visium",1166,747,1158,735,"1","1","0","1","Basal epithelium"
"GGTTAGGCTTGGAGAA-1","Visium",52653,6499,1095,349,"11","11","8","11","Inflamed epithelium"
"GGTTAGGGATGCTAAT-1","Visium",559,395,945,386,"0","0","0","0","Basal epithelium"
"GGTTAGTTACGGCGCC-1","Visium",6606,2590,1199,666,"3","4","3","4","Suprabasal epithelial"
"GGTTCCACCCGCTTCT-1","Visium",3903,2202,1526,1183,"10","10","4","10","Reticular stroma"
"GGTTCCCTAGTGTCTC-1","Visium",1352,861,1285,834,"1","1","0","1","Basal epithelium"
"GGTTCCGTACGACTAA-1","Visium",585,393,905,382,"0","0","0","0","Basal epithelium"
"GGTTCGATGCTGAGTT-1","Visium",1304,863,1253,837,"8","6","5","6","Immune stroma"
"GGTTCGCATTTGCCGT-1","Visium",1055,685,1079,665,"1","1","0","1","Basal epithelium"
"GGTTCGGATTATACTA-1","Visium",1000,682,1041,665,"0","0","0","0","Basal epithelium"
"GGTTCTACTCGTCTGA-1","Visium",1167,735,1156,719,"0","0","0","0","Basal epithelium"
"GGTTGTATCGTGAAAT-1","Visium",2497,1336,1721,1259,"4","3","2","3","Suprabasal epithelial"
"GGTTGTGCTCTTGTCC-1","Visium",3165,1578,1792,1308,"3","4","3","4","Suprabasal epithelial"
"GGTTGTGTAGCCTGGC-1","Visium",2678,1337,1742,1225,"3","4","3","4","Suprabasal epithelial"
"GGTTTAATTACCATCG-1","Visium",817,541,951,530,"0","0","0","0","Basal epithelium"
"GGTTTAATTGAGCAGG-1","Visium",15637,5490,1563,1050,"8","6","5","6","Immune stroma"
"GGTTTACAATCTCAAT-1","Visium",5126,2515,1056,574,"2","7","1","7","Immune stroma"
"GGTTTAGCCTTTCTTG-1","Visium",1123,738,1123,721,"1","1","0","1","Basal epithelium"
"GGTTTCAATCGGTCAG-1","Visium",1667,1057,1452,1019,"1","1","0","1","Basal epithelium"
"GGTTTGACAAGAAGCT-1","Visium",3154,2050,1948,1665,"2","2","1","2","Reticular stroma"
"GGTTTGAGTGCTGGAA-1","Visium",7353,2911,1252,751,"7","3","2","3","Suprabasal epithelial"
"GGTTTGCGAACACGTA-1","Visium",1245,753,1212,730,"1","1","0","1","Basal epithelium"
"GGTTTGTGACCTGAGG-1","Visium",681,463,893,454,"1","1","0","1","Basal epithelium"
"GTAACAACTGACCTTG-1","Visium",1189,714,1122,648,"5","2","1","2","Reticular stroma"
"GTAACAGGTTAACGGC-1","Visium",598,407,898,400,"0","0","0","0","Basal epithelium"
"GTAACATCAGCTCATC-1","Visium",1384,884,1299,853,"1","1","0","1","Basal epithelium"
"GTAACATCTAAGATAA-1","Visium",764,506,935,492,"1","1","0","1","Basal epithelium"
"GTAACTACGTAGACCT-1","Visium",774,527,931,512,"0","0","0","0","Basal epithelium"
"GTAACTGCCCAAGGAG-1","Visium",743,508,915,495,"0","0","0","0","Basal epithelium"
"GTAACTTGCGGCAGTC-1","Visium",3926,1881,1432,958,"7","3","2","3","Suprabasal epithelial"
"GTAAGCGGGCAGTCAG-1","Visium",1937,1196,1569,1148,"5","2","1","2","Reticular stroma"
"GTAAGGATTTGTCGGA-1","Visium",9007,4108,1476,1170,"6","5","4","5","Basal epithelium"
"GTAAGTAACAGTCTGG-1","Visium",1182,752,1159,728,"1","1","0","1","Basal epithelium"
"GTAAGTAGGGTATACC-1","Visium",57623,6583,1085,331,"11","11","8","11","Inflamed epithelium"
"GTAAGTCCACACTCTA-1","Visium",945,615,1018,604,"1","1","0","1","Basal epithelium"
"GTAATAAAGGGCTCCC-1","Visium",1317,888,1258,857,"8","6","5","6","Immune stroma"
"GTAATCTGATTCTTCG-1","Visium",926,631,1009,619,"1","1","0","1","Basal epithelium"
"GTACACTTACCTGAAG-1","Visium",14186,4959,1283,736,"2","7","1","7","Immune stroma"
"GTACAGAGGCAAGGGT-1","Visium",1314,817,1265,800,"1","1","0","1","Basal epithelium"
"GTACGACGGCGCTGCG-1","Visium",3089,1567,1788,1307,"4","3","2","3","Suprabasal epithelial"
"GTACGAGATTGCGACA-1","Visium",4912,2472,1008,606,"5","2","1","2","Reticular stroma"
"GTACGCTTCATTGCAC-1","Visium",1220,779,1199,760,"1","1","0","1","Basal epithelium"
"GTACGTCACGTATTAA-1","Visium",2869,1720,1895,1503,"2","2","1","2","Reticular stroma"
"GTACGTTTGCCCGTCA-1","Visium",1194,739,1176,722,"1","1","0","1","Basal epithelium"
"GTACTAAGATTTGGAG-1","Visium",2380,1371,1710,1288,"5","2","1","2","Reticular stroma"
"GTACTACGGCCTCGTT-1","Visium",1128,710,1130,695,"0","0","0","0","Basal epithelium"
"GTACTCCCTTATCGCT-1","Visium",4370,1708,1087,456,"3","4","3","4","Suprabasal epithelial"
"GTACTCCTGGGTATGC-1","Visium",2112,1384,1626,1315,"8","6","5","6","Immune stroma"
"GTACTGAGGTCGTAAC-1","Visium",7630,2949,1302,788,"7","3","2","3","Suprabasal epithelial"
"GTACTGCATGAAGCGT-1","Visium",3814,1817,1534,1044,"7","3","2","3","Suprabasal epithelial"
"GTACTGGAGTTAGACC-1","Visium",2806,1573,1792,1387,"8","6","5","6","Immune stroma"
"GTACTTGGGCACTTCT-1","Visium",4866,2194,1030,551,"4","3","2","3","Suprabasal epithelial"
"GTAGAAACGGGTGGAG-1","Visium",2969,1507,1812,1324,"3","4","3","4","Suprabasal epithelial"
"GTAGACAACCGATGAA-1","Visium",5864,2544,1173,696,"7","3","2","3","Suprabasal epithelial"
"GTAGACACGCCTGACT-1","Visium",794,543,939,528,"0","0","0","0","Basal epithelium"
"GTAGACGTCGTTACAT-1","Visium",6866,2720,1238,730,"7","3","2","3","Suprabasal epithelial"
"GTAGAGGGAGACAAGT-1","Visium",821,549,955,539,"0","0","0","0","Basal epithelium"
"GTAGCCAAACATGGGA-1","Visium",888,571,999,557,"0","0","0","0","Basal epithelium"
"GTAGCGCTGTTGTAGT-1","Visium",3806,1819,1545,1070,"7","3","2","3","Suprabasal epithelial"
"GTAGCGGCTATACACT-1","Visium",4532,1853,1032,446,"9","8","6","8","Inflamed epithelium"
"GTAGCTAGTAAGCGCG-1","Visium",4921,2330,1030,596,"7","3","2","3","Suprabasal epithelial"
"GTAGCTCCGGGAGGCT-1","Visium",527,384,935,381,"0","0","0","0","Basal epithelium"
"GTAGCTTCCTCTTGTT-1","Visium",2206,1351,1666,1292,"8","6","5","6","Immune stroma"
"GTAGGTGATCCGTGTA-1","Visium",1541,993,1389,953,"5","2","1","2","Reticular stroma"
"GTAGTCGCGGGAATCA-1","Visium",861,582,964,567,"1","1","0","1","Basal epithelium"
"GTAGTCTACGATATTG-1","Visium",972,616,1034,603,"0","0","0","0","Basal epithelium"
"GTAGTGAGCAACCTCA-1","Visium",1031,662,1066,642,"1","1","0","1","Basal epithelium"
"GTAGTTAGACAATATA-1","Visium",1207,829,1183,806,"1","1","0","1","Basal epithelium"
"GTAGTTCGAAGGCGAA-1","Visium",548,382,926,378,"0","0","0","0","Basal epithelium"
"GTAGTTTAAGCACACG-1","Visium",754,506,925,492,"0","0","0","0","Basal epithelium"
"GTATAATCTCCCGGAT-1","Visium",2141,1203,1603,1164,"3","4","3","4","Suprabasal epithelial"
"GTATAGGACTCAGTAG-1","Visium",2468,1441,1736,1333,"5","2","1","2","Reticular stroma"
"GTATAGTGGCCCATGT-1","Visium",4470,2355,954,585,"10","10","4","10","Reticular stroma"
"GTATATGTTACGGCGG-1","Visium",1547,926,1387,899,"4","3","2","3","Suprabasal epithelial"
"GTATCAAACGTTAGCT-1","Visium",1060,680,1083,667,"1","1","0","1","Basal epithelium"
"GTATCAAGGTACTTCC-1","Visium",912,595,996,573,"1","1","0","1","Basal epithelium"
"GTATCAGCTTGGGTTC-1","Visium",7583,2877,1240,720,"7","3","2","3","Suprabasal epithelial"
"GTATCCTTTGGTAACC-1","Visium",1087,696,1107,685,"0","0","0","0","Basal epithelium"
"GTATCGGGACGAGCTG-1","Visium",1664,997,1452,974,"4","3","2","3","Suprabasal epithelial"
"GTATCTCAGTCTTGAC-1","Visium",908,632,983,612,"0","0","0","0","Basal epithelium"
"GTATCTCCCTAACTGT-1","Visium",4220,2014,1169,707,"7","3","2","3","Suprabasal epithelial"
"GTATCTCGGGCGCTTT-1","Visium",674,478,879,465,"0","0","0","0","Basal epithelium"
"GTATCTTGTTGCTCAC-1","Visium",3046,1613,1846,1392,"4","3","2","3","Suprabasal epithelial"
"GTATCTTTCATAACCA-1","Visium",1191,768,1168,745,"1","1","0","1","Basal epithelium"
"GTATGAAATTTCACTC-1","Visium",1130,742,1120,717,"0","0","0","0","Basal epithelium"
"GTATGACGTGGGAAAC-1","Visium",1966,1113,1562,1080,"4","3","2","3","Suprabasal epithelial"
"GTATGTGGGTCTAGTT-1","Visium",1238,798,1206,772,"0","0","0","0","Basal epithelium"
"GTATTAAGGCGTCTAA-1","Visium",3771,1750,1538,1030,"3","4","3","4","Suprabasal epithelial"
"GTATTAGGGTTCGCGT-1","Visium",2300,1460,1679,1361,"10","10","4","10","Reticular stroma"
"GTATTCTGAGAAACGA-1","Visium",1174,745,1166,732,"0","0","0","0","Basal epithelium"
"GTATTCTTACCGTGCT-1","Visium",2038,1193,1571,1150,"4","3","2","3","Suprabasal epithelial"
"GTATTTAATGGCATAA-1","Visium",830,576,949,564,"1","1","0","1","Basal epithelium"
"GTCAAAGAAGTGGTGT-1","Visium",801,544,942,532,"0","0","0","0","Basal epithelium"
"GTCAAAGTTTACATAG-1","Visium",3615,1796,1668,1201,"4","3","2","3","Suprabasal epithelial"
"GTCAACCAGGCCTATA-1","Visium",894,587,991,572,"1","1","0","1","Basal epithelium"
"GTCAAGCGGACTCGGG-1","Visium",1713,966,1455,941,"9","8","6","8","Inflamed epithelium"
"GTCAATGCTATAATTT-1","Visium",2297,1484,1719,1397,"8","6","5","6","Immune stroma"
"GTCAATTGTACTGAAG-1","Visium",2831,1494,1801,1326,"7","3","2","3","Suprabasal epithelial"
"GTCACAAAGTTTCCAA-1","Visium",77016,7509,1282,557,"12","9","7","9","Suprabasal epithelial"
"GTCACCTGTCTATGTC-1","Visium",3128,1851,1920,1570,"10","10","4","10","Reticular stroma"
"GTCACTCATGAGCGAT-1","Visium",849,561,966,542,"0","0","0","0","Basal epithelium"
"GTCACTCTCCAAATCT-1","Visium",14305,3985,1142,548,"3","4","3","4","Suprabasal epithelial"
"GTCAGAATAGTCTATG-1","Visium",47979,5281,1442,460,"11","11","8","11","Inflamed epithelium"
"GTCAGACAGCGTTGGA-1","Visium",1117,696,1115,676,"4","3","2","3","Suprabasal epithelial"
"GTCAGTTGTGCTCGTT-1","Visium",7600,3663,1281,971,"6","5","4","5","Basal epithelium"
"GTCAGTTTGGTAGTCG-1","Visium",3147,1539,1768,1270,"3","4","3","4","Suprabasal epithelial"
"GTCATCCCAAACTCAC-1","Visium",515,368,911,367,"0","0","0","0","Basal epithelium"
"GTCATCTCCTACAGCT-1","Visium",2912,1592,1842,1412,"0","0","0","0","Basal epithelium"
"GTCATGCACCTCCGTT-1","Visium",9455,3132,1385,595,"2","7","1","7","Immune stroma"
"GTCATGCGCGAGGGCT-1","Visium",811,549,952,535,"1","1","0","1","Basal epithelium"
"GTCATGGACATGACTA-1","Visium",2779,1579,1827,1411,"2","7","1","7","Immune stroma"
"GTCATTAGAGCGAACG-1","Visium",8761,3097,1320,746,"9","8","6","8","Inflamed epithelium"
"GTCATTGCATTGACCC-1","Visium",4004,1788,1347,824,"3","4","3","4","Suprabasal epithelial"
"GTCCAATATTTAGCCT-1","Visium",833,564,956,549,"0","0","0","0","Basal epithelium"
"GTCCACGTCGCATTCG-1","Visium",754,494,928,484,"1","1","0","1","Basal epithelium"
"GTCCAGGCACGTGTGC-1","Visium",616,433,885,424,"0","0","0","0","Basal epithelium"
"GTCCATTACTGCTACG-1","Visium",1174,723,1166,710,"1","1","0","1","Basal epithelium"
"GTCCCAACGTAAAGTA-1","Visium",4227,2164,1141,677,"2","7","1","7","Immune stroma"
"GTCCCAATCATCCCGC-1","Visium",866,569,976,559,"0","0","0","0","Basal epithelium"
"GTCCCGCGACGTTATG-1","Visium",811,539,950,525,"0","0","0","0","Basal epithelium"
"GTCCGAGAGCAATCAT-1","Visium",2332,1190,1638,1132,"3","4","3","4","Suprabasal epithelial"
"GTCCGGACCTGAAATT-1","Visium",952,626,1007,603,"1","1","0","1","Basal epithelium"
"GTCCGGCTGAATTGCG-1","Visium",2532,1424,1735,1291,"5","2","1","2","Reticular stroma"
"GTCCGGGTTCACATTA-1","Visium",885,596,990,588,"0","0","0","0","Basal epithelium"
"GTCCGTTAGAGGGCCT-1","Visium",917,607,993,590,"0","0","0","0","Basal epithelium"
"GTCCTACAGGCGGCTC-1","Visium",3124,1574,1787,1298,"3","4","3","4","Suprabasal epithelial"
"GTCCTACGAATAGTCT-1","Visium",1186,758,1174,747,"1","1","0","1","Basal epithelium"
"GTCCTACTCTACGGGC-1","Visium",886,594,974,575,"0","0","0","0","Basal epithelium"
"GTCCTAGGATACCTTA-1","Visium",812,509,968,495,"1","1","0","1","Basal epithelium"
"GTCCTATTGTTGTGGT-1","Visium",2249,1208,1634,1158,"3","4","3","4","Suprabasal epithelial"
"GTCCTTCTACAACCCA-1","Visium",2767,1420,1756,1272,"3","4","3","4","Suprabasal epithelial"
"GTCCTTCTAGTGGGTT-1","Visium",4357,2537,1000,703,"5","5","4","5","Basal epithelium"
"GTCCTTTAATGACTTC-1","Visium",3832,2281,1651,1304,"2","2","1","2","Reticular stroma"
"GTCGAATTTGGGCGCT-1","Visium",840,541,968,526,"0","0","0","0","Basal epithelium"
"GTCGATAGGTGACTTT-1","Visium",834,551,955,539,"1","1","0","1","Basal epithelium"
"GTCGCCGTTGTGTGTT-1","Visium",705,482,914,474,"0","0","0","0","Basal epithelium"
"GTCGCGTAACCCGTTG-1","Visium",2016,1085,1553,1045,"9","8","6","8","Inflamed epithelium"
"GTCGGAAGGATACCAG-1","Visium",2581,1716,1811,1528,"2","2","1","2","Reticular stroma"
"GTCGGATATCTCAGAC-1","Visium",97820,9583,1010,507,"11","11","8","11","Inflamed epithelium"
"GTCGGATGTAGCGCGC-1","Visium",1386,922,1317,899,"5","2","1","2","Reticular stroma"
"GTCGGGAACATGGTAG-1","Visium",663,449,890,441,"0","0","0","0","Basal epithelium"
"GTCGGGAAGCAGAAAC-1","Visium",452,328,868,328,"0","0","0","0","Basal epithelium"
"GTCGGGTGAAGTACCG-1","Visium",856,576,973,570,"1","1","0","1","Basal epithelium"
"GTCGTACCATCTCGGG-1","Visium",1014,652,1060,642,"0","0","0","0","Basal epithelium"
"GTCGTACCTACGATTG-1","Visium",819,535,966,521,"0","0","0","0","Basal epithelium"
"GTCGTATTGGCGTACA-1","Visium",3633,2079,1805,1383,"2","2","1","2","Reticular stroma"
"GTCGTCAATTATAAGG-1","Visium",5716,2443,1144,663,"7","3","2","3","Suprabasal epithelial"
"GTCGTCTGGTTGGCTA-1","Visium",926,613,1009,600,"1","1","0","1","Basal epithelium"
"GTCGTGTCTGGTCATC-1","Visium",746,574,885,558,"8","6","5","6","Immune stroma"
"GTCGTTATTCGCTTAT-1","Visium",1300,773,1256,754,"1","1","0","1","Basal epithelium"
"GTCTAAGATGCCCAGC-1","Visium",1374,879,1294,846,"1","1","0","1","Basal epithelium"
"GTCTACTCAATTACAA-1","Visium",1120,689,1129,677,"3","4","3","4","Suprabasal epithelial"
"GTCTAGTGAGCCGCTT-1","Visium",1120,714,1115,690,"1","1","0","1","Basal epithelium"
"GTCTATACACGCATGG-1","Visium",656,439,883,424,"1","1","0","1","Basal epithelium"
"GTCTATCTGAGTTTCT-1","Visium",3123,1603,1668,1191,"5","2","1","2","Reticular stroma"
"GTCTATTGCATGCTCG-1","Visium",635,421,902,410,"1","1","0","1","Basal epithelium"
"GTCTATTGGTTCCGGT-1","Visium",775,512,943,502,"1","1","0","1","Basal epithelium"
"GTCTCAAGGCCCGGCT-1","Visium",697,476,905,465,"0","0","0","0","Basal epithelium"
"GTCTCCCGAGTCCCGT-1","Visium",1023,661,1055,639,"1","1","0","1","Basal epithelium"
"GTCTCCGCCTCAATAC-1","Visium",824,547,958,532,"1","1","0","1","Basal epithelium"
"GTCTCCTGCCAGTATG-1","Visium",966,631,1032,619,"0","0","0","0","Basal epithelium"
"GTCTCGACTAAGTTTG-1","Visium",4136,2407,1362,1041,"8","6","5","6","Immune stroma"
"GTCTCGATCTGCTTTC-1","Visium",3780,2138,1671,1254,"2","2","1","2","Reticular stroma"
"GTCTCGCCAACACGCC-1","Visium",4557,2189,974,527,"7","3","2","3","Suprabasal epithelial"
"GTCTGCCGACTCGACG-1","Visium",1026,672,1055,649,"1","1","0","1","Basal epithelium"
"GTCTGGGCGGTCGAGA-1","Visium",972,617,1032,602,"0","0","0","0","Basal epithelium"
"GTCTGTAGGTTGAACA-1","Visium",543,389,929,385,"0","0","0","0","Basal epithelium"
"GTCTTACCACGCCAAG-1","Visium",1281,786,1241,766,"1","1","0","1","Basal epithelium"
"GTCTTAGTACAGCCGG-1","Visium",1852,1203,1553,1150,"5","2","1","2","Reticular stroma"
"GTCTTCCTCACCTAAG-1","Visium",1671,934,1443,913,"3","4","3","4","Suprabasal epithelial"
"GTCTTGAGGAGCAGTG-1","Visium",785,530,939,515,"0","0","0","0","Basal epithelium"
"GTCTTGTAGCTATTCA-1","Visium",747,509,923,499,"1","1","0","1","Basal epithelium"
"GTGAAACGGCGCCACC-1","Visium",2089,1257,1556,1163,"2","2","1","2","Reticular stroma"
"GTGAAACGTGCTCCAC-1","Visium",3516,1744,1713,1237,"7","3","2","3","Suprabasal epithelial"
"GTGAACTCCCATTCGA-1","Visium",1532,1032,1393,995,"8","6","5","6","Immune stroma"
"GTGAAGATTTCAAGTG-1","Visium",5875,3058,1175,731,"2","7","1","7","Immune stroma"
"GTGAAGCCGTATAGTC-1","Visium",1950,1209,1537,1109,"2","2","1","2","Reticular stroma"
"GTGAAGTCACGACTCG-1","Visium",956,645,1018,630,"0","0","0","0","Basal epithelium"
"GTGACAGCTTCCCACT-1","Visium",1054,666,1084,652,"0","0","0","0","Basal epithelium"
"GTGACCGCACACTACG-1","Visium",1371,858,1302,841,"1","1","0","1","Basal epithelium"
"GTGACCTAAAGAATAA-1","Visium",839,561,972,549,"1","1","0","1","Basal epithelium"
"GTGACGAGGGTGACCC-1","Visium",812,553,940,539,"0","0","0","0","Basal epithelium"
"GTGACGCAGGTTTCAT-1","Visium",769,525,934,512,"0","0","0","0","Basal epithelium"
"GTGACTTCAGTAGTGC-1","Visium",1358,805,1286,782,"1","0","0","0","Basal epithelium"
"GTGAGATAACCTTATA-1","Visium",602,438,885,430,"0","0","0","0","Basal epithelium"
"GTGAGCGTGCTGCACT-1","Visium",8607,2936,1253,657,"3","4","3","4","Suprabasal epithelial"
"GTGAGGACACTTAAGG-1","Visium",1560,893,1386,867,"3","4","3","4","Suprabasal epithelial"
"GTGAGGAGCGGTTGAG-1","Visium",2520,1631,1797,1495,"5","2","1","2","Reticular stroma"
"GTGAGTCGACTAATAG-1","Visium",884,553,996,542,"1","1","0","1","Basal epithelium"
"GTGAGTCTAAGACGGA-1","Visium",3172,1569,1795,1317,"3","4","3","4","Suprabasal epithelial"
"GTGAGTGGTACAACGC-1","Visium",1086,726,1095,708,"0","0","0","0","Basal epithelium"
"GTGATCAAGCGTGCAC-1","Visium",626,449,880,446,"0","0","0","0","Basal epithelium"
"GTGATCACTAACGCCT-1","Visium",1045,658,1076,643,"1","1","0","1","Basal epithelium"
"GTGATCATAGATCTGC-1","Visium",980,647,1030,624,"0","0","0","0","Basal epithelium"
"GTGATCCTTGTCATGA-1","Visium",836,579,952,572,"0","0","0","0","Basal epithelium"
"GTGATGCACAACATCT-1","Visium",2355,1431,1701,1331,"5","2","1","2","Reticular stroma"
"GTGATTCGCCGCTCAA-1","Visium",992,625,1040,604,"0","0","0","0","Basal epithelium"
"GTGCAAATCACCAATA-1","Visium",759,528,924,519,"4","3","2","3","Suprabasal epithelial"
"GTGCAACAAATGTGGC-1","Visium",21600,7100,1573,1279,"6","5","4","5","Basal epithelium"
"GTGCACCAGCTTCAAC-1","Visium",691,461,904,456,"0","0","0","0","Basal epithelium"
"GTGCACGAAAGTGACT-1","Visium",5548,2866,1095,698,"2","7","1","7","Immune stroma"
"GTGCAGCGTAGAGTAG-1","Visium",646,450,880,437,"1","1","0","1","Basal epithelium"
"GTGCCAAACGTTTCGA-1","Visium",583,411,915,407,"0","0","0","0","Basal epithelium"
"GTGCCATCACACGGTG-1","Visium",1277,781,1227,752,"0","0","0","0","Basal epithelium"
"GTGCCCGTTCGGATTC-1","Visium",1550,933,1388,904,"1","1","0","1","Basal epithelium"
"GTGCCGCTTCAAAGGT-1","Visium",1506,870,1359,838,"9","8","6","8","Inflamed epithelium"
"GTGCCTAGCTATGCTT-1","Visium",2988,1599,1819,1377,"0","0","0","0","Basal epithelium"
"GTGCCTCAGTGTACGG-1","Visium",2227,1430,1682,1344,"5","2","1","2","Reticular stroma"
"GTGCCTGAGACCAAAC-1","Visium",934,625,992,602,"0","0","0","0","Basal epithelium"
"GTGCGAAATCGAACAC-1","Visium",1208,736,1187,715,"0","0","0","0","Basal epithelium"
"GTGCGACAGGGAGTGT-1","Visium",1082,732,1087,713,"0","0","0","0","Basal epithelium"
"GTGCGCAGCTTGCTCC-1","Visium",2598,1434,1785,1353,"4","3","2","3","Suprabasal epithelial"
"GTGCGCTTACAAATGA-1","Visium",2191,1211,1617,1173,"4","3","2","3","Suprabasal epithelial"
"GTGCGGGACCATCGGC-1","Visium",2938,1542,1827,1375,"4","3","2","3","Suprabasal epithelial"
"GTGCGGGTCTCCAAAT-1","Visium",4863,2517,996,615,"5","2","1","2","Reticular stroma"
"GTGCGTGTATATGAGC-1","Visium",1027,670,1065,657,"1","1","0","1","Basal epithelium"
"GTGCTATCCAGCTGGA-1","Visium",475,346,872,345,"1","1","0","1","Basal epithelium"
"GTGCTCAAGTACTGTC-1","Visium",3173,1665,1817,1341,"2","2","1","2","Reticular stroma"
"GTGCTGCAGATAAGGA-1","Visium",875,588,978,576,"0","0","0","0","Basal epithelium"
"GTGCTGTTAGAACATA-1","Visium",739,482,926,472,"0","0","0","0","Basal epithelium"
"GTGCTTACATCAGCGC-1","Visium",951,628,1021,614,"1","1","0","1","Basal epithelium"
"GTGGAACCTACATGCG-1","Visium",2314,1454,1698,1364,"5","2","1","2","Reticular stroma"
"GTGGACCAACCCGATT-1","Visium",986,661,1036,644,"0","0","0","0","Basal epithelium"
"GTGGACGCATTTGTCC-1","Visium",897,609,985,589,"0","0","0","0","Basal epithelium"
"GTGGACGTGCTGAGAC-1","Visium",12115,3689,1251,664,"7","9","7","9","Suprabasal epithelial"
"GTGGAGCATGTCGGCC-1","Visium",596,441,865,430,"1","1","0","1","Basal epithelium"
"GTGGAGCGTTTACCGA-1","Visium",863,574,974,564,"0","0","0","0","Basal epithelium"
"GTGGAGTCGGCGGTTG-1","Visium",879,632,969,616,"0","0","0","0","Basal epithelium"
"GTGGCAAACAGCGGCA-1","Visium",1014,683,1044,666,"0","0","0","0","Basal epithelium"
"GTGGCCGGTTTCTCGG-1","Visium",1027,661,1061,646,"0","0","0","0","Basal epithelium"
"GTGGCCTAATATCATT-1","Visium",1463,858,1348,835,"3","4","3","4","Suprabasal epithelial"
"GTGGCGGGCCGTAGCT-1","Visium",3867,1949,1482,1050,"7","3","2","3","Suprabasal epithelial"
"GTGGCGGTCCCAGCGT-1","Visium",952,609,1022,594,"0","0","0","0","Basal epithelium"
"GTGGCGTGCACCAGAG-1","Visium",1536,1022,1402,996,"10","10","4","10","Reticular stroma"
"GTGGCTGTTTCTGTTC-1","Visium",1092,700,1105,679,"1","1","0","1","Basal epithelium"
"GTGGGAACAAACCGGG-1","Visium",379,289,790,304,"1","1","0","1","Basal epithelium"
"GTGGGAAGACTGAATC-1","Visium",712,496,908,488,"0","0","0","0","Basal epithelium"
"GTGGGCTTAGACACAC-1","Visium",49094,7746,1055,512,"11","11","8","11","Inflamed epithelium"
"GTGGGTACTGAGCGTA-1","Visium",828,550,950,532,"0","0","0","0","Basal epithelium"
"GTGGGTCTTCTTTGCG-1","Visium",1526,926,1386,901,"4","3","2","3","Suprabasal epithelial"
"GTGGTATAGTCTGCCG-1","Visium",651,457,883,450,"1","0","0","0","Basal epithelium"
"GTGGTCAGCGAAGTAT-1","Visium",33796,7621,1409,1036,"6","5","4","5","Basal epithelium"
"GTGGTGATGGTTTGTG-1","Visium",641,447,894,441,"1","1","0","1","Basal epithelium"
"GTGGTGGCCAAGTGAA-1","Visium",1163,736,1147,715,"1","1","0","1","Basal epithelium"
"GTGGTTACTTCTTTCG-1","Visium",1368,897,1301,874,"8","6","5","6","Immune stroma"
"GTGGTTTCCGCCTTTC-1","Visium",1199,744,1174,719,"0","0","0","0","Basal epithelium"
"GTGTACCTTGGCTACG-1","Visium",3117,1778,1859,1455,"2","2","1","2","Reticular stroma"
"GTGTACGAACCGTTCC-1","Visium",834,582,954,573,"0","0","0","0","Basal epithelium"
"GTGTATATCAGCGGGC-1","Visium",1076,699,1097,691,"1","1","0","1","Basal epithelium"
"GTGTATGACTTTAAAG-1","Visium",2666,1471,1774,1347,"4","3","2","3","Suprabasal epithelial"
"GTGTCAGTGTACGTGG-1","Visium",566,409,946,407,"0","0","0","0","Basal epithelium"
"GTGTCCGATAAGGCAT-1","Visium",3213,1880,1919,1565,"10","10","4","10","Reticular stroma"
"GTGTCGTATAGCGTTC-1","Visium",757,520,925,507,"1","0","0","0","Basal epithelium"
"GTGTCGTATTCACCTT-1","Visium",1666,981,1353,861,"5","2","1","2","Reticular stroma"
"GTGTGAATAACTTAGG-1","Visium",2079,1235,1570,1181,"8","6","5","6","Immune stroma"
"GTGTGAGCCGAGGTGC-1","Visium",1683,999,1467,978,"4","3","2","3","Suprabasal epithelial"
"GTGTGTCGACGTCGCT-1","Visium",630,436,899,430,"1","1","0","1","Basal epithelium"
"GTGTTACTATGCGTCC-1","Visium",1885,1075,1533,1047,"1","1","0","1","Basal epithelium"
"GTTAAAGTAGGACTGG-1","Visium",852,559,977,552,"1","1","0","1","Basal epithelium"
"GTTAACATCACTTAAA-1","Visium",937,638,1004,621,"1","1","0","1","Basal epithelium"
"GTTAACTATGTTGTCA-1","Visium",1048,683,1073,666,"1","1","0","1","Basal epithelium"
"GTTAAGGGTGCGATGT-1","Visium",765,536,920,523,"0","0","0","0","Basal epithelium"
"GTTAAGTTAGAGTGGG-1","Visium",676,476,897,472,"1","1","0","1","Basal epithelium"
"GTTAATAGCGTCATTA-1","Visium",1021,644,1067,631,"1","1","0","1","Basal epithelium"
"GTTAATGTCTATCTTA-1","Visium",3532,1700,1649,1153,"3","4","3","4","Suprabasal epithelial"
"GTTACAATTGGTGACG-1","Visium",5622,2007,1167,484,"3","4","3","4","Suprabasal epithelial"
"GTTACCAAGGCGTACG-1","Visium",942,612,1012,593,"1","1","0","1","Basal epithelium"
"GTTACCTACAACTTGC-1","Visium",1087,691,1099,670,"0","0","0","0","Basal epithelium"
"GTTACGAAATCCACGC-1","Visium",2133,1179,1573,1128,"4","3","2","3","Suprabasal epithelial"
"GTTACGGCCCGACTGC-1","Visium",2525,1403,1734,1300,"4","3","2","3","Suprabasal epithelial"
"GTTACTTTGGGCCTAG-1","Visium",1645,953,1426,916,"9","8","6","8","Inflamed epithelium"
"GTTAGAGTGTGCCGCT-1","Visium",32287,7499,1279,933,"6","5","4","5","Basal epithelium"
"GTTAGCCCATGACATC-1","Visium",1148,746,1137,726,"1","1","0","1","Basal epithelium"
"GTTAGCCGTAAATCAA-1","Visium",1181,793,1162,774,"8","6","5","6","Immune stroma"
"GTTAGGCTACCCGTTT-1","Visium",786,534,947,528,"0","0","0","0","Basal epithelium"
"GTTATAATACGGTGAA-1","Visium",801,533,952,521,"1","1","0","1","Basal epithelium"
"GTTATATCAGGAGCCA-1","Visium",3713,2209,1767,1424,"8","6","5","6","Immune stroma"
"GTTATATTATCTCCCT-1","Visium",977,659,1028,641,"1","1","0","1","Basal epithelium"
"GTTATCAAGCTATCGA-1","Visium",1052,676,1072,657,"1","1","0","1","Basal epithelium"
"GTTATCACCTTCTGAA-1","Visium",8848,3250,1308,798,"7","3","2","3","Suprabasal epithelial"
"GTTATTAAATACGACC-1","Visium",8493,3499,1378,949,"10","10","4","10","Reticular stroma"
"GTTATTAACGTGGGAG-1","Visium",2873,1484,1781,1298,"3","4","3","4","Suprabasal epithelial"
"GTTCAAATCAGATGTC-1","Visium",2251,1176,1610,1132,"3","4","3","4","Suprabasal epithelial"
"GTTCAATCTATGTCAA-1","Visium",38459,6668,1160,540,"12","9","7","9","Suprabasal epithelial"
"GTTCACAGGAGTCTAG-1","Visium",81817,9324,1066,558,"11","11","8","11","Inflamed epithelium"
"GTTCAGTCGCCAAATG-1","Visium",625,434,900,422,"1","1","0","1","Basal epithelium"
"GTTCATCGTTTGGCTG-1","Visium",1171,781,1151,755,"0","0","0","0","Basal epithelium"
"GTTCCAAGACAGCGAC-1","Visium",1858,1070,1510,1034,"4","3","2","3","Suprabasal epithelial"
"GTTCCAGTCTGACCAT-1","Visium",12942,5075,1371,1073,"6","5","4","5","Basal epithelium"
"GTTCCCGTAAACATAT-1","Visium",780,538,936,526,"1","1","0","1","Basal epithelium"
"GTTCCGTCCGCCTGCA-1","Visium",760,546,906,530,"0","0","0","0","Basal epithelium"
"GTTCGACAATTGTATA-1","Visium",650,454,877,447,"0","0","0","0","Basal epithelium"
"GTTCGCCATAAGTGCC-1","Visium",7807,2905,1266,681,"2","2","1","2","Reticular stroma"
"GTTCGCTGAGACGTCT-1","Visium",807,542,957,529,"1","1","0","1","Basal epithelium"
"GTTCGGAGCACTCAAC-1","Visium",817,563,949,545,"1","1","0","1","Basal epithelium"
"GTTCGGATCGGGAACA-1","Visium",869,584,980,571,"1","0","0","0","Basal epithelium"
"GTTCGGGCGTACCATT-1","Visium",1209,832,1185,809,"8","6","5","6","Immune stroma"
"GTTCGGTGTGGATTTA-1","Visium",1771,1009,1496,982,"4","3","2","3","Suprabasal epithelial"
"GTTCGTCTAAAGAACT-1","Visium",873,585,975,576,"1","1","0","1","Basal epithelium"
"GTTCGTCTGGGTCCCT-1","Visium",2242,1428,1653,1321,"8","6","5","6","Immune stroma"
"GTTCGTTGCGGACCAG-1","Visium",1911,1114,1542,1081,"4","3","2","3","Suprabasal epithelial"
"GTTCTTCCCTCGATGT-1","Visium",42076,8217,1309,919,"6","5","4","5","Basal epithelium"
"GTTCTTGTAACTCAAT-1","Visium",721,487,905,470,"0","0","0","0","Basal epithelium"
"GTTGAACCGGTTCCAT-1","Visium",1626,956,1419,925,"0","0","0","0","Basal epithelium"
"GTTGAGTCCCGCCGGT-1","Visium",1040,667,1070,651,"1","1","0","1","Basal epithelium"
"GTTGCACGGAGTTTCG-1","Visium",2673,1481,1778,1335,"2","2","1","2","Reticular stroma"
"GTTGCAGTCGACAACA-1","Visium",538,394,942,389,"1","1","0","1","Basal epithelium"
"GTTGCCCTAACGGGTG-1","Visium",623,450,866,440,"0","0","0","0","Basal epithelium"
"GTTGCGCTAACATTAC-1","Visium",977,632,1037,618,"0","0","0","0","Basal epithelium"
"GTTGCGGACGGTCAGG-1","Visium",719,497,908,483,"1","1","0","1","Basal epithelium"
"GTTGGACCGCATCAGG-1","Visium",1735,1137,1498,1088,"8","6","5","6","Immune stroma"
"GTTGGATTCAGTGGCT-1","Visium",2694,1606,1815,1419,"2","2","1","2","Reticular stroma"
"GTTGGATTGAGAACAC-1","Visium",1943,1220,1566,1170,"8","6","5","6","Immune stroma"
"GTTGGATTTGCGTTGG-1","Visium",4951,2429,1043,617,"2","2","1","2","Reticular stroma"
"GTTGGTCATGCTATCC-1","Visium",1518,929,1380,904,"0","0","0","0","Basal epithelium"
"GTTGTAGATTTATGAG-1","Visium",754,504,934,491,"0","0","0","0","Basal epithelium"
"GTTGTCGTGTTAGTTG-1","Visium",87733,8534,1205,559,"12","9","7","9","Suprabasal epithelial"
"GTTGTTACATTGCGCT-1","Visium",1373,844,1253,776,"5","2","1","2","Reticular stroma"
"GTTGTTGCAAGATGGC-1","Visium",755,473,949,458,"1","1","0","1","Basal epithelium"
"GTTTACGTTCCATCTG-1","Visium",1109,708,1107,684,"0","0","0","0","Basal epithelium"
"GTTTATGGGATTTAGA-1","Visium",3078,1568,1787,1304,"3","4","3","4","Suprabasal epithelial"
"GTTTCAAACGAGTTGT-1","Visium",707,478,914,465,"1","1","0","1","Basal epithelium"
"GTTTCATATCGTCGCT-1","Visium",1401,819,1313,803,"0","0","0","0","Basal epithelium"
"GTTTCCTGGAGGGTGA-1","Visium",5874,2468,1175,548,"2","7","1","7","Immune stroma"
"GTTTCTAGAGGCGCGG-1","Visium",856,550,981,540,"1","1","0","1","Basal epithelium"
"GTTTCTGCAGTCTCCC-1","Visium",2460,1270,1699,1200,"9","8","6","8","Inflamed epithelium"
"GTTTCTTGTTAGAGCT-1","Visium",932,597,1011,583,"0","0","0","0","Basal epithelium"
"GTTTGACCAAATCCTA-1","Visium",4169,1895,1258,688,"2","7","1","7","Immune stroma"
"GTTTGAGCGGTTATGT-1","Visium",2063,1149,1559,1102,"4","3","2","3","Suprabasal epithelial"
"GTTTGGCCCAAGTTAT-1","Visium",1425,860,1330,843,"1","1","0","1","Basal epithelium"
"GTTTGGCCGCTCAGCG-1","Visium",3786,1832,1547,1079,"4","3","2","3","Suprabasal epithelial"
"GTTTGGCGTCAGGCAC-1","Visium",1375,902,1295,871,"1","1","0","1","Basal epithelium"
"GTTTGGGCTTGTGAGC-1","Visium",845,563,967,550,"0","0","0","0","Basal epithelium"
"GTTTGGGTTTCGCCCG-1","Visium",853,565,976,554,"1","1","0","1","Basal epithelium"
"GTTTGGTAGGGTCAAC-1","Visium",924,614,1001,595,"0","0","0","0","Basal epithelium"
"GTTTGGTGATCGGTGC-1","Visium",629,435,896,428,"0","0","0","0","Basal epithelium"
"GTTTGTTAGCCAAGTA-1","Visium",882,605,978,591,"0","0","0","0","Basal epithelium"
"TAAACCCAGGAGGGCA-1","Visium",812,548,954,537,"0","0","0","0","Basal epithelium"
"TAAACGTCGTCAATGA-1","Visium",2419,1316,1693,1245,"1","1","0","1","Basal epithelium"
"TAAAGACAACCCTTTA-1","Visium",886,571,994,562,"1","1","0","1","Basal epithelium"
"TAAAGAGCCCGAAACC-1","Visium",5255,2340,1080,597,"7","3","2","3","Suprabasal epithelial"
"TAAAGCGGTATTTCCA-1","Visium",676,480,884,470,"0","0","0","0","Basal epithelium"
"TAAAGCGTTAGGAGAA-1","Visium",1268,838,1198,781,"0","0","0","0","Basal epithelium"
"TAAAGCTGCAATAGGG-1","Visium",1519,982,1379,938,"5","2","1","2","Reticular stroma"
"TAAAGGAGAAACTAGT-1","Visium",3526,1825,1785,1344,"7","3","2","3","Suprabasal epithelial"
"TAAAGTGCACGTCTCG-1","Visium",637,435,890,426,"0","0","0","0","Basal epithelium"
"TAAATCTTTACACCTC-1","Visium",2079,1371,1608,1303,"8","6","5","6","Immune stroma"
"TAAATGAATCCGTTTC-1","Visium",8881,3079,1258,709,"3","4","3","4","Suprabasal epithelial"
"TAAATGCCGTCTCATG-1","Visium",3267,1982,1925,1572,"2","2","1","2","Reticular stroma"
"TAAATGGGCTACTGAG-1","Visium",914,574,1008,561,"1","1","0","1","Basal epithelium"
"TAAATTGTGGGTAAAG-1","Visium",782,515,946,506,"0","0","0","0","Basal epithelium"
"TAAATTTAGTAACACC-1","Visium",598,427,890,420,"0","0","0","0","Basal epithelium"
"TAACAAAGGGAGAAGC-1","Visium",9570,3160,1274,691,"7","3","2","3","Suprabasal epithelial"
"TAACAATATTTGTTGC-1","Visium",3553,1674,1693,1177,"3","4","3","4","Suprabasal epithelial"
"TAACAGCGTTTGTGCT-1","Visium",670,466,878,453,"0","0","0","0","Basal epithelium"
"TAACAGGTTCCCTTAG-1","Visium",661,452,897,445,"0","0","0","0","Basal epithelium"
"TAACATACAATGTGGG-1","Visium",4868,1949,1071,478,"9","8","6","8","Inflamed epithelium"
"TAACATACACGCGATC-1","Visium",889,613,979,601,"0","0","0","0","Basal epithelium"
"TAACCGCCCGCAGTGC-1","Visium",6225,2556,1188,678,"7","3","2","3","Suprabasal epithelial"
"TAACCGTCCAGTTCAT-1","Visium",2152,1229,1602,1183,"4","3","2","3","Suprabasal epithelial"
"TAACCTACCGTCCGAG-1","Visium",1297,866,1251,841,"8","6","5","6","Immune stroma"
"TAACCTAGGGAGTCCA-1","Visium",796,514,967,506,"1","1","0","1","Basal epithelium"
"TAACGCTTTGAGAGCG-1","Visium",15185,3331,1386,457,"11","11","8","11","Inflamed epithelium"
"TAACTATCGAAGGTCC-1","Visium",42740,4308,1631,449,"12","9","7","9","Suprabasal epithelial"
"TAACTATTACGCCAAA-1","Visium",1481,1020,1369,987,"8","6","5","6","Immune stroma"
"TAACTCATCCGCGCGG-1","Visium",1468,897,1355,878,"1","1","0","1","Basal epithelium"
"TAACTCCATGGAGGCT-1","Visium",3636,1770,1624,1146,"3","4","3","4","Suprabasal epithelial"
"TAACTGAAATACGCCT-1","Visium",726,474,926,463,"1","1","0","1","Basal epithelium"
"TAAGAGGGACAGGGAC-1","Visium",679,485,875,471,"0","0","0","0","Basal epithelium"
"TAAGATTTAGCGGGAG-1","Visium",2002,1135,1575,1111,"4","3","2","3","Suprabasal epithelial"
"TAAGCAGGCGACACGC-1","Visium",2220,1099,1597,1053,"3","4","3","4","Suprabasal epithelial"
"TAAGCCCTTACGACCA-1","Visium",2014,1306,1568,1194,"2","2","1","2","Reticular stroma"
"TAAGCGCGAATCAAAT-1","Visium",509,369,920,364,"0","0","0","0","Basal epithelium"
"TAAGGAACTTGTGGGA-1","Visium",10119,3287,1348,778,"7","9","7","9","Suprabasal epithelial"
"TAAGGCAACATAAGAT-1","Visium",2551,1493,1765,1358,"2","2","1","2","Reticular stroma"
"TAAGGCATAACATCAA-1","Visium",816,538,954,523,"0","0","0","0","Basal epithelium"
"TAAGGCCCGTCACCCT-1","Visium",829,573,944,555,"0","0","0","0","Basal epithelium"
"TAAGGCTGAATCCCTC-1","Visium",958,639,1025,622,"1","0","0","0","Basal epithelium"
"TAAGGGCCTGTCCGAT-1","Visium",1028,652,1058,632,"1","1","0","1","Basal epithelium"
"TAAGGGCTGGGAGAGG-1","Visium",2001,1022,1536,1000,"3","4","3","4","Suprabasal epithelial"
"TAAGTAAATGTGCCGC-1","Visium",4731,2598,979,653,"10","10","4","10","Reticular stroma"
"TAAGTAACATCTTGAC-1","Visium",1066,706,1078,685,"0","0","0","0","Basal epithelium"
"TAAGTCGCCGAGTATC-1","Visium",1087,727,1092,705,"0","0","0","0","Basal epithelium"
"TAAGTCGGTGAGCTAG-1","Visium",561,387,953,384,"1","1","0","1","Basal epithelium"
"TAAGTGAATAGTCTAC-1","Visium",586,409,899,409,"0","0","0","0","Basal epithelium"
"TAAGTTGCGACGTAGG-1","Visium",928,608,1011,599,"1","1","0","1","Basal epithelium"
"TAATAAACAAGGAGAT-1","Visium",1594,1023,1406,963,"2","2","1","2","Reticular stroma"
"TAATACACAGTAGTAT-1","Visium",2407,1446,1719,1337,"5","2","1","2","Reticular stroma"
"TAATACTAGAACAGAC-1","Visium",898,605,978,582,"0","0","0","0","Basal epithelium"
"TAATAGAACAGAGTTA-1","Visium",1053,704,1074,683,"0","0","0","0","Basal epithelium"
"TAATAGCTAAATGATG-1","Visium",1022,663,1061,650,"1","1","0","1","Basal epithelium"
"TAATAGGTCACCAGAA-1","Visium",769,530,937,520,"0","0","0","0","Basal epithelium"
"TAATAGTGACGACCAG-1","Visium",2539,1462,1637,1209,"5","2","1","2","Reticular stroma"
"TAATATTGAAATTCGC-1","Visium",66326,9494,1271,910,"6","5","4","5","Basal epithelium"
"TAATCAACCAAATGGG-1","Visium",494,352,895,350,"1","1","0","1","Basal epithelium"
"TAATCAGGAATGCTGC-1","Visium",1424,939,1336,911,"1","1","0","1","Basal epithelium"
"TAATCGATCCGTACGT-1","Visium",2888,1844,1901,1587,"2","2","1","2","Reticular stroma"
"TAATGAAAGACCCTTG-1","Visium",4085,1844,1242,737,"3","4","3","4","Suprabasal epithelial"
"TAATGTCGGTTCATGG-1","Visium",451,327,840,334,"0","0","0","0","Basal epithelium"
"TAATTACGTCAGTAGA-1","Visium",794,540,941,527,"1","1","0","1","Basal epithelium"
"TAATTAGATGGATATG-1","Visium",2622,1352,1733,1254,"4","3","2","3","Suprabasal epithelial"
"TAATTAGGACATCCGT-1","Visium",1241,799,1217,784,"1","1","0","1","Basal epithelium"
"TAATTCCAATGCTTCA-1","Visium",941,621,1015,607,"1","1","0","1","Basal epithelium"
"TAATTGCGCTGATTAC-1","Visium",637,431,875,423,"0","0","0","0","Basal epithelium"
"TAATTGGAATCGGGAA-1","Visium",1698,1107,1456,1038,"2","2","1","2","Reticular stroma"
"TAATTTCCGTCCAGTA-1","Visium",887,587,986,572,"0","0","0","0","Basal epithelium"
"TACAAATTGCGGAGGT-1","Visium",3867,2067,1520,1133,"7","3","2","3","Suprabasal epithelial"
"TACAACAGCGCATACA-1","Visium",994,658,1039,639,"1","1","0","1","Basal epithelium"
"TACAACGCACAACTCA-1","Visium",2142,1164,1578,1103,"9","8","6","8","Inflamed epithelium"
"TACAAGCTGTTCACTG-1","Visium",3070,1629,1832,1375,"4","3","2","3","Suprabasal epithelial"
"TACAAGGGCTTCTTTA-1","Visium",1077,704,1095,693,"0","0","0","0","Basal epithelium"
"TACAAGTCTCGTGCAT-1","Visium",19693,4858,1184,583,"3","4","3","4","Suprabasal epithelial"
"TACAATGAAACCAGCA-1","Visium",2282,1264,1651,1205,"4","3","2","3","Suprabasal epithelial"
"TACACAGCCGTGGTGC-1","Visium",798,518,958,507,"0","0","0","0","Basal epithelium"
"TACACCGTCGTTAGTC-1","Visium",37225,8293,1802,1287,"8","6","5","6","Immune stroma"
"TACACCTCTTCGAATC-1","Visium",1141,714,1137,693,"0","0","0","0","Basal epithelium"
"TACAGAAACGGTGGGC-1","Visium",660,465,883,459,"1","1","0","1","Basal epithelium"
"TACATAGGCATACACC-1","Visium",3164,1539,1791,1264,"9","8","6","8","Inflamed epithelium"
"TACATCCCTATCCCTG-1","Visium",989,654,1037,639,"0","0","0","0","Basal epithelium"
"TACATCTTGTTTCTTG-1","Visium",251,193,676,228,"1","1","0","1","Basal epithelium"
"TACATGACCTTATCCG-1","Visium",2492,1329,1715,1245,"3","4","3","4","Suprabasal epithelial"
"TACATGCCGGAATTGT-1","Visium",753,521,917,512,"1","1","0","1","Basal epithelium"
"TACATTTCTAACGTGC-1","Visium",4216,1802,1166,598,"9","8","6","8","Inflamed epithelium"
"TACCAAATAGCCCAGA-1","Visium",873,579,971,560,"1","1","0","1","Basal epithelium"
"TACCAATAAAGTACCA-1","Visium",1087,700,1102,684,"1","0","0","0","Basal epithelium"
"TACCAGAAGTAGGTTC-1","Visium",992,637,1048,624,"1","1","0","1","Basal epithelium"
"TACCAGCTAGGTTTAA-1","Visium",24266,6666,1306,954,"6","5","4","5","Basal epithelium"
"TACCAGGAATCCCGTC-1","Visium",624,435,888,429,"0","0","0","0","Basal epithelium"
"TACCATGTATTGATTT-1","Visium",690,470,896,460,"1","1","0","1","Basal epithelium"
"TACCCTCGGTAACCCT-1","Visium",1167,716,1156,698,"1","1","0","1","Basal epithelium"
"TACCGAATAATTGTAA-1","Visium",1016,687,1053,673,"0","0","0","0","Basal epithelium"
"TACCGATCCAACACTT-1","Visium",1256,747,1224,727,"4","3","2","3","Suprabasal epithelial"
"TACCGCGGACTTGCAG-1","Visium",1285,810,1242,785,"1","1","0","1","Basal epithelium"
"TACCGGCTCACTGCCC-1","Visium",1080,715,1087,694,"0","0","0","0","Basal epithelium"
"TACCGGTCGTTTCCAT-1","Visium",58,56,498,170,"0","0","0","0","Basal epithelium"
"TACCGTAGGTTAACTA-1","Visium",927,625,1002,608,"0","0","0","0","Basal epithelium"
"TACCGTGCCTCGGACC-1","Visium",917,624,987,603,"0","0","0","0","Basal epithelium"
"TACCTACTCCCAGTAT-1","Visium",1392,879,1311,856,"0","0","0","0","Basal epithelium"
"TACCTATCCCTAGAGG-1","Visium",720,498,902,491,"0","0","0","0","Basal epithelium"
"TACCTCACCAATTGTA-1","Visium",1151,732,1146,718,"1","1","0","1","Basal epithelium"
"TACCTCACGCTTGTAC-1","Visium",7587,3605,1315,996,"6","5","4","5","Basal epithelium"
"TACCTCAGTTGTCTGT-1","Visium",698,495,880,479,"0","0","0","0","Basal epithelium"
"TACCTCCACACCAATG-1","Visium",754,513,929,505,"0","0","0","0","Basal epithelium"
"TACCTCTTTACCATCC-1","Visium",1250,764,1219,743,"1","1","0","1","Basal epithelium"
"TACCTGCTGCACTGTG-1","Visium",6848,2691,1201,680,"3","4","3","4","Suprabasal epithelial"
"TACCTTAAGATTTCCC-1","Visium",1187,762,1166,742,"0","0","0","0","Basal epithelium"
"TACGAACACGACTTCA-1","Visium",4390,2152,1030,553,"2","7","1","7","Immune stroma"
"TACGACGCTTGCTGCG-1","Visium",1187,738,1171,723,"0","0","0","0","Basal epithelium"
"TACGACTGCCTCTTAG-1","Visium",1235,756,1206,734,"0","0","0","0","Basal epithelium"
"TACGAGAACTTCACGT-1","Visium",61215,9004,1149,686,"11","11","8","11","Inflamed epithelium"
"TACGATCCAAGCCACT-1","Visium",1806,1149,1538,1114,"0","0","0","0","Basal epithelium"
"TACGATGTTGATCATC-1","Visium",102106,8320,1123,367,"11","11","8","11","Inflamed epithelium"
"TACGCAGTTCTTTCCT-1","Visium",2151,1177,1579,1116,"9","8","6","8","Inflamed epithelium"
"TACGCCATATTCTAAT-1","Visium",2938,1476,1797,1297,"9","8","6","8","Inflamed epithelium"
"TACGCCGAGGGTACCC-1","Visium",888,629,970,618,"0","0","0","0","Basal epithelium"
"TACGCCGCCTCAGAAG-1","Visium",713,477,913,466,"0","0","0","0","Basal epithelium"
"TACGCCTCCATTCCGA-1","Visium",1241,769,1222,757,"0","0","0","0","Basal epithelium"
"TACGCTATAGAAACCT-1","Visium",1139,753,1133,737,"0","0","0","0","Basal epithelium"
"TACGCTCCTAGAACTG-1","Visium",737,513,905,499,"0","0","0","0","Basal epithelium"
"TACGCTCGGTATTGGA-1","Visium",721,491,915,483,"1","1","0","1","Basal epithelium"
"TACGCTGATAGTTGTA-1","Visium",697,484,895,473,"0","0","0","0","Basal epithelium"
"TACGCTGCACGGTCGT-1","Visium",1058,668,1076,648,"1","1","0","1","Basal epithelium"
"TACGCTGCTGTGTTAA-1","Visium",892,583,988,565,"0","0","0","0","Basal epithelium"
"TACGGAAGCCAAACCA-1","Visium",868,568,978,551,"0","0","0","0","Basal epithelium"
"TACGGCATGGACGCTA-1","Visium",862,548,973,530,"1","1","0","1","Basal epithelium"
"TACGGGATGCTAGCAG-1","Visium",2585,1527,1780,1372,"2","2","1","2","Reticular stroma"
"TACGGGTAATAACATA-1","Visium",847,581,960,571,"0","0","0","0","Basal epithelium"
"TACGTAAAGCGGAGTG-1","Visium",640,460,880,447,"1","1","0","1","Basal epithelium"
"TACGTACTAGTGCTGA-1","Visium",692,479,888,463,"0","0","0","0","Basal epithelium"
"TACGTGCAAGGTTCCT-1","Visium",799,526,964,513,"1","1","0","1","Basal epithelium"
"TACGTGCACTATGCTG-1","Visium",5881,2359,1133,601,"3","4","3","4","Suprabasal epithelial"
"TACGTGGGCCCAGGGC-1","Visium",671,479,878,469,"0","0","0","0","Basal epithelium"
"TACGTTTACCGGCAAT-1","Visium",1426,849,1328,827,"0","0","0","0","Basal epithelium"
"TACTACGTGCAATGCG-1","Visium",787,532,944,523,"0","0","0","0","Basal epithelium"
"TACTATGGTTCCTCAG-1","Visium",791,550,936,531,"0","0","0","0","Basal epithelium"
"TACTCACAACGTAGTA-1","Visium",2662,1415,1754,1291,"4","3","2","3","Suprabasal epithelial"
"TACTCATTGACGCATC-1","Visium",1068,671,1091,659,"1","1","0","1","Basal epithelium"
"TACTCCTCTAGTTGAC-1","Visium",872,599,975,586,"0","0","0","0","Basal epithelium"
"TACTCGGCACGCCGGG-1","Visium",1351,787,1278,767,"3","4","3","4","Suprabasal epithelial"
"TACTCGTTTGAATCAA-1","Visium",982,645,1034,629,"1","1","0","1","Basal epithelium"
"TACTCTCCGAACAAAT-1","Visium",4676,2531,978,581,"2","7","1","7","Immune stroma"
"TACTCTTACTTTACTG-1","Visium",776,530,943,522,"1","1","0","1","Basal epithelium"
"TACTCTTTCGTCTTCA-1","Visium",865,589,964,569,"0","0","0","0","Basal epithelium"
"TACTGAACAGATTTAG-1","Visium",735,506,911,493,"0","0","0","0","Basal epithelium"
"TACTGAGGGAAGAAAG-1","Visium",645,439,882,428,"0","0","0","0","Basal epithelium"
"TACTGCAATCAATTAC-1","Visium",2223,1389,1623,1259,"2","2","1","2","Reticular stroma"
"TACTGCATGATTAAAT-1","Visium",684,481,887,473,"1","1","0","1","Basal epithelium"
"TACTGGACAGCTCGGC-1","Visium",4064,1606,1263,642,"3","4","3","4","Suprabasal epithelial"
"TACTGTTTCTCTGGTA-1","Visium",932,602,1009,589,"1","1","0","1","Basal epithelium"
"TACTTAAACATGTACA-1","Visium",957,630,1022,614,"1","1","0","1","Basal epithelium"
"TACTTGTTAGTAGTCC-1","Visium",1684,1051,1480,1022,"9","1","6","1","Basal epithelium"
"TACTTTACTGAGCCGG-1","Visium",1409,933,1331,913,"8","6","5","6","Immune stroma"
"TACTTTCCGCACGCCA-1","Visium",1090,711,1100,695,"0","0","0","0","Basal epithelium"
"TAGAAACACAATAGTG-1","Visium",1694,973,1452,941,"1","1","0","1","Basal epithelium"
"TAGAAACCACTAAGTA-1","Visium",65723,7350,1317,620,"12","9","7","9","Suprabasal epithelial"
"TAGAAAGGTGGCGCTA-1","Visium",2504,1482,1733,1348,"5","2","1","2","Reticular stroma"
"TAGAAATTCACGTATA-1","Visium",962,613,1042,606,"3","4","3","4","Suprabasal epithelial"
"TAGAACGCCAGTAACG-1","Visium",1348,812,1280,790,"4","3","2","3","Suprabasal epithelial"
"TAGAAGAAGGGTTACA-1","Visium",750,519,917,505,"1","1","0","1","Basal epithelium"
"TAGAATAGCCGATGAA-1","Visium",736,488,926,473,"1","1","0","1","Basal epithelium"
"TAGAATTAAGGGCAAC-1","Visium",2413,1543,1761,1436,"5","2","1","2","Reticular stroma"
"TAGACGAAACGCCAAT-1","Visium",778,529,944,521,"0","0","0","0","Basal epithelium"
"TAGACGCCCGTACCGG-1","Visium",1871,1131,1535,1086,"1","1","0","1","Basal epithelium"
"TAGACTACCTAGCGTT-1","Visium",839,568,958,555,"1","1","0","1","Basal epithelium"
"TAGACTCAGTTGGCCT-1","Visium",777,525,936,513,"1","1","0","1","Basal epithelium"
"TAGAGATCATGCAACT-1","Visium",1091,711,1096,690,"0","0","0","0","Basal epithelium"
"TAGAGCTACGAAGAAC-1","Visium",56745,7481,1197,588,"12","9","7","9","Suprabasal epithelial"
"TAGAGGGAGTTTATCT-1","Visium",731,483,927,470,"1","1","0","1","Basal epithelium"
"TAGAGGTTCTACTTGT-1","Visium",1140,728,1134,710,"1","1","0","1","Basal epithelium"
"TAGAGTCTAAGCGAAC-1","Visium",2080,1224,1578,1161,"5","2","1","2","Reticular stroma"
"TAGAGTGTTCCGGGTA-1","Visium",856,573,974,565,"0","0","0","0","Basal epithelium"
"TAGATATGGACTGGAA-1","Visium",936,618,1006,599,"0","0","0","0","Basal epithelium"
"TAGATCCGAAGTCGCA-1","Visium",8145,3945,1380,1084,"6","5","4","5","Basal epithelium"
"TAGATGGTTCCTTACT-1","Visium",1081,679,1100,663,"1","1","0","1","Basal epithelium"
"TAGATTCAAAGTGCGG-1","Visium",424,300,837,311,"0","0","0","0","Basal epithelium"
"TAGATTCCTGGTTATT-1","Visium",4642,1929,1050,489,"3","4","3","4","Suprabasal epithelial"
"TAGATTCTCTAGCAAA-1","Visium",1017,658,1064,650,"1","1","0","1","Basal epithelium"
"TAGCAACCTGTCACAA-1","Visium",5526,2357,1093,599,"3","4","3","4","Suprabasal epithelial"
"TAGCAGATACTTAGGG-1","Visium",878,589,982,574,"1","1","0","1","Basal epithelium"
"TAGCAGTAAATACGCG-1","Visium",1222,803,1195,777,"1","1","0","1","Basal epithelium"
"TAGCAGTATGACTAAA-1","Visium",1004,654,1046,636,"1","1","0","1","Basal epithelium"
"TAGCCAGAGGGTCCGG-1","Visium",1840,1079,1537,1057,"4","3","2","3","Suprabasal epithelial"
"TAGCCATGATTGCCTA-1","Visium",957,645,1019,630,"0","0","0","0","Basal epithelium"
"TAGCCATTTCAAAGTC-1","Visium",1255,830,1223,809,"1","1","0","1","Basal epithelium"
"TAGCCGGCGGTCAGCG-1","Visium",1576,1003,1404,967,"8","6","5","6","Immune stroma"
"TAGCGTCCCTCGATTG-1","Visium",882,588,988,572,"1","1","0","1","Basal epithelium"
"TAGCGTCCGGTGTGGT-1","Visium",766,526,925,514,"0","0","0","0","Basal epithelium"
"TAGCGTCGAATATTGA-1","Visium",1172,703,1161,687,"3","4","3","4","Suprabasal epithelial"
"TAGCGTTGGGTCTTAC-1","Visium",6771,2516,1183,579,"9","8","6","8","Inflamed epithelium"
"TAGCTAAGTCCGGGAG-1","Visium",2351,1304,1666,1218,"2","2","1","2","Reticular stroma"
"TAGCTAGAAGGCATGA-1","Visium",841,573,951,560,"0","0","0","0","Basal epithelium"
"TAGCTAGTGATGATGG-1","Visium",496,361,895,361,"0","0","0","0","Basal epithelium"
"TAGCTCACTGTGTTTG-1","Visium",992,647,1046,634,"1","1","0","1","Basal epithelium"
"TAGCTCAGATCCTAGT-1","Visium",1167,794,1124,747,"5","2","1","2","Reticular stroma"
"TAGCTCGCCTGATAAC-1","Visium",1127,728,1125,711,"0","0","0","0","Basal epithelium"
"TAGCTGATGTGAAGCG-1","Visium",905,597,995,583,"0","0","0","0","Basal epithelium"
"TAGGAACAGCCTCCAG-1","Visium",80141,9191,1356,921,"6","5","4","5","Basal epithelium"
"TAGGAGGCTCGAGAAC-1","Visium",798,535,954,527,"1","1","0","1","Basal epithelium"
"TAGGATCTTAACCGCA-1","Visium",723,492,911,480,"1","1","0","1","Basal epithelium"
"TAGGCATGTTACGCCA-1","Visium",5207,2719,1032,612,"2","2","1","2","Reticular stroma"
"TAGGCCTATATAGTCT-1","Visium",1105,682,1114,666,"1","1","0","1","Basal epithelium"
"TAGGCGATGAGGTCTC-1","Visium",954,628,1014,610,"0","0","0","0","Basal epithelium"
"TAGGCGGCTGCAAAGA-1","Visium",655,471,866,461,"0","0","0","0","Basal epithelium"
"TAGGCTAAAGTGGCAC-1","Visium",881,590,984,576,"1","1","0","1","Basal epithelium"
"TAGGGAGCTTGGGATG-1","Visium",1062,690,1077,670,"1","1","0","1","Basal epithelium"
"TAGGGTGTTTCAAGAG-1","Visium",1795,1059,1511,1020,"5","2","1","2","Reticular stroma"
"TAGGTCCAAGTAAGGA-1","Visium",7859,2868,1243,685,"3","4","3","4","Suprabasal epithelial"
"TAGGTCGCCGGAACTG-1","Visium",1141,778,1121,750,"8","6","5","6","Immune stroma"
"TAGGTGACGATAACCT-1","Visium",874,604,970,594,"1","1","0","1","Basal epithelium"
"TAGGTGAGCCCTACTC-1","Visium",42773,5102,1418,471,"11","11","8","11","Inflamed epithelium"
"TAGGTGCTCGCCTAGC-1","Visium",1048,664,1075,648,"1","1","0","1","Basal epithelium"
"TAGGTGTTCCACAGAT-1","Visium",1026,671,1058,652,"0","0","0","0","Basal epithelium"
"TAGGTTCGAGTTCGTC-1","Visium",8349,3323,1428,775,"2","2","1","2","Reticular stroma"
"TAGGTTCTGCTGAGAA-1","Visium",608,434,884,431,"0","0","0","0","Basal epithelium"
"TAGTACCACAACTTTC-1","Visium",963,669,1018,656,"1","1","0","1","Basal epithelium"
"TAGTACCTTAGTGGTC-1","Visium",3542,1674,1685,1191,"3","4","3","4","Suprabasal epithelial"
"TAGTAGCTTATACCAG-1","Visium",737,507,914,497,"0","0","0","0","Basal epithelium"
"TAGTAGTTGCCGGACA-1","Visium",820,540,962,530,"0","0","0","0","Basal epithelium"
"TAGTCCCGGAGACCAC-1","Visium",611,426,887,419,"0","0","0","0","Basal epithelium"
"TAGTCCGCAGAGAATG-1","Visium",3781,1680,1523,974,"9","8","6","8","Inflamed epithelium"
"TAGTCCGTATGCATAA-1","Visium",2196,1225,1610,1161,"0","0","0","0","Basal epithelium"
"TAGTCCTGCACTAAGC-1","Visium",740,528,908,516,"0","0","0","0","Basal epithelium"
"TAGTCGATCACGGGTT-1","Visium",992,640,1037,617,"3","4","3","4","Suprabasal epithelial"
"TAGTCGGGATTCTTCG-1","Visium",832,548,963,536,"4","3","2","3","Suprabasal epithelial"
"TAGTCTAACAACGAGA-1","Visium",1331,796,1268,774,"3","4","3","4","Suprabasal epithelial"
"TAGTCTGCGGCACATT-1","Visium",648,474,860,466,"0","0","0","0","Basal epithelium"
"TAGTCTGTGACGTTGC-1","Visium",2842,1674,1845,1435,"2","2","1","2","Reticular stroma"
"TAGTCTTTCCGAATTG-1","Visium",1038,655,1072,641,"1","1","0","1","Basal epithelium"
"TAGTGACAAGCTCTAC-1","Visium",1134,717,1133,698,"1","1","0","1","Basal epithelium"
"TAGTGAGAAGTGGTTG-1","Visium",2031,1129,1556,1098,"4","3","2","3","Suprabasal epithelial"
"TAGTGCCCTCCAGAGT-1","Visium",2539,1403,1721,1270,"2","2","1","2","Reticular stroma"
"TAGTGCTTGAATCCTT-1","Visium",1424,855,1331,839,"4","3","2","3","Suprabasal epithelial"
"TAGTGGAACTCATACA-1","Visium",12547,4287,1259,807,"7","3","2","3","Suprabasal epithelial"
"TAGTGTCAGAAACGGC-1","Visium",2915,1469,1761,1272,"3","4","3","4","Suprabasal epithelial"
"TAGTTAAGATAGGATA-1","Visium",1050,724,1059,702,"5","2","1","2","Reticular stroma"
"TAGTTTATTCTTGCTT-1","Visium",24409,7297,1370,1078,"6","5","4","5","Basal epithelium"
"TAGTTTGATCGGTCGC-1","Visium",1029,660,1059,641,"0","0","0","0","Basal epithelium"
"TATAAATCCACAAGCT-1","Visium",28243,7220,1269,921,"6","5","4","5","Basal epithelium"
"TATAAGTGAGGATAGC-1","Visium",71412,6027,1557,554,"12","9","7","9","Suprabasal epithelial"
"TATACACAGACGCCTT-1","Visium",1159,727,1152,713,"0","0","0","0","Basal epithelium"
"TATACACGCAAAGTAT-1","Visium",9847,3352,1308,779,"7","9","7","9","Suprabasal epithelial"
"TATACCGAGTGCCACA-1","Visium",680,443,920,435,"1","1","0","1","Basal epithelium"
"TATACGCGTCATCACT-1","Visium",813,550,957,539,"0","0","0","0","Basal epithelium"
"TATACTCATGCGGCAA-1","Visium",3893,1900,1442,983,"3","4","3","4","Suprabasal epithelial"
"TATAGAGTCGCTTGAA-1","Visium",39,33,490,173,"0","0","0","0","Basal epithelium"
"TATAGATGGTCGCAGT-1","Visium",957,629,1020,614,"0","0","0","0","Basal epithelium"
"TATAGCGCACGTTATC-1","Visium",1023,677,1053,652,"0","0","0","0","Basal epithelium"
"TATAGCTATTATCTCT-1","Visium",829,546,963,536,"0","0","0","0","Basal epithelium"
"TATAGGGTACTCATGA-1","Visium",1992,1030,1536,1000,"3","4","3","4","Suprabasal epithelial"
"TATAGTTAGGTGTACT-1","Visium",625,453,887,448,"0","0","0","0","Basal epithelium"
"TATATAGGGCTTTACG-1","Visium",651,461,883,456,"0","0","0","0","Basal epithelium"
"TATATATCGAGAAATG-1","Visium",638,449,878,440,"0","0","0","0","Basal epithelium"
"TATATCAAAGTGATCT-1","Visium",613,458,869,452,"0","0","0","0","Basal epithelium"
"TATATCATTGATCAGT-1","Visium",2078,1136,1570,1108,"3","4","3","4","Suprabasal epithelial"
"TATATCCCTGGGAGGA-1","Visium",1071,721,1076,700,"1","1","0","1","Basal epithelium"
"TATATGCTGGGTTGCC-1","Visium",2478,1286,1709,1213,"3","4","3","4","Suprabasal epithelial"
"TATATTACAAATGTCG-1","Visium",2754,1693,1854,1482,"2","2","1","2","Reticular stroma"
"TATATTCGCGTCGATA-1","Visium",38885,4754,1544,532,"12","9","7","9","Suprabasal epithelial"
"TATCAAAGGTCTGTAA-1","Visium",2415,1245,1683,1173,"3","4","3","4","Suprabasal epithelial"
"TATCACAGCACGGGCA-1","Visium",6380,2593,1195,683,"7","3","2","3","Suprabasal epithelial"
"TATCACCATGTAAAGT-1","Visium",39664,7963,1353,964,"6","5","4","5","Basal epithelium"
"TATCACCCAACCGACC-1","Visium",2061,1303,1579,1204,"5","2","1","2","Reticular stroma"
"TATCACTTCGAGTAAC-1","Visium",2670,1525,1774,1325,"2","2","1","2","Reticular stroma"
"TATCAGTGGCGTAGTC-1","Visium",975,645,1035,632,"0","0","0","0","Basal epithelium"
"TATCCAATTGGTTATC-1","Visium",1116,689,1127,678,"1","1","0","1","Basal epithelium"
"TATCCATATCATGCGA-1","Visium",25241,7298,1412,1129,"6","5","4","5","Basal epithelium"
"TATCCATCTCGGTTAG-1","Visium",749,528,918,519,"0","0","0","0","Basal epithelium"
"TATCCCTCGATCTGCA-1","Visium",948,639,1014,626,"1","1","0","1","Basal epithelium"
"TATCCGCACCGTCGGG-1","Visium",697,474,894,463,"0","0","0","0","Basal epithelium"
"TATCCTATCAACTGGT-1","Visium",854,559,969,546,"1","1","0","1","Basal epithelium"
"TATCCTGCATGGGAAT-1","Visium",43787,7901,1227,795,"6","5","4","5","Basal epithelium"
"TATCGATCTATGCATA-1","Visium",2516,1561,1772,1410,"2","2","1","2","Reticular stroma"
"TATCGATGATTAAACG-1","Visium",2462,1388,1724,1285,"5","2","1","2","Reticular stroma"
"TATCTACAGAGGTAAT-1","Visium",12158,3699,1199,636,"3","4","3","4","Suprabasal epithelial"
"TATCTACCACAGCGGG-1","Visium",1882,1046,1526,1011,"9","8","6","8","Inflamed epithelium"
"TATCTAGCCTAAAGGA-1","Visium",1999,1053,1540,1021,"3","4","3","4","Suprabasal epithelial"
"TATCTGAGCCGATATT-1","Visium",1009,649,1048,629,"0","0","0","0","Basal epithelium"
"TATCTTGCAATACAAC-1","Visium",999,660,1041,642,"0","0","0","0","Basal epithelium"
"TATGAAGAATTAAGGT-1","Visium",821,553,963,547,"1","1","0","1","Basal epithelium"
"TATGAAGACAGGTGCG-1","Visium",4851,2101,1032,516,"3","4","3","4","Suprabasal epithelial"
"TATGACCTTGCGCTGG-1","Visium",910,579,1003,564,"1","1","0","1","Basal epithelium"
"TATGATAAATCTAACG-1","Visium",30316,7842,1389,1061,"6","5","4","5","Basal epithelium"
"TATGATCCGGCACGCC-1","Visium",4742,2640,1016,681,"8","6","5","6","Immune stroma"
"TATGATCTTCTCTTTA-1","Visium",1029,651,1068,639,"1","1","0","1","Basal epithelium"
"TATGATTCTGCTTGGT-1","Visium",2519,1375,1723,1279,"4","3","2","3","Suprabasal epithelial"
"TATGCTCCCTACTTAC-1","Visium",5209,2528,1056,619,"2","7","1","7","Immune stroma"
"TATGGAGTTTCTCGTT-1","Visium",2059,1150,1582,1120,"4","3","2","3","Suprabasal epithelial"
"TATGGATGTGCTACGC-1","Visium",2644,1474,1769,1331,"5","2","1","2","Reticular stroma"
"TATGGCAGACTTTCGA-1","Visium",1627,985,1442,967,"4","3","2","3","Suprabasal epithelial"
"TATGGCCCGGCCTCGC-1","Visium",29908,4224,1609,458,"11","11","8","11","Inflamed epithelium"
"TATGGCTAGGCTAATT-1","Visium",1075,698,1082,673,"1","1","0","1","Basal epithelium"
"TATGGGACCGAGCAGG-1","Visium",10175,3950,1453,862,"2","7","1","7","Immune stroma"
"TATGGGTACGTATCGT-1","Visium",7375,3247,1314,769,"2","7","1","7","Immune stroma"
"TATGGTCTGAGTAACA-1","Visium",23888,7093,1604,1081,"2","7","1","7","Immune stroma"
"TATGGTTAGTGGGAGA-1","Visium",892,597,983,578,"0","0","0","0","Basal epithelium"
"TATGTAAAGTGCTTAA-1","Visium",649,464,867,453,"0","0","0","0","Basal epithelium"
"TATGTAGAAACCCGGC-1","Visium",879,572,986,555,"0","0","0","0","Basal epithelium"
"TATGTCAAGACCGACT-1","Visium",3432,1834,1848,1361,"2","2","1","2","Reticular stroma"
"TATGTCTCATTGTGCC-1","Visium",1872,1180,1534,1118,"5","2","1","2","Reticular stroma"
"TATTAACACCAAAGCA-1","Visium",853,553,968,535,"1","1","0","1","Basal epithelium"
"TATTAACCTGACCGCG-1","Visium",807,542,953,527,"0","0","0","0","Basal epithelium"
"TATTACCATCCTGCTT-1","Visium",1331,875,1279,853,"0","0","0","0","Basal epithelium"
"TATTATGTTTGCCTGC-1","Visium",913,617,1001,604,"0","0","0","0","Basal epithelium"
"TATTCAATTCTAATCC-1","Visium",9057,3923,1413,910,"2","2","1","2","Reticular stroma"
"TATTCCACTCAGCTCG-1","Visium",919,598,1004,583,"0","0","0","0","Basal epithelium"
"TATTCCGAGCTGTTAT-1","Visium",1277,777,1239,760,"1","1","0","1","Basal epithelium"
"TATTCCGGCAGTCCTA-1","Visium",6390,2671,1189,706,"7","3","2","3","Suprabasal epithelial"
"TATTCCTCCGCCCACT-1","Visium",1305,846,1251,819,"0","0","0","0","Basal epithelium"
"TATTCGTGCCAGAATA-1","Visium",9782,3581,1484,769,"2","7","1","7","Immune stroma"
"TATTGACATTTCTGCC-1","Visium",1008,651,1052,632,"1","1","0","1","Basal epithelium"
"TATTGCCGGGCTTGTA-1","Visium",795,526,950,518,"1","1","0","1","Basal epithelium"
"TATTTAGTCTAGATCG-1","Visium",1748,1112,1505,1071,"5","2","1","2","Reticular stroma"
"TATTTATACCGAGTAG-1","Visium",1340,878,1276,846,"5","2","1","2","Reticular stroma"
"TATTTGATTTGCACAG-1","Visium",920,586,1003,568,"1","1","0","1","Basal epithelium"
"TATTTGTTACCCTTTA-1","Visium",5561,2880,1098,755,"5","2","1","2","Reticular stroma"
"TCAAACAACCGCGTCG-1","Visium",1695,1063,1467,1018,"5","2","1","2","Reticular stroma"
"TCAAACAATTAGGACA-1","Visium",1153,775,1139,752,"0","0","0","0","Basal epithelium"
"TCAAACTTAGATTGTT-1","Visium",13254,3972,1401,510,"2","7","1","7","Immune stroma"
"TCAAAGAGCTATCTGT-1","Visium",915,573,1011,560,"0","0","0","0","Basal epithelium"
"TCAAAGTCACGGCGTC-1","Visium",572,402,915,401,"0","0","0","0","Basal epithelium"
"TCAAATTATGTTCGAC-1","Visium",1119,694,1121,677,"1","1","0","1","Basal epithelium"
"TCAAATTGTTGTGCCG-1","Visium",967,644,1022,629,"0","0","0","0","Basal epithelium"
"TCAAATTTGAGACTCA-1","Visium",719,489,902,479,"0","0","0","0","Basal epithelium"
"TCAACAAAGATAATTC-1","Visium",908,632,985,613,"0","0","0","0","Basal epithelium"
"TCAACACATTGGGTAA-1","Visium",3271,1629,1787,1296,"4","3","2","3","Suprabasal epithelial"
"TCAACATAGCGCCCTA-1","Visium",758,506,932,494,"0","0","0","0","Basal epithelium"
"TCAACATCGACCGAGA-1","Visium",938,610,1008,590,"0","0","0","0","Basal epithelium"
"TCAACCATGTTCGGGC-1","Visium",4771,2425,997,558,"2","2","1","2","Reticular stroma"
"TCAACGAGGAGACAAA-1","Visium",1735,1010,1462,971,"9","8","6","8","Inflamed epithelium"
"TCAACGCAGGAAATAA-1","Visium",907,621,979,598,"0","0","0","0","Basal epithelium"
"TCAACGCGACCGGCAG-1","Visium",1079,686,1102,675,"0","0","0","0","Basal epithelium"
"TCAACTAACGTATAAC-1","Visium",4817,2063,1032,509,"3","4","3","4","Suprabasal epithelial"
"TCAACTGCAGAGTCAG-1","Visium",854,579,959,568,"1","1","0","1","Basal epithelium"
"TCAAGAAATACTAGCT-1","Visium",982,649,1025,625,"1","1","0","1","Basal epithelium"
"TCAAGCGCGGACGGTA-1","Visium",618,420,877,412,"1","1","0","1","Basal epithelium"
"TCAAGCTGCCTTGAAA-1","Visium",937,606,1014,593,"1","1","0","1","Basal epithelium"
"TCAAGGTTACTACACC-1","Visium",1081,677,1099,664,"0","0","0","0","Basal epithelium"
"TCAATACAATTGCTGC-1","Visium",1858,1039,1509,1009,"3","4","3","4","Suprabasal epithelial"
"TCAATACGCCGTCATG-1","Visium",960,635,1028,625,"0","0","0","0","Basal epithelium"
"TCAATATACAGGAGGC-1","Visium",861,575,971,565,"1","1","0","1","Basal epithelium"
"TCAATCCCGCGCCAAA-1","Visium",972,632,1031,615,"1","1","0","1","Basal epithelium"
"TCAATCCGGGAAGTTT-1","Visium",986,646,1032,625,"0","0","0","0","Basal epithelium"
"TCACAAACCGAGGTAC-1","Visium",875,560,987,547,"1","1","0","1","Basal epithelium"
"TCACAGATCCTCAAAC-1","Visium",1577,935,1384,897,"0","0","0","0","Basal epithelium"
"TCACAGCAAACTCGAA-1","Visium",789,531,942,523,"0","0","0","0","Basal epithelium"
"TCACAGGAGAATAAGA-1","Visium",662,471,852,457,"0","0","0","0","Basal epithelium"
"TCACAGGGAATCGCAA-1","Visium",1029,676,1062,659,"1","1","0","1","Basal epithelium"
"TCACAGGTTATTGGGC-1","Visium",9283,3923,1366,972,"2","7","1","7","Immune stroma"
"TCACATCTTATCTGAT-1","Visium",5313,2233,1078,555,"3","4","3","4","Suprabasal epithelial"
"TCACCCTCTTAAGATT-1","Visium",1413,863,1315,832,"0","0","0","0","Basal epithelium"
"TCACCGCTCGGCACTC-1","Visium",2308,1409,1665,1303,"8","6","5","6","Immune stroma"
"TCACGATGTCCGTGGA-1","Visium",836,586,948,573,"0","0","0","0","Basal epithelium"
"TCACGATTAATACGTT-1","Visium",855,556,971,541,"0","0","0","0","Basal epithelium"
"TCACGCATTGTAGATC-1","Visium",7890,3265,1264,801,"9","8","6","8","Inflamed epithelium"
"TCACGGCCCAAGAGAG-1","Visium",563,418,943,415,"0","0","0","0","Basal epithelium"
"TCACGGTCATCGCACA-1","Visium",20597,6569,1455,1164,"6","5","4","5","Basal epithelium"
"TCACGTGCCCGATTCA-1","Visium",8206,2634,1263,597,"9","8","6","8","Inflamed epithelium"
"TCACTACGACCAATGC-1","Visium",1535,1063,1398,1010,"5","2","1","2","Reticular stroma"
"TCACTATCCCTTCGGT-1","Visium",995,634,1050,621,"1","1","0","1","Basal epithelium"
"TCACTATCGTGCAATC-1","Visium",2489,1376,1722,1288,"4","3","2","3","Suprabasal epithelial"
"TCACTCAGCGCATTAG-1","Visium",2247,1208,1624,1158,"4","3","2","3","Suprabasal epithelial"
"TCACTCGTGCAACGGC-1","Visium",2609,1609,1808,1452,"2","2","1","2","Reticular stroma"
"TCACTCTTCGTCTGTC-1","Visium",2564,1379,1748,1295,"3","4","3","4","Suprabasal epithelial"
"TCAGAACCTCCACAGG-1","Visium",1178,815,1147,783,"8","6","5","6","Immune stroma"
"TCAGAACGGCGGTAAT-1","Visium",802,539,944,522,"0","0","0","0","Basal epithelium"
"TCAGACGCTATAGAAG-1","Visium",933,600,1017,586,"0","0","0","0","Basal epithelium"
"TCAGAGCATGTCAACG-1","Visium",536,381,935,372,"0","0","0","0","Basal epithelium"
"TCAGAGGACGCGTTAG-1","Visium",954,624,1023,615,"0","0","0","0","Basal epithelium"
"TCAGAGTGTGAGCATG-1","Visium",921,599,1016,591,"1","1","0","1","Basal epithelium"
"TCAGATGGAGACGTAG-1","Visium",1303,816,1250,790,"1","1","0","1","Basal epithelium"
"TCAGCAAATGCATCTC-1","Visium",6046,2654,1077,521,"2","7","1","7","Immune stroma"
"TCAGCAGTAGGCCCTG-1","Visium",617,453,875,448,"0","0","0","0","Basal epithelium"
"TCAGCCAATCCGTAAA-1","Visium",554,381,962,378,"1","1","0","1","Basal epithelium"
"TCAGCGCACGCCGTTT-1","Visium",916,613,998,598,"1","1","0","1","Basal epithelium"
"TCAGCTTGAGCTTTCG-1","Visium",635,426,887,418,"1","1","0","1","Basal epithelium"
"TCAGGGCGACTTCCTT-1","Visium",2600,1324,1730,1227,"3","4","3","4","Suprabasal epithelial"
"TCAGGGCGCAAACTCG-1","Visium",3138,1557,1791,1303,"3","4","3","4","Suprabasal epithelial"
"TCAGGGTGCACGAAAC-1","Visium",47825,9510,1579,1310,"6","5","4","5","Basal epithelium"
"TCAGGGTGTAACGTAA-1","Visium",5084,2505,1059,623,"2","2","1","2","Reticular stroma"
"TCAGGTTCTTTGAGAA-1","Visium",75308,10194,1311,963,"6","5","4","5","Basal epithelium"
"TCAGTACTGACCCGCG-1","Visium",55675,5782,1413,499,"11","11","8","11","Inflamed epithelium"
"TCAGTAGGGACTATAA-1","Visium",1286,776,1248,761,"9","0","0","0","Basal epithelium"
"TCAGTGTATACGTCAT-1","Visium",893,614,981,602,"0","0","0","0","Basal epithelium"
"TCAGTTACGGAATGAT-1","Visium",8668,3294,1288,795,"7","3","2","3","Suprabasal epithelial"
"TCATAAGTCCAAGAAG-1","Visium",610,418,888,407,"1","1","0","1","Basal epithelium"
"TCATACTTACAGATCC-1","Visium",4919,2136,1039,530,"3","4","3","4","Suprabasal epithelial"
"TCATATGAGCTTTGTT-1","Visium",1105,699,1114,682,"0","0","0","0","Basal epithelium"
"TCATCACTCGAGCTCG-1","Visium",3644,1697,1643,1142,"4","3","2","3","Suprabasal epithelial"
"TCATCCATCTGATCAC-1","Visium",649,447,870,431,"0","0","0","0","Basal epithelium"
"TCATCCCAGAGGGTGG-1","Visium",10393,4782,1507,1228,"6","5","4","5","Basal epithelium"
"TCATCCTCAGCTGCTT-1","Visium",1308,828,1260,808,"1","1","0","1","Basal epithelium"
"TCATCGACGACCGTCG-1","Visium",442,314,848,315,"1","1","0","1","Basal epithelium"
"TCATCGATGGTCCCAA-1","Visium",831,575,947,561,"0","0","0","0","Basal epithelium"
"TCATGAAGCGCTGCAT-1","Visium",410,318,801,328,"1","1","0","1","Basal epithelium"
"TCATGCAGGTTCTCAT-1","Visium",2244,1336,1626,1235,"2","2","1","2","Reticular stroma"
"TCATGGAGGCCTTTGT-1","Visium",1006,646,1051,628,"1","1","0","1","Basal epithelium"
"TCATTCGTATAATTTG-1","Visium",2350,1434,1695,1346,"10","10","4","10","Reticular stroma"
"TCATTTAAGTCTCCGA-1","Visium",1347,876,1288,855,"1","1","0","1","Basal epithelium"
"TCATTTAGAAGTGTGA-1","Visium",767,516,940,504,"1","1","0","1","Basal epithelium"
"TCCAACTCAGCTATCT-1","Visium",1220,796,1195,773,"0","0","0","0","Basal epithelium"
"TCCAACTTTAAATTCT-1","Visium",2821,1518,1723,1263,"5","2","1","2","Reticular stroma"
"TCCAAGCCTAGACACA-1","Visium",1192,761,1166,736,"1","1","0","1","Basal epithelium"
"TCCAATAAAGGCTACC-1","Visium",717,485,915,475,"0","0","0","0","Basal epithelium"
"TCCAATGCGTCGCCGC-1","Visium",1034,654,1063,634,"0","0","0","0","Basal epithelium"
"TCCACAATGGTTTACG-1","Visium",63260,7640,1043,394,"11","11","8","11","Inflamed epithelium"
"TCCACATCGTATATTG-1","Visium",870,588,977,571,"0","0","0","0","Basal epithelium"
"TCCACCAAGACATAGG-1","Visium",920,596,1005,584,"1","1","0","1","Basal epithelium"
"TCCACCTCTAGCCTTT-1","Visium",774,532,934,517,"0","0","0","0","Basal epithelium"
"TCCACTTTATCTAGGT-1","Visium",4157,2339,1288,919,"2","2","1","2","Reticular stroma"
"TCCAGAGCACCGGTTC-1","Visium",2225,1162,1595,1102,"9","8","6","8","Inflamed epithelium"
"TCCAGATGTACGCCAA-1","Visium",27168,7288,1730,1259,"8","6","5","6","Immune stroma"
"TCCAGCGCTATAAGCG-1","Visium",815,546,955,530,"1","1","0","1","Basal epithelium"
"TCCAGGCAGGACGATC-1","Visium",616,455,859,446,"0","0","0","0","Basal epithelium"
"TCCAGGCGAGTACGGT-1","Visium",4275,2198,1132,693,"2","7","1","7","Immune stroma"
"TCCAGGGTATATACGA-1","Visium",965,640,1028,627,"0","0","0","0","Basal epithelium"
"TCCATCAATACTAATC-1","Visium",1160,695,1153,678,"0","0","0","0","Basal epithelium"
"TCCATTAGTTGGATAG-1","Visium",1778,1043,1503,1029,"4","3","2","3","Suprabasal epithelial"
"TCCATTCCCACTAGAG-1","Visium",1101,712,1102,690,"1","1","0","1","Basal epithelium"
"TCCATTGTGACCTCGT-1","Visium",21125,6791,1482,1205,"6","5","4","5","Basal epithelium"
"TCCCAAACAGACAACG-1","Visium",1749,1221,1520,1174,"8","6","5","6","Immune stroma"
"TCCCAAACATCCTCTA-1","Visium",610,424,896,418,"0","0","0","0","Basal epithelium"
"TCCCAAAGACGAAGGA-1","Visium",2216,1318,1634,1238,"5","2","1","2","Reticular stroma"
"TCCCAAAGCCCTAAAT-1","Visium",959,609,1030,595,"0","0","0","0","Basal epithelium"
"TCCCAATATCGACGAC-1","Visium",920,593,1010,582,"1","1","0","1","Basal epithelium"
"TCCCACGGAGGGAGCT-1","Visium",4692,2272,1021,599,"7","3","2","3","Suprabasal epithelial"
"TCCCACTCTCTTCCGG-1","Visium",1153,777,1133,749,"8","6","5","6","Immune stroma"
"TCCCAGCACACGACAT-1","Visium",790,514,959,507,"1","1","0","1","Basal epithelium"
"TCCCAGCTTTAGTCTG-1","Visium",4626,2219,1005,493,"2","7","1","7","Immune stroma"
"TCCCAGGCTTAGCTAA-1","Visium",5862,2374,1182,557,"2","7","1","7","Immune stroma"
"TCCCGCCTATGTGCGT-1","Visium",925,639,995,624,"1","1","0","1","Basal epithelium"
"TCCCGCGTACTCCTGG-1","Visium",2772,1592,1824,1405,"2","2","1","2","Reticular stroma"
"TCCCGGGTGTGCTGCT-1","Visium",90925,9459,1031,520,"11","11","8","11","Inflamed epithelium"
"TCCCGGTCAGGAATTT-1","Visium",2328,1293,1666,1232,"4","3","2","3","Suprabasal epithelial"
"TCCCGTCAGTCCCGCA-1","Visium",2765,1595,1831,1402,"2","7","1","7","Immune stroma"
"TCCCGTCGCGTCATAG-1","Visium",991,668,1039,653,"8","6","5","6","Immune stroma"
"TCCCGTGTGCAATTTG-1","Visium",1135,704,1133,686,"1","1","0","1","Basal epithelium"
"TCCCTAGATCAATAGG-1","Visium",1401,944,1325,920,"8","6","5","6","Immune stroma"
"TCCCTCCGAAATCGTT-1","Visium",1590,965,1422,939,"4","3","2","3","Suprabasal epithelial"
"TCCCTCTTCTCAAGGG-1","Visium",768,504,946,495,"1","1","0","1","Basal epithelium"
"TCCCTGGCGTATTAAC-1","Visium",856,588,968,578,"0","0","0","0","Basal epithelium"
"TCCCTGGCTCGCTGGA-1","Visium",11255,3477,1214,607,"3","4","3","4","Suprabasal epithelial"
"TCCCTTAGATTACTCG-1","Visium",3353,1886,1862,1449,"2","2","1","2","Reticular stroma"
"TCCCTTGTCTGAAACT-1","Visium",888,587,982,572,"1","1","0","1","Basal epithelium"
"TCCGAACGTTGCCGCT-1","Visium",800,557,937,539,"0","0","0","0","Basal epithelium"
"TCCGAACTTGGCTTAC-1","Visium",4219,1791,1162,607,"3","4","3","4","Suprabasal epithelial"
"TCCGAAGTAGTCACCA-1","Visium",2946,1810,1894,1542,"2","2","1","2","Reticular stroma"
"TCCGAATGGTCCTGAG-1","Visium",902,629,984,614,"0","0","0","0","Basal epithelium"
"TCCGACCGCTAATCAA-1","Visium",702,487,895,479,"0","0","0","0","Basal epithelium"
"TCCGAGAAGGCTAAGC-1","Visium",3239,1671,1836,1378,"7","3","2","3","Suprabasal epithelial"
"TCCGATAATTGCCATA-1","Visium",1215,808,1180,773,"5","2","1","2","Reticular stroma"
"TCCGATGACTGAGCTC-1","Visium",3045,1702,1883,1435,"2","2","1","2","Reticular stroma"
"TCCGATGGTGCGACAT-1","Visium",3201,1719,1861,1416,"5","2","1","2","Reticular stroma"
"TCCGATTACATTGCCG-1","Visium",99445,7671,1264,461,"11","11","8","11","Inflamed epithelium"
"TCCGCAGCCACCTAGC-1","Visium",1803,1036,1499,1005,"1","1","0","1","Basal epithelium"
"TCCGCCTGTCTACAAG-1","Visium",998,633,1047,621,"0","0","0","0","Basal epithelium"
"TCCGCGGCAGCATCTG-1","Visium",1918,1181,1554,1133,"1","1","0","1","Basal epithelium"
"TCCGCGGCCCAATGAA-1","Visium",916,581,1004,567,"1","1","0","1","Basal epithelium"
"TCCGCTGGGTCGATCG-1","Visium",867,587,974,574,"0","0","0","0","Basal epithelium"
"TCCGCTGTCATCCCGG-1","Visium",963,614,1033,604,"1","1","0","1","Basal epithelium"
"TCCGCTTATCCCATTA-1","Visium",1179,759,1166,742,"0","0","0","0","Basal epithelium"
"TCCGGAGGAAGGGCTG-1","Visium",4056,2522,1474,1138,"2","2","1","2","Reticular stroma"
"TCCGGCCTAGCGTACA-1","Visium",2059,1332,1601,1263,"8","6","5","6","Immune stroma"
"TCCGGCCTGCATCGAT-1","Visium",6513,2949,1205,788,"7","3","2","3","Suprabasal epithelial"
"TCCGGCTGTCGGGTCG-1","Visium",605,427,894,420,"1","1","0","1","Basal epithelium"
"TCCGGGCCACTAACGG-1","Visium",1104,715,1102,690,"1","1","0","1","Basal epithelium"
"TCCGGGCTTGACGGGA-1","Visium",822,553,954,535,"1","1","0","1","Basal epithelium"
"TCCGGTTCGTCCGGTC-1","Visium",853,580,966,565,"0","0","0","0","Basal epithelium"
"TCCGTAACCACAATCC-1","Visium",3801,1827,1525,1051,"3","4","3","4","Suprabasal epithelial"
"TCCGTTAAGCTAATAT-1","Visium",1204,740,1189,725,"1","1","0","1","Basal epithelium"
"TCCGTTTAGCCTTGAA-1","Visium",2423,1444,1677,1308,"8","6","5","6","Immune stroma"
"TCCTAAAGATTCAGAC-1","Visium",805,561,947,550,"0","0","0","0","Basal epithelium"
"TCCTAAATTGGGAAGC-1","Visium",791,527,942,511,"0","0","0","0","Basal epithelium"
"TCCTAACCGTCGGGCA-1","Visium",518,370,920,364,"0","0","0","0","Basal epithelium"
"TCCTACATCCACGGCC-1","Visium",1193,729,1180,716,"1","1","0","1","Basal epithelium"
"TCCTAGCAAAGAAGCT-1","Visium",2178,1163,1603,1111,"9","8","6","8","Inflamed epithelium"
"TCCTATCATAGGTAAC-1","Visium",884,587,979,567,"0","0","0","0","Basal epithelium"
"TCCTCCTAAGACATTC-1","Visium",1195,758,1170,734,"0","0","0","0","Basal epithelium"
"TCCTCGGGCTGGGCTT-1","Visium",1553,941,1394,916,"1","1","0","1","Basal epithelium"
"TCCTCTACGAGATGGC-1","Visium",43288,4585,1791,536,"11","11","8","11","Inflamed epithelium"
"TCCTCTCCAGTTGTCC-1","Visium",5135,2177,1059,536,"3","4","3","4","Suprabasal epithelial"
"TCCTCTGGCCCATTAG-1","Visium",5213,2883,1073,763,"2","2","1","2","Reticular stroma"
"TCCTGCAGCCGCCAAT-1","Visium",923,609,1007,595,"1","1","0","1","Basal epithelium"
"TCCTGCCAACTGGAGA-1","Visium",3405,2041,1907,1557,"2","2","1","2","Reticular stroma"
"TCCTGCGTTGATACTC-1","Visium",1672,857,1429,840,"3","4","3","4","Suprabasal epithelial"
"TCCTGGCGCTGCCTGG-1","Visium",1746,1136,1484,1072,"5","2","1","2","Reticular stroma"
"TCCTTACGACGGTCCG-1","Visium",860,592,968,582,"1","1","0","1","Basal epithelium"
"TCCTTCAATCCCTACG-1","Visium",941,594,1025,585,"0","0","0","0","Basal epithelium"
"TCCTTCAGTGGTCGAA-1","Visium",3881,2274,1557,1238,"10","5","4","5","Basal epithelium"
"TCCTTGTCCTTTAATT-1","Visium",935,606,1019,598,"0","0","0","0","Basal epithelium"
"TCCTTTAAATCCGCTT-1","Visium",1046,657,1080,646,"1","1","0","1","Basal epithelium"
"TCCTTTCTTACGCTTA-1","Visium",7708,3088,1321,700,"2","7","1","7","Immune stroma"
"TCGAAATTTAGGACCA-1","Visium",6099,2839,1154,707,"2","7","1","7","Immune stroma"
"TCGAAGAACCGAGCAC-1","Visium",767,541,922,524,"0","0","0","0","Basal epithelium"
"TCGAATATCCCGCAGG-1","Visium",814,554,951,540,"0","0","0","0","Basal epithelium"
"TCGAATCGCAGGGTAG-1","Visium",618,435,880,424,"1","1","0","1","Basal epithelium"
"TCGACAACTGAACCCG-1","Visium",926,620,1011,613,"0","0","0","0","Basal epithelium"
"TCGACATAGCGTAGCG-1","Visium",555,406,916,403,"0","0","0","0","Basal epithelium"
"TCGACTGACGATGGCT-1","Visium",1272,780,1236,762,"1","1","0","1","Basal epithelium"
"TCGAGACCAACACCGT-1","Visium",11938,3929,1293,703,"9","8","6","8","Inflamed epithelium"
"TCGAGCCAGGCAGGCC-1","Visium",759,519,926,500,"0","0","0","0","Basal epithelium"
"TCGAGGGCAACAGACG-1","Visium",537,377,943,378,"1","1","0","1","Basal epithelium"
"TCGAGTCTACGATTCG-1","Visium",267,201,718,233,"1","1","0","1","Basal epithelium"
"TCGATAGGCTAGTCGC-1","Visium",4441,2040,1009,533,"7","3","2","3","Suprabasal epithelial"
"TCGATGTTACGGCCGT-1","Visium",706,497,887,486,"0","0","0","0","Basal epithelium"
"TCGATTTACGAAACGA-1","Visium",575,383,933,379,"1","1","0","1","Basal epithelium"
"TCGCAAAGATGCATTT-1","Visium",1258,781,1213,751,"1","1","0","1","Basal epithelium"
"TCGCACCAGGAGGCAG-1","Visium",983,602,1053,595,"1","1","0","1","Basal epithelium"
"TCGCACTAACGTTTGT-1","Visium",2304,1247,1664,1199,"4","3","2","3","Suprabasal epithelial"
"TCGCATAAAGGGCGCA-1","Visium",507,338,918,341,"1","1","0","1","Basal epithelium"
"TCGCATCCCTAAGTGT-1","Visium",4209,1955,1152,662,"4","3","2","3","Suprabasal epithelial"
"TCGCATTCAATGACTT-1","Visium",3481,1771,1758,1285,"7","3","2","3","Suprabasal epithelial"
"TCGCCACCCGGATTAC-1","Visium",766,523,922,501,"0","0","0","0","Basal epithelium"
"TCGCCCAACTGACTCC-1","Visium",2997,1915,1907,1597,"2","2","1","2","Reticular stroma"
"TCGCCCACTGCGAGAG-1","Visium",627,445,872,433,"0","0","0","0","Basal epithelium"
"TCGCCGAAGTTGCGTC-1","Visium",1250,811,1225,796,"0","0","0","0","Basal epithelium"
"TCGCCGACATATTCGC-1","Visium",965,630,1025,615,"1","1","0","1","Basal epithelium"
"TCGCCGCACCGCGTGA-1","Visium",935,616,1009,604,"0","0","0","0","Basal epithelium"
"TCGCCGGAGAGTCTTA-1","Visium",2951,1547,1806,1342,"4","3","2","3","Suprabasal epithelial"
"TCGCCGGATGGGCAAG-1","Visium",1732,960,1464,938,"3","4","3","4","Suprabasal epithelial"
"TCGCCGGTCGATCCGT-1","Visium",2775,1589,1828,1412,"5","2","1","2","Reticular stroma"
"TCGCCTCCTTCGGCTC-1","Visium",1147,728,1131,701,"1","1","0","1","Basal epithelium"
"TCGCCTCGACCTGTTG-1","Visium",2409,1302,1695,1237,"4","3","2","3","Suprabasal epithelial"
"TCGCGCGTTTACATGA-1","Visium",679,471,897,462,"0","0","0","0","Basal epithelium"
"TCGCGTAGCAGTGTCC-1","Visium",430,305,859,316,"1","1","0","1","Basal epithelium"
"TCGCGTCCAGAAGGTC-1","Visium",23127,4889,1203,482,"3","4","3","4","Suprabasal epithelial"
"TCGCTAAACCGCTATC-1","Visium",3710,2070,1731,1309,"2","2","1","2","Reticular stroma"
"TCGCTACTGGCTTTGA-1","Visium",863,598,968,584,"1","1","0","1","Basal epithelium"
"TCGCTCGATATATTCC-1","Visium",8294,3143,1366,686,"2","7","1","7","Immune stroma"
"TCGCTCGGCACCAGCG-1","Visium",1643,1126,1464,1088,"8","6","5","6","Immune stroma"
"TCGCTGCCAATGCTGT-1","Visium",790,535,936,518,"1","1","0","1","Basal epithelium"
"TCGCTGGGCGGATTGT-1","Visium",4283,2156,1159,710,"2","2","1","2","Reticular stroma"
"TCGCTGTGCGTAAATC-1","Visium",22912,4806,1315,576,"12","9","7","9","Suprabasal epithelial"
"TCGCTTAATTACGAAG-1","Visium",1467,888,1295,811,"5","2","1","2","Reticular stroma"
"TCGCTTTAAACGTTTG-1","Visium",1164,720,1106,656,"5","2","1","2","Reticular stroma"
"TCGGAATGACCATCAA-1","Visium",25202,7020,1301,973,"6","5","4","5","Basal epithelium"
"TCGGAATGCGCTCTGA-1","Visium",30449,5809,1126,478,"3","4","3","4","Suprabasal epithelial"
"TCGGACGCCCAGCCCA-1","Visium",3235,1771,1824,1414,"8","6","5","6","Immune stroma"
"TCGGAGAGTATCGGGA-1","Visium",784,535,936,523,"0","0","0","0","Basal epithelium"
"TCGGAGTACATGAGTA-1","Visium",2826,1475,1747,1237,"2","7","1","7","Immune stroma"
"TCGGAGTCCTGGTTGC-1","Visium",801,532,954,523,"0","0","0","0","Basal epithelium"
"TCGGATCTGGATGACC-1","Visium",664,452,894,439,"1","1","0","1","Basal epithelium"
"TCGGCAGGGTTAAGGG-1","Visium",686,460,899,451,"1","1","0","1","Basal epithelium"
"TCGGCGAACCCAAACC-1","Visium",829,562,946,547,"1","1","0","1","Basal epithelium"
"TCGGCGGTATTAGATT-1","Visium",1236,780,1203,755,"1","1","0","1","Basal epithelium"
"TCGGCGTACTGCACAA-1","Visium",807,537,945,517,"0","0","0","0","Basal epithelium"
"TCGGCTAACTTCCCTT-1","Visium",11094,3837,1265,766,"7","3","2","3","Suprabasal epithelial"
"TCGGCTTGTATCGACG-1","Visium",944,606,1014,590,"1","1","0","1","Basal epithelium"
"TCGGGAACGTGCCTAG-1","Visium",1066,729,1072,706,"8","6","5","6","Immune stroma"
"TCGGGAGACAGCGTAC-1","Visium",645,433,899,428,"1","1","0","1","Basal epithelium"
"TCGGGATTCAAACATA-1","Visium",1083,683,1102,668,"0","0","0","0","Basal epithelium"
"TCGGGCACTTCTGGAT-1","Visium",2734,1485,1800,1369,"4","3","2","3","Suprabasal epithelial"
"TCGGGCCGTCGTGGTA-1","Visium",1107,710,1114,693,"1","1","0","1","Basal epithelium"
"TCGGGTGAAACTGCTA-1","Visium",43410,5214,1633,581,"12","9","7","9","Suprabasal epithelial"
"TCGGTCCCGACAATAG-1","Visium",780,527,940,513,"0","0","0","0","Basal epithelium"
"TCGGTCCCTGACTCCA-1","Visium",3395,2036,1894,1551,"5","2","1","2","Reticular stroma"
"TCGGTGACCGCTCCGG-1","Visium",2239,1383,1642,1263,"2","2","1","2","Reticular stroma"
"TCGGTTAGCCATGTAG-1","Visium",8137,3666,1351,987,"10","10","4","10","Reticular stroma"
"TCGTAACTCCCAAGAC-1","Visium",912,600,992,580,"1","1","0","1","Basal epithelium"
"TCGTAAGACGACATTG-1","Visium",2243,1340,1659,1263,"5","2","1","2","Reticular stroma"
"TCGTAAGCTCCGAGGA-1","Visium",1720,1057,1461,991,"2","2","1","2","Reticular stroma"
"TCGTACCGACGTCAAG-1","Visium",635,440,882,431,"1","1","0","1","Basal epithelium"
"TCGTATAGTGCAATTA-1","Visium",21908,6146,1257,847,"6","5","4","5","Basal epithelium"
"TCGTATCACCAAGCTA-1","Visium",1588,1005,1421,979,"10","10","0","10","Reticular stroma"
"TCGTATTACCCATTGC-1","Visium",1773,966,1488,945,"3","4","3","4","Suprabasal epithelial"
"TCGTATTTCGTCCGGA-1","Visium",68728,8269,1153,605,"12","9","7","9","Suprabasal epithelial"
"TCGTCAAGTACGCGCA-1","Visium",1022,682,1049,659,"0","0","0","0","Basal epithelium"
"TCGTCACACTGTTAGC-1","Visium",4284,1938,1099,603,"3","4","3","4","Suprabasal epithelial"
"TCGTCCGCTGGCGTCT-1","Visium",64635,8331,1133,611,"12","9","7","9","Suprabasal epithelial"
"TCGTCCGGGTACACTC-1","Visium",1593,916,1371,857,"5","2","1","2","Reticular stroma"
"TCGTCTTAGGCGTTAA-1","Visium",934,610,1012,593,"1","1","0","1","Basal epithelium"
"TCGTGTACTATGGATG-1","Visium",493,357,890,352,"0","0","0","0","Basal epithelium"
"TCGTGTATTGGTCACG-1","Visium",433,322,841,327,"1","1","0","1","Basal epithelium"
"TCGTGTCACGCTGACA-1","Visium",574,420,902,412,"0","0","0","0","Basal epithelium"
"TCGTGTTCGACCACAA-1","Visium",569,409,902,401,"1","1","0","1","Basal epithelium"
"TCGTTAGGAGTCCCTA-1","Visium",904,603,992,586,"0","0","0","0","Basal epithelium"
"TCGTTCGTTATTATGT-1","Visium",52521,7970,1209,727,"12","9","7","9","Suprabasal epithelial"
"TCGTTGACAGGGTCCC-1","Visium",2351,1264,1682,1201,"3","4","3","4","Suprabasal epithelial"
"TCGTTGCTATCCGGTC-1","Visium",864,578,970,563,"0","0","0","0","Basal epithelium"
"TCGTTGGCTCGTCAAT-1","Visium",2615,1383,1745,1275,"4","3","2","3","Suprabasal epithelial"
"TCGTTTACGCGACCCT-1","Visium",1074,723,1083,702,"0","0","0","0","Basal epithelium"
"TCTAAAGAACAGTCTC-1","Visium",985,641,1042,626,"0","0","0","0","Basal epithelium"
"TCTAACCTAGCCTGCG-1","Visium",1241,757,1214,739,"1","1","0","1","Basal epithelium"
"TCTAACTGTATGTAAA-1","Visium",3149,1564,1778,1282,"3","4","3","4","Suprabasal epithelial"
"TCTAATACTGCCTCAG-1","Visium",927,629,1005,614,"0","0","0","0","Basal epithelium"
"TCTACACGTTCATGCA-1","Visium",7543,3391,1287,917,"10","10","4","10","Reticular stroma"
"TCTACCCAATAGAGAG-1","Visium",835,561,955,547,"1","1","0","1","Basal epithelium"
"TCTACCCGCATCATTT-1","Visium",1297,840,1251,818,"1","1","0","1","Basal epithelium"
"TCTACCGTCCACAAGC-1","Visium",3341,1741,1831,1348,"2","7","1","7","Immune stroma"
"TCTACGCACGATCTCC-1","Visium",584,446,898,437,"0","0","0","0","Basal epithelium"
"TCTACGGGCTCAGTTG-1","Visium",1177,804,1161,787,"10","10","4","10","Reticular stroma"
"TCTAGCAATCTCCGCC-1","Visium",1248,823,1214,799,"0","0","0","0","Basal epithelium"
"TCTAGCATCTTCGATG-1","Visium",31999,7745,1346,1018,"6","5","4","5","Basal epithelium"
"TCTAGCATGCCCAGAA-1","Visium",1034,685,1065,667,"0","0","0","0","Basal epithelium"
"TCTAGGTGGCGACGCT-1","Visium",1846,1191,1562,1156,"8","6","5","6","Immune stroma"
"TCTAGTGATATCGTGG-1","Visium",982,644,1039,629,"1","1","0","1","Basal epithelium"
"TCTAGTTATCAGAAGA-1","Visium",12262,3684,1386,528,"2","7","1","7","Immune stroma"
"TCTATAGGTGGGTAAT-1","Visium",498,356,903,359,"1","1","0","1","Basal epithelium"
"TCTATCATGCAGTTAC-1","Visium",32104,4885,1536,525,"12","9","7","9","Suprabasal epithelial"
"TCTATCCGATTGCACA-1","Visium",1154,746,1139,723,"0","0","0","0","Basal epithelium"
"TCTATCGGTCGCAACA-1","Visium",1629,1029,1447,993,"5","2","1","2","Reticular stroma"
"TCTATGCTATAACGAC-1","Visium",916,575,1017,564,"1","1","0","1","Basal epithelium"
"TCTATTACGCTGGCGA-1","Visium",4260,2028,1119,663,"4","3","2","3","Suprabasal epithelial"
"TCTATTACTAGAGGAT-1","Visium",1173,770,1156,750,"0","0","0","0","Basal epithelium"
"TCTCAAATCAATCGGG-1","Visium",741,499,917,483,"0","0","0","0","Basal epithelium"
"TCTCAGGCTACTCGCT-1","Visium",1105,683,1119,669,"1","1","0","1","Basal epithelium"
"TCTCATGAGATAGGGT-1","Visium",786,528,934,513,"1","1","0","1","Basal epithelium"
"TCTCCAACGTAGGTTA-1","Visium",3174,1831,1907,1503,"2","2","1","2","Reticular stroma"
"TCTCCACAAGTTGAAT-1","Visium",1073,710,1080,683,"0","0","0","0","Basal epithelium"
"TCTCCCTGGGCAGCGT-1","Visium",1009,686,1044,664,"0","0","0","0","Basal epithelium"
"TCTCGAACGAGGTCAC-1","Visium",5180,2730,1079,724,"5","2","1","2","Reticular stroma"
"TCTCGACGTATCGCCG-1","Visium",937,606,1018,592,"1","1","0","1","Basal epithelium"
"TCTCGAGGAGGTTCGC-1","Visium",767,509,940,498,"1","1","0","1","Basal epithelium"
"TCTCGGCTCCAGGACT-1","Visium",2147,1174,1604,1136,"3","4","3","4","Suprabasal epithelial"
"TCTCGTGTTACGAGGA-1","Visium",1083,729,1093,710,"0","0","0","0","Basal epithelium"
"TCTCTAATAGCTGGTA-1","Visium",6342,3254,1162,849,"5","2","1","2","Reticular stroma"
"TCTCTCGCCGCACATA-1","Visium",948,644,1010,627,"1","1","0","1","Basal epithelium"
"TCTCTTACCGCGAACC-1","Visium",683,470,893,462,"0","0","0","0","Basal epithelium"
"TCTGAACCGGTCGGCT-1","Visium",16847,3427,1414,454,"12","9","7","9","Suprabasal epithelial"
"TCTGAACTCGTACCCG-1","Visium",1189,751,1165,727,"1","1","0","1","Basal epithelium"
"TCTGAAGCACGTGGTC-1","Visium",1052,688,1076,672,"1","0","0","0","Basal epithelium"
"TCTGAATTCCGTACAA-1","Visium",1542,959,1390,929,"1","1","0","1","Basal epithelium"
"TCTGACGGGCTAACCC-1","Visium",966,640,1019,622,"1","1","0","1","Basal epithelium"
"TCTGACTGTAATGGTT-1","Visium",2286,1310,1656,1247,"4","3","2","3","Suprabasal epithelial"
"TCTGAGCAATTGACTG-1","Visium",980,630,1045,619,"1","1","0","1","Basal epithelium"
"TCTGATCGGGTGCTAG-1","Visium",842,564,966,552,"1","1","0","1","Basal epithelium"
"TCTGATGTATTCTGTC-1","Visium",1039,687,1067,672,"0","0","0","0","Basal epithelium"
"TCTGATTGGAAATGGA-1","Visium",750,517,909,499,"0","0","0","0","Basal epithelium"
"TCTGCACCATTAGTAA-1","Visium",1216,752,1194,731,"1","1","0","1","Basal epithelium"
"TCTGCAGATTCGAGTC-1","Visium",2558,1338,1725,1247,"3","4","3","4","Suprabasal epithelial"
"TCTGCATACCTTGCTT-1","Visium",1010,638,1052,625,"1","1","0","1","Basal epithelium"
"TCTGCCAGAAACTGCA-1","Visium",1509,917,1371,888,"1","1","0","1","Basal epithelium"
"TCTGCGAATCGTTCGC-1","Visium",1104,739,1095,708,"1","1","0","1","Basal epithelium"
"TCTGCGTCCGGTTTCT-1","Visium",2599,1355,1742,1264,"1","1","0","1","Basal epithelium"
"TCTGCTTAGAACAAGC-1","Visium",454,340,853,341,"1","1","0","1","Basal epithelium"
"TCTGGAGCGTAAGAGT-1","Visium",519,361,921,358,"0","0","0","0","Basal epithelium"
"TCTGGCCGTTCAAGTT-1","Visium",786,542,944,533,"1","0","0","0","Basal epithelium"
"TCTGGCGCAAGCCGGG-1","Visium",1449,831,1328,806,"3","4","3","4","Suprabasal epithelial"
"TCTGGGAACCTTTGAA-1","Visium",1013,669,1052,656,"1","1","0","1","Basal epithelium"
"TCTGGGTAGCGCTCAT-1","Visium",1799,997,1508,970,"3","4","3","4","Suprabasal epithelial"
"TCTGTCATACAAGAGC-1","Visium",4820,2190,1061,578,"7","3","2","3","Suprabasal epithelial"
"TCTGTGACTGACCGTT-1","Visium",1753,1068,1501,1039,"4","3","2","3","Suprabasal epithelial"
"TCTGTGATGGAGGTTG-1","Visium",1083,759,1085,739,"0","0","0","0","Basal epithelium"
"TCTGTGCCATCATAGT-1","Visium",2353,1383,1680,1288,"5","2","1","2","Reticular stroma"
"TCTGTGGCTACATTTC-1","Visium",3179,1673,1812,1369,"4","3","2","3","Suprabasal epithelial"
"TCTGTTACCCAGCATA-1","Visium",1187,779,1167,759,"0","0","0","0","Basal epithelium"
"TCTGTTTAGATTGTTC-1","Visium",851,593,945,574,"0","0","0","0","Basal epithelium"
"TCTTAACTCGGATGTA-1","Visium",1042,662,1063,638,"1","1","0","1","Basal epithelium"
"TCTTACAGAGGTACCG-1","Visium",46641,5171,1666,549,"12","9","7","9","Suprabasal epithelial"
"TCTTACCGGAACTCGT-1","Visium",3616,1946,1791,1330,"2","2","1","2","Reticular stroma"
"TCTTACGGCATCCGAC-1","Visium",13260,3795,1161,553,"3","4","3","4","Suprabasal epithelial"
"TCTTACTTATGCCTCT-1","Visium",1111,715,1115,696,"1","1","0","1","Basal epithelium"
"TCTTAGAGCTCCAATT-1","Visium",1280,788,1242,769,"0","0","0","0","Basal epithelium"
"TCTTAGAGTGAACTCT-1","Visium",989,643,1047,630,"1","1","0","1","Basal epithelium"
"TCTTATGGGTAGTACC-1","Visium",2688,1455,1770,1315,"4","3","2","3","Suprabasal epithelial"
"TCTTCCCATGGGCACA-1","Visium",1351,886,1285,858,"8","6","5","6","Immune stroma"
"TCTTCGAATAGACGTT-1","Visium",3539,1590,1662,1091,"9","8","6","8","Inflamed epithelium"
"TCTTCGATACCAATAA-1","Visium",8993,3303,1401,670,"2","7","1","7","Immune stroma"
"TCTTCGCGGTGAGAGG-1","Visium",515,371,917,364,"1","1","0","1","Basal epithelium"
"TCTTCTATAACCCGCC-1","Visium",1007,649,1052,633,"0","0","0","0","Basal epithelium"
"TCTTGATGCGTAGCGA-1","Visium",14316,4799,1404,705,"2","7","1","7","Immune stroma"
"TCTTGCTCCCGATACT-1","Visium",871,607,965,590,"1","1","0","1","Basal epithelium"
"TCTTGGTAACACCAAA-1","Visium",2262,1321,1663,1268,"5","2","1","2","Reticular stroma"
"TCTTGGTCAATGATAC-1","Visium",775,528,939,514,"0","0","0","0","Basal epithelium"
"TCTTTAAGACTATGAA-1","Visium",1403,916,1314,890,"1","1","0","1","Basal epithelium"
"TCTTTAGAGTCTAACA-1","Visium",938,628,1020,620,"1","1","0","1","Basal epithelium"
"TCTTTAGCAGGCGAAC-1","Visium",827,531,968,515,"0","0","0","0","Basal epithelium"
"TCTTTCATCCGTCCTT-1","Visium",141,112,626,186,"1","1","0","1","Basal epithelium"
"TCTTTCCTTCGAGATA-1","Visium",870,564,986,554,"1","1","0","1","Basal epithelium"
"TCTTTCGGCGGGACAC-1","Visium",2557,1403,1749,1303,"4","3","2","3","Suprabasal epithelial"
"TCTTTCTCTTAAGGAG-1","Visium",24496,7223,1377,1088,"6","5","4","5","Basal epithelium"
"TGAAACCTCAACTCAC-1","Visium",2108,1184,1583,1148,"4","3","2","3","Suprabasal epithelial"
"TGAAACTTATGCAAGC-1","Visium",8420,4030,1437,1142,"6","5","4","5","Basal epithelium"
"TGAAAGGACCTGACTC-1","Visium",1873,1150,1543,1107,"8","6","5","6","Immune stroma"
"TGAACAAGCAGGGACT-1","Visium",549,390,946,385,"0","0","0","0","Basal epithelium"
"TGAACACCCGAAGCAG-1","Visium",1843,1073,1531,1052,"4","3","2","3","Suprabasal epithelial"
"TGAACCTGAATGTGAG-1","Visium",589,398,911,392,"0","0","0","0","Basal epithelium"
"TGAACTGCTATGACTT-1","Visium",903,593,990,573,"1","0","0","0","Basal epithelium"
"TGAAGAGCGGTCCTAG-1","Visium",1977,1062,1544,1031,"3","4","3","4","Suprabasal epithelial"
"TGAAGTAGCTTACGGA-1","Visium",1562,877,1387,850,"1","1","0","1","Basal epithelium"
"TGAATACCGACGCGTA-1","Visium",873,608,969,594,"0","0","0","0","Basal epithelium"
"TGAATATGCTATAAAC-1","Visium",1310,912,1251,878,"5","2","1","2","Reticular stroma"
"TGAATGAGATACAGCA-1","Visium",1166,757,1152,738,"1","1","0","1","Basal epithelium"
"TGAATGAGTGTTTCCC-1","Visium",687,473,892,463,"0","0","0","0","Basal epithelium"
"TGAATGTCAGCCGGCC-1","Visium",758,499,935,488,"1","1","0","1","Basal epithelium"
"TGAATTTCACTTGCCT-1","Visium",934,634,1005,619,"0","0","0","0","Basal epithelium"
"TGACAACGCATGTCGC-1","Visium",855,592,968,579,"1","1","0","1","Basal epithelium"
"TGACAACTTAAAGGTG-1","Visium",411,308,818,319,"0","0","0","0","Basal epithelium"
"TGACACTTCTCTTTGC-1","Visium",2405,1610,1751,1466,"2","2","1","2","Reticular stroma"
"TGACAGAAATCTTGCT-1","Visium",877,566,989,555,"0","0","0","0","Basal epithelium"
"TGACAGGACAAGTCCA-1","Visium",953,607,1021,587,"0","0","0","0","Basal epithelium"
"TGACATATATGACGAT-1","Visium",535,375,931,373,"1","1","0","1","Basal epithelium"
"TGACATCGAGCGGACC-1","Visium",1072,707,1084,683,"0","0","0","0","Basal epithelium"
"TGACATGTAACGTGAC-1","Visium",764,515,926,501,"1","0","0","0","Basal epithelium"
"TGACCAAATCTTAAAC-1","Visium",1082,694,1100,683,"0","0","0","0","Basal epithelium"
"TGACCAGCTTCAAAGT-1","Visium",12163,5136,1428,1142,"6","5","4","5","Basal epithelium"
"TGACCCAACTCACATT-1","Visium",2318,1342,1681,1270,"4","3","2","3","Suprabasal epithelial"
"TGACCCACGTTAGACA-1","Visium",32729,8236,1488,1199,"6","5","4","5","Basal epithelium"
"TGACCCAGCATTCCCG-1","Visium",1761,1133,1510,1097,"10","10","4","10","Reticular stroma"
"TGACGAATATTTCCCT-1","Visium",1028,667,1062,651,"0","0","0","0","Basal epithelium"
"TGACGATGCACTAGAA-1","Visium",1093,728,1098,708,"1","1","0","1","Basal epithelium"
"TGACTATAATCCTTTC-1","Visium",1255,788,1221,767,"0","0","0","0","Basal epithelium"
"TGACTCCGAATCATAC-1","Visium",976,653,1028,637,"0","0","0","0","Basal epithelium"
"TGACTCTAACTGGTAA-1","Visium",884,560,995,549,"8","6","5","6","Immune stroma"
"TGAGAATGCTTTACCG-1","Visium",7623,3701,1324,1024,"6","5","4","5","Basal epithelium"
"TGAGACGTACCTCTCA-1","Visium",963,624,1030,605,"0","0","0","0","Basal epithelium"
"TGAGAGATTTACCACG-1","Visium",1349,854,1280,826,"0","0","0","0","Basal epithelium"
"TGAGATCAAATACTCA-1","Visium",20460,4649,1318,625,"7","9","7","9","Suprabasal epithelial"
"TGAGATTAGGCCCTAA-1","Visium",1535,922,1373,878,"5","2","1","2","Reticular stroma"
"TGAGCAGTCGTGAAGT-1","Visium",1206,740,1192,727,"4","3","2","3","Suprabasal epithelial"
"TGAGCCATACAGTCTC-1","Visium",1463,888,1352,863,"0","0","0","0","Basal epithelium"
"TGAGCGGAAAGTGTTC-1","Visium",612,426,888,419,"0","0","0","0","Basal epithelium"
"TGAGCTCAACTGTATA-1","Visium",758,490,941,484,"1","1","0","1","Basal epithelium"
"TGAGCTTTAATGACGC-1","Visium",3311,1720,1828,1303,"2","7","1","7","Immune stroma"
"TGAGGAGTGCCAGCTT-1","Visium",879,578,979,558,"0","0","0","0","Basal epithelium"
"TGAGGCATGTACTGTG-1","Visium",1029,675,1057,652,"0","0","0","0","Basal epithelium"
"TGAGGTGTGTGGCGGA-1","Visium",451,327,851,331,"0","0","0","0","Basal epithelium"
"TGAGGTTGATCCCAAG-1","Visium",1764,1057,1501,1037,"4","3","2","3","Suprabasal epithelial"
"TGAGTAAATTAGCGTA-1","Visium",1019,646,1061,630,"1","0","0","0","Basal epithelium"
"TGAGTGCCTCTTAAAT-1","Visium",903,600,989,581,"0","0","0","0","Basal epithelium"
"TGAGTGGTCCGTGACG-1","Visium",2347,1409,1697,1322,"8","6","5","6","Immune stroma"
"TGAGTGTAACAACGGG-1","Visium",719,485,902,473,"1","1","0","1","Basal epithelium"
"TGAGTTAAAGACATTC-1","Visium",893,581,987,561,"1","1","0","1","Basal epithelium"
"TGATACATTTAGCCGT-1","Visium",920,595,1004,580,"0","0","0","0","Basal epithelium"
"TGATAGCGGGATTCTA-1","Visium",3369,1646,1742,1252,"3","4","3","4","Suprabasal epithelial"
"TGATCACCACACTGAC-1","Visium",787,542,939,528,"1","1","0","1","Basal epithelium"
"TGATCAGGGAACTGCT-1","Visium",990,670,1040,653,"0","0","0","0","Basal epithelium"
"TGATCCCAGCATTAGT-1","Visium",2249,1477,1693,1387,"8","6","5","6","Immune stroma"
"TGATCGGTTTGACCCT-1","Visium",2567,1444,1771,1335,"5","2","1","2","Reticular stroma"
"TGATCTACGCTGATCT-1","Visium",2802,1829,1878,1556,"2","2","1","2","Reticular stroma"
"TGATCTATCACACTCT-1","Visium",1138,746,1136,729,"1","1","0","1","Basal epithelium"
"TGATCTCCGGCGCCAG-1","Visium",6330,2692,1176,591,"2","2","1","2","Reticular stroma"
"TGATGCTCACGTAGTC-1","Visium",1284,830,1234,801,"1","1","0","1","Basal epithelium"
"TGATGGCTGTTTCTGA-1","Visium",1033,682,1068,665,"1","1","0","1","Basal epithelium"
"TGATGGGACTAAGTCA-1","Visium",2474,1380,1724,1298,"4","3","2","3","Suprabasal epithelial"
"TGATGTCAATTAAGTG-1","Visium",678,473,892,460,"1","1","0","1","Basal epithelium"
"TGATTATGGCACGCAG-1","Visium",2222,1441,1639,1318,"5","2","1","2","Reticular stroma"
"TGATTCAGGTCCCGCG-1","Visium",773,505,950,492,"0","0","0","0","Basal epithelium"
"TGATTCCCGGTTACCT-1","Visium",708,480,906,471,"0","0","0","0","Basal epithelium"
"TGATTCGTCTATCACT-1","Visium",68857,9205,1056,596,"11","11","8","11","Inflamed epithelium"
"TGATTCTGTCGCCGGT-1","Visium",901,598,981,579,"0","0","0","0","Basal epithelium"
"TGATTTATTAGCTGTG-1","Visium",3748,1544,1555,918,"3","4","3","4","Suprabasal epithelial"
"TGATTTCCTCCTGACG-1","Visium",5429,2392,1093,620,"4","3","2","3","Suprabasal epithelial"
"TGCAAACCCACATCAA-1","Visium",1901,1066,1535,1034,"4","3","2","3","Suprabasal epithelial"
"TGCAAACGTACTAGTT-1","Visium",569,416,918,410,"0","0","0","0","Basal epithelium"
"TGCAAAGTTCGTCTGT-1","Visium",677,479,887,465,"0","0","0","0","Basal epithelium"
"TGCAACCCATCTGCGG-1","Visium",855,563,976,549,"1","1","0","1","Basal epithelium"
"TGCAACTACTGGTTGA-1","Visium",1025,663,1065,650,"0","0","0","0","Basal epithelium"
"TGCAAGAATGACGTAA-1","Visium",7166,2778,1274,592,"2","7","1","7","Immune stroma"
"TGCAATCTAACACGGT-1","Visium",784,555,936,545,"1","1","0","1","Basal epithelium"
"TGCAATTTGGGCACGG-1","Visium",2836,1553,1799,1330,"2","2","1","2","Reticular stroma"
"TGCACAGTGAAGTTAT-1","Visium",2355,1442,1703,1314,"2","2","1","2","Reticular stroma"
"TGCACGAGTCGGCAGC-1","Visium",13173,3777,1282,675,"7","9","7","9","Suprabasal epithelial"
"TGCACTATGTGAGTGC-1","Visium",2411,1282,1693,1211,"1","1","0","1","Basal epithelium"
"TGCAGAACTATATCGT-1","Visium",930,612,1008,597,"0","0","0","0","Basal epithelium"
"TGCAGAGTACCGAGCA-1","Visium",16528,3981,1146,437,"3","4","3","4","Suprabasal epithelial"
"TGCAGATCGTCCTAGG-1","Visium",802,554,936,534,"0","0","0","0","Basal epithelium"
"TGCAGCTACGTACTTC-1","Visium",969,668,1015,643,"0","0","0","0","Basal epithelium"
"TGCAGGATCGGCAAAG-1","Visium",3568,1777,1709,1176,"2","7","1","7","Immune stroma"
"TGCAGTGAGGCTCGGG-1","Visium",1063,668,1061,623,"5","2","1","2","Reticular stroma"
"TGCAGTGGTAGGGAAC-1","Visium",544,392,916,384,"0","0","0","0","Basal epithelium"
"TGCAGTTTCCTCCCAT-1","Visium",1594,1001,1410,962,"0","0","0","0","Basal epithelium"
"TGCATATGTCTGTCAC-1","Visium",1775,1046,1490,1006,"1","1","0","1","Basal epithelium"
"TGCATCTCCGGATCTT-1","Visium",1465,936,1349,902,"1","1","0","1","Basal epithelium"
"TGCATGAGTAGATTCG-1","Visium",2084,1176,1566,1134,"4","3","2","3","Suprabasal epithelial"
"TGCATGGATCGGATCT-1","Visium",1782,1142,1516,1093,"5","2","1","2","Reticular stroma"
"TGCATGGCAGTCTTGC-1","Visium",1390,883,1315,864,"1","1","0","1","Basal epithelium"
"TGCATGTGACCCATAG-1","Visium",655,445,877,437,"1","1","0","1","Basal epithelium"
"TGCATGTGGTAATCTA-1","Visium",3847,1967,1464,976,"5","2","1","2","Reticular stroma"
"TGCCAAAGTCAGACTT-1","Visium",1068,689,1082,669,"0","0","0","0","Basal epithelium"
"TGCCAATGGGTACTCT-1","Visium",988,651,1044,638,"0","0","0","0","Basal epithelium"
"TGCCACACTAGAGGAA-1","Visium",648,449,881,434,"0","0","0","0","Basal epithelium"
"TGCCACCTGGCGAAAC-1","Visium",3172,1797,1876,1466,"2","2","1","2","Reticular stroma"
"TGCCAGTACGTGGAGA-1","Visium",941,578,1026,564,"1","1","0","1","Basal epithelium"
"TGCCATGGCTTATAAG-1","Visium",3614,2040,1752,1391,"10","10","4","10","Reticular stroma"
"TGCCATTACTAAAGAA-1","Visium",4082,2237,1388,969,"2","2","1","2","Reticular stroma"
"TGCCCGATAGTTAGAA-1","Visium",895,612,974,589,"1","1","0","1","Basal epithelium"
"TGCCCGTACCGTTAAA-1","Visium",1078,693,1088,671,"1","1","0","1","Basal epithelium"
"TGCCGAAAGCGTATTC-1","Visium",827,544,958,535,"1","1","0","1","Basal epithelium"
"TGCCGATGTCATCAAT-1","Visium",2151,1189,1585,1141,"4","3","2","3","Suprabasal epithelial"
"TGCCGGATGTACGAGC-1","Visium",596,406,896,396,"0","0","0","0","Basal epithelium"
"TGCCGTGGATCGTCCT-1","Visium",1216,778,1198,760,"0","0","0","0","Basal epithelium"
"TGCCGTGGGACCCAAT-1","Visium",660,453,882,446,"1","1","0","1","Basal epithelium"
"TGCCGTTCTTAATCGG-1","Visium",915,598,999,585,"1","1","0","1","Basal epithelium"
"TGCCTAAATTTAATAG-1","Visium",846,562,967,544,"1","1","0","1","Basal epithelium"
"TGCCTAATTGAAGATT-1","Visium",896,563,996,548,"1","1","0","1","Basal epithelium"
"TGCCTGACATCGGTCA-1","Visium",2597,1404,1742,1293,"3","4","3","4","Suprabasal epithelial"
"TGCCTGATCAAACGAT-1","Visium",4172,2267,1241,868,"5","2","1","2","Reticular stroma"
"TGCCTTGCCCTTACGG-1","Visium",2972,1571,1825,1364,"4","3","2","3","Suprabasal epithelial"
"TGCCTTGGCCAGGCAA-1","Visium",753,515,919,499,"1","1","0","1","Basal epithelium"
"TGCGAATATGGGATTT-1","Visium",708,490,890,478,"0","0","0","0","Basal epithelium"
"TGCGACACCCTAGTGC-1","Visium",1443,875,1340,851,"0","0","0","0","Basal epithelium"
"TGCGACGGCCGAACGT-1","Visium",564,403,929,394,"0","0","0","0","Basal epithelium"
"TGCGAGAAACGTTACG-1","Visium",2372,1320,1689,1251,"4","3","2","3","Suprabasal epithelial"
"TGCGAGAATATTACCC-1","Visium",876,589,964,563,"0","0","0","0","Basal epithelium"
"TGCGAGATGGCGGCCA-1","Visium",1167,787,1110,731,"5","2","1","2","Reticular stroma"
"TGCGAGCCCTTCCGCG-1","Visium",1937,1231,1567,1169,"5","2","1","2","Reticular stroma"
"TGCGATGCTAATGGCT-1","Visium",3244,1588,1762,1269,"3","4","3","4","Suprabasal epithelial"
"TGCGCAAAGCATTTGG-1","Visium",11838,3960,1427,686,"2","7","1","7","Immune stroma"
"TGCGCCGTTAATAACG-1","Visium",786,541,930,527,"1","1","0","1","Basal epithelium"
"TGCGCGATTAACGGAG-1","Visium",43010,8426,1362,1021,"6","5","4","5","Basal epithelium"
"TGCGGACTTGACTCCG-1","Visium",1055,691,1073,670,"1","1","0","1","Basal epithelium"
"TGCGGAGTAAAGGTGC-1","Visium",1778,1171,1526,1125,"5","2","1","2","Reticular stroma"
"TGCGGCATAGTTCAAC-1","Visium",58841,7172,1330,631,"12","9","7","9","Suprabasal epithelial"
"TGCGGGTATTGGGATC-1","Visium",3799,1886,1535,1090,"7","3","2","3","Suprabasal epithelial"
"TGCGGTCTACGAGTAA-1","Visium",2158,1340,1644,1289,"10","10","4","10","Reticular stroma"
"TGCGGTGAAATTTCAT-1","Visium",12859,4943,1324,996,"6","5","4","5","Basal epithelium"
"TGCGTAAGAACCTGAT-1","Visium",1638,963,1439,939,"9","8","6","8","Inflamed epithelium"
"TGCGTACGGCTAATTG-1","Visium",876,569,995,557,"1","1","0","1","Basal epithelium"
"TGCGTCATGACTGAGC-1","Visium",844,576,958,568,"0","0","0","0","Basal epithelium"
"TGCGTGATTGGGTGTC-1","Visium",1964,1119,1548,1084,"3","4","3","4","Suprabasal epithelial"
"TGCGTTTGTTGACACT-1","Visium",1846,1086,1514,1053,"1","1","0","1","Basal epithelium"
"TGCTAAGTGTCTATTT-1","Visium",921,594,1002,580,"1","1","0","1","Basal epithelium"
"TGCTATACAAACGGAC-1","Visium",3879,1880,1462,981,"7","3","2","3","Suprabasal epithelial"
"TGCTATGGCAAAGGGA-1","Visium",545,395,925,388,"0","0","0","0","Basal epithelium"
"TGCTCAAAGGATGCAC-1","Visium",447,320,844,328,"0","0","0","0","Basal epithelium"
"TGCTCACACAACAACC-1","Visium",1221,825,1197,803,"0","0","0","0","Basal epithelium"
"TGCTCCACAGTTCTTA-1","Visium",1221,778,1198,757,"1","1","0","1","Basal epithelium"
"TGCTCGGCGAAACCCA-1","Visium",944,619,1000,596,"0","0","0","0","Basal epithelium"
"TGCTCGGTGGGTCACC-1","Visium",814,543,954,528,"0","0","0","0","Basal epithelium"
"TGCTCTGCCGGTTCAC-1","Visium",1073,673,1095,662,"1","1","0","1","Basal epithelium"
"TGCTCTTGAGAGTTTG-1","Visium",774,532,930,520,"1","1","0","1","Basal epithelium"
"TGCTGCGTCAGAGTTA-1","Visium",1168,728,1124,679,"5","2","1","2","Reticular stroma"
"TGCTGGTTGGACAATT-1","Visium",74130,8943,1096,607,"12","9","7","9","Suprabasal epithelial"
"TGCTGTTGAAGAACTC-1","Visium",7137,2483,1235,606,"9","8","6","8","Inflamed epithelium"
"TGCTTAGAGAGAATGC-1","Visium",749,537,915,531,"0","0","0","0","Basal epithelium"
"TGCTTCCCAAGCAGTA-1","Visium",789,560,931,549,"0","0","0","0","Basal epithelium"
"TGCTTGAAACCATGCA-1","Visium",1768,1091,1506,1058,"0","0","0","0","Basal epithelium"
"TGGAAACGGAGTGAAC-1","Visium",1458,874,1345,853,"4","3","2","3","Suprabasal epithelial"
"TGGAACCACTGACACA-1","Visium",1973,1268,1563,1189,"8","6","5","6","Immune stroma"
"TGGAAGAAGGGAACGT-1","Visium",2307,1090,1619,1037,"3","4","3","4","Suprabasal epithelial"
"TGGAAGACGAACACCA-1","Visium",25976,4420,1518,537,"12","9","7","9","Suprabasal epithelial"
"TGGAAGGATAAAGATG-1","Visium",4215,2297,1179,811,"2","2","1","2","Reticular stroma"
"TGGAATATCCTTGACC-1","Visium",3096,2003,1966,1665,"2","2","1","2","Reticular stroma"
"TGGAATTAGACGCTTT-1","Visium",4738,2116,1023,527,"3","4","3","4","Suprabasal epithelial"
"TGGACACCGTTGCTTG-1","Visium",2468,1282,1692,1216,"3","4","3","4","Suprabasal epithelial"
"TGGACCAATCTAAGAT-1","Visium",845,555,965,538,"0","0","0","0","Basal epithelium"
"TGGACCACGGCGTTGA-1","Visium",1859,1097,1539,1069,"4","3","2","3","Suprabasal epithelial"
"TGGACGCAATCCAGCC-1","Visium",866,593,966,573,"0","0","0","0","Basal epithelium"
"TGGACGTAGGCGAATC-1","Visium",2032,1176,1593,1145,"4","3","2","3","Suprabasal epithelial"
"TGGACTGTTCGCTCAA-1","Visium",7034,2848,1225,716,"9","8","6","8","Inflamed epithelium"
"TGGAGAATAATCGTCC-1","Visium",657,456,879,448,"0","0","0","0","Basal epithelium"
"TGGAGCTAAAGTTCCC-1","Visium",14825,3537,1439,577,"12","9","7","9","Suprabasal epithelial"
"TGGAGGGAAACACCTC-1","Visium",1138,765,1131,744,"1","1","0","1","Basal epithelium"
"TGGAGTGATGCGATGA-1","Visium",59688,9611,1351,1035,"6","5","4","5","Basal epithelium"
"TGGATAGAGTAACAGA-1","Visium",1523,908,1362,874,"1","1","0","1","Basal epithelium"
"TGGATGGCATCTTGGA-1","Visium",502,365,906,368,"1","1","0","1","Basal epithelium"
"TGGCAAACTAAATTAC-1","Visium",763,504,935,495,"0","0","0","0","Basal epithelium"
"TGGCAACTCGCGCGCC-1","Visium",2712,1624,1816,1432,"2","2","1","2","Reticular stroma"
"TGGCAAGCACAAGTCG-1","Visium",912,616,995,600,"0","0","0","0","Basal epithelium"
"TGGCAATGGGACGGCG-1","Visium",708,478,909,471,"1","1","0","1","Basal epithelium"
"TGGCACGAGCTCGAGT-1","Visium",3617,2123,1786,1448,"10","10","4","10","Reticular stroma"
"TGGCAGATTACGATCA-1","Visium",1770,1034,1488,1000,"9","8","6","8","Inflamed epithelium"
"TGGCAGCAGTAATAGT-1","Visium",4601,1911,1043,470,"9","8","6","8","Inflamed epithelium"
"TGGCATGAAGTTTGGG-1","Visium",1286,823,1247,801,"0","0","0","0","Basal epithelium"
"TGGCCAAACTGAAGTA-1","Visium",3454,1833,1806,1340,"2","2","1","2","Reticular stroma"
"TGGCCAATTTGGTACT-1","Visium",868,606,962,589,"0","0","0","0","Basal epithelium"
"TGGCCGTATATTGACC-1","Visium",56008,8702,1079,636,"11","11","8","11","Inflamed epithelium"
"TGGCGACTGCTCCAAA-1","Visium",775,534,930,517,"0","0","0","0","Basal epithelium"
"TGGCGATCAAGTTATG-1","Visium",836,564,960,545,"0","0","0","0","Basal epithelium"
"TGGCGGTGTGCGATTG-1","Visium",3358,1679,1800,1320,"7","3","2","3","Suprabasal epithelial"
"TGGCTACACTCTACCT-1","Visium",1149,678,1145,664,"1","1","0","1","Basal epithelium"
"TGGCTATGTGACATAC-1","Visium",945,635,1010,616,"0","0","0","0","Basal epithelium"
"TGGCTCTTGTCGCGTA-1","Visium",952,636,1013,617,"0","0","0","0","Basal epithelium"
"TGGCTTATGTATAATG-1","Visium",575,384,928,380,"1","1","0","1","Basal epithelium"
"TGGCTTGTACAAGCTT-1","Visium",1131,741,1115,710,"5","2","1","2","Reticular stroma"
"TGGCTTTGGGTAGACA-1","Visium",25865,7363,1486,1187,"6","5","4","5","Basal epithelium"
"TGGGAAATGCCTTTCC-1","Visium",6345,2550,1151,635,"3","4","3","4","Suprabasal epithelial"
"TGGGACCATTGGGAGT-1","Visium",1978,1148,1569,1114,"4","3","2","3","Suprabasal epithelial"
"TGGGATGCACTCATTC-1","Visium",1768,1212,1531,1157,"5","2","1","2","Reticular stroma"
"TGGGCAATAGTTGGGT-1","Visium",835,560,967,549,"0","0","0","0","Basal epithelium"
"TGGGCACAAACAGAAC-1","Visium",3753,1788,1597,1098,"7","3","2","3","Suprabasal epithelial"
"TGGGCACGTTCTATGG-1","Visium",4917,2782,1018,723,"6","5","4","5","Basal epithelium"
"TGGGCAGGCCACCGCA-1","Visium",907,577,1009,570,"1","1","0","1","Basal epithelium"
"TGGGCCACAAGAGCGC-1","Visium",3104,1636,1853,1365,"2","7","1","7","Immune stroma"
"TGGGCCCATACTAATT-1","Visium",1069,699,1087,683,"1","1","0","1","Basal epithelium"
"TGGGCCTTGCCTGCAT-1","Visium",2087,1158,1569,1125,"4","3","2","3","Suprabasal epithelial"
"TGGGCGATACAATAAG-1","Visium",531,375,899,367,"0","0","0","0","Basal epithelium"
"TGGGTAAGGTTCCCGC-1","Visium",2004,1310,1605,1250,"5","2","1","2","Reticular stroma"
"TGGGTGCACAAGCCAT-1","Visium",754,505,919,491,"0","0","0","0","Basal epithelium"
"TGGGTGGGATGTCATT-1","Visium",683,490,855,461,"5","2","1","2","Reticular stroma"
"TGGGTGTAATAGATTT-1","Visium",973,612,1035,595,"1","1","0","1","Basal epithelium"
"TGGGTGTTAAGTAGAA-1","Visium",891,565,994,551,"1","1","0","1","Basal epithelium"
"TGGGTTCCCGGACGGA-1","Visium",2465,1297,1688,1219,"3","4","3","4","Suprabasal epithelial"
"TGGGTTTCGGGCGTAC-1","Visium",544,386,936,382,"0","0","0","0","Basal epithelium"
"TGGTAAGCAGGATTGA-1","Visium",919,606,1004,596,"0","0","0","0","Basal epithelium"
"TGGTACCGGCACAGCC-1","Visium",3233,1644,1809,1323,"4","3","2","3","Suprabasal epithelial"
"TGGTAGAATATATGGG-1","Visium",838,560,967,547,"1","1","0","1","Basal epithelium"
"TGGTATCGCATCCCAA-1","Visium",37650,7295,1293,835,"6","5","4","5","Basal epithelium"
"TGGTATCGGTCTGTAT-1","Visium",11022,3633,1278,736,"7","3","2","3","Suprabasal epithelial"
"TGGTCCCACGCTACGG-1","Visium",916,612,1003,597,"0","0","0","0","Basal epithelium"
"TGGTCGATATACCTCT-1","Visium",763,521,924,505,"0","0","0","0","Basal epithelium"
"TGGTCGGGTACAGGGC-1","Visium",457,329,866,331,"1","1","0","1","Basal epithelium"
"TGGTCGTGCAAGGCAA-1","Visium",742,504,921,494,"0","0","0","0","Basal epithelium"
"TGGTCGTTTGATAGAT-1","Visium",1538,1026,1403,998,"10","10","4","10","Reticular stroma"
"TGGTCTAGCTTACATG-1","Visium",2245,1229,1648,1188,"3","4","3","4","Suprabasal epithelial"
"TGGTCTGTTGGGCGTA-1","Visium",2360,1059,1604,1009,"3","4","3","4","Suprabasal epithelial"
"TGGTGATCGTATTTGT-1","Visium",3817,1764,1534,1037,"3","4","3","4","Suprabasal epithelial"
"TGGTGCCCTGCCTTAC-1","Visium",815,561,951,550,"0","0","0","0","Basal epithelium"
"TGGTGTGACAGACGAT-1","Visium",3325,1665,1770,1285,"4","3","2","3","Suprabasal epithelial"
"TGGTTAACTTACATTT-1","Visium",1392,862,1311,838,"0","0","0","0","Basal epithelium"
"TGGTTAAGGGCGCTGG-1","Visium",7493,3490,1469,1056,"8","6","5","6","Immune stroma"
"TGGTTATGCTTGCGGT-1","Visium",2111,1153,1574,1111,"3","4","3","4","Suprabasal epithelial"
"TGGTTCAACGGGTAAT-1","Visium",829,559,957,548,"0","0","0","0","Basal epithelium"
"TGGTTCGTAGCAAAGG-1","Visium",2088,1245,1581,1160,"5","2","1","2","Reticular stroma"
"TGGTTGGAGGATCCTG-1","Visium",2362,1400,1697,1286,"5","2","1","2","Reticular stroma"
"TGGTTTAAACGTGGGT-1","Visium",3926,2312,1552,1229,"8","6","5","6","Immune stroma"
"TGTAACTTGTCAACCT-1","Visium",2234,1240,1642,1196,"4","3","2","3","Suprabasal epithelial"
"TGTAAGACTGATAAGA-1","Visium",788,513,949,496,"1","1","0","1","Basal epithelium"
"TGTAATGACCACAATA-1","Visium",1321,768,1276,755,"3","4","3","4","Suprabasal epithelial"
"TGTAATGCCTTCGGAC-1","Visium",1884,1193,1567,1157,"10","10","4","10","Reticular stroma"
"TGTACCCGACCCTAAT-1","Visium",909,610,999,595,"1","1","0","1","Basal epithelium"
"TGTACCTACACGAGGG-1","Visium",714,461,929,452,"0","0","0","0","Basal epithelium"
"TGTACGAACAAATCCG-1","Visium",7775,2584,1247,592,"9","8","6","8","Inflamed epithelium"
"TGTACGCTATCAGCTT-1","Visium",4416,2275,999,627,"10","10","4","10","Reticular stroma"
"TGTACTACTCTCACGG-1","Visium",1826,1195,1548,1152,"8","6","5","6","Immune stroma"
"TGTACTATCGCTCGTT-1","Visium",1071,697,1088,681,"1","1","0","1","Basal epithelium"
"TGTACTGTGCCAAAGT-1","Visium",2920,1550,1827,1365,"4","3","2","3","Suprabasal epithelial"
"TGTACTTCCGGGCATG-1","Visium",1074,680,1095,665,"1","1","0","1","Basal epithelium"
"TGTAGCCAATTCCGTT-1","Visium",865,575,971,558,"0","0","0","0","Basal epithelium"
"TGTAGCCATCCCATTC-1","Visium",820,539,959,523,"1","1","0","1","Basal epithelium"
"TGTAGGAGAAATTTCC-1","Visium",1586,1013,1423,982,"1","1","0","1","Basal epithelium"
"TGTAGTGATCTATAAT-1","Visium",73594,5742,1602,447,"11","11","8","11","Inflamed epithelium"
"TGTATAACAGATCCTG-1","Visium",2822,1610,1804,1358,"2","7","1","7","Immune stroma"
"TGTATACGGATGATGA-1","Visium",991,629,1051,620,"1","1","0","1","Basal epithelium"
"TGTATCAGACTGAAGC-1","Visium",2185,1521,1643,1399,"2","2","1","2","Reticular stroma"
"TGTATCCTTATTCCAT-1","Visium",9995,3497,1334,816,"7","9","7","9","Suprabasal epithelial"
"TGTATGGCGCAGACAG-1","Visium",1075,678,1098,665,"0","0","0","0","Basal epithelium"
"TGTATTTACCTAATGC-1","Visium",4758,2718,988,692,"5","2","1","2","Reticular stroma"
"TGTCATTTGTTGGGAA-1","Visium",1509,997,1346,929,"5","2","1","2","Reticular stroma"
"TGTCCACGGCTCAACT-1","Visium",931,601,1020,594,"1","1","0","1","Basal epithelium"
"TGTCCCGACATAGCAC-1","Visium",58192,8347,1145,651,"12","9","7","9","Suprabasal epithelial"
"TGTCCGCAAACAATTC-1","Visium",771,531,925,517,"0","0","0","0","Basal epithelium"
"TGTCCGTGGCGCCTTT-1","Visium",3813,1731,1468,943,"3","4","3","4","Suprabasal epithelial"
"TGTCCTAAGTCACCGC-1","Visium",22700,4654,1230,502,"3","4","3","4","Suprabasal epithelial"
"TGTCGGCATGGTGGAA-1","Visium",2258,1285,1653,1233,"4","3","2","3","Suprabasal epithelial"
"TGTCGTGGGTATAGGC-1","Visium",656,478,877,471,"0","0","0","0","Basal epithelium"
"TGTCGTTATCACATAT-1","Visium",990,626,1051,614,"0","0","0","0","Basal epithelium"
"TGTCTACAGTTTCTGT-1","Visium",18122,4000,1433,601,"12","9","7","9","Suprabasal epithelial"
"TGTGACTACGCCAGTC-1","Visium",2815,1662,1850,1457,"2","2","1","2","Reticular stroma"
"TGTGACTAGAGTTTGC-1","Visium",1030,640,1072,629,"1","1","0","1","Basal epithelium"
"TGTGAGACTAGCCCAA-1","Visium",878,553,992,541,"0","0","0","0","Basal epithelium"
"TGTGATTCCAGCGCTT-1","Visium",4318,2304,1048,679,"10","10","4","10","Reticular stroma"
"TGTGCCAGAGGCAAAG-1","Visium",1106,685,1117,670,"3","4","3","4","Suprabasal epithelial"
"TGTGCCGGTGCCGGAA-1","Visium",885,570,987,555,"1","1","0","1","Basal epithelium"
"TGTGCTTTACGTAAGA-1","Visium",1893,1012,1529,990,"3","4","3","4","Suprabasal epithelial"
"TGTGGACTATCTACGT-1","Visium",842,564,963,554,"1","1","0","1","Basal epithelium"
"TGTGGAGGAAGCTTAA-1","Visium",3344,1669,1777,1291,"7","3","2","3","Suprabasal epithelial"
"TGTGGCAAAGCGTATG-1","Visium",2247,1389,1653,1284,"8","6","5","6","Immune stroma"
"TGTGGCGGGCTTCTGG-1","Visium",661,428,901,419,"0","0","0","0","Basal epithelium"
"TGTGGCTCCCACCAAC-1","Visium",996,656,1040,640,"0","0","0","0","Basal epithelium"
"TGTGGTAGGGTGCCTT-1","Visium",695,466,887,454,"0","0","0","0","Basal epithelium"
"TGTGGTTGCTAAAGCT-1","Visium",655,465,880,455,"0","0","0","0","Basal epithelium"
"TGTGTAGTAGCACGTG-1","Visium",542,396,949,394,"1","1","0","1","Basal epithelium"
"TGTGTCGAAGTCGAGG-1","Visium",656,453,881,444,"0","0","0","0","Basal epithelium"
"TGTGTCGCGAGTTGCA-1","Visium",76877,6414,1220,365,"11","11","8","11","Inflamed epithelium"
"TGTGTGACCATGAATC-1","Visium",959,595,1034,579,"0","0","0","0","Basal epithelium"
"TGTGTTCGTATCCAAG-1","Visium",6557,2550,1202,651,"3","4","3","4","Suprabasal epithelial"
"TGTTAACAAAGTGACT-1","Visium",811,552,946,539,"1","1","0","1","Basal epithelium"
"TGTTATTGTATGTGGC-1","Visium",1085,686,1099,665,"0","0","0","0","Basal epithelium"
"TGTTCATAAATGTGCT-1","Visium",3007,1509,1779,1272,"3","4","3","4","Suprabasal epithelial"
"TGTTCCGCTTCCATGA-1","Visium",77731,8415,1074,406,"11","11","8","11","Inflamed epithelium"
"TGTTCCGGCCTGAGCT-1","Visium",778,521,945,509,"0","0","0","0","Basal epithelium"
"TGTTCGTATTGCGGTG-1","Visium",1185,770,1161,748,"0","0","0","0","Basal epithelium"
"TGTTCTCATACTATAG-1","Visium",1135,706,1133,690,"1","1","0","1","Basal epithelium"
"TGTTCTCTACTCCCTA-1","Visium",1530,920,1331,850,"5","2","1","2","Reticular stroma"
"TGTTCTTCCATTGACT-1","Visium",82062,9628,1203,760,"11","11","8","11","Inflamed epithelium"
"TGTTGATCACTGTTTA-1","Visium",1557,959,1410,937,"1","1","0","1","Basal epithelium"
"TGTTGCCGTCGTCCCA-1","Visium",775,537,933,521,"0","0","0","0","Basal epithelium"
"TGTTGGCTGGCGGAAG-1","Visium",2457,1342,1723,1282,"4","3","2","3","Suprabasal epithelial"
"TGTTGTCAAGAAGTCT-1","Visium",3104,1776,1861,1467,"2","2","1","2","Reticular stroma"
"TGTTTAATACTTCATC-1","Visium",3199,1943,1943,1614,"5","2","1","2","Reticular stroma"
"TGTTTCGGTACTTCTC-1","Visium",6657,3453,1237,959,"6","5","4","5","Basal epithelium"
"TGTTTCTGAAGCGTGC-1","Visium",1051,638,1082,623,"0","0","0","0","Basal epithelium"
"TGTTTGAGATCGTCAG-1","Visium",1018,659,1054,640,"1","1","0","1","Basal epithelium"
"TTAAACAGAGTCCCGC-1","Visium",2288,1288,1655,1224,"4","3","2","3","Suprabasal epithelial"
"TTAAACCGGTAGCGAC-1","Visium",4994,2244,1051,566,"7","3","2","3","Suprabasal epithelial"
"TTAAACCTGGTTCCTT-1","Visium",3284,1621,1771,1280,"3","4","3","4","Suprabasal epithelial"
"TTAAACTCGAATTCAT-1","Visium",2047,1323,1624,1272,"8","6","5","6","Immune stroma"
"TTAAAGGCGATGCTCG-1","Visium",601,421,885,417,"1","1","0","1","Basal epithelium"
"TTAAAGTAAGTCGCCA-1","Visium",823,564,952,552,"1","1","0","1","Basal epithelium"
"TTAACACCTCGAACAT-1","Visium",4826,2093,1046,534,"3","4","3","4","Suprabasal epithelial"
"TTAACCAACCCTCCCT-1","Visium",4865,2746,940,660,"5","5","4","5","Basal epithelium"
"TTAACCCGAGGCGTGT-1","Visium",927,614,1006,600,"1","1","0","1","Basal epithelium"
"TTAACGAACAAGCAGT-1","Visium",1631,1096,1457,1057,"8","6","5","6","Immune stroma"
"TTAACGTCGCAAGACC-1","Visium",15007,4224,1268,667,"7","9","7","9","Suprabasal epithelial"
"TTAACGTTAAAGCCTG-1","Visium",1077,677,1089,655,"0","0","0","0","Basal epithelium"
"TTAACTCACGCGTGGA-1","Visium",3964,1837,1385,886,"3","4","3","4","Suprabasal epithelial"
"TTAACTGATCGTTTGG-1","Visium",1136,717,1135,700,"1","1","0","1","Basal epithelium"
"TTAACTTCAGGTAGGA-1","Visium",876,583,979,566,"0","0","0","0","Basal epithelium"
"TTAAGACGAACGAACC-1","Visium",6733,3390,1264,952,"6","5","4","5","Basal epithelium"
"TTAAGATACCCAGAGA-1","Visium",510,357,885,351,"0","0","0","0","Basal epithelium"
"TTAAGATAGGATTGAC-1","Visium",908,573,1004,559,"1","1","0","1","Basal epithelium"
"TTAAGCCGACAACTTC-1","Visium",1898,1227,1574,1187,"5","2","1","2","Reticular stroma"
"TTAAGCGCCTGACCCA-1","Visium",18290,6245,1306,985,"6","5","4","5","Basal epithelium"
"TTAAGGATACGGAGGT-1","Visium",2786,1514,1827,1383,"4","3","2","3","Suprabasal epithelial"
"TTAAGGCCCGTACTTT-1","Visium",828,557,951,542,"0","0","0","0","Basal epithelium"
"TTAAGTATTGTTATCC-1","Visium",1099,698,1110,682,"1","1","0","1","Basal epithelium"
"TTAATCAGTACGTCAG-1","Visium",4562,2217,1002,487,"2","7","1","7","Immune stroma"
"TTAATGCGAGGTAACT-1","Visium",9278,3409,1338,843,"7","3","2","3","Suprabasal epithelial"
"TTAATGTAGACCAGGT-1","Visium",8269,3327,1358,747,"2","7","1","7","Immune stroma"
"TTAATGTGTTTGCAGG-1","Visium",1647,1001,1444,976,"1","1","0","1","Basal epithelium"
"TTAATTGCTTTGGGTG-1","Visium",771,546,921,528,"1","1","0","1","Basal epithelium"
"TTAATTTCAGACGCGG-1","Visium",3228,1808,1872,1470,"5","2","1","2","Reticular stroma"
"TTACAACTACGCATCC-1","Visium",1851,1173,1547,1118,"5","2","1","2","Reticular stroma"
"TTACACGATCTGCGAC-1","Visium",703,440,932,437,"0","0","0","0","Basal epithelium"
"TTACAGACCTAAATGA-1","Visium",2115,1351,1605,1270,"8","6","5","6","Immune stroma"
"TTACATCGTGGCCTGG-1","Visium",13161,3861,1200,605,"7","9","7","9","Suprabasal epithelial"
"TTACATGCCACAACTA-1","Visium",949,628,1017,612,"1","1","0","1","Basal epithelium"
"TTACCATTGATTACCC-1","Visium",13046,3611,1201,546,"3","4","3","4","Suprabasal epithelial"
"TTACCCATTGCCGGGT-1","Visium",1512,926,1377,890,"5","2","1","2","Reticular stroma"
"TTACCCTAACAGTCCT-1","Visium",6006,2489,1108,604,"3","4","3","4","Suprabasal epithelial"
"TTACCCTAGGGATTGG-1","Visium",873,589,977,576,"0","0","0","0","Basal epithelium"
"TTACCGCCTTAGGGAA-1","Visium",2300,1245,1651,1189,"4","3","2","3","Suprabasal epithelial"
"TTACGGATGGTTCGAG-1","Visium",1391,902,1323,884,"8","6","5","6","Immune stroma"
"TTACGGTGTCACCGAG-1","Visium",2205,1240,1628,1198,"4","3","2","3","Suprabasal epithelial"
"TTACGTAGCGCGTGCT-1","Visium",1523,999,1398,971,"10","10","4","10","Reticular stroma"
"TTACGTATCTATGACA-1","Visium",943,616,1012,599,"1","1","0","1","Basal epithelium"
"TTACTAAAGGACTTTA-1","Visium",846,567,960,552,"1","1","0","1","Basal epithelium"
"TTACTATCGGCTTCTC-1","Visium",2570,1252,1699,1151,"3","4","3","4","Suprabasal epithelial"
"TTACTCCGGCCGGGAA-1","Visium",2712,1543,1814,1406,"5","2","1","2","Reticular stroma"
"TTACTCTGGTACGTAC-1","Visium",1403,890,1315,865,"0","0","0","0","Basal epithelium"
"TTACTGGGATATTTCA-1","Visium",1395,817,1309,795,"9","8","6","8","Inflamed epithelium"
"TTACTGTCTAGAGCTC-1","Visium",1582,1025,1394,970,"5","2","1","2","Reticular stroma"
"TTACTGTTTCTCTACG-1","Visium",4625,2175,1030,569,"7","3","2","3","Suprabasal epithelial"
"TTAGAAGAACATGACT-1","Visium",760,506,933,495,"0","0","0","0","Basal epithelium"
"TTAGAATAAGGGTCGG-1","Visium",397,295,808,316,"0","0","0","0","Basal epithelium"
"TTAGACACGATCGTTG-1","Visium",1537,964,1388,926,"5","2","1","2","Reticular stroma"
"TTAGACGAGTCACCTC-1","Visium",1018,658,1061,643,"1","1","0","1","Basal epithelium"
"TTAGAGGGATATACAG-1","Visium",1041,645,1073,628,"0","0","0","0","Basal epithelium"
"TTAGAGTATTGTCGAG-1","Visium",568,415,931,410,"0","0","0","0","Basal epithelium"
"TTAGAGTTTAGAAGGA-1","Visium",940,606,1012,589,"1","1","0","1","Basal epithelium"
"TTAGATAGGTCGATAC-1","Visium",2192,1206,1625,1167,"3","4","3","4","Suprabasal epithelial"
"TTAGCAACATGGATGT-1","Visium",3878,1757,1455,945,"3","4","3","4","Suprabasal epithelial"
"TTAGCATCCCTCACGT-1","Visium",1118,737,1110,711,"1","1","0","1","Basal epithelium"
"TTAGCCATAGGGCTCG-1","Visium",453,344,852,352,"0","0","0","0","Basal epithelium"
"TTAGCGAATAGATAGG-1","Visium",856,571,968,561,"1","1","0","1","Basal epithelium"
"TTAGCTAATACGATCT-1","Visium",2628,1616,1811,1442,"2","2","1","2","Reticular stroma"
"TTAGCTCTGTAATCCG-1","Visium",3789,1748,1545,1030,"3","4","3","4","Suprabasal epithelial"
"TTAGCTGATTTGCCGT-1","Visium",1131,738,1123,715,"0","0","0","0","Basal epithelium"
"TTAGGATGGGAGGGTA-1","Visium",214,163,681,210,"0","0","0","0","Basal epithelium"
"TTAGGTCATAACCGAC-1","Visium",752,527,915,517,"0","0","0","0","Basal epithelium"
"TTAGGTGTGACTGGTC-1","Visium",2741,1480,1806,1349,"4","3","2","3","Suprabasal epithelial"
"TTAGTAAACCTGCTCT-1","Visium",984,669,1030,653,"1","1","0","1","Basal epithelium"
"TTAGTAGGGCGGCGGG-1","Visium",4937,1923,1100,489,"3","4","3","4","Suprabasal epithelial"
"TTAGTTATTCGTGGCA-1","Visium",1022,635,1065,623,"1","1","0","1","Basal epithelium"
"TTAGTTCAAGTGTTCG-1","Visium",1495,981,1372,942,"8","6","5","6","Immune stroma"
"TTATAGATGCACATTA-1","Visium",4376,2135,1017,573,"7","3","2","3","Suprabasal epithelial"
"TTATAGGTAATTGTCT-1","Visium",1015,684,1050,667,"1","1","0","1","Basal epithelium"
"TTATAGTCCAAGGTGC-1","Visium",2006,1277,1607,1229,"10","10","4","10","Reticular stroma"
"TTATATACGCTGTCAC-1","Visium",4806,2029,1027,475,"9","8","6","8","Inflamed epithelium"
"TTATATTTGGCAATCC-1","Visium",3231,1698,1848,1379,"2","7","1","7","Immune stroma"
"TTATCATACTCGCAAA-1","Visium",1595,980,1414,956,"4","3","2","3","Suprabasal epithelial"
"TTATCCAATCGAACTC-1","Visium",3957,1888,1376,900,"4","3","2","3","Suprabasal epithelial"
"TTATCCGGGATCTATA-1","Visium",1053,702,1073,687,"1","1","0","1","Basal epithelium"
"TTATCCTCAAGGAATA-1","Visium",997,689,1037,669,"0","0","0","0","Basal epithelium"
"TTATCGCCTGCGAAGC-1","Visium",3761,1774,1554,1057,"3","4","3","4","Suprabasal epithelial"
"TTATCTGACATTAGGA-1","Visium",813,556,942,542,"0","0","0","0","Basal epithelium"
"TTATCTGTATCATAAC-1","Visium",4953,2503,1025,632,"5","2","1","2","Reticular stroma"
"TTATGAATGAAAGGGA-1","Visium",2111,1165,1570,1117,"9","8","6","8","Inflamed epithelium"
"TTATGACAAACTGGAT-1","Visium",54392,6092,1222,411,"11","11","8","11","Inflamed epithelium"
"TTATGATCTTAACGAA-1","Visium",1699,993,1455,964,"1","1","0","1","Basal epithelium"
"TTATGCGTCCCGGTCC-1","Visium",3671,1839,1650,1199,"7","3","2","3","Suprabasal epithelial"
"TTATGTTTGCGATAGA-1","Visium",4852,2154,1025,531,"3","4","3","4","Suprabasal epithelial"
"TTATTAGAGCGTGTTC-1","Visium",942,615,1014,603,"0","0","0","0","Basal epithelium"
"TTATTAGGGAAGCATC-1","Visium",6731,3561,1274,1004,"6","5","4","5","Basal epithelium"
"TTATTATCTGGAAGGC-1","Visium",728,492,923,486,"1","1","0","1","Basal epithelium"
"TTATTTAGGTTCCTTA-1","Visium",1378,849,1307,835,"1","1","0","1","Basal epithelium"
"TTATTTCATCCCAAAC-1","Visium",1767,1046,1507,1021,"4","3","2","3","Suprabasal epithelial"
"TTCAAAGTCTCTAGCC-1","Visium",5704,2806,1105,701,"2","2","1","2","Reticular stroma"
"TTCAACGACCCGACCG-1","Visium",37435,8222,1370,1049,"6","5","4","5","Basal epithelium"
"TTCAAGCCGAGCTGAG-1","Visium",4614,2647,949,628,"6","5","4","5","Basal epithelium"
"TTCAATACTCTGAATC-1","Visium",1561,915,1391,887,"1","1","0","1","Basal epithelium"
"TTCAATTAGCCATAAT-1","Visium",27835,7251,1368,1055,"6","5","4","5","Basal epithelium"
"TTCACGAAAGGATCAC-1","Visium",8222,2627,1260,573,"9","8","6","8","Inflamed epithelium"
"TTCACGGTCGTCACGT-1","Visium",589,425,885,413,"0","0","0","0","Basal epithelium"
"TTCACTCGAGCACCTA-1","Visium",986,640,1042,625,"0","0","0","0","Basal epithelium"
"TTCACTTCCTAGAACG-1","Visium",709,492,900,480,"0","0","0","0","Basal epithelium"
"TTCAGAGTAACCTGAC-1","Visium",1630,960,1426,935,"4","3","2","3","Suprabasal epithelial"
"TTCAGCCCTGGTCCAC-1","Visium",967,633,1024,613,"1","1","0","1","Basal epithelium"
"TTCAGCTGGCGTGCCC-1","Visium",962,617,1031,604,"1","1","0","1","Basal epithelium"
"TTCAGGCGTCAAAGCC-1","Visium",981,631,1042,619,"0","0","0","0","Basal epithelium"
"TTCAGTTCAAGAGGAG-1","Visium",552,386,951,380,"1","1","0","1","Basal epithelium"
"TTCAGTTTGTGGCAGC-1","Visium",2594,1330,1743,1246,"3","4","3","4","Suprabasal epithelial"
"TTCATAGCCTTGTAAC-1","Visium",1939,1187,1565,1148,"0","0","0","0","Basal epithelium"
"TTCATAGGGTGTCCAT-1","Visium",734,488,930,481,"1","1","0","1","Basal epithelium"
"TTCATGGCGCAACAGG-1","Visium",1801,1149,1528,1098,"5","2","1","2","Reticular stroma"
"TTCCAATCAGAGCTAG-1","Visium",1529,1010,1378,956,"5","2","1","2","Reticular stroma"
"TTCCAATCTGGCTATC-1","Visium",979,650,1036,635,"0","0","0","0","Basal epithelium"
"TTCCACACAGATTTGA-1","Visium",768,524,927,508,"0","0","0","0","Basal epithelium"
"TTCCACATTTCTCGTC-1","Visium",5341,2511,1074,640,"7","3","2","3","Suprabasal epithelial"
"TTCCAGACGAGATTTA-1","Visium",1052,685,1067,663,"0","0","0","0","Basal epithelium"
"TTCCAGTGGGTTTCGT-1","Visium",746,488,929,481,"0","0","0","0","Basal epithelium"
"TTCCATCATGCGGTGA-1","Visium",1557,977,1391,933,"5","2","1","2","Reticular stroma"
"TTCCATCGACAGCGTG-1","Visium",704,468,917,458,"1","1","0","1","Basal epithelium"
"TTCCCAAAGTACTGAT-1","Visium",1113,718,1118,703,"1","1","0","1","Basal epithelium"
"TTCCCGACGCTTCACT-1","Visium",4024,2173,1391,1022,"10","10","4","10","Reticular stroma"
"TTCCCGGCGCCAATAG-1","Visium",922,623,1008,615,"0","0","0","0","Basal epithelium"
"TTCCGCAGAGAAATAT-1","Visium",3758,2297,1763,1428,"2","2","1","2","Reticular stroma"
"TTCCGCGTGAGGCGAT-1","Visium",988,636,1042,619,"0","0","0","0","Basal epithelium"
"TTCCGGCCTTGAGGCT-1","Visium",830,590,949,578,"0","0","0","0","Basal epithelium"
"TTCCGGCTCGACTTCT-1","Visium",1670,1041,1416,966,"5","2","1","2","Reticular stroma"
"TTCCGGTATCTGTGTC-1","Visium",986,653,1043,644,"0","0","0","0","Basal epithelium"
"TTCCGGTTACCCACTT-1","Visium",1148,751,1144,736,"1","0","0","0","Basal epithelium"
"TTCCTCGAGGGTGTCT-1","Visium",6102,3089,1143,823,"6","5","4","5","Basal epithelium"
"TTCCTCGGACTAACCA-1","Visium",952,635,1016,619,"1","1","0","1","Basal epithelium"
"TTCCTCTGCCCGAATA-1","Visium",2161,1135,1588,1086,"3","4","3","4","Suprabasal epithelial"
"TTCCTTTCTGTGTTGC-1","Visium",2884,1475,1784,1311,"4","3","2","3","Suprabasal epithelial"
"TTCGAACGAAACATGC-1","Visium",503,364,883,357,"0","0","0","0","Basal epithelium"
"TTCGACAGAGCCCGTG-1","Visium",950,646,1018,634,"0","0","0","0","Basal epithelium"
"TTCGACGGGAAGGGCG-1","Visium",3512,2017,1826,1459,"5","2","1","2","Reticular stroma"
"TTCGAGCCGGCGCTAC-1","Visium",1279,809,1212,763,"5","2","1","2","Reticular stroma"
"TTCGCACTCGCGTGCT-1","Visium",3603,1881,1741,1270,"2","7","1","7","Immune stroma"
"TTCGCACTGTACGACA-1","Visium",887,600,983,583,"0","0","0","0","Basal epithelium"
"TTCGCATCCGGAAGCA-1","Visium",2089,1159,1583,1127,"3","4","3","4","Suprabasal epithelial"
"TTCGCCGCTCGCGCTA-1","Visium",953,644,1023,633,"0","0","0","0","Basal epithelium"
"TTCGCGCGCCATACGA-1","Visium",647,472,860,461,"0","0","0","0","Basal epithelium"
"TTCGCTAGGAAGTTGT-1","Visium",986,651,1036,633,"1","1","0","1","Basal epithelium"
"TTCGCTATCTGACGTG-1","Visium",3544,2063,1861,1495,"2","2","1","2","Reticular stroma"
"TTCGGACTGATGCCTT-1","Visium",32890,7651,1462,1110,"6","5","4","5","Basal epithelium"
"TTCGGACTGGGCATGG-1","Visium",136,109,587,187,"1","1","0","1","Basal epithelium"
"TTCGGCAACCCGCTGA-1","Visium",1225,820,1196,797,"5","2","1","2","Reticular stroma"
"TTCGGCTAGAGATGGT-1","Visium",2739,1466,1790,1330,"3","4","3","4","Suprabasal epithelial"
"TTCGGGACTAATCGCG-1","Visium",2944,1619,1789,1345,"2","2","1","2","Reticular stroma"
"TTCGGGCGCTAGTCTT-1","Visium",979,650,1033,633,"0","0","0","0","Basal epithelium"
"TTCGGGTTGCCACGGG-1","Visium",514,341,928,346,"1","1","0","1","Basal epithelium"
"TTCGGTACTGTAGAGG-1","Visium",1020,652,1066,638,"0","0","0","0","Basal epithelium"
"TTCGGTGGAGACGCCC-1","Visium",808,522,952,508,"1","1","0","1","Basal epithelium"
"TTCGTAATCCCAGCGG-1","Visium",3214,1945,1939,1609,"5","2","1","2","Reticular stroma"
"TTCGTACTCCAGAACG-1","Visium",10156,3060,1277,595,"3","4","3","4","Suprabasal epithelial"
"TTCGTGCATGTTATAG-1","Visium",550,377,955,375,"1","1","0","1","Basal epithelium"
"TTCGTGGGCTGGAAGC-1","Visium",1125,771,1111,743,"1","1","0","1","Basal epithelium"
"TTCGTTCAACGAAGTT-1","Visium",2521,1638,1770,1461,"2","2","1","2","Reticular stroma"
"TTCTAACCGAAGCTTA-1","Visium",1854,1110,1511,1063,"1","1","0","1","Basal epithelium"
"TTCTACCTCAATCGGT-1","Visium",800,557,946,546,"0","0","0","0","Basal epithelium"
"TTCTACCTTTATGTTG-1","Visium",35802,8276,1531,1204,"6","5","4","5","Basal epithelium"
"TTCTACTTGCGAGGGC-1","Visium",7949,2858,1223,659,"3","4","3","4","Suprabasal epithelial"
"TTCTAGAAAGTCTTAT-1","Visium",563,406,936,397,"0","0","0","0","Basal epithelium"
"TTCTAGGCCAATTGTG-1","Visium",20491,6627,1406,1095,"6","5","4","5","Basal epithelium"
"TTCTATGCCTTTCGCA-1","Visium",1008,630,1049,610,"1","1","0","1","Basal epithelium"
"TTCTATTAAACGCAGC-1","Visium",593,400,898,391,"0","0","0","0","Basal epithelium"
"TTCTCAATTGCTACAA-1","Visium",717,489,904,476,"0","0","0","0","Basal epithelium"
"TTCTCTTACAGGTGAT-1","Visium",1048,681,1072,667,"0","0","0","0","Basal epithelium"
"TTCTGACCGGGCTCAA-1","Visium",942,601,1016,582,"1","1","0","1","Basal epithelium"
"TTCTGCCGCGCCTAGA-1","Visium",1121,716,1120,698,"1","1","0","1","Basal epithelium"
"TTCTGCGAGCGCCCTT-1","Visium",3255,1490,1754,1199,"3","4","3","4","Suprabasal epithelial"
"TTCTGCGGGTTAGCGG-1","Visium",1116,663,1124,650,"1","1","0","1","Basal epithelium"
"TTCTGCTAGACTCCAA-1","Visium",1786,1156,1537,1123,"8","6","5","6","Immune stroma"
"TTCTGTTTCCTGTCGC-1","Visium",3261,1614,1766,1289,"3","4","3","4","Suprabasal epithelial"
"TTCTTAGTGAACGGTG-1","Visium",6292,2550,1178,673,"7","3","2","3","Suprabasal epithelial"
"TTCTTAGTGGCTCAGA-1","Visium",2004,1192,1571,1142,"5","2","1","2","Reticular stroma"
"TTCTTATCCGCTGGGT-1","Visium",1031,667,1068,655,"0","0","0","0","Basal epithelium"
"TTCTTCCCTTTGATAT-1","Visium",5416,2480,1112,648,"7","3","2","3","Suprabasal epithelial"
"TTCTTCGCAATAGAGC-1","Visium",5257,2610,1067,666,"10","10","4","10","Reticular stroma"
"TTCTTGAGCCGCGCTA-1","Visium",1091,698,1095,675,"0","0","0","0","Basal epithelium"
"TTCTTGCTAGCATCTC-1","Visium",1126,714,1129,698,"0","0","0","0","Basal epithelium"
"TTCTTGGACGATCTGC-1","Visium",1094,708,1108,693,"0","0","0","0","Basal epithelium"
"TTCTTGGAGTAATGAG-1","Visium",3831,2170,1613,1210,"2","7","1","7","Immune stroma"
"TTCTTGTAACCTAATG-1","Visium",54139,5207,1595,486,"12","9","7","9","Suprabasal epithelial"
"TTCTTGTGTCCATCAG-1","Visium",2802,1411,1762,1260,"3","4","3","4","Suprabasal epithelial"
"TTCTTTGGTCGCGACG-1","Visium",1580,1024,1406,977,"8","6","5","6","Immune stroma"
"TTGAAACCCTCATTCC-1","Visium",855,555,973,543,"1","1","0","1","Basal epithelium"
"TTGAAAGGTGTAAAGG-1","Visium",2064,1213,1551,1118,"2","2","1","2","Reticular stroma"
"TTGAACGAATCCTTTG-1","Visium",3675,1781,1611,1134,"3","4","3","4","Suprabasal epithelial"
"TTGAACGACGTGCTGA-1","Visium",825,509,975,504,"0","0","0","0","Basal epithelium"
"TTGAAGAATTCCCAGG-1","Visium",2636,1452,1762,1321,"2","2","1","2","Reticular stroma"
"TTGAAGGATGGGCGCC-1","Visium",449,322,857,331,"0","0","0","0","Basal epithelium"
"TTGAAGTGCATCTACA-1","Visium",1318,856,1270,833,"1","1","0","1","Basal epithelium"
"TTGAATATGGACTTTC-1","Visium",3489,1946,1854,1442,"2","2","1","2","Reticular stroma"
"TTGAATCGTTGTATAA-1","Visium",764,525,928,512,"0","0","0","0","Basal epithelium"
"TTGAATTCACGTGAGG-1","Visium",1115,741,1119,725,"0","0","0","0","Basal epithelium"
"TTGACAGGAGCTCCCG-1","Visium",1155,744,1145,727,"1","1","0","1","Basal epithelium"
"TTGACATGAACGTGGA-1","Visium",1009,664,1053,648,"0","0","0","0","Basal epithelium"
"TTGACCAGGAACAACT-1","Visium",724,498,911,485,"0","0","0","0","Basal epithelium"
"TTGACCATGTTCTCCG-1","Visium",4109,2111,1334,877,"2","2","1","2","Reticular stroma"
"TTGACCGTGTTAATGA-1","Visium",969,643,1029,627,"0","0","0","0","Basal epithelium"
"TTGACGATTCAGCACG-1","Visium",6839,2743,1216,714,"7","3","2","3","Suprabasal epithelial"
"TTGACGCTCCATGAGC-1","Visium",985,665,1037,651,"0","0","0","0","Basal epithelium"
"TTGACTACCATATGGT-1","Visium",1639,929,1417,900,"9","8","6","8","Inflamed epithelium"
"TTGACTATTGTCCGGC-1","Visium",853,585,962,573,"1","1","0","1","Basal epithelium"
"TTGAGAAGTTTAGCAT-1","Visium",1170,735,1159,719,"1","1","0","1","Basal epithelium"
"TTGAGAGTACTGCTAA-1","Visium",1353,864,1292,843,"0","0","0","0","Basal epithelium"
"TTGAGCAGCCCACGGT-1","Visium",754,515,918,497,"1","1","0","1","Basal epithelium"
"TTGAGCGCCACGTGAT-1","Visium",778,553,920,538,"0","0","0","0","Basal epithelium"
"TTGAGGCATTTAACTC-1","Visium",41037,8355,1403,1073,"6","5","4","5","Basal epithelium"
"TTGAGGGTCGAACGCG-1","Visium",1042,687,1063,667,"1","1","0","1","Basal epithelium"
"TTGAGTCCCGCTGCTG-1","Visium",988,649,1033,624,"0","0","0","0","Basal epithelium"
"TTGATAGTCAATACAT-1","Visium",2622,1652,1844,1523,"8","6","5","6","Immune stroma"
"TTGATCTAACTTTGTC-1","Visium",8846,3029,1363,585,"2","7","1","7","Immune stroma"
"TTGATGCCGCTCGTCG-1","Visium",637,460,868,453,"0","0","0","0","Basal epithelium"
"TTGATGTGTAGTCCCG-1","Visium",4056,2311,1410,1048,"2","2","1","2","Reticular stroma"
"TTGATTAGCTGTTTCT-1","Visium",1356,867,1291,845,"0","0","0","0","Basal epithelium"
"TTGATTATGCAGATGA-1","Visium",54580,5413,1521,518,"11","11","8","11","Inflamed epithelium"
"TTGCAAGAAGACTCCT-1","Visium",705,476,904,469,"1","1","0","1","Basal epithelium"
"TTGCACAATTCAGAAA-1","Visium",1760,979,1462,941,"9","8","6","8","Inflamed epithelium"
"TTGCACGGAGCAGCAC-1","Visium",4092,2226,1338,957,"5","2","1","2","Reticular stroma"
"TTGCAGGTCATGAAGT-1","Visium",1297,829,1248,803,"1","1","0","1","Basal epithelium"
"TTGCATGCTGATCACG-1","Visium",1245,797,1208,769,"3","4","3","4","Suprabasal epithelial"
"TTGCCAAGCAGAACCC-1","Visium",922,589,1012,577,"1","1","0","1","Basal epithelium"
"TTGCCATAGCCCGCTC-1","Visium",1064,703,1074,680,"0","0","0","0","Basal epithelium"
"TTGCCCTGATCACGGG-1","Visium",42414,4849,1615,463,"11","11","8","11","Inflamed epithelium"
"TTGCCGCAGACCTACA-1","Visium",711,524,880,504,"0","0","0","0","Basal epithelium"
"TTGCCGCTTTCTAGTA-1","Visium",1038,672,1066,652,"0","0","0","0","Basal epithelium"
"TTGCCGGTGATCCCTC-1","Visium",22489,6874,1521,1207,"6","5","4","5","Basal epithelium"
"TTGCCTAATCCAAAGT-1","Visium",719,513,894,496,"0","0","0","0","Basal epithelium"
"TTGCCTTCTCGCCGGG-1","Visium",858,561,962,543,"0","0","0","0","Basal epithelium"
"TTGCGCACAACCACGT-1","Visium",888,576,991,559,"1","1","0","1","Basal epithelium"
"TTGCGCTCTCTCGCTT-1","Visium",2146,1178,1605,1137,"3","4","3","4","Suprabasal epithelial"
"TTGCGCTTGATCAATA-1","Visium",997,625,1048,612,"1","1","0","1","Basal epithelium"
"TTGCGGAAAGCTGCCC-1","Visium",519,360,916,354,"1","1","0","1","Basal epithelium"
"TTGCGGCATCAGAAAG-1","Visium",673,485,872,475,"0","0","0","0","Basal epithelium"
"TTGCGGCGACTCATGC-1","Visium",4593,2097,1031,552,"7","3","2","3","Suprabasal epithelial"
"TTGCGTAGTTTGAGGA-1","Visium",4400,1999,999,495,"3","4","3","4","Suprabasal epithelial"
"TTGCGTCGGCCAACCG-1","Visium",624,436,875,426,"0","0","0","0","Basal epithelium"
"TTGCGTGAACGCTTAG-1","Visium",1268,832,1217,797,"5","2","1","2","Reticular stroma"
"TTGCGTGTGTAGGCAT-1","Visium",625,422,898,420,"0","0","0","0","Basal epithelium"
"TTGCTAGCTACCAATC-1","Visium",2232,1232,1623,1182,"4","3","2","3","Suprabasal epithelial"
"TTGCTCATAGTACGTG-1","Visium",904,576,1001,566,"1","1","0","1","Basal epithelium"
"TTGCTCCCATACCGGA-1","Visium",2801,1608,1839,1427,"2","2","1","2","Reticular stroma"
"TTGCTGAAGGAACCAC-1","Visium",3237,1874,1913,1534,"5","2","1","2","Reticular stroma"
"TTGCTGATCATGTTCG-1","Visium",4142,2109,1278,809,"2","2","1","2","Reticular stroma"
"TTGCTGCACCTATCCA-1","Visium",4241,1956,1118,633,"3","4","3","4","Suprabasal epithelial"
"TTGCTGGCCGGGCTTC-1","Visium",15677,5846,1408,1130,"6","5","4","5","Basal epithelium"
"TTGGAAGAATACAGTC-1","Visium",699,497,878,481,"0","0","0","0","Basal epithelium"
"TTGGACATGTGGCTTA-1","Visium",1187,767,1158,738,"0","0","0","0","Basal epithelium"
"TTGGACCATCTGGCAA-1","Visium",938,644,998,622,"1","1","0","1","Basal epithelium"
"TTGGACCTATAACAGT-1","Visium",1037,660,1067,637,"1","1","0","1","Basal epithelium"
"TTGGAGTCTCCCTTCT-1","Visium",3662,1787,1618,1137,"7","3","2","3","Suprabasal epithelial"
"TTGGATATCGTCTACG-1","Visium",1037,671,1073,658,"0","0","0","0","Basal epithelium"
"TTGGATCGACTTCTGG-1","Visium",63926,7121,1288,575,"12","9","7","9","Suprabasal epithelial"
"TTGGATTGGGTACCAC-1","Visium",26098,7156,1432,1136,"6","5","4","5","Basal epithelium"
"TTGGCCAAATTGTATC-1","Visium",781,555,923,540,"0","0","0","0","Basal epithelium"
"TTGGCCATCTTGCGCT-1","Visium",2780,1443,1782,1305,"3","4","3","4","Suprabasal epithelial"
"TTGGCCTAGAATTTCG-1","Visium",1565,1010,1405,969,"5","2","1","2","Reticular stroma"
"TTGGCGATCCGAATAT-1","Visium",880,583,985,574,"1","1","0","1","Basal epithelium"
"TTGGCTCAATATGTGT-1","Visium",869,565,980,554,"1","1","0","1","Basal epithelium"
"TTGGCTCGCATGAGAC-1","Visium",73030,6452,1326,441,"7","9","7","9","Suprabasal epithelial"
"TTGGGAAGACGAGCCG-1","Visium",475,349,865,352,"0","0","0","0","Basal epithelium"
"TTGGGACACTGCCCGC-1","Visium",6083,2814,1197,722,"2","7","1","7","Immune stroma"
"TTGGGACGTAAGAGTT-1","Visium",900,581,996,565,"1","1","0","1","Basal epithelium"
"TTGGGCGGCGGTTGCC-1","Visium",2136,1381,1602,1263,"5","2","1","2","Reticular stroma"
"TTGGGTTTATTCAGCG-1","Visium",1022,661,1056,640,"1","1","0","1","Basal epithelium"
"TTGGTATGGCTTGTGT-1","Visium",898,598,996,591,"1","0","0","0","Basal epithelium"
"TTGGTCACACTCGTAA-1","Visium",1103,694,1112,680,"0","0","0","0","Basal epithelium"
"TTGGTGCGGTGTTGAA-1","Visium",1109,741,1108,722,"0","0","0","0","Basal epithelium"
"TTGGTTCGCTCAAAGG-1","Visium",637,450,882,441,"1","0","0","0","Basal epithelium"
"TTGGTTGCGGTGCGCG-1","Visium",959,625,1021,610,"0","0","0","0","Basal epithelium"
"TTGTAACTTCATAGCG-1","Visium",932,643,998,624,"10","10","4","10","Reticular stroma"
"TTGTAAGGACCTAAGT-1","Visium",1137,746,1129,724,"0","0","0","0","Basal epithelium"
"TTGTAAGGCCAGTTGG-1","Visium",3307,1741,1725,1241,"2","7","1","7","Immune stroma"
"TTGTAATCCGTACTCG-1","Visium",10415,3409,1413,631,"2","7","1","7","Immune stroma"
"TTGTACACCTCGAACA-1","Visium",1074,670,1088,651,"0","0","0","0","Basal epithelium"
"TTGTATCACACAGAAT-1","Visium",4540,2593,947,644,"6","5","4","5","Basal epithelium"
"TTGTCACCGCGGTATC-1","Visium",1197,741,1175,719,"0","0","0","0","Basal epithelium"
"TTGTCGTTCAGTTACC-1","Visium",4227,2290,1179,808,"5","2","1","2","Reticular stroma"
"TTGTCTCGGCAAGATG-1","Visium",574,413,909,407,"1","1","0","1","Basal epithelium"
"TTGTGAACCTAATCCG-1","Visium",806,524,954,508,"1","1","0","1","Basal epithelium"
"TTGTGAGGCATGACGC-1","Visium",1008,648,1056,633,"0","0","0","0","Basal epithelium"
"TTGTGATCTGTTCAGT-1","Visium",933,608,1016,593,"1","1","0","1","Basal epithelium"
"TTGTGCAGCCACGTCA-1","Visium",932,621,997,603,"0","0","0","0","Basal epithelium"
"TTGTGCGGAAGCGGAT-1","Visium",623,434,878,423,"1","1","0","1","Basal epithelium"
"TTGTGGAGACAGCCGG-1","Visium",462,345,852,348,"0","0","0","0","Basal epithelium"
"TTGTGGCCCTGACAGT-1","Visium",2359,1418,1696,1317,"5","2","1","2","Reticular stroma"
"TTGTGGTAGGAGGGAT-1","Visium",703,482,897,466,"0","0","0","0","Basal epithelium"
"TTGTGGTATAGGTATG-1","Visium",1174,737,1158,716,"1","1","0","1","Basal epithelium"
"TTGTGGTGGTACTAAG-1","Visium",864,579,980,571,"1","1","0","1","Basal epithelium"
"TTGTGTATGCCACCAA-1","Visium",918,612,1000,601,"0","0","0","0","Basal epithelium"
"TTGTGTTTCCCGAAAG-1","Visium",1122,734,1123,718,"0","0","0","0","Basal epithelium"
"TTGTTAGCAAATTCGA-1","Visium",51768,8153,1153,683,"6","5","4","5","Basal epithelium"
"TTGTTCAGTGTGCTAC-1","Visium",5149,2515,1056,597,"2","7","1","7","Immune stroma"
"TTGTTCTAGATACGCT-1","Visium",1979,1087,1549,1064,"3","4","3","4","Suprabasal epithelial"
"TTGTTGGCAATGACTG-1","Visium",466,345,850,349,"0","0","0","0","Basal epithelium"
"TTGTTGTGTGTCAAGA-1","Visium",2805,1693,1833,1467,"2","2","1","2","Reticular stroma"
"TTGTTTCACATCCAGG-1","Visium",785,546,927,531,"0","0","0","0","Basal epithelium"
"TTGTTTCATTAGTCTA-1","Visium",759,547,906,527,"0","0","0","0","Basal epithelium"
"TTGTTTCCATACAACT-1","Visium",1110,721,1113,703,"0","0","0","0","Basal epithelium"
"TTGTTTGTATTACACG-1","Visium",605,439,873,428,"0","0","0","0","Basal epithelium"
"TTGTTTGTGTAAATTC-1","Visium",4762,2204,1037,573,"7","3","2","3","Suprabasal epithelial"
