"spot_id","Activated_Fib","Adventitial_Fib","B cells","Cycling cells","ECM_Fib","Endothelial cells","Epithelial cells","Inflammatory_Fib","Macrophages","Mast cells","Neutrophils","PI16_Fib","Pericytes","Plasma cells","T cells","pDCs"
"AAACAGAGCGACTCCT-1",0.016035022591078,4.7419137758374e-05,0.00218952904276771,4.74191377584036e-05,0.468674204540152,4.74191377583852e-05,0.487633512011985,4.74191377583842e-05,4.74191377583897e-05,4.74191393679026e-05,4.7419137758388e-05,4.7419137758387e-05,6.31267354050868e-05,0.0184488400059571,0.000382793829102254,0.0061936181398756
"AAACGTGTTCGCCCTA-1",0.0067492726935758,0.0471116292077647,6.05903949791413e-05,6.05903949791749e-05,0.0541438118709003,0.091796412864287,0.635204792377667,0.0812895950126482,0.00139165675781295,0.0193244849596672,0.00753182678118119,6.05903949791445e-05,6.05903949791418e-05,0.037085496754598,0.0180680687450019,6.05903949791112e-05
"AAACTAACGTGGCGAC-1",3.1438341377065e-05,3.1438341377063e-05,3.14383413770643e-05,0.0531327617208511,0.223029979528475,0.0764944460392184,0.555365758806409,3.14383413770694e-05,3.1438341377071e-05,3.14383414397097e-05,0.00900694660112264,0.0523896598033845,3.14383413770547e-05,0.0302975024280835,3.14383413770631e-05,3.14383413770643e-05
"AAAGGGATGTAGCAAG-1",2.02273563189664e-05,0.00547177470194062,2.02273563189703e-05,0.0269289127338232,0.129074955493934,0.0165989937378417,0.602751452410332,2.02273563189706e-05,0.0266061800908909,0.0235408207630433,2.02273563189697e-05,2.02273563189641e-05,0.0436957014043812,0.0901889997342048,0.0217836795677611,0.0132573925802525
"AAAGGTAAGCTGTACC-1",3.08328857264438e-05,0.11696685791276,0.0152036882927025,0.0673966616504037,0.0161347309597065,3.37728270719315e-05,0.688108387587778,2.00866482423721e-05,0.00103799153991037,0.00813518149392739,2.00866482424406e-05,0.0227879568263655,0.0198668855776842,0.0442167058529937,2.00866482423565e-05,2.00866482424749e-05
"AAATAACCATACGGGA-1",0.126075593342459,0.0395358329686713,0.0248518616636549,2.86755333392646e-05,0.100837546449526,0.0710516655839704,0.499416270709505,2.86755333392433e-05,2.86755333392499e-05,0.0928427101133521,2.8675533339248e-05,0.0157693630139643,0.0138333673197845,0.0155979919652002,4.44192032162048e-05,2.86755333392626e-05
"AAATGATTCGATCAGC-1",0.015355370110794,1.35701587860992e-05,1.35701587861039e-05,7.55269839717841e-05,0.136217359223712,0.0485840923954662,0.664871889725888,1.81599861585113e-05,0.0409259852888525,1.3570158802847e-05,1.35701587860998e-05,0.0287087114296588,1.35701587860973e-05,0.0381327662342723,0.0270287176689148,1.35701583631069e-05
"AAATGGCATGTCTTGT-1",2.88138826840672e-05,2.88138826820995e-05,5.33506953329967e-05,4.27713762037081e-05,0.00730940850194552,6.21660917514078e-05,0.952947925181039,2.88138826779019e-05,0.00679519433891637,0.004156297899447,0.00146073396149319,0.00683398111893356,0.00411036603235678,0.00388793422696131,0.00901668542227371,0.00323674350530125
"AAATGGTCAATGTGCC-1",0.0647068029802182,2.73783263082763e-05,0.00940105846856176,0.0749392237187347,0.251761185399314,2.73783263082961e-05,0.442330266217893,0.0195078808810076,0.0191850327636083,0.0134831143641586,0.00514330760056075,2.73783263082958e-05,2.73783263082968e-05,0.0993778576480933,2.73783263082968e-05,2.73783263083006e-05
"AAATTAACGGGTAGCT-1",0.0319761654185227,0.015110211273487,0.109872953989567,0.066702923649795,0.00157507065980639,0.0628821910513644,0.114043310152805,0.128949454256711,0.033089191883467,0.0242150293779903,0.000110854758836507,0.00252009309664775,0.0231580381702157,0.131844235849587,0.243145951788225,0.0108043246229716
"AAATTACACGACTCTG-1",0.0366139282422388,0.0347459006300976,4.00209936186747e-05,0.000620159843696596,0.0730386310877345,0.242328214223222,0.391518902569789,4.00209936186674e-05,0.00216981624445807,0.0172205851527876,4.00209936186683e-05,4.00209936186674e-05,0.18155316450825,0.00984866762927075,0.0101419249003618,4.00209936186685e-05
"AAATTACCTATCGATG-1",0.133756011022265,0.000809050506965766,0.00214120820069869,3.29861320403279e-05,0.141968902178648,0.0742663796027923,0.531976210718768,3.29861320403422e-05,0.00761134979752346,0.0112100316116074,0.00431632663783666,3.29861320403198e-05,0.0169334740921243,0.07484612497057,3.29861320403002e-05,3.29861320403248e-05
"AAATTGGTGAGAAGCA-1",0.0458680772436415,3.70814466288215e-05,3.70814466284641e-05,3.70814466285122e-05,0.0676336457900304,0.107807339225705,0.628637189496369,3.70814466285121e-05,3.70814459354741e-05,0.0507992252793007,3.70814466285158e-05,0.0494199934467207,3.70814466285247e-05,0.0494938153571034,4.40625887936646e-05,3.70814466285018e-05
"AACAACTGGTAGTTGC-1",0.00994849958776962,0.0130691286808159,0.0239406710744812,0.0774274587955153,0.108162147940732,0.0115051804858755,0.677360193531932,1.88446139320293e-05,0.0375589215294308,0.0116021595588772,1.88446139321374e-05,0.0220612980240969,1.88446139320328e-05,0.00407210248950795,0.00321685984523803,1.88446139320305e-05
"AACACGACTGTACTGA-1",2.79899005028736e-05,2.79292112915194e-05,2.7947673593613e-05,2.79296042082591e-05,2.79291868664051e-05,2.79340384091837e-05,0.998722180756518,2.79290748017248e-05,2.79342592854827e-05,2.79291117986186e-05,0.00055308512975818,2.79291184213058e-05,2.79292767352021e-05,2.79291127616888e-05,2.79291127509264e-05,0.000361565432297344
"AACAGGAAATCGAATA-1",2.49274477378332e-05,1.97523682017401e-05,0.00938086313059139,0.00525793247510176,0.0264442990218072,7.03057212678586e-05,0.953278132068836,1.97523682084839e-05,1.97523682088204e-05,0.00308421766393484,1.97523682268368e-05,1.97523682084599e-05,0.0019348508448608,0.000379826219286296,2.61311973135881e-05,1.97523682084356e-05
"AACAGGATGGGCCGCG-1",6.73848824541948e-05,6.7385676516762e-05,6.7384671977593e-05,6.73846727485001e-05,0.00221609509536396,6.73846719938235e-05,0.985519753882143,6.73846720192841e-05,6.73855042348156e-05,0.000595383846300067,0.00425159329157435,6.73846689248534e-05,6.73846723558781e-05,0.00280183914607324,6.73846718606638e-05,0.0039414859734591
"AACATCGATACGTCTA-1",0.166766917780461,2.18668302537191e-05,0.0164144198021701,2.18668302537107e-05,0.0159948430233843,0.0563391571095132,0.643438195804573,2.1866830253713e-05,0.0118345481181096,0.00696546550034969,2.18668302537153e-05,0.021356241693486,0.0252905400581083,0.0305375043064804,2.18668302537102e-05,0.00495283265209545
"AACCAGTATCACTCTT-1",2.91922684173791e-05,0.00038187907946789,2.91922684167693e-05,2.91922684167861e-05,0.00811145965440139,2.91922684167693e-05,0.991127161776669,2.91922684179697e-05,2.91922684124531e-05,2.91922684128312e-05,2.91922684471082e-05,2.91922684314649e-05,2.9192268415098e-05,2.91922684237631e-05,2.91922684167622e-05,2.91922684167761e-05
"AACCCTGGTGGAACCA-1",2.84111487394244e-05,2.84111487367203e-05,2.8411148738285e-05,4.27638007704278e-05,0.0444823039659547,0.00797455992543685,0.936640640730106,2.84111487394236e-05,2.84111487399851e-05,0.00214340906023129,2.84111487371001e-05,2.84111487394175e-05,0.00843221103011211,2.84111487387052e-05,2.84111487394133e-05,2.84111487399702e-05
"AACCGAGCTTGGTCAT-1",5.76300595240164e-05,0.0369983486474248,3.05462433020819e-05,6.39775160189806e-05,0.208300653087677,0.0356668866316473,0.59964847052654,3.05462433020722e-05,3.05462433020656e-05,0.0152724237097204,0.00115339097390491,3.05462433020774e-05,0.0157863075859462,0.0705609303137213,0.0163382497313652,3.05462433020792e-05
"AACCGTTGTGTTTGCT-1",2.77556058611311e-05,2.77556058349943e-05,2.77556058611314e-05,0.0188727237824747,0.0119451013897975,0.0229610478853432,0.943666060272258,2.77556058582461e-05,2.77556058540383e-05,2.77556058614553e-05,2.77556058788074e-05,2.77556058611349e-05,0.00224975500562704,2.77556059067741e-05,2.77556058611303e-05,2.77556058611713e-05
"AACCTTTACGACGTCT-1",0.0749189333156159,0.0375748923678493,0.0118436828187598,7.87073035848369e-05,0.0658089895712565,0.275563633426204,0.248390472763088,7.87661968850732e-05,0.0395846318430423,0.0353816699807856,7.82703774402538e-05,0.00549640401613748,0.116665762368502,0.0544487729508303,0.0340081403225778,7.82703774402547e-05
"AACGATAGAAGGGCCG-1",1.75946535436488e-05,1.75946535344725e-05,1.75946535436922e-05,9.69969748367717e-05,0.00832176447197931,2.00801309271994e-05,0.987541137658155,1.75946535441853e-05,1.7594653542543e-05,1.75946535507751e-05,8.34748283985527e-05,0.00177109352022944,1.75946535436275e-05,1.75946535608063e-05,0.0020071005335685,1.75946535418846e-05
"AACGATATGTCAACTG-1",0.0610004379472102,2.93660640071718e-05,0.0129170189781088,4.00522909564963e-05,0.307024379606061,0.046348651497111,0.440563350714428,3.0353701804291e-05,0.000381851846318826,0.0206720854421911,0.00269783059889069,0.0143552520830198,0.00714123954360847,0.0867393975582694,2.93660640071717e-05,2.93660640071715e-05
"AACGCATGATCTGGGT-1",0.0549829069387048,0.000163359737384631,0.00808918673031371,0.024749096672784,0.150685596394876,0.0911017836892058,0.1166207936854,0.0717849999418491,0.0419567016351743,0.000163359737412344,0.00360299540384539,0.0756944865277456,0.0976344059427056,0.190204446976428,0.0649936156667297,0.00757226431944121
"AACGCGGTCTCCAGCC-1",7.24559639590433e-05,0.0224013306080756,0.0366904798315541,0.000154222503234214,0.130946121517881,0.0196328595457199,0.689401604090467,2.57675455203709e-05,1.37802299338441e-05,1.37802299338116e-05,1.95494810713679e-05,1.37802299338032e-05,1.37802299338134e-05,0.0937864422276461,1.37802299338099e-05,0.00680026553520263
"AACGTCAGACTAGTGG-1",2.00162776002049e-05,2.00173897752152e-05,2.00180785178803e-05,2.00162776064192e-05,2.00162776238564e-05,2.0017455287297e-05,0.999505933438788,2.00162775762085e-05,2.0016277605249e-05,6.12322738822896e-05,2.00162776164921e-05,2.00162776022237e-05,2.00162775543434e-05,2.00162776138605e-05,2.00162776372276e-05,0.000172618587713211
"AACGTGATGAAGGACA-1",0.0146446225242794,2.00432482206775e-05,0.0189890344960718,0.000347703596726103,0.132294761492611,0.00137025421429455,0.635952974456031,2.004324822069e-05,0.00168262015073852,0.102451797916922,2.00432482206756e-05,0.0865721532145314,2.00432482206762e-05,0.0055562791746629,2.54535379585019e-05,3.21722322902221e-05
"AACTCAAGTTAATTGC-1",5.66895708683463e-05,5.67191940494476e-05,5.6641854828074e-05,5.67215041621015e-05,0.00305884234891394,5.67214749651357e-05,0.990126983719318,5.67214748802649e-05,5.67216072458335e-05,5.6721475077538e-05,0.00183710748810562,5.67202564953396e-05,5.67214750386681e-05,0.00406819565188063,5.67214752616829e-05,0.000285049428909807
"AACTCCTAATCCCATG-1",2.90833011571407e-05,0.0342151533023319,2.90833011571076e-05,3.95148322295959e-05,0.279632122238549,0.0319056183641681,0.55984239691286,7.54927178163838e-05,2.90833011570518e-05,0.0763142513242702,2.90833011571402e-05,2.90833011571039e-05,3.84191411883487e-05,0.0177334480584865,2.90833011571401e-05,2.90833011571477e-05
"AACTGAGGTCAGCGTC-1",0.148565489072605,0.011752473995027,0.0484990787296378,3.79397402427136e-05,0.0536285923532316,0.0433740860030373,0.530639774808525,3.03441008283359e-05,3.03441008283381e-05,3.0344100100669e-05,3.03441008283343e-05,0.114555300150466,0.0130355778567975,0.0357296226861874,3.03441008283255e-05,3.03441008283367e-05
"AACTGATATTAGGCCT-1",5.60381183668475e-05,0.0262075003167939,0.0103426897223059,0.0145900883368832,0.0548772787150313,0.00913281142065813,0.797561780264189,1.39163360613298e-05,0.00330427587466209,0.0273727200533743,1.39163360613265e-05,0.0222093529175022,0.00590724864956939,0.0087827038019445,0.0196137628005356,1.3916336061325e-05
"AACTGGGTCCCGACGT-1",2.16093287496068e-05,2.16093287496038e-05,0.00749566879939355,0.0039906121298641,0.213966309712427,0.000104956360552075,0.621786969086914,2.16093287496017e-05,0.00923370474701889,0.0338499064091279,2.16093287496069e-05,0.0676621071761722,2.16093287496122e-05,0.0417585002772834,2.1609328749604e-05,2.16093287496035e-05
"AACTTGCCCGTATGCA-1",4.37159021610248e-05,4.37159021190407e-05,4.37159021666465e-05,4.37159021667507e-05,0.00433490394000061,4.37159021667521e-05,0.959193472641265,4.37159021360262e-05,0.00669584410806027,0.000700401210807206,4.37159022117088e-05,0.00210092767727365,4.37159021440884e-05,0.0115177716053623,0.0105268618681361,0.00458008973182262
"AAGACTGCAAGCTACT-1",3.8786046303452e-05,3.87860463034493e-05,3.87860463034498e-05,4.79847546699557e-05,0.171897956334308,0.0242702137439794,0.485169306484998,0.0672492339425502,0.0227960635585391,0.0141160503503043,0.000262399158513164,0.0156643414433457,3.87860463034489e-05,0.139686875104225,0.0586456448930502,3.8786046303449e-05
"AAGATTGGCGGAACGT-1",0.2900116862204,6.12234772661999e-05,6.12234772661904e-05,6.12234772661841e-05,0.23879780314337,0.0966654346010059,0.310429630979964,7.60310601155918e-05,0.0126493784870058,0.00278390864388001,6.12234772661893e-05,6.12234772661893e-05,6.12234772661885e-05,0.0399460838995764,0.00821147862381846,6.12234772661893e-05
"AAGCGGCGTCATGGGT-1",0.0166966382163383,0.118064058631273,0.0178833865668263,0.0317617371831975,0.0322077130952129,0.174001428762664,0.555020096068103,1.88729410905233e-05,0.00969365645714412,0.00713373774441849,0.00106381466226348,0.00980449578599438,0.0106047515641597,1.88729410966356e-05,0.0160078664391274,1.8872941090522e-05
"AAGCTCGTGCCAAGTC-1",0.0112665989196334,2.60534239008866e-05,2.60534238984843e-05,2.60534238976127e-05,0.830916903178872,2.60534238976126e-05,0.11409305757486,4.31467289051411e-05,2.60534238976126e-05,0.0031151026388452,2.60534239066542e-05,3.07517950273789e-05,2.60534238976125e-05,0.0288251378191816,0.0115008739534805,2.60534238976123e-05
"AAGGAGCGGTTGGTGC-1",6.34531362383704e-05,6.34531362383931e-05,6.34531362383694e-05,0.0327241337138535,0.547296373900793,0.0125572339054765,0.35401937788933,6.34531362383793e-05,6.34531362383713e-05,0.00154939742682233,6.34531362383674e-05,6.34531362383648e-05,6.34531362383697e-05,0.0512189518013419,6.34531362383078e-05,6.34531362379119e-05
"AAGGATGAGGGACCTC-1",4.15139212620847e-05,0.0120978209543302,0.0162917024698629,3.85900398249992e-05,0.150322101088928,0.060110188600023,0.636004531848461,3.85900398250125e-05,3.85900398250471e-05,0.0200958686679621,3.85900398249996e-05,0.0272708836816135,3.85900398250085e-05,0.0655655282975195,3.85900398249889e-05,0.0119683202310881
"AAGGCGCGTAAAGCTT-1",2.46305083992694e-05,2.46225010807133e-05,2.46197972029784e-05,2.4628693512754e-05,2.46286936158207e-05,2.46286050784853e-05,0.999630323210267,2.48911815954167e-05,2.46280506996676e-05,2.4628693511935e-05,2.46286934983721e-05,2.46265978832282e-05,2.46286934341476e-05,2.46286933749261e-05,2.46286933407363e-05,2.46286935042948e-05
"AAGGCTGTGCTCATCG-1",0.0312706613601322,0.0169528591713611,0.0193407990288849,0.0517617876113813,0.0259463809176651,4.12088769490184e-05,0.385092251924728,0.0377887504130935,0.0304345646523251,0.0146184273261932,4.12088769520699e-05,4.12088769490169e-05,4.120887694989e-05,0.335037943425231,0.0387850628398718,0.0128056758213333
"AAGGGACAGATTCTGT-1",0.124835194428093,3.00679588559187e-05,0.00361227715887672,0.0882294912534532,0.0083727675425509,0.0616146270094059,0.49696995633845,0.143147608199521,3.00679588559372e-05,0.0177273727964747,3.00679588559323e-05,3.00679588559362e-05,3.00679588559364e-05,0.0363547299255875,3.00679588559364e-05,0.0189555675944517
"AAGGTATCCTAATATA-1",0.0235871986239467,2.08804261375486e-05,2.0880426137559e-05,0.0251424170788465,0.253075545490486,0.0322775705144067,0.540709151660554,2.08804261375469e-05,0.0194891239642416,0.00652034765794426,0.00506203134603161,2.08804261375666e-05,0.0240966618849431,0.0522917781047157,2.08804261375597e-05,0.0176437715431965
"AAGTAGAAGACCGGGT-1",2.00246353204255e-05,2.0024615094638e-05,2.00246150939438e-05,2.00246150959393e-05,2.00246150956253e-05,2.00246150939395e-05,0.999699630357254,2.00250112403627e-05,2.00246150869924e-05,2.00246150544902e-05,2.00246151065903e-05,2.00246150928407e-05,2.00246150918999e-05,2.00246150863641e-05,2.00246150920645e-05,2.00246151002855e-05
"AAGTAGTGACGCGAGG-1",4.90995547378591e-05,4.90561180687106e-05,4.90621460277286e-05,4.90590836629758e-05,4.90566344989905e-05,4.90651440925776e-05,0.996021223195536,4.9056747388529e-05,4.90558399960163e-05,4.90567391354197e-05,4.90567475117639e-05,4.90567200532439e-05,4.90567477986402e-05,4.90567474497808e-05,4.90567472846636e-05,0.0032919250867576
"AAGTTCAGTCTGCGTA-1",0.000215494254831353,2.89892635403328e-05,2.8989263540331e-05,0.0639725454934638,0.446207235790969,0.0418785102650705,0.394616414666357,3.19078490308319e-05,2.8989263540333e-05,0.000301921235087317,0.00767773445274645,3.08958876975278e-05,0.0325783263168506,0.012344067470194,2.89892635403304e-05,2.89892635403302e-05
"AATAAGTCCTCGAGAC-1",4.1955985620589e-05,4.19558482552145e-05,4.19529809839866e-05,4.195858500426e-05,0.00195951541704299,4.19559495830727e-05,0.985950852252072,4.19559495522038e-05,4.19559495763005e-05,4.19559496082036e-05,0.00169585860786474,4.19558287092811e-05,4.19559494982896e-05,4.1955949638596e-05,4.19559496152689e-05,0.00989030284737505
"AATAGCAAGCCTCCTG-1",1.42582727842591e-05,0.00414760447811619,1.42582727842538e-05,9.38192887135034e-05,0.0750207585022768,0.0645259230921453,0.741601276799219,1.42582727842499e-05,0.00215858406163819,1.42582727842388e-05,1.42582727842542e-05,1.42582727842557e-05,0.0591369219425297,0.0313076596314035,1.42582727842571e-05,0.0219076442944681
"AATAGCTACCGCGTGC-1",0.0271811199281453,2.26723576743525e-05,2.26723576743506e-05,0.011066024773053,0.101442007294073,0.0139632633336565,0.684900597340898,0.0373339307775009,0.0136917530563067,0.0124906848850441,0.0131199168520174,2.26723576743482e-05,0.0503273024876114,0.0343700374833215,2.26723576743511e-05,2.26723576743515e-05
"AATCCAAGGGCCTGAG-1",4.5112153232344e-05,4.5112153249405e-05,4.51121532586794e-05,4.51121532338326e-05,0.003801261759056,4.51121532338223e-05,0.985463881397781,4.51121532329098e-05,0.00188754376744458,0.000798287712108761,4.51121532666147e-05,4.51121531942656e-05,4.51121532380427e-05,0.00528006827032072,4.51121532237534e-05,0.00231783556092497
"AATCGGGACACTACGA-1",4.78485166516895e-05,4.7848516620841e-05,4.78485166642121e-05,4.78485166630531e-05,0.00436277915471631,4.78485166630414e-05,0.991105605178611,4.78485165879154e-05,4.78485166526779e-05,4.7848516660831e-05,9.69365788286105e-05,4.78485166873882e-05,4.78485166723612e-05,0.00376566083694011,4.7848516663177e-05,0.000142684567716799
"AATGACTGTCAGCCGG-1",4.08745265459325e-05,2.90212062059218e-05,0.01984432278549,0.00991761442265273,0.192247824299178,2.90212062059208e-05,0.591433121760707,2.90212062059201e-05,0.0149832518114159,0.0859648326984639,2.90212062059209e-05,0.0498730624954047,0.00796356745397254,0.0275574005089339,2.90212062059217e-05,2.90212062059214e-05
"AATGATGATACGCTAT-1",0.0772567987066221,2.04963672906604e-05,0.0424384279611143,9.7248945403619e-05,0.178344205013105,0.0233571611610741,0.564209176114931,2.04963672906529e-05,2.04963672906633e-05,2.04963677646664e-05,0.00663492651838627,2.04963672906586e-05,0.0494964062451706,0.0580175898421664,2.50812878080489e-05,2.04963672906413e-05
"AATGCAACCGGGTACC-1",0.0649824028946334,0.0106785499587238,2.92669324404172e-05,2.9266932440382e-05,0.178548522611162,0.00638948539852605,0.600924562274494,2.92669324404168e-05,0.0276427222798452,0.0285388027262927,2.92669324404166e-05,2.92669324404193e-05,0.0252031500279697,0.0568869333012692,2.92669324404163e-05,2.92669324404163e-05
"AATGCACCAAGCAATG-1",0.000145053889039464,0.00014483856058316,5.72942155908886e-05,0.00341700386248549,0.682943654456852,0.00982897738802275,0.226205263048564,0.000133747708801753,5.72942155908853e-05,0.00577984787653238,5.72942155908955e-05,7.02464973842518e-05,0.0491618353407449,0.021883060293035,5.72942155908831e-05,5.72942155908887e-05
"AATTCATAAGGGATCT-1",0.0267832545684838,3.01294588635771e-05,0.0459064396562551,3.01294588635594e-05,0.329392689938493,0.0959629731002306,0.438169014297877,0.00664025817133943,3.01294588635773e-05,0.0117937446103324,0.00141502339024549,3.01294588635752e-05,3.0129458863577e-05,0.0437256960546985,3.01294588635794e-05,3.0129458863577e-05
"AATTTGGGACATAGTA-1",4.67286456661967e-05,4.67286456662237e-05,0.0582308248927412,0.0130798741854859,0.359389948668679,0.0038303990878257,0.522270552658269,4.67286456662247e-05,4.67286456662256e-05,4.67286450330639e-05,4.67286456662228e-05,0.0140462255929408,4.67286456662221e-05,0.0195391824125142,4.67286456662361e-05,0.00923916333684826
"AATTTGGTTCCAAAGA-1",2.89792131381357e-05,2.89792131331643e-05,2.89792131303719e-05,2.89792131303647e-05,0.00178209705526087,2.89792131303744e-05,0.997333440518367,2.89792131396133e-05,2.89792131308035e-05,2.89792131297993e-05,2.89792131289688e-05,2.8979213166706e-05,2.89792131294257e-05,2.89792131520971e-05,2.89792131303729e-05,0.000507732655602283
"ACAAATTCAGATCTGA-1",0.108097395205874,0.0327578829283564,6.02710271000506e-05,6.02710271000497e-05,0.0448542030170221,6.02710271000585e-05,0.317736075906627,6.02710271000561e-05,0.111319966025581,0.0719703517121194,6.02710271000512e-05,0.177851653401225,0.0181710553749672,0.0103355598416882,0.0459674539048148,0.0606370475462248
"ACAACAGCATGAGCTA-1",6.27914236333454e-05,0.0431110157252781,0.0164749329052402,0.049564717211212,0.16777753572497,0.0646648002258247,0.346968610794279,0.022248636891503,0.00599223055277521,0.00952083589231479,6.27914236333531e-05,0.00843906080363437,6.27914236333454e-05,0.261896014535745,0.00309044304268958,6.27914236333454e-05
"ACAAGCAGTGCCTAGC-1",2.93705807075867e-05,2.93705806959185e-05,2.93705807118983e-05,2.93705807119486e-05,0.0069101365961291,2.93705807119519e-05,0.976293543944144,2.93705807199973e-05,2.93705807055165e-05,0.000754210059204971,2.93705807128119e-05,2.93705807163315e-05,2.93705807130292e-05,0.0102480548696207,2.93705807119511e-05,0.00547097814308222
"ACAAGGACAAGAGGTT-1",3.57581441289467e-05,3.57582725473292e-05,3.57585102104347e-05,3.57582025168713e-05,0.000406760478364878,3.57582026326853e-05,0.997556179187895,3.57582025180358e-05,3.57582025553993e-05,3.57582025439441e-05,3.57582024695776e-05,3.57581898755991e-05,3.57582025592159e-05,0.00157220339414954,3.57582026422341e-05,3.5758202390629e-05
"ACAATCCATTTAAACC-1",4.57266947609756e-05,4.57266947383265e-05,4.5726694754942e-05,4.57266947584257e-05,0.00452582333173969,0.00466906112664833,0.97509761360531,4.57266947405991e-05,0.00634516509002314,4.57266947798511e-05,0.0012326341465393,0.00170481695660902,4.57266947580649e-05,0.00601334549031041,4.57266947708562e-05,4.57266947584281e-05
"ACAATGATTCTTCTAC-1",1.96909962243157e-05,0.0190126472107013,1.9690996224315e-05,0.137523803505314,0.0493260015870755,0.083340559540959,0.596105682372922,7.90193046506148e-05,1.96909962243155e-05,0.0184153592256407,1.96909962243155e-05,0.0438539877430603,0.0201866524396662,0.0320381410926646,1.96909962243155e-05,1.96909962243116e-05
"ACAATTTGAGCAGTGG-1",3.19367832534688e-05,0.00943793258928118,3.19367832534808e-05,3.19367832534827e-05,0.145165384303844,0.126215267107145,0.563623495778669,3.19367832534552e-05,0.0126262723520613,0.0276802050246129,0.000947805242271583,3.19367832534827e-05,3.19367832534783e-05,0.114048143336087,3.19367832534786e-05,3.19367832534787e-05
"ACACAAAGACGGGTGG-1",2.94317814993483e-05,0.00135092878593584,2.94317814993444e-05,0.0668523056581201,0.291129387421065,0.044550778153021,0.489075447225521,2.94317814993518e-05,2.94317814993463e-05,0.0133403027646868,2.94317814993444e-05,2.94317814993452e-05,0.0165573148253998,0.0466352653065458,0.0166711948738451,0.0136604842968638
"ACACACTTTCTACACG-1",1.84392342711001e-05,1.84392342728129e-05,1.8439234271164e-05,0.0033216927585737,0.00989596472040523,4.19365039382299e-05,0.969677557252006,1.84392342711347e-05,1.84392341120733e-05,0.0116740799540944,1.84392342879583e-05,1.84392342710963e-05,1.84392342715996e-05,1.84392342470642e-05,1.84392342711059e-05,0.00520437646843511
"ACACCCAGCATGCAGC-1",4.13432532699759e-05,0.0283792699322783,0.0308563799086063,0.0525002740328748,0.139881201848264,0.128643782482117,0.400425112635023,4.13432532699731e-05,4.13432532699518e-05,0.0249361619162339,4.13432532740808e-05,0.00608952698483428,0.10719611048922,0.0808441202509243,4.13432532699701e-05,4.13432532699711e-05
"ACACCCGAGAAATCCG-1",5.38263277876096e-05,5.38238031212009e-05,5.38136200393426e-05,5.3820219028704e-05,5.38225628643672e-05,5.38201805983263e-05,0.988999067266511,5.38200848703184e-05,5.38187070251143e-05,5.38202193202908e-05,0.00495032256128035,5.38201633557568e-05,5.38202192762611e-05,0.000484507540273329,5.38202192437761e-05,0.00492025630540439
"ACACCTTAAGTAGGGC-1",0.0471770317740908,2.03689022853075e-05,2.03689022852547e-05,0.0315014144456329,0.279810964060956,0.0278800896553293,0.5646397939389,0.0231402352239018,0.00261670746083469,2.03689022852496e-05,2.03689022852493e-05,2.0368902285249e-05,2.03689022852502e-05,0.0230708122220733,2.03689022852453e-05,2.03689022850002e-05
"ACACGAGACTCCTTCT-1",0.0564636993985045,0.0777431665314181,0.00092644088745744,5.80319341307178e-05,0.154487943340448,0.0413906151628773,0.410266752496573,4.07505539437156e-05,0.0194097597634554,0.0056044168200478,0.00151069252874785,4.07505539437168e-05,0.0326934392132352,0.19928203970733,4.07505539437166e-05,4.07505539437168e-05
"ACACGGCACTATGCAT-1",2.34213744187645e-05,2.34206473442566e-05,2.34200671626423e-05,2.34214335523298e-05,2.34210021466795e-05,2.34214335646988e-05,0.999648677306893,2.34254517933088e-05,2.34213766209079e-05,2.3421433521527e-05,2.34214335606395e-05,2.34213052201257e-05,2.34214335739246e-05,2.34214335289698e-05,2.34214335605184e-05,2.34214335373112e-05
"ACACGGGAACTTAGGG-1",4.2419058924609e-05,0.00067767176855098,0.019931595276618,6.55219228612018e-05,0.412027311547795,0.011873317836311,0.441306179978479,0.0124259133686248,4.2419058924602e-05,0.00954179451689507,4.24190589245956e-05,0.014385393389016,4.24190589245923e-05,0.0649792401955278,0.0125739649046978,4.24190589246028e-05
"ACAGCATAGAGCCAGT-1",2.58935769049177e-05,2.58906224032227e-05,2.58872531274475e-05,2.58935768580381e-05,2.5893741745554e-05,2.58935767712839e-05,0.999611606495748,2.58951642090621e-05,2.58942716299695e-05,2.58935767261185e-05,2.58935768463925e-05,2.5890259967406e-05,2.58935769583522e-05,2.58935764081833e-05,2.58935769351647e-05,2.58935767605228e-05
"ACAGCGCACCCGCAGC-1",0.0705834097654169,2.07754402051478e-05,0.00209679674985455,0.0752826358378665,0.0148123104694843,2.0775440211319e-05,0.723628320676699,2.07754402113108e-05,2.07754402113258e-05,0.0219217323558948,2.07754402113245e-05,0.0312760433216022,0.0270753301411312,0.00131890484815925,0.0318798631926297,2.0775440211327e-05
"ACAGTATACCGTGGGA-1",1.48921153977885e-05,0.00457275695691617,2.37680575623631e-05,5.05212111159105e-05,0.0780537662981619,9.6454235882445e-05,0.811408592105715,0.0167445182405941,1.48921153977808e-05,0.0323440588638236,1.48921153977875e-05,0.0254252885939224,0.0122885328185728,0.0189172820407446,1.4892115397782e-05,1.48921153977913e-05
"ACATAATAAGGCGGTG-1",6.16513004513792e-05,4.67252644993032e-05,0.0466400019497734,0.0412462134623676,0.363311001288975,4.6725264499305e-05,0.524489096680702,4.67252644993107e-05,4.6725264499311e-05,4.67252644993324e-05,4.67252644993512e-05,4.67252644993053e-05,4.67252644993042e-05,0.0237847826727383,4.67252644993094e-05,4.6725264499306e-05
"ACATCGTTAACCTAGT-1",0.0160259075223895,1.35866390288928e-05,0.00848438545053199,0.0245282489999856,0.0148309814397739,0.0055966282148553,0.905859959888341,1.35866390293956e-05,1.35866390303415e-05,0.00113933121152463,1.35866390296939e-05,0.0105854988264294,0.0128230516791868,1.35866390325708e-05,4.44869328020226e-05,1.35866390290038e-05
"ACCAAACACCCAGCGA-1",0.0401524532224261,6.56701415618273e-05,6.56701415618451e-05,0.000122075335638335,0.114110748693045,0.319301498331985,0.431318603616835,6.56701415618292e-05,6.56701415618177e-05,0.00536969465938796,6.56701415618274e-05,6.56701415618263e-05,0.0310442631370852,0.0259026430601648,6.56701415618341e-05,0.0322183289525003
"ACCAACACCACACACT-1",3.10545615717975e-05,3.10545615717905e-05,0.00990135114474864,3.10545615717887e-05,0.162880303042521,0.135257345798582,0.455347052129267,0.0558796205002688,3.1054561571787e-05,3.10545631822488e-05,3.10545634411573e-05,0.0900125364382807,0.0315840701745894,0.0309824097660352,3.10545615717888e-05,0.0279379290712241
"ACCAAGAACGCGTGTC-1",0.00287831288359558,2.62548718007865e-05,2.62548718144999e-05,8.4287845477467e-05,0.0174865228440639,0.00852888511687332,0.942162501102007,0.00199225205034731,2.62548718102175e-05,0.00653883462458749,2.62548718225312e-05,0.00814296172162256,0.011617021209669,2.62548718602301e-05,2.62548718104626e-05,0.000410891370837427
"ACCACAACTCAGAACA-1",1.68644429176577e-05,1.68644429347545e-05,1.68644429193962e-05,2.73743566434536e-05,1.68644429012249e-05,1.68644429193962e-05,0.99958321230331,1.68644429205859e-05,1.68644429281347e-05,1.68644429228059e-05,1.68644429308562e-05,1.68644429100182e-05,1.68644429224599e-05,1.68644424958883e-05,1.68644429193805e-05,0.000170175582504327
"ACCACAAGTTTCTATC-1",0.0308629092495624,0.0169695510548766,0.00136711842329831,0.0685779129375281,0.14112972710018,0.000668824975127086,0.514244016474544,2.93127279470395e-05,2.9312727947038e-05,0.014891409366219,0.000839978495322938,0.00553809179385397,0.00544119392299987,0.111957870368547,0.0867306870587559,0.000722083323291356
"ACCAGTGCCCGGTCAA-1",5.6159432956171e-05,0.207933430109667,0.0443299805336215,0.0240113479442287,0.197694826637325,0.0470726133559865,0.343342727434947,5.61594329561686e-05,5.61594329561684e-05,0.0662886612918146,5.61594329561678e-05,9.33900688613883e-05,5.61594329561674e-05,0.0537507865158356,0.0151452795099762,5.61594329561707e-05
"ACCCATCTTGAGGGTA-1",5.44785748493422e-05,5.44874804619652e-05,5.44907735774921e-05,5.44795051730548e-05,0.000619046180111983,5.44792891233873e-05,0.993643442265016,5.44658019873069e-05,5.4481472200092e-05,5.44788158172595e-05,0.00294423772365187,5.44787764278624e-05,5.4478791589056e-05,0.00170016360198599,5.44787915934241e-05,0.000493832156434184
"ACCCTTCATCTGCGAA-1",1.82454091815783e-05,1.82454091769356e-05,1.82454091815773e-05,1.9695353635263e-05,0.00442834322281638,0.0044542559085268,0.970049137261101,1.82454091842607e-05,1.82454091799964e-05,0.0135885367822353,1.82454091817824e-05,0.00199914619129636,1.82454091815342e-05,0.00271362115402351,1.82454091815778e-05,0.00260130085291591
"ACCCTTTAGTTCTCCA-1",1.79745187213205e-05,1.79745833686227e-05,1.79745833724101e-05,1.79745833719165e-05,1.79745833768568e-05,1.79745833719009e-05,0.999583768967598,1.79745833711013e-05,1.79745833704018e-05,1.79745833664971e-05,1.79745833813849e-05,1.79748676586098e-05,1.79745833640625e-05,1.79745831163885e-05,1.79745833644881e-05,0.000164586645826346
"ACCGACTGAGTCCCAC-1",0.0237262507135512,0.0304158224636802,0.0140729785194233,3.9029368401708e-05,0.0118964793315062,0.026005444059899,0.143435384603489,0.00984796434658948,0.0103703462684545,0.0110702966535002,0.000316668782137353,3.90293684063781e-05,0.00409646364637524,0.69443595724204,0.0173437421744485,0.00288814245809718
"ACCTAATCGACTTCCT-1",4.38566805334414e-05,4.38567576317714e-05,4.38468978833195e-05,4.38583443369159e-05,4.38582298155427e-05,4.38583357793339e-05,0.992252805258502,4.38583357283762e-05,4.38557225157224e-05,4.38583572573883e-05,0.0012002063752438,4.38583352324522e-05,4.38583355720222e-05,0.00107515239518168,4.38583356671623e-05,0.00494555330311929
"ACGAGATATTTGCTTA-1",0.0203875861766839,1.40776181537057e-05,0.00239405011751604,0.00921091370414021,0.0142812813519198,0.0150831890111526,0.877997667857668,1.40776181513287e-05,1.40776181518397e-05,0.000742945248843104,1.40776181527089e-05,0.017969769193108,2.05980463321638e-05,1.40776181513177e-05,0.0418275335837237,1.40776181513141e-05
"ACGATACATAGAACTA-1",5.39315185698875e-05,4.22782481991504e-05,4.22782481991518e-05,4.22782481991464e-05,0.321366319076072,0.0403509162031246,0.395504674649186,4.22782481991567e-05,0.015702028238575,0.0281393828003511,4.22782481991502e-05,0.0571307919276577,0.0600539101681542,0.0495563238575116,0.0318880520716026,4.22782481991499e-05
"ACGATCATACATAGAG-1",2.91300925689995e-05,0.0412698268354966,2.98316730093591e-05,4.59282074211214e-05,0.0585166032688031,0.00169788699731786,0.533823367584236,2.91300925690013e-05,0.0123620650055516,0.0468092682160172,2.91300925806129e-05,0.000690971222821972,0.0020012138216451,0.301290463619162,0.00134605317823085,2.91300925689986e-05
"ACGATGCATATGTTAT-1",3.35931100079077e-05,3.35942045023382e-05,3.3478429049245e-05,3.35968661491834e-05,3.36777683749564e-05,3.35866626617614e-05,0.999456853457689,3.35959407654789e-05,3.35961702653964e-05,3.35957782943354e-05,7.2852680423325e-05,3.35958163756402e-05,3.35957793374462e-05,3.3595778674482e-05,3.35957788473993e-05,3.35957785816554e-05
"ACGATGGATCCGATGC-1",2.73644969445046e-05,2.73644969420508e-05,2.73644969445395e-05,3.35789912271671e-05,0.00107498121650749,2.73644969445318e-05,0.991150992692205,2.73644969517776e-05,2.73644969236683e-05,0.0057085992995899,2.73644969343529e-05,2.73644969462456e-05,0.000159887462593126,2.73644968858024e-05,2.73644969445394e-05,0.00159831536851559
"ACGCATTCGTGAGTAC-1",0.0076857615839281,0.0117093315398917,0.0714545594332608,0.0694127133349148,8.03488031462774e-05,8.03488031462773e-05,0.117737965564547,0.104616941308538,0.10774798027309,0.00438154630080895,8.03488031462776e-05,0.00600800895818956,8.03488031505741e-05,0.197904230712043,0.300939216975051,8.03488031462773e-05
"ACGCCAGATGATTTCT-1",0.00735576732142496,0.0305075431640547,2.81637060462438e-05,8.63626422090069e-05,0.0431948302857826,0.0247771920372299,0.486663455999873,0.00630375233265962,0.0105052452056123,0.00387397581864808,0.0061204879226004,2.81637060462438e-05,0.0214305946731217,0.295045135733971,0.0640511657446747,2.8163706046244e-05
"ACGCGGGCCAAGGACA-1",0.0827101319944199,0.00151685942013886,0.0678087739404298,0.082226451134279,7.80649182182831e-05,0.0425590701533968,0.10492490142518,0.0793469148841095,0.045019303652707,0.00729544397984946,7.80649182157414e-05,0.00734563821320613,0.0388823779989609,0.328078696801591,0.110822332832844,0.00130697373245289
"ACGGAGCGCAAATTAC-1",2.0352125989464e-05,2.03521259894854e-05,3.01973864452146e-05,2.0352125989502e-05,0.267293037887187,9.32851871516339e-05,0.613284937090142,2.56478383171257e-05,2.0352125989498e-05,2.03521250166116e-05,2.03521259894886e-05,2.0352125754118e-05,0.0707805655060032,0.0299562157320824,2.03521259894849e-05,0.018373296365964
"ACGGGCGTATGCGACA-1",7.05030163552477e-05,5.50670960722252e-05,0.000309284556044689,5.50670960903187e-05,0.259350630855272,0.171936153762362,0.289991706777112,0.0808332928983072,0.027000467750272,0.00261984782043786,5.50670960903182e-05,5.5067096090316e-05,0.120039455814566,5.50670960805771e-05,0.0429714154412254,0.00460190582762142
"ACGTACAGATTTCTCT-1",3.25270234063282e-05,3.25270234521032e-05,3.25270234229338e-05,3.25270234229838e-05,3.25270233357697e-05,3.25270234229925e-05,0.98417209277243,3.25270089680255e-05,0.00535991263715969,3.25270234097527e-05,7.64831968830455e-05,3.25270235178398e-05,3.25270234326124e-05,3.25270233963946e-05,0.010001187126902,3.25270234373561e-05
"ACGTAGATTGCTGATG-1",0.0190753865333791,0.114892652537374,0.0111395266232672,8.01775865653484e-05,0.133274302804988,0.0576872148819859,0.145905499846203,0.0513472892052211,0.00523152373823031,0.0241314269524317,0.00055546304854178,0.00848523436864148,0.0418230420511066,0.384201352012806,0.0020897302226929,8.01775865653487e-05
"ACGTGCGCCTCGTGCA-1",3.31034876911016e-05,0.0141468493206493,3.31034876910934e-05,3.31034876910699e-05,0.115063188476184,0.0276070328088791,0.666893075577288,3.3103487691082e-05,3.31034876911815e-05,3.31034876910899e-05,3.31034876910786e-05,3.31034876910733e-05,0.0947774831527875,0.0171847844788145,0.0640296547961774,3.31034876910882e-05
"ACGTTAGATTTGCCCG-1",3.00478804582832e-05,3.00478803764465e-05,3.00478804582811e-05,3.00478804582819e-05,0.0322385676671303,4.01854959524279e-05,0.923521000719474,3.00478804582812e-05,3.00478804582821e-05,3.00478804593578e-05,0.00280628673816522,3.00478804583944e-05,3.00478804582809e-05,0.0229669081800001,0.0158559993442272,0.00230062093100681
"ACGTTTAGTTGTGATC-1",0.0252374297907907,0.0143353307097989,1.37872252233645e-05,0.0141962038429826,0.0483853779036277,0.0583661018613793,0.812487319904752,1.41523398425433e-05,1.37872252233642e-05,0.00868445823124107,1.37872252233645e-05,1.37872252233638e-05,0.00463645985123568,0.0135744422130093,1.37872252233641e-05,1.37872252233651e-05
"ACTAATACGTCAGGCG-1",0.0215900980697335,0.00921814344244334,1.737745201009e-05,0.0341466142815921,0.0180172513419743,7.37705179968082e-05,0.827206787898412,0.0203875121119562,0.00239540065682874,0.00794659336942124,1.42515859903148e-05,0.0219910031813635,1.42515859903235e-05,1.42515859938916e-05,0.0369465887297387,2.01041885545867e-05
"ACTACCAGCTCTCTGG-1",0.0228564011198238,0.00861319754980305,2.89447357515542e-05,0.0476333606293516,0.0796706625575202,0.0360429691202386,0.673182697664171,2.89447357515552e-05,2.89447357514091e-05,0.0451115889618133,2.894473576483e-05,0.0297738682839292,0.0545284885920138,2.89447357577419e-05,2.89447357515542e-05,0.00241309710680686
"ACTATATGCTGTGTTC-1",0.000150132749954614,6.16401113140895e-05,6.16401113140802e-05,6.16401113140771e-05,0.520600949607591,0.0366024802333708,0.310192977229689,6.16401113140652e-05,6.16401113140816e-05,0.0154058396478827,6.16401113140787e-05,0.030948221872145,0.0163084630454721,0.024481031969996,0.0198664271841756,0.0250736357918388
"ACTATTCGTCCGTGGT-1",0.0729073882353917,2.1696939308992e-05,0.0103274355994964,0.0472779251126191,2.169693930909e-05,0.00490173526128444,0.737909289900902,2.169693930909e-05,2.16969393090987e-05,0.0073374344534595,2.16969393086334e-05,0.0268279049126628,0.019615163442196,0.00685588748959948,0.0456804757550039,0.0202508751408399
"ACTCAATAAAGGCACG-1",0.0143656820854033,2.99735343304344e-05,2.99735343636367e-05,2.99735343636822e-05,0.311579205879004,0.036816853205314,0.55570197915437,2.99735343636372e-05,2.99735343636372e-05,0.00872038762165201,2.99735343636382e-05,2.99735343636446e-05,2.99735343636283e-05,0.0490633482669259,0.023482781978091,2.99735343636386e-05
"ACTCTCTTATACACGA-1",1.6308937200707e-05,1.63089371796092e-05,1.63089372018139e-05,8.1384382272727e-05,1.63089372123878e-05,1.63089372013102e-05,0.998556587928164,1.63089371875794e-05,1.6308937204682e-05,0.00115001150635738,1.63089372076457e-05,1.63089371969158e-05,1.63089372013039e-05,1.63089368052537e-05,1.63089372013091e-05,1.63089372058287e-05
"ACTCTTGTATAGTAAC-1",0.015936840252837,4.31922928217385e-05,0.0138275348394772,4.31922928217578e-05,0.22722827551476,0.118751357176417,0.412277454571019,0.0256647227320928,0.0255794537123289,0.00981864220122427,0.00315370697937108,0.00289620304934252,4.31922928217631e-05,0.144649847507022,4.31922928217557e-05,4.31922928217569e-05
"ACTGATTTAGTGATTC-1",4.65476040018457e-05,4.654760407779e-05,4.6547603999973e-05,4.65476039999666e-05,0.000509497261021854,4.65476039999675e-05,0.987467807381338,4.65476040411411e-05,4.65476040218614e-05,0.00107176824291598,0.00207406446554295,0.0027416504120042,4.65476039140508e-05,4.65476036910118e-05,4.65476039998837e-05,0.00566973619742975
"ACTGCCGTCGTAACTC-1",1.96890270495119e-05,0.0648932290871006,0.0648094431772152,0.0314609185837471,0.0522370016051197,0.0324030329126251,0.607554188300386,1.96890270495119e-05,0.0362606454085532,0.0336006958700248,1.96890270495141e-05,1.96890270495141e-05,1.96890270495135e-05,0.0766430218658814,1.96890270495214e-05,1.96890270495142e-05
"ACTGTACGATACACAT-1",0.103988380298569,4.11267709569356e-05,0.00863069461957491,0.0121106862337186,0.413852482585464,0.109576745520266,0.301503032813828,5.35573695625059e-05,0.00614711486268262,4.11267707059097e-05,4.1126770956211e-05,4.11267709569263e-05,4.1126770956935e-05,0.0438494182998874,4.1126770956936e-05,4.11267709569341e-05
"ACTGTAGCACTTTGGA-1",2.12392570486251e-05,2.12391560291889e-05,2.12454136915424e-05,2.12391737795332e-05,2.12393825358935e-05,2.12391737793595e-05,0.997477024357877,2.12391738714324e-05,2.12465215871785e-05,2.12391737589744e-05,2.12391737942135e-05,2.12387336833875e-05,2.12391737852586e-05,0.00222561378721085,2.12391737747971e-05,2.12391737927758e-05
"ACTGTCCAGGATTATA-1",5.60531209676391e-05,0.00767540257807774,0.124875243277672,0.00315491923547094,0.0309603677909068,5.60531209676717e-05,0.185741510073149,0.0578450866419218,0.0402279904129101,0.0107964589123264,5.60531209887482e-05,0.0130318784924539,5.60531209703077e-05,0.393724207390288,0.128849173948684,0.0028935487622452
"ACTGTCTTCTTTAGAA-1",3.900989858269e-05,0.0333301148605992,3.90098985826872e-05,0.0173937974381748,0.0533520319103792,0.0482395494831441,0.291411015539589,0.0189126860134433,0.0437862023141972,0.03364311684765,3.90098985826867e-05,3.90098985826858e-05,0.0621243586778742,0.318488084542168,0.0675925239827341,0.0115704787957159
"ACTTACCGGGCGCGCA-1",0.00965160072055625,1.62493066084264e-05,0.00104188283021918,8.0643338135368e-05,0.00795451289158415,4.19123463911544e-05,0.968817086021021,1.62493066076076e-05,1.62493066077272e-05,1.62493061624076e-05,1.62493066087056e-05,0.00473971029908605,1.62493066076263e-05,1.62493066019515e-05,0.00754265710059472,1.62493066076112e-05
"ACTTCGCCATACGCAC-1",0.000115406305633703,4.0874818681385e-05,0.00789366778323188,4.08748186813655e-05,0.371599792590188,0.0220357175052704,0.457195246816431,4.08748186813725e-05,0.00268809309193894,0.0191229572765306,4.08748186813778e-05,0.026037328915792,0.0140064461017658,0.0725057563218518,0.00325926729637134,0.00337682072026872
"ACTTGGGACCCGGTGG-1",0.0580976067751657,4.21621782002982e-05,4.21621782003008e-05,4.21621782002992e-05,0.284661751684698,4.21621782003001e-05,0.499774557891434,4.21621782003076e-05,4.21621782002976e-05,0.012872133573709,4.21621782002935e-05,4.21621782002983e-05,4.21621782002983e-05,0.100048263440085,0.0234428579603448,0.0207233690707595
"ACTTTCCTATAGCTTC-1",3.95282701464084e-05,0.0114300967672094,0.00830838316183455,0.00682385187788974,0.139721375874271,0.0284612335270528,0.392502476863616,3.95282701463993e-05,0.0132872973451691,0.0208817530151795,3.95282701464102e-05,0.0205148188356819,0.0274497262061821,0.330421345175182,3.95282701463997e-05,3.95282701464007e-05
"AGAACGTGGTACATTC-1",0.0677301505449739,2.73887056635045e-05,2.73887056635045e-05,3.01893262917782e-05,0.328368216215748,0.0040903897562701,0.444696198859389,2.73887056635015e-05,2.7388705663431e-05,0.00296003199155847,2.73887056635042e-05,0.0519228020846027,0.0084229307397246,0.0869065335420372,0.00470822470542314,2.73887056635035e-05
"AGAATGCGGGTTCGGA-1",0.0315908138811643,3.52896073428134e-05,0.0294411469860613,0.00390876687501245,0.164249563854681,0.0122319471066733,0.572036525469467,3.52896073428318e-05,0.0104257883833688,3.52896073428509e-05,3.5289607342827e-05,3.52896073428268e-05,0.0949021804961117,0.0290841321771299,0.0519173971262728,3.52896073428322e-05
"AGACCCGCCCTCCTCG-1",0.0843054736548852,4.5280021543528e-05,4.52800215435278e-05,4.75503328760505e-05,0.346175381372393,0.0174236895106301,0.46433655863617,4.52800215435257e-05,4.5280021543528e-05,0.0141566504952362,4.52800215457829e-05,0.000582315866847336,0.0082342681645092,0.0574549839468004,0.00701144789038863,4.52800215435285e-05
"AGACGGGCCGATTTAA-1",3.27090994190609e-05,0.144070943558136,3.27090994190652e-05,0.126100889525706,0.0900620897424604,0.0286243745621398,0.533076571172913,3.2709099419065e-05,0.022515967885215,0.0272835474538527,3.27090994190654e-05,0.00532385037092073,3.27090994190673e-05,0.0227128020327222,3.27090994190588e-05,3.27090994190671e-05
"AGACTAGCCTTCCAGA-1",4.41938683567479e-05,0.00188551760448618,0.032516054407251,0.0180409994596377,0.193286685826945,0.0243723889217454,0.440067420866375,4.41938683567453e-05,0.0210309948718749,0.0180254169090496,4.41938683390734e-05,4.41938683567476e-05,0.00275261659250994,0.246167673180913,4.41938683567475e-05,0.00163326201744682
"AGAGAACCGTCTAGGA-1",7.20818980244077e-05,5.39654468160797e-05,5.39654468164795e-05,0.0694124073189881,0.337489951219978,5.39654468160733e-05,0.562297760223648,5.39654468160924e-05,5.39654468155534e-05,5.39654470979891e-05,5.39654468160773e-05,5.39654468160002e-05,5.39654468160811e-05,0.0301341794241031,5.39654468160744e-05,5.39654468160787e-05
"AGAGCGGGCTAATCAT-1",0.0207558627882672,1.42151957387967e-05,1.42151960325331e-05,0.0413838368476503,0.0255871244328437,0.0202881134326184,0.812985453752611,1.42151960325282e-05,1.42151960325464e-05,0.00791913966241872,1.42151960325348e-05,0.0345512658698702,0.00780845973380018,1.42151960409934e-05,0.0286212371079779,1.42151960325083e-05
"AGAGTTAGAGACCGAT-1",1.7076798234085e-05,1.8895428361493e-05,1.70767982333603e-05,5.54452759429516e-05,0.00208922869479441,1.99267973181609e-05,0.997628659022984,1.70767982348205e-05,1.7076798236486e-05,1.7076798239474e-05,1.70767982501103e-05,1.70767982340531e-05,1.7076798234359e-05,1.70767982355101e-05,1.70767982333618e-05,1.70767982333659e-05
"AGAGTTGCAGGCCTCC-1",0.0862662404631645,2.5377533247897e-05,2.53775332488987e-05,2.53775332489004e-05,0.00596731954216179,0.00761962995005262,0.779990439479172,2.53775332488994e-05,2.53775332489229e-05,0.0146315777268791,0.00563791509387863,0.0127749290336873,2.53775332489022e-05,0.0559000085375244,0.0310342974407696,2.53775332173017e-05
"AGATAACTTCAGGGCC-1",1.84054269997565e-05,1.84054269748177e-05,1.84054269973535e-05,3.22524194141281e-05,1.8405426993916e-05,1.84054269973572e-05,0.968433515724836,1.84054269952643e-05,0.00980748900678811,1.84054270259665e-05,1.84054270133905e-05,1.84054270090658e-05,1.84054270101661e-05,0.0036926414888478,0.0178316416630852,1.84054270120441e-05
"AGATACCAGCACTTCA-1",0.0660383888081517,1.53873925028535e-05,0.00395004327574954,0.000354762938396437,0.0893800291400806,1.53873927141021e-05,0.751603156164005,1.53873927140939e-05,0.0292017564905619,1.53873927140983e-05,0.00626643896010419,1.53873927140983e-05,0.00492858300833154,0.0422691232823679,0.00591539357617824,1.53873927140956e-05
"AGATACCGGTGTTCAC-1",1.31079514303712e-05,1.31079514301088e-05,1.31079514303743e-05,8.4821134756261e-05,0.0330973897194881,1.31079514303749e-05,0.896371484304472,0.0110646804849062,0.0206041320709357,1.31079514304623e-05,1.3107951430374e-05,0.00455986045011364,1.31079514303726e-05,0.0240150358212239,0.0100977324026615,1.31079514303745e-05
"AGATCGTGCATAAGAT-1",0.000105065795212955,4.20438886471102e-05,0.0144951323250679,4.20438886471177e-05,0.339595475465075,0.0675625562110731,0.382104731922765,4.20438886471047e-05,0.000697297844998542,4.20438886472829e-05,4.20438886471106e-05,0.0209856836794469,0.0438673366868194,0.0826740996398717,0.0476603570977874,4.20438886471102e-05
"AGATCTCAGGTGTGAT-1",0.000109411363838779,2.81347348977473e-05,2.81347348977469e-05,2.81347348977446e-05,0.424766680411588,0.0250888468564597,0.409216395168496,0.0457516887594584,2.81347348977492e-05,0.00701992420137247,2.81347348977492e-05,3.28099961791176e-05,2.81347348977344e-05,0.0534976046031205,0.0278548337556639,0.00649299647443636
"AGATGACTCGCCCACG-1",0.000121878821239702,3.15204741615114e-05,3.15204741615295e-05,3.17062805172365e-05,0.30133875602621,0.0181361776947341,0.628972806296894,3.36481902854782e-05,3.15204741612463e-05,0.00459846961588913,3.152047416153e-05,3.15204741615224e-05,3.15204741615265e-05,0.0389429861765426,0.00760292757855716,3.15204741615306e-05
"AGATGAGGGTTGCGAT-1",6.09103635382331e-05,0.0257796058789545,6.09103635382096e-05,6.09103635382186e-05,0.41793613130663,0.0370487625540392,0.327162211809509,7.29616922929329e-05,6.09103635382132e-05,0.00320891562713019,6.09103635382099e-05,0.0874097597402841,0.0680698652967086,0.0296203282145203,6.09103635381917e-05,0.00332599569870217
"AGATTATAGGACGTTT-1",0.0963124177627328,3.87045278603708e-05,0.0261454529661298,0.0350231197786607,0.324188612202445,3.87045278603718e-05,0.253806350417259,0.0919426266440577,0.00946527229421718,0.0241727257812289,0.0017478708502263,0.00857439564373147,3.87045278603743e-05,0.116236846142158,0.0122294914057124,3.87045278603721e-05
"AGCACCAGTACTCACG-1",0.110464776053252,0.00478010155025545,0.00945797092255726,3.01080877314524e-05,0.00100553785456489,0.00709177938297308,0.420239887353296,0.00239270743332647,0.00649356387905722,0.0216386718237655,2.80454349754824e-05,0.0206101706962903,0.0201705866812725,0.373296114903124,0.00227193250858256,2.80454349754788e-05
"AGCACTTAAGGACGCC-1",3.89042514630657e-05,3.89182044842616e-05,3.88812562898556e-05,3.89041962555252e-05,3.89060519242248e-05,3.88990516261114e-05,0.999349984970877,3.89944291984306e-05,3.89035631377551e-05,3.89041964378381e-05,0.000105275030034538,3.89080134511548e-05,3.89041962031099e-05,3.89041964023224e-05,3.89041960575758e-05,3.89041961574589e-05
"AGCATCGTCGATAATT-1",2.10890241179036e-05,2.09722203936149e-05,2.09722203936196e-05,0.0333841744617065,0.303925451668781,0.0104200015080271,0.562725729900956,2.09722203936177e-05,0.0235876033359649,0.0107791015813363,2.09722203936143e-05,2.09722203936244e-05,0.0112894624740599,0.0335356579991235,0.00113294771830724,0.00909391922565164
"AGCCACTCCCGTGCTT-1",0.0686202031945087,4.50258687283919e-05,4.50258687283999e-05,0.0118489794062606,0.476136444753588,0.0230653845491384,0.365750727892019,4.50258687283871e-05,0.0115180163918868,4.50258687283916e-05,4.50258687287171e-05,0.0209464835369276,4.50258687283921e-05,0.0217535533258432,4.50258687283955e-05,4.50258687283929e-05
"AGCCCTAAGCGAAGTT-1",1.92094198260699e-05,1.9209419832376e-05,1.92094198260745e-05,0.0108597286000804,0.0124096832326738,0.000132679440513558,0.884594001888463,1.92094198260691e-05,0.00737892645853061,0.0547197285878579,1.92094198236372e-05,0.00983394106264158,0.00501344017218897,0.000368011714228195,0.0145746023238613,1.92094198260647e-05
"AGCCCTTCTAATCCGA-1",9.91103259793043e-05,0.0109419894539044,5.9608461647272e-05,0.0346317784108193,0.393471141319723,0.0778067078621621,0.280327612995376,5.96084616472887e-05,0.00828546052147808,5.96084614236877e-05,5.96084616472739e-05,0.1197539574381,0.0666978147979379,0.00762677610486038,5.96084616472784e-05,5.96084616472736e-05
"AGCGACATCCCATTCA-1",2.15390536965692e-05,2.15390536958199e-05,0.00421993684751406,0.0608592661872103,0.114610457466027,0.0178717881362954,0.738999802724104,2.15390536965732e-05,2.15390536964485e-05,2.15390536965727e-05,2.15390536965724e-05,0.0357807477683458,0.0187894324313227,0.00553946147663632,0.00317833358666904,2.15390536965777e-05
"AGCGACCAACGATATT-1",4.2867030506516e-05,4.28670305065174e-05,4.28670305065174e-05,4.28670305065165e-05,0.341334496861248,0.01942041407207,0.473645002649192,4.28670305065243e-05,4.28670305065181e-05,0.0292251689993482,4.28670305065124e-05,0.0233288464373526,0.0230656957218754,0.0890548098577042,0.000582629157157499,4.28670305065166e-05
"AGCGCGGGTGCCAATG-1",0.19428341616218,0.0274800699415986,0.00152388840039202,6.4820053457485e-05,0.112013560186009,0.0591487567080928,0.409280551290848,0.0652438397224648,0.00882077077616083,0.00693432848199728,6.48200534574851e-05,6.48200534574847e-05,0.0413032897532671,0.0631522581677871,0.0105559901953729,6.48200534574854e-05
"AGCGCTTATGGGCAAG-1",0.0264556764281766,0.00566721562702609,1.66841073783587e-05,0.000120616775696189,1.66841073796482e-05,2.26800926292044e-05,0.911182861251124,1.66841073783634e-05,1.66841073761085e-05,0.0324581385146211,0.000570504389772431,0.0161981319019419,1.66841073783236e-05,1.66841071549237e-05,0.00720738626758962,1.66841073773649e-05
"AGCGGTTGCCGCTCTG-1",1.48158811810393e-05,1.48158811806608e-05,1.48158811810431e-05,0.0164280994826421,0.092862233456309,0.0386284662255212,0.689114745835896,1.4815881181044e-05,1.48158811810304e-05,0.00829019619783225,2.1157103994563e-05,0.0253569929490819,0.0775192426112414,0.0332808622632829,0.0117773497770354,0.00664657469125892
"AGCTAGAAGCAGAAGT-1",0.141813357256,0.0837423601023895,7.76648348012432e-05,7.76648348012506e-05,0.151131948370048,0.232138567204154,0.211690555424577,0.00134322816545305,0.00678704941216911,0.00689265844927217,7.76648348012507e-05,7.76648348012475e-05,0.0429207370077802,0.116463922510626,7.76648348012565e-05,0.00468729192352498
"AGCTATTTAATCCAAC-1",2.9000962837187e-05,0.0752751665482652,0.0135787983701943,2.90009628371913e-05,0.0854312614507825,0.0191973412287687,0.548208502050812,2.90009628371836e-05,2.90009628372128e-05,0.00718857353325575,0.00111771838037367,0.0131582684362539,0.0169349529163409,0.14581445194097,0.0739499603297967,2.90009628371879e-05
"AGCTCTTCCCAGTGCA-1",0.000187871778286604,0.0098775660769874,0.0109441233241551,4.00600739596108e-05,0.509924280012663,0.0423717341177901,0.348159009948039,4.00600739596076e-05,4.0060073959642e-05,0.0047335558735919,4.00600739596115e-05,0.0239669587626748,0.0115058735758532,0.0270942945678429,0.0105606639745301,0.000513827691747495
"AGCTGAAGTAAACCAA-1",0.0224665104221772,0.0487609297762824,8.0211325326053e-05,6.04618318972163e-05,0.237327654558965,0.0360632093064976,0.265396464479856,6.04618318972124e-05,0.0342670935904371,0.026100105306318,6.04618318972075e-05,0.0105401230011926,0.00819574926764154,0.293032427522268,0.0150790190478375,0.00250911689951046
"AGGACGCTCGATGTTG-1",0.000208874892006472,0.0520399069215542,4.17440617135052e-05,4.17440617135059e-05,0.494862582115048,0.028975802444684,0.369162783395174,4.17440617134878e-05,4.17440617135052e-05,0.00444042609910735,4.1744061713505e-05,0.0313348947245657,4.17440617135076e-05,0.0186407769141525,4.17440617135042e-05,4.17440617135052e-05
"AGGCAGATGCGTAAAC-1",3.37608404285365e-05,6.19764984508901e-05,3.37608404285385e-05,3.37608404285375e-05,0.115544646508263,0.0386433458198121,0.566111557431469,3.3760840428536e-05,0.00768018664819966,3.37608389958165e-05,3.37608404285418e-05,0.0649221759826922,0.113736311097122,0.0424988955279359,0.0505645786044882,3.37608404285395e-05
"AGGCCACCCGTTATGA-1",3.25943391839497e-05,3.25956723391225e-05,3.25940775425071e-05,3.25938967152139e-05,3.25939047316855e-05,3.25938966618555e-05,0.990376488933872,3.25938967643228e-05,3.25938968912398e-05,3.25938967066401e-05,0.000199580827073603,3.2594070297525e-05,3.25938966338568e-05,0.000509165296202051,0.00852363560170366,3.25938966811211e-05
"AGGCCCATTGTACAGG-1",1.7430132305354e-05,1.74301323169453e-05,1.74301323054394e-05,4.70036923939268e-05,1.74301322997637e-05,1.74301323053619e-05,0.999464740253496,1.74289919036006e-05,1.74301324145057e-05,1.74303287107546e-05,1.74301323116382e-05,1.74301323049565e-05,1.74301323057236e-05,1.74301323238501e-05,1.74301322679581e-05,0.00026166527803421
"AGGCGTCTATGGACGG-1",0.0848798214719271,4.27305889902293e-05,4.27305889902191e-05,4.47631778063664e-05,0.11422784240193,0.334868912739715,0.396803616869498,5.13406338612671e-05,0.00983019956643603,4.27305876906737e-05,4.2730588990225e-05,4.27305889902353e-05,4.27305889902255e-05,0.0174043632420178,0.0314870115100446,0.0101457448541229
"AGGCTATGGTTAGCTT-1",0.0076906229075824,5.18069814769069e-05,0.0166928939266063,5.18069814375565e-05,0.00830790987658081,0.00561452818706589,0.94265510134659,5.1806981440351e-05,5.18069814374921e-05,0.00145697423124645,5.18069814489361e-05,5.18069814288053e-05,5.18069814412418e-05,0.0123789642760061,5.18069814374011e-05,0.00478854939677327
"AGGGAAACGAGGTACT-1",3.58607009244146e-05,2.97243845308425e-05,2.97243845243062e-05,0.000102457697542103,0.381112542490604,5.12661060193516e-05,0.520213922499212,2.97243845308609e-05,2.97243842174172e-05,0.0520308929287214,2.97243845308453e-05,0.0125099013245743,2.97243845308413e-05,0.0337053611764748,2.97243845308384e-05,2.97243845308371e-05
"AGGGCAGCGGCGTGGT-1",1.80886066871418e-05,1.80886066783415e-05,1.80886066871392e-05,7.16256101627298e-05,0.00638523285645917,3.31010583591341e-05,0.976613599216637,1.80886066862624e-05,1.80886066912151e-05,0.008861672970903,1.8088606700165e-05,1.80886066833186e-05,0.0055819481454578,1.80886067376996e-05,1.80886066871399e-05,0.00229002268178228
"AGGGCGTGATCGGCTA-1",3.92705328699746e-05,3.92683281996302e-05,3.92873141013936e-05,3.9273449191036e-05,3.92690690676766e-05,3.92768227280512e-05,0.998541244011002,3.92639310458075e-05,3.92508808146841e-05,3.92716785208578e-05,0.000877897260162793,3.92716623394094e-05,3.92716786999259e-05,3.92716786613798e-05,3.92716787716131e-05,7.03400238240903e-05
"AGGGCTGCAGTTACAG-1",0.00511215465811662,9.9382288871303e-05,0.0299105065714297,0.0589845425138717,0.0990494539369891,0.0333142829557866,0.0709039645888095,0.200243493604218,0.0559985891803343,0.0384792105882532,9.93822888712983e-05,0.0125722300377258,0.138721131548969,0.164796263435362,0.0879993909994837,0.00371602080290858
"AGGGTCAGTAACCCTA-1",0.119714833902938,2.32034685626399e-05,0.0110968406738412,0.0431563292687746,0.12211073104277,0.0179153301477575,0.619832874142112,2.32034685626252e-05,0.0150158441150742,0.027857637070549,2.32034685626401e-05,2.32034685625562e-05,2.32034685626345e-05,0.0231371553562461,2.3203468562638e-05,2.32034685626443e-05
"AGGGTTTAGTTCGGGA-1",0.0964431351964573,0.0210673480710584,0.0482605654747374,0.0445785287100134,0.106714296158418,0.030029614744715,0.139210715959491,0.0303947737227955,0.021082863647337,0.0202666068434921,5.47852666067614e-05,5.47852666067842e-05,0.0272385601767752,0.369668028853915,0.0448806066409746,5.47852666067842e-05
"AGGTACGATATTGCCA-1",0.0981293207441248,2.20541678664001e-05,2.20541678663878e-05,3.10254721416986e-05,0.0171637605541256,0.074297849816997,0.723179411771028,2.20541678663722e-05,2.20541678667794e-05,0.016086848423543,2.20541678663915e-05,0.0332466347843474,2.20541678663919e-05,0.00719022793565451,0.0305205413229867,2.20541678524145e-05
"AGGTAGGTACAAAGCT-1",4.77351761057926e-05,4.7735176105774e-05,4.77354741750546e-05,4.77351760873093e-05,0.000686873600590834,4.77351760873186e-05,0.996255840220348,4.77354867443837e-05,4.77351864257087e-05,0.00134397812545878,4.77351761068817e-05,4.77351760319429e-05,4.77351761154416e-05,0.000790814808422461,4.77351761287325e-05,0.000397405689065133
"AGGTTGAGGCACGCTT-1",0.155235369029414,0.00107837014451292,0.00976127617488021,4.47446782717665e-05,0.239194381344952,4.47446782717665e-05,0.447005354401086,4.47446782717646e-05,0.00349585372351866,0.00413889972160296,4.47446782717651e-05,0.0119116789656205,0.0131329189274142,0.072568766465451,0.0422534077101888,4.47446782717643e-05
"AGTAATGTCTTGCCGC-1",0.000121466359344823,0.000270256983745814,2.16354361931525e-05,4.17244409056319e-05,0.186440775681214,0.0343070084165109,0.727284758488113,2.16354361931512e-05,0.00901866476390394,0.0148021474538921,2.16354361931547e-05,6.48196178447712e-05,0.0152494991966817,0.00808413985330164,2.16354361931572e-05,0.0042281969997685
"AGTACCTTCGAGTGCT-1",0.00799689866881772,0.129238431019093,0.00507735999244626,0.0324970247344102,0.193364801648155,0.11734377645037,0.349113331011025,6.19825661868963e-05,6.19825661868977e-05,6.19825663144474e-05,6.1982566186899e-05,0.0769695822258797,6.19825661868989e-05,0.0393120268548584,0.0435297001430662,0.00524715442081692
"AGTACGGGCACCTGGC-1",0.00190148680653234,2.80926465147698e-05,0.0205233047431231,2.80926465147738e-05,0.392681854226352,0.0328565417832821,0.467285572658756,2.80926465147699e-05,2.80926465147694e-05,0.0185351648528711,2.80926465147696e-05,3.2904594404765e-05,0.00727629874873052,0.0406747833506573,0.0180635323562024,2.80926465147695e-05
"AGTACGTGGCCTGTCT-1",1.64417825996272e-05,1.64417825971929e-05,1.64417825973897e-05,1.64417825973511e-05,0.00336161658103093,1.64417825973609e-05,0.992487224697318,1.64430348543497e-05,1.64417826013251e-05,1.64417826111152e-05,1.64417826012366e-05,0.0039374142951564,1.64417825943867e-05,1.64417831137401e-05,1.64417825973591e-05,1.64417825319599e-05
"AGTAGGAAGGAAGTTG-1",0.000241677354718233,0.246563280065871,0.00666293515089175,8.21797075284871e-05,0.261334350795186,0.150889241384492,0.205281667474548,8.21797075284928e-05,0.00487500722172465,0.0120205948600847,8.21797075666209e-05,0.000135615032883074,0.0863682289841056,0.0204020267960785,8.21797075284873e-05,0.00489665604926481
"AGTAGGTAACATACAT-1",3.45740187308185e-05,3.4573152574738e-05,3.45679322698244e-05,3.45732279969606e-05,3.45732279211839e-05,0.000395270918841742,0.9922978170831,3.45738097773446e-05,0.00432885991650364,0.00151159258725704,0.000497098216602324,3.4573063602617e-05,3.45732279623287e-05,3.45732278765748e-05,3.45732280165619e-05,0.000623633160966416
"AGTATAATACTAGGCA-1",7.30306570156752e-05,7.30295341905992e-05,7.30306911923421e-05,7.30307118271274e-05,0.00510788648234671,7.30306913183751e-05,0.988724552666649,7.30306913997049e-05,7.3030916714301e-05,7.30306912173355e-05,7.30306914915664e-05,7.30306487761568e-05,7.30306907966117e-05,0.00521816285245727,7.3030691218101e-05,7.30306913893307e-05
"AGTCCCGCCTTTAATT-1",0.000100500315071831,0.0113146848359277,4.02865830550634e-05,0.0426543023754189,0.553788754054265,4.02865830550706e-05,0.301544021016017,4.02865830550848e-05,4.02865830550709e-05,0.0104214307797476,4.02865830550706e-05,4.38633424811052e-05,0.0626815719433721,0.0171688652563131,4.02865830550718e-05,4.02865830550711e-05
"AGTCGGCCCAAACGAC-1",1.79340196646393e-05,1.79335700045465e-05,1.79335699662242e-05,1.79335699669504e-05,1.79335699693274e-05,1.79335699669543e-05,0.997501414508638,1.79335699704674e-05,1.79335699379819e-05,0.000637577628390388,0.000108782553191365,1.79335699815788e-05,1.79335699722375e-05,1.79335699912492e-05,1.79335699646592e-05,0.00153702202042331
"AGTCTTCTCCTCAAAT-1",1.88362978165745e-05,0.0155738137126861,1.88362978165581e-05,3.20394829149733e-05,0.0990631866404428,0.109334550796642,0.611714919712642,0.012328692629179,0.0101577407475385,0.0260595062353963,0.0027906169744918,1.88362978165584e-05,0.0409592282266293,0.0672778729395718,0.00463248671059933,1.8836297816559e-05
"AGTGAGGGTTTCTGAC-1",1.74389725256725e-05,1.74389725283092e-05,1.74389725256723e-05,0.000145147912703155,0.00352794519408518,6.23500794020564e-05,0.961178815926538,1.7438972525514e-05,0.00188265242400669,0.00704849081047472,1.74389725464205e-05,0.0116124846560904,0.0105046591509035,1.7438972563794e-05,0.00391538103806022,1.74389725210146e-05
"AGTGGCGGCAATTTGA-1",0.0244860694891394,5.84933758906199e-05,0.00789274620789788,5.84933758906131e-05,0.247542742448795,0.0795289922338358,0.336537029625844,0.0375720862772118,0.0169499776761499,0.00798007447510597,5.84933758906176e-05,0.0289642502804788,0.164495295136468,0.0428494413472849,5.84933758906146e-05,0.00496732129822606
"AGTGTATTGCGCATTG-1",0.000335589853850976,8.88094597279858e-05,6.04709036248268e-05,6.0470903624804e-05,0.689122595079433,6.04709036248161e-05,0.222457254911423,6.04709036248609e-05,0.00498422421793026,0.0162692480067618,6.04709036248261e-05,0.00709637838365824,0.0263103430143557,0.00809578774147595,0.0248769439096343,6.04709036248309e-05
"AGTTAAACACTTGCGA-1",1.98834903855307e-05,0.0184482064345735,1.98834903855283e-05,7.11908136430019e-05,0.0147497091896328,0.0154154018839601,0.842379341148253,0.0234776239024481,0.00748243701133538,0.01285585252481,0.00229086923752896,1.98834903855274e-05,1.98834903855331e-05,0.0519059992557577,0.0108239511461303,1.98834903855285e-05
"AGTTAAGCGGTCCCGG-1",0.0581072865923824,0.0169904399025012,0.0542473995336593,0.0229360963149709,0.174793925152888,0.0244784085702661,0.568834858494433,4.20460759367862e-05,1.89439208504139e-05,0.0340396641738678,0.00345683110179032,0.0200057618044849,1.43573327063249e-05,0.0191382531218662,0.00288137057468947,1.43573327063265e-05
"AGTTACTCTATCGTGG-1",0.0742616629441324,0.000188250636809309,5.79103859282344e-05,7.70814521684404e-05,0.125999998382113,0.200075616716832,0.332693019059636,5.79103859282187e-05,0.00660517311851729,0.0375843778491829,0.0028883264683932,0.0363434834628125,0.128542740041496,0.0316634799648897,0.0229030587452328,5.79103859282309e-05
"AGTTCCTACAGAATTA-1",0.0225889747066697,2.85909512916265e-05,0.0201592647065677,0.0307739226336427,0.267090646356163,0.00807070390814389,0.466518632168917,2.85909512916284e-05,0.0213904306721316,0.00707664678776671,2.85909512916231e-05,0.00228193998777177,0.00653061813080514,0.137973357391594,0.00943049874466039,2.8590951291623e-05
"AGTTTCGCAGGTCGGA-1",2.79884996719951e-05,2.79884996802383e-05,2.79884996767013e-05,2.79884996766941e-05,0.000542976340342468,2.79884996767017e-05,0.987635059304879,2.79884996901565e-05,2.79884996650606e-05,2.7988499690933e-05,2.79884997257374e-05,2.79884996741095e-05,2.79884996767003e-05,2.79884996811823e-05,0.0114581138588802,2.79884997123039e-05
"ATAAAGGCTCGGTCGT-1",1.90234351435792e-05,0.00270520062178515,1.90234351435707e-05,0.0128408877670083,0.0811029565799675,0.0106966399041469,0.68761276177214,0.0632780573920231,0.0135109563486353,0.0122466800683385,0.000144556746323244,0.00685825215399785,0.000672842848985988,0.076601938614314,0.0199057825983992,0.0117844397136481
"ATAAAGGTCAAGTACG-1",1.4935491481257e-05,1.49346835878111e-05,1.49348592452172e-05,1.49348125897977e-05,1.49348365708087e-05,1.49348124770508e-05,0.999775976276271,1.49357695358733e-05,1.49347708209848e-05,1.49348126362922e-05,1.49348125967177e-05,1.49348126110528e-05,1.4934812540905e-05,1.49348119146694e-05,1.49348125381484e-05,1.49348125819563e-05
"ATAACGGAGTCCAACG-1",0.0194172531181377,0.0646007160448102,0.0102078514894228,5.92229814348757e-05,0.180944445149759,0.106004725013207,0.288019892763062,5.83023542664802e-05,5.83023542664829e-05,0.0190673445443144,5.83023542664656e-05,5.8302354266484e-05,0.0958980274705069,0.205888040035448,0.00960096961856362,5.8302354266483e-05
"ATAACGTTACCTCCAC-1",9.62378359090605e-05,0.197757761785042,9.62378359090676e-05,9.62378359090568e-05,0.115912450020549,0.143508669544943,0.295598724399541,9.62378359090735e-05,9.62378359090597e-05,0.030697813746478,9.62378359090576e-05,0.175083126166819,9.62378359090555e-05,0.0344597409609959,9.6237835909055e-05,0.00621181068836011
"ATAAGTACCCGATTGT-1",0.0318698453841058,0.0215489710805298,5.23634277738906e-05,5.23634277738884e-05,0.0711532748754468,0.270856867371361,0.189294649843041,5.23634277738905e-05,5.23634277738875e-05,5.2363427773889e-05,5.23634277738891e-05,0.0786183626363602,0.305047384584755,0.0306767348268879,0.000567365403094803,5.23634277738907e-05
"ATACCGTCATCCATAA-1",3.72549002826073e-05,0.00973135411226781,0.0340501928761458,8.68996724282061e-05,0.152552874017132,3.72549002826155e-05,0.661034333667716,3.72549002826199e-05,0.0377690251960134,0.00256086729925164,3.72549002826118e-05,3.72549002826055e-05,0.050294886721115,0.0450611880823278,0.00198038940176389,0.00469171445242487
"ATACGGGTTTCGATTG-1",0.0150627391437037,0.00115779386242525,0.0410438379124639,6.2277739906548e-05,0.64576573443151,0.00860485317258011,0.222373176271667,6.22777399065404e-05,6.22777399065488e-05,0.0347988023580138,6.22777399065483e-05,6.22777399065461e-05,6.22777399065538e-05,0.0306948409283842,6.22777399065481e-05,6.22777399065407e-05
"ATACTAGCATGACCCT-1",6.07724134679142e-05,0.00789070134736807,3.30349332024115e-05,0.00466334520044264,0.308912126465867,0.0111931313184154,0.622427676988191,3.30349332023979e-05,3.30349332024109e-05,0.015549620792837,3.30349332024119e-05,3.30349332024087e-05,3.30349332023967e-05,0.0290383460077934,3.3034933202413e-05,3.30349332007626e-05
"ATAGACGAAGAGAAAG-1",1.70513951023122e-05,1.70513950350695e-05,1.70513951013067e-05,0.0155314107987664,1.70513951216995e-05,1.70513951013066e-05,0.959915857346982,1.70513951001096e-05,0.0148872515707498,0.000652752580036179,0.000303704687014095,1.70513950741447e-05,1.70513950974807e-05,1.70513951367199e-05,0.00853850906548957,1.70513950921374e-05
"ATAGAGTACTGGGACA-1",0.0164373518151293,0.014785910178104,2.8130521235246e-05,0.00499667520283696,0.0813353691210307,0.033290234009149,0.507152982645075,3.45237470420424e-05,0.00884801319699382,0.0210323618436395,2.81305212365487e-05,4.96397037373905e-05,2.81305212352432e-05,0.297601888533772,0.0143225279185476,2.81305212352431e-05
"ATAGAGTTATCAACTT-1",2.41503691922424e-05,1.99774254574298e-05,1.99774254574213e-05,0.02604835542171,0.106959792331731,0.0882927809920945,0.559193949384699,0.0649214871833938,1.99774254574255e-05,0.00792030754571048,0.00704141964555842,1.99774254574263e-05,0.0414449443225461,0.0658936079550494,0.0288235844632073,0.00335571068327736
"ATAGGCTAGCTTCGCA-1",0.127681412093919,1.93288588754369e-05,1.93288588754367e-05,1.93288588754272e-05,0.0979311979881788,0.0155352212404095,0.556240865169376,0.0414425192984737,0.024943232335981,0.0134301133601336,1.9328858875437e-05,0.0085802137425193,0.0611379169506034,0.050173458289326,0.00280720523670267,1.93288588754387e-05
"ATAGGGATATCCTTGA-1",3.06704903044e-05,0.0253250993435959,3.0670490304416e-05,3.0855535238904e-05,0.179892906222229,0.0526087119043135,0.641385710148738,3.06704903044185e-05,0.0092106164506265,0.0158379373754588,3.06704903044173e-05,3.06704903044269e-05,3.0670490304419e-05,0.0754627990973643,3.06704903044136e-05,3.067049030441e-05
"ATAGGTTGGGCAGATG-1",0.0571625601641956,0.0121707250473018,0.0261085319727213,3.91640918107948e-05,0.0431120501586047,3.91640918107955e-05,0.289443428809021,3.91640918107965e-05,0.00381491223867602,0.0242226653851114,3.9164091811422e-05,3.91640918107964e-05,0.0087856147716175,0.509158069971298,0.0257864569305868,3.91640918107946e-05
"ATAGTCTTTGACGTGC-1",4.15006371914096e-05,4.152123471784e-05,4.15242025907189e-05,4.1520261386776e-05,4.15206670309522e-05,4.15281465606051e-05,0.998447595121257,4.15202243463357e-05,4.15226532072384e-05,4.15203910764841e-05,4.15203908832152e-05,4.15200831212962e-05,4.15203908950938e-05,4.15203905561638e-05,4.15203907974234e-05,0.000971124814381285
"ATATCTCCCTCGTTAA-1",0.0560179755062894,0.0654788496031481,0.0450603354773807,0.0270664466728851,0.0549262024409973,0.0661917460131661,0.199694333880445,8.28869057153427e-05,8.28869057153438e-05,0.0379289628595044,8.28869057152912e-05,0.0218910134784579,0.0886059068960734,0.325224774032771,8.28869057153438e-05,0.0115819055160203
"ATATCTTAGGGCCTTC-1",0.0385387531770339,0.00380738893586458,0.076771335725836,0.0221997959935065,0.000101875903376629,0.000101875903376619,0.123175414576095,0.170833175910057,0.190856063389313,0.0203992297178208,0.000101875903376619,0.000101875903376619,0.000380342085307043,0.129135687341305,0.223393433630978,0.000101875903376619
"ATATGTGCACAAACCA-1",2.3199616904423e-05,0.00230385902844368,0.0142565984349386,4.10654874582548e-05,0.095186822927287,0.0133061677505804,0.808786697027941,2.31996169044184e-05,2.31996169044198e-05,0.0131551227349805,0.00468561318873166,2.31996169044228e-05,2.31996169044216e-05,0.0480710861286715,6.7769589540426e-05,2.3199616904413e-05
"ATATTCCCACAGGTCA-1",1.77369983736749e-05,1.77369983260126e-05,1.77369983769145e-05,2.8703197073914e-05,1.77369983669454e-05,1.77369983764153e-05,0.99964586682418,1.77369880160203e-05,1.77369983722866e-05,9.48490103839175e-05,1.77369983853034e-05,1.77369983913687e-05,1.77369983774063e-05,1.7736998245289e-05,1.773699838191e-05,1.77369983724433e-05
"ATATTTAACCCTCAAG-1",0.00977763553470681,0.0132269902862921,0.0986400068763149,0.0867151563575043,0.0477186582468271,0.0708400949748721,0.35324557920252,0.044964656920809,0.0312570511277586,0.0129679995495117,3.72814650403132e-05,3.72814650403124e-05,0.0302141811747525,0.11777900180826,0.0818645808214164,0.000713844188374105
"ATCAATCTGGGCTGCA-1",0.0656207089913861,5.35659230666194e-05,0.0155176276008534,0.0275481890479062,0.412117179758701,0.0265890601640328,0.16012635600197,5.35659230666183e-05,0.0145709396196481,0.0280499633327518,5.35659230666383e-05,5.35659230666251e-05,0.0497345836906381,0.189905246281618,0.00995231589516131,5.35659230666201e-05
"ATCACATTAGAATATC-1",0.0327617718425983,4.04968952028393e-05,0.0283435279701734,0.00923756446516849,0.123058049039771,0.233347066263712,0.372372242417829,4.0496895202842e-05,0.0140237349058712,0.0369182257508252,4.04968952028391e-05,0.016722630384956,0.0647181145047067,0.0422215459445153,0.0261135389290626,4.04968952028393e-05
"ATCACTTCATCCTCGC-1",0.000151885872310829,0.00954554769217986,2.20341474394636e-05,2.3548368346865e-05,0.181820975490378,0.0509140858966117,0.675098472143922,5.68582570073274e-05,0.025593692354899,0.0207568499534812,0.002501900962969,5.71118585920752e-05,2.20341474394632e-05,0.0333909345595438,2.20341474394656e-05,2.20341474394724e-05
"ATCAGGTCGCCATTGC-1",1.80907179478958e-05,1.80907179179905e-05,1.80907179485413e-05,1.80907179485439e-05,1.80907179460724e-05,1.80907179485429e-05,0.999728639230755,1.80907179413446e-05,1.80907179272042e-05,1.80907179486181e-05,1.80907179548773e-05,1.8090717951729e-05,1.80907179429894e-05,1.8090718021686e-05,1.80907179485332e-05,1.8090717950944e-05
"ATCAGTAGGCAGGGAT-1",0.0814557584253028,0.0393014212953621,0.00914302196210433,0.0363708786036515,0.220998118663646,0.0846028744618703,0.339853937094596,4.41179273790192e-05,0.00977816301740519,0.00919627203588092,4.21408162174373e-05,4.21408162174369e-05,0.120790223735415,0.0482966495125178,4.21408162174371e-05,4.21408162174373e-05
"ATCCAACGCAGTCATA-1",2.54949283113277e-05,2.54997173631161e-05,2.55408572377922e-05,2.5495414860702e-05,2.54970697646408e-05,2.54954148301438e-05,0.999617504788186,2.55042888920276e-05,2.5499617214183e-05,2.54954148859595e-05,2.54954148115602e-05,2.54954147042019e-05,2.54954146885701e-05,2.54954147188294e-05,2.54954147742056e-05,2.54954147570969e-05
"ATCCACGCTAAATGTT-1",0.0403126942211825,1.86938865270193e-05,1.86938865321125e-05,2.84662052263306e-05,0.0686387190578349,0.0479190092457581,0.765762525153392,1.86938865321131e-05,1.86938865293578e-05,0.0286197419748702,1.86938865320982e-05,0.0321220586716004,0.0164472343777483,1.86938866728098e-05,1.86938865321143e-05,1.86938865299189e-05
"ATCGACTCTTTCCGTT-1",4.75057301551761e-05,4.636765790425e-05,0.000466870419475437,4.63676579042474e-05,0.435925502551805,5.45582438817972e-05,0.515844880459166,4.88571269115921e-05,4.63676579042474e-05,0.00996289353420826,4.63676579042466e-05,4.6367657904252e-05,4.63676579042505e-05,0.0318210815291273,0.00550327679994018,4.63676579042467e-05
"ATCGCACGCCGGGAGA-1",7.27097338195408e-05,6.20541411655564e-05,6.20541411655577e-05,0.00282985137706696,0.397226965325988,0.027216503930304,0.405592568387326,6.20541411655386e-05,0.00120135514764391,0.070217805432573,6.20541411655575e-05,0.0105086306999311,0.0161296124075209,0.0686316727108336,6.20541411655566e-05,6.20541411655572e-05
"ATCGGCAAGCAGTCCA-1",0.0367440633358574,4.03196047263039e-05,0.0100358967726799,0.00689895653012936,0.48138843717363,0.0292671842347882,0.241157739169968,0.000103793608449011,0.0119293299344709,0.0670721099450278,4.03196047424008e-05,4.03196047263124e-05,0.065233920832049,0.0419595861052436,4.03196047263097e-05,0.00804770393878603
"ATCGTTCACTTTCGCC-1",1.73908228108754e-05,0.00212158371202621,0.00480464840495191,1.73908228047579e-05,0.0001606710985374,1.7390822800393e-05,0.984180560451367,1.73908228073104e-05,1.73908228112752e-05,1.73908228121759e-05,1.73908227978889e-05,1.73908228154768e-05,1.73908228169764e-05,1.73908227613695e-05,0.00854123728226356,1.73908228151127e-05
"ATCTCCCTGCAATCTA-1",2.12842514982702e-05,0.0342597858760206,2.12842514982682e-05,0.0910661103009001,0.103139489756182,2.12842514982693e-05,0.651773657606233,2.12842514982742e-05,0.00617803848093429,0.0166453493402948,2.12842514982708e-05,0.0105972511791818,0.0091927337447256,0.0560965280414885,0.0209233501650491,2.12842514982695e-05
"ATCTGGTTAAGACTGT-1",3.98250181140935e-05,0.0298760358996466,0.0737469939559129,6.26068060622886e-05,0.25743174234235,0.0867887371910754,0.367802278291699,3.98250181140953e-05,3.98250181140934e-05,0.0107846224666012,3.98250181140936e-05,3.98250181140908e-05,0.0077251815047102,0.165503026415144,3.98250181140924e-05,3.98250181140934e-05
"ATCTGTAATTGTACCC-1",1.90169307356141e-05,1.90169307370284e-05,0.00238093073549826,3.4242975178933e-05,0.0121956436127135,5.40493743315027e-05,0.981124727146679,1.90169307373224e-05,1.90169307356924e-05,0.000348461418878218,1.90169307477244e-05,1.90169307355981e-05,0.00369079236006975,1.90169307503271e-05,1.90169307356135e-05,1.90169307355929e-05
"ATCTTGACCTGCAACG-1",0.109041840120336,2.06436593813499e-05,2.06436593813468e-05,0.0556057096354108,0.184039614553413,2.06436593813498e-05,0.571451713617358,2.06436593813498e-05,0.00414772322392616,0.0146958945522767,0.00121787185303203,0.00985597216607644,0.0112264567021885,0.0350109948406183,0.00360299043845685,2.06436593813476e-05
"ATGAAGCCAAGGAGCC-1",2.67870752574912e-05,1.80427461256579e-05,1.80427461283564e-05,0.0438954779352888,0.0306760446028088,1.92665658525379e-05,0.882219538652648,2.11037273369418e-05,1.80427461281185e-05,0.0252151009011163,1.80427461279364e-05,0.00994959539241483,0.00785078592436947,1.80427461440281e-05,1.80427461279974e-05,1.80427461252761e-05
"ATGACGCCGGCTCTAA-1",0.00568032180743016,1.76567306329962e-05,1.76567306268459e-05,3.80158281721934e-05,0.0110437468104076,5.64770157473301e-05,0.954463094598286,1.76567306268656e-05,1.76567306612088e-05,0.0204247641916628,1.76567306219233e-05,1.76567306283401e-05,0.00576881235925803,0.00237269002754859,2.84802470622366e-05,1.76567306268632e-05
"ATGAGGAGTGTTAATC-1",4.95538172054944e-05,4.98448416568936e-05,4.99908393017478e-05,4.98486097207223e-05,4.98520716410699e-05,4.98475123140134e-05,0.99827892296791,4.98396072205182e-05,4.98670147415943e-05,4.98462241187715e-05,4.98462238914949e-05,4.98457169448852e-05,4.98462242549802e-05,9.01602134449677e-05,4.98462239397986e-05,0.000983041891693522
"ATGATCGGGAATAGAC-1",0.000133747317503492,1.781957970462e-05,0.00675891588462584,8.2652582164792e-05,0.013024602022947,2.20170342272352e-05,0.972469923528108,1.7819579699174e-05,0.00149597628614045,0.000168100543752995,1.78195797106327e-05,0.00535737393130007,1.93205992369876e-05,0.000377532417068302,1.85595341114876e-05,1.78195796984108e-05
"ATGCACTACCGCATTG-1",4.11985387806002e-05,4.11985387805976e-05,4.11985387805956e-05,0.0389935584783938,0.281597344175281,4.11985387805977e-05,0.494084577279268,4.11985387805981e-05,0.00415011681565173,0.0137923039248248,4.11985387805977e-05,4.11985387805984e-05,0.0167514915805519,0.10017382541125,0.0276664918868916,0.0225019006764228
"ATGCATGATCCAGGAT-1",9.78233727912717e-05,2.92208376538198e-05,0.0223115411845159,2.92208376541928e-05,0.101661392616904,0.0228306718411722,0.44332579757917,2.92208376541869e-05,2.92208376541864e-05,2.92208378025444e-05,2.92208376546093e-05,0.0110232965903167,2.92208376541841e-05,0.378303214402758,0.00876636121792407,0.011475355330719
"ATGCCAATCGCTCTGC-1",0.001621842771974,0.0465235591647486,0.027384007104374,0.0260477532814805,0.475500097919347,0.0382037722482097,0.283297310233852,4.23396472272715e-05,4.23396472272539e-05,0.00515768650755838,4.23396472272608e-05,4.23396472272681e-05,0.087534297245602,0.00847563563949036,4.23396472272692e-05,4.23396472272608e-05
"ATGCCGGTCTTGCATA-1",0.00646108407956975,4.36161797155762e-05,4.3616179715566e-05,0.0239526684312478,0.372865422471188,0.0535300911749478,0.374953742418455,4.36161797155656e-05,0.0204266267953743,0.0112358873713746,4.36161797155663e-05,4.36161797155662e-05,0.0221664111123655,0.114102752887469,4.36161797155667e-05,4.36161797155671e-05
"ATGCCGGTTGATGGGA-1",0.0817707006540254,0.0229234820328539,0.0206391298541855,0.0001800560530454,0.103688306409235,0.0999512651476522,0.423100020769031,2.84732233085193e-05,0.0204850266346059,0.0191992854319342,2.84732233085193e-05,0.0409282279417554,0.0303488991570157,0.127309013855546,0.00939116638918865,2.84732233085175e-05
"ATGCGACAATTGGTCC-1",6.52937186635168e-05,0.149303748205364,5.88475062521799e-05,0.00397899377689934,0.236972069752019,0.157735929184637,0.302635166775648,0.000124716388362785,5.88475062521779e-05,0.0103263928854724,0.00160302986291152,0.0133319175952873,0.0816725682619881,0.0211347945542627,0.0209388365197277,5.88475062521778e-05
"ATGCGACAGTCCCATT-1",0.145792483384414,4.10070629772315e-05,3.69825555198776e-05,3.69825555198696e-05,0.452046431349702,0.0554971437020582,0.147057451318422,0.0717950162335628,0.00142773659692604,3.6982555344779e-05,0.000439192269546363,0.0660658388058808,0.0103786934590775,0.0492740930400078,3.69825555198778e-05,3.69825555198783e-05
"ATGGAGCAGGCCGTGA-1",8.60853656615313e-05,3.55797567807545e-05,0.00298963998195554,8.22178124284911e-05,0.166632490632563,0.0246000340800806,0.442396761134934,0.0901363940917735,0.0344625124856808,0.0105563710262842,3.55797567797602e-05,3.55797567797579e-05,0.0111183979903898,0.133771426456765,0.0770696349261437,0.0059912947449996
"ATGGATCCGGCGTCCG-1",0.000111853790113779,6.37957037929392e-05,6.37957037930522e-05,6.37957037930763e-05,0.506180199459158,6.37957037930413e-05,0.405491755485,6.6524616159385e-05,0.0146192162799649,6.37957029591238e-05,6.37957037930451e-05,8.73715604493253e-05,0.00648543999963061,0.0359536361965632,0.0147004504108956,0.0159207779801412
"ATGGATTGACCAAACG-1",2.92776253821003e-05,2.92776253820784e-05,0.0318507062536466,8.82499461575503e-05,0.339161873616961,2.92776253820803e-05,0.487749782790958,2.9277625382079e-05,2.92776253820806e-05,2.92776253050565e-05,0.00494021139449157,0.0484834632235862,2.92776253820811e-05,0.0723391010798537,0.0131306382968982,0.00205103001984959
"ATGGCTGGAAATGGCC-1",1.73058489199989e-05,1.73058489414595e-05,1.7305848919671e-05,1.73058489196523e-05,0.00037184180435416,1.73058489196607e-05,0.999385876310341,1.73058489266939e-05,1.73058489224374e-05,1.73058489179651e-05,1.73058489194077e-05,1.73058489247018e-05,1.73058489268393e-05,1.73058493038475e-05,1.73058489196633e-05,1.73058489223904e-05
"ATGGGAACGGAAGCGG-1",2.73093262199952e-05,0.000502726821746904,0.000213846448988632,5.39620017954742e-05,0.00047412475686132,2.73093262199961e-05,0.99507161920336,2.73093262158318e-05,2.73093262139877e-05,0.000136246140187675,2.73093262074772e-05,0.00141275736754029,2.73093262199956e-05,2.73093262358457e-05,0.00191624264977585,2.73093262103213e-05
"ATGTGCATCCGACGCA-1",4.67400429115514e-05,4.67400429115573e-05,4.67400429108564e-05,8.50025081948877e-05,0.427266555621242,4.67400429115457e-05,0.516162062628056,4.67400429115617e-05,4.6740042911409e-05,0.00447757057245622,4.67400429115715e-05,0.029469103042773,4.67400429115564e-05,0.0220723051981625,4.67400429115548e-05,4.67400429115559e-05
"ATTAATACTACGCGGG-1",0.0092709347098411,0.0603968761854685,2.01011295440326e-05,5.33022374210478e-05,0.226191402214304,0.0616905891747944,0.579826899999783,2.01011295440335e-05,2.01011295440319e-05,2.01011295440308e-05,2.0101129544032e-05,2.01011295440317e-05,2.01011295440333e-05,0.0417309874254805,0.0205325951274009,0.000165705018697893
"ATTAATGAACCAGTCG-1",0.0402285859830366,0.0237926583330161,4.12626581515233e-05,4.12626581515288e-05,0.398244938014229,0.0393329195746087,0.330578084432853,4.12626581515276e-05,0.00494745359836913,0.052439107354809,4.12626581515241e-05,5.18117115419204e-05,0.0571710313864197,0.0339565312298139,0.0190505650905451,4.12626581515325e-05
"ATTAATTCGGTCACTC-1",2.82291056601655e-05,0.00323824458494708,2.96957377633683e-05,2.88418220631111e-05,0.00366181395327832,4.14907837967515e-05,0.979116580464584,2.82291056656915e-05,2.82291056601349e-05,0.00128307079630784,0.00170039914872911,2.82291056573522e-05,2.82291056571742e-05,0.000693334730508443,0.0100371533440613,2.82291056600609e-05
"ATTACAACTACCGGCC-1",0.122047238957529,0.0254040530626016,0.022586912172975,9.43364468092898e-05,0.0470358222721506,0.100554783878236,0.489906948844347,2.93063189398954e-05,0.0116513828303207,0.020472073405408,2.93063189398967e-05,0.0440702226886724,0.0623181594175052,0.0408469800748067,2.93063189398976e-05,0.0129231669918188
"ATTACGACTCCACAGT-1",0.0724328684670829,2.79265720099912e-05,0.0277541628068416,0.000131403294357536,0.0210377511097275,0.0438352543100968,0.766373440504603,2.79265720102667e-05,2.79265720102616e-05,2.79265720101063e-05,0.0137000140619314,2.7926572010259e-05,2.79265720102647e-05,0.0297134509152554,0.0235519198109468,0.00130217528709621
"ATTACTAGCCTCTTGC-1",3.83281867733176e-05,3.83374344742255e-05,3.83273788997489e-05,3.83213728171482e-05,3.83230169157463e-05,3.83273789404572e-05,0.998901859916868,3.83311931836284e-05,3.83291683641589e-05,3.83273791494788e-05,0.00056155275286465,3.83253048817587e-05,3.83273789891189e-05,3.83273788719928e-05,3.83273788099083e-05,3.83273791968328e-05
"ATTACTTACTGGGCAT-1",0.14425275364809,2.84666149985669e-05,2.84666149985683e-05,2.84666149985562e-05,0.379403063119157,0.0206505890420471,0.330442506866814,2.9213932901437e-05,0.0314356395847794,0.0144006227621174,5.48128082893109e-05,0.00830149468288268,0.0402762616139539,0.0306107088639753,2.84666149985683e-05,2.84666149985678e-05
"ATTAGATTGATAGCGG-1",1.99906479938735e-05,1.99905512634348e-05,1.99906479938858e-05,1.99906479938868e-05,1.99906479471456e-05,1.99906479938974e-05,0.999700138622822,1.99924020349739e-05,1.99906479852716e-05,1.99906480268483e-05,1.99906480165993e-05,1.99906479953239e-05,1.99906479800105e-05,1.99906479704565e-05,1.99906479879975e-05,1.99906479944746e-05
"ATTATACTTTGCTCGT-1",0.000141344926465205,0.0201594760852728,4.46017710337801e-05,0.0126054409707708,0.36674238257044,0.0167221361543793,0.473623137024104,4.46017710337741e-05,4.46017710337792e-05,0.0737094549460863,4.46017710337794e-05,4.46017710337663e-05,4.46017710337867e-05,0.0218519007348803,0.0141325141903646,4.46017710337764e-05
"ATTATGCCATAGGGAG-1",4.28939727868953e-05,4.28939727869104e-05,0.00679745892613192,0.00493309045592847,0.406805538103606,4.2893972786896e-05,0.516674604566359,8.11704609693105e-05,7.36699623853319e-05,0.0144725006157134,4.28939727868959e-05,0.00333321623604537,0.0150761575879971,0.0314952292481426,4.2893972786897e-05,4.28939727869004e-05
"ATTCAGGACCTATTTC-1",0.0260004529425306,0.0242077102529905,0.00118767670275009,0.0248687736292967,0.140833934570162,0.336652336524585,0.129859455735665,0.0107838465416075,4.98417067138681e-05,4.98417063647356e-05,0.00111828110602621,0.0353743352590744,0.256838227360751,0.0118247097053408,0.000300734549429159,4.98417067127855e-05
"ATTCCTAAGACGTGGA-1",6.48368150690403e-05,6.48368150690428e-05,6.48368150690427e-05,0.00391104339895318,0.375349750471339,0.0589111732163145,0.3531981374179,6.48368150690642e-05,6.4836815069037e-05,6.48368142094036e-05,6.48368150690429e-05,0.0952405568148535,0.0746467857596945,0.0224861128246359,6.48368150690472e-05,0.0157377455766175
"ATTCCTCCGCCAGTGC-1",3.59243041516572e-05,3.59131932522258e-05,3.65287821245369e-05,3.59119953623215e-05,3.59131747198169e-05,3.59075704836243e-05,0.998986260876361,3.59142535725518e-05,3.59151371972481e-05,3.59145279887993e-05,3.59143004608037e-05,3.58686659787514e-05,3.59143004948389e-05,0.000242108284420684,3.59143006191612e-05,0.000304176332812032
"ATTCTCGTCTCTTTAG-1",3.09906628712452e-05,3.09906629850371e-05,3.0990662892067e-05,3.099066289216e-05,0.00768280198945311,0.00530285450105142,0.978107600022556,3.0990662894148e-05,3.09906628968019e-05,3.09906628901504e-05,3.09906628600031e-05,3.09906629069098e-05,3.09906628921734e-05,0.00853485553217407,3.09906628921707e-05,3.09906628921685e-05
"ATTCTGAGTATGAACT-1",1.85537029931842e-05,1.85537029764238e-05,1.85537029738248e-05,1.85537029720401e-05,1.85537029582483e-05,1.8553702972074e-05,0.99551077661397,1.85532775016962e-05,1.85537029384973e-05,1.8553702970399e-05,1.85537029830515e-05,2.42508914062872e-05,1.85537029646184e-05,1.85537042915782e-05,0.00422377478021693,1.85537029108935e-05
"ATTCTTCGTACTTATG-1",1.62843463111163e-05,1.62843463200806e-05,1.62843463111099e-05,5.22652926334565e-05,0.0118139443570437,4.61901024132182e-05,0.970696998258039,1.62843463105663e-05,1.6284346306623e-05,0.00272302135869587,1.62843463168087e-05,1.62843463111477e-05,1.62843463111159e-05,1.62843463002733e-05,0.0136848014176455,0.000836220096730385
"ATTGAAGATCTTAGTG-1",0.00438622717330241,0.0243626698664733,0.0235285701422949,0.0128921953778133,0.259116799813514,1.95231689802134e-05,0.5233574175043,0.0379356636501533,0.0121314989523353,0.0192044696291863,1.95231689802163e-05,1.9523168980215e-05,1.95231689802167e-05,0.0829673488767453,1.95231689802125e-05,1.95231689802135e-05
"ATTGACCGGCGATGAC-1",3.40532244905306e-05,2.48291703615902e-05,2.48291703618094e-05,2.48291703618265e-05,0.130199329022162,0.00509197403932867,0.743057448634837,2.48291703618014e-05,2.48291703618012e-05,0.0376895829871045,2.4829170361804e-05,2.48291703618039e-05,0.0326399103699776,0.0336795946025513,0.0174094737566548,2.48291703617643e-05
"ATTGACGTAACTCGGT-1",1.82556384066761e-05,1.8255638412491e-05,1.82556384083964e-05,1.82556384084005e-05,1.82556383858287e-05,1.82556384083878e-05,0.999726165597614,1.82554646908381e-05,1.82556384014651e-05,1.82556383914565e-05,1.82556384247859e-05,1.82556384154447e-05,1.8255638411266e-05,1.82556384141949e-05,1.82556384083959e-05,1.82556383977649e-05
"ATTGCTGCTCCTCCAT-1",0.0447506027582012,1.78103453301711e-05,1.78103453344058e-05,0.0220140442352709,0.0363702933657189,1.78103453342996e-05,0.84639814102473,1.93767120197969e-05,0.00781246107443744,0.0062418644660494,1.78103453355755e-05,1.78103453337175e-05,0.0105009872529013,0.00340868584122722,0.022376681197441,1.78103453342996e-05
"ATTGGGAATATCTTGG-1",3.64665692333074e-05,3.64612673333578e-05,3.64191097284032e-05,3.64331276490623e-05,3.6461086982991e-05,3.64612895168018e-05,0.994213118253898,3.64612198597925e-05,3.64609474127861e-05,3.64612335167218e-05,0.00274482469091281,3.64611917515956e-05,3.64612338119278e-05,3.64612338092355e-05,3.64612338114793e-05,0.00256812631077163
"ATTGGGAGTTCTGTAA-1",0.0154047529305792,0.0453657507557227,0.0289278557365527,4.40563015101229e-05,0.05836671850358,0.161709649790054,0.602895356125287,0.0239696265382739,4.37857137120926e-05,2.19708973565461e-05,2.19708974712486e-05,0.00245492676369153,2.19708974712482e-05,0.0607076663537953,2.19708974712483e-05,2.19708974712512e-05
"ATTGTCGCAATACCTT-1",0.164067496737632,4.65099180618707e-05,4.65099180618914e-05,0.0984165545833936,0.192378370677313,0.0662566565801297,0.471879118360356,4.65099180618824e-05,4.65099180618762e-05,4.65099171397831e-05,4.65099180618843e-05,4.65099180618784e-05,4.65099180618863e-05,0.00589819283144211,4.6509918061881e-05,0.000685020968097722
"ATTGTGACTTCGCTGC-1",4.35496975361044e-05,0.096908864233915,4.35496975361012e-05,4.35496975360834e-05,0.0962532455429388,0.210725954073449,0.40406478876681,0.0140239465102765,0.0119604173366018,0.0233828182142119,4.35496975361027e-05,0.0518315520331422,0.019787821738372,0.049439214266366,0.00962831571913752,0.0118188627746351
"ATTTAACTCGTATTAC-1",0.00988394490239553,1.74593506177049e-05,1.74593506307428e-05,2.56098933113588e-05,0.0105753622245087,0.0517272809414223,0.914640762255815,0.00286580901534558,1.74593506324801e-05,0.00777200826153954,1.74593506389488e-05,1.74593506306773e-05,0.00236954770062677,1.74593506329287e-05,1.74593506307538e-05,1.74593506206621e-05
"ATTTACAGTTTACTGG-1",2.81146945614622e-05,2.81146947496956e-05,2.81146945476078e-05,2.81146945507914e-05,0.00355701934950316,2.81146945507923e-05,0.986070752998061,2.81146945827502e-05,0.00746763455305125,2.81146945280698e-05,0.000436496383503408,2.8465581841466e-05,2.81146945270112e-05,0.00215848418835823,2.81146945596535e-05,2.81146945239239e-05
"ATTTCATTATTTCGCG-1",0.0569752087742708,2.98260716972653e-05,0.0118732204335186,2.98260716972575e-05,0.225497510121174,0.0627689874693445,0.562713860682648,2.98260716972666e-05,2.98260716972639e-05,0.0166987824284729,0.00127885170575491,0.0243500152527573,2.98260716972677e-05,0.0376347806301778,2.98260716972604e-05,2.98260716972649e-05
"ATTTGTTCCAGGGCTC-1",3.15721052897424e-05,3.15721052897552e-05,3.15721052897495e-05,3.15721052897746e-05,0.350301995541742,3.15721052897522e-05,0.56148646656428,3.15721052897059e-05,0.0104420485920898,3.15721052271106e-05,3.15721052897505e-05,3.15721052897489e-05,4.08615192878067e-05,0.0413718423339679,0.0360410643957968,3.15721052897481e-05
"CAAACGGTCGCACTTT-1",2.78964668938351e-05,2.7894211707187e-05,2.78942117448456e-05,2.78942117399731e-05,2.78942116747188e-05,2.78942117399728e-05,0.983123582553808,2.78942117322835e-05,2.7896011714509e-05,0.00101493747913287,2.78942116405834e-05,2.78983968990003e-05,2.78942117067114e-05,0.00205904112004083,0.00897309483255516,0.00452249944526964
"CAAACGTGGTCTTGCG-1",3.14986563329484e-05,3.14986564849376e-05,3.14986563219424e-05,3.14986563219417e-05,0.00552099122951458,3.14986563219424e-05,0.990665277019805,3.14986563267678e-05,0.000105085468682296,0.00222084214614497,0.000158911310220769,3.14986563398661e-05,3.14986563219641e-05,0.00101390626221583,3.14986563219421e-05,3.14986563219435e-05
"CAAACTACGATAGAGA-1",6.70326458525161e-05,6.48458381692488e-05,0.0207362018179718,6.48458381692517e-05,0.452820515297433,0.0296571574223488,0.433815416095069,6.48458381692414e-05,6.48458381692345e-05,0.0320045516164291,6.48458381690109e-05,0.000965597745423438,0.00663513971609728,0.0228444667761905,6.48458381692504e-05,6.48458381692505e-05
"CAAACTATTGAGCTTC-1",0.0246981694929635,1.38503905331707e-05,0.0222859284205367,0.013477586133924,1.38503905335393e-05,0.0152923435424589,0.813134591956982,0.0223605938544268,0.00737508527269389,0.0461833019646123,1.38503905343912e-05,0.0182002981334828,1.38503905336282e-05,0.00485371210242279,0.0120691371728281,1.38503905336285e-05
"CAAATTGTCAGCAAGC-1",0.0246537604217071,1.87617217709292e-05,0.00768828770567208,4.83601221095398e-05,0.0152647875488652,6.81816979980648e-05,0.909993129154538,1.87617217716276e-05,0.00131754189489148,0.0242345054229663,0.000757773636553059,1.87617217716256e-05,0.0128564683352267,1.87617217732346e-05,6.67777223332752e-05,0.00297537945005141
"CAACGACCCGTTTACA-1",2.66107137989733e-05,2.66107137904981e-05,2.66107137979993e-05,0.00486319442490588,0.00428762190964199,2.66107137990788e-05,0.947163829014359,0.00406696946125427,2.66107137898159e-05,0.0318888114819023,2.66107138150886e-05,0.00120546033593666,2.6610713799138e-05,2.6610713808036e-05,2.66107137990829e-05,0.00628461694780193
"CAACTATATCGAATGC-1",0.00942675304542379,2.30946527310267e-05,2.30946527310555e-05,0.000120359243621934,0.258676023349293,2.30946527310606e-05,0.634593923433579,2.30946527310556e-05,0.00546125277396057,0.0160119445348915,0.00581628277410549,2.30946527310554e-05,0.00236437747936968,0.0439263586258806,0.0234641568234879,2.30946527310502e-05
"CAACTCCAACGTTTAG-1",2.19445485560453e-05,2.19443495718891e-05,2.19422714544488e-05,2.19444979043778e-05,2.19432925869801e-05,2.1944497892321e-05,0.999670835120773,2.19452747410432e-05,2.19446611049051e-05,2.19444978946944e-05,2.19444979360553e-05,2.19444978741476e-05,2.19444979565882e-05,2.19444979044925e-05,2.19444979296598e-05,2.1944497919134e-05
"CAACTCCGTAACTTGC-1",0.0512220679757296,6.58993176744131e-05,6.58993176747931e-05,6.58993176747884e-05,0.0187822960928411,0.0957644418899361,0.684581365435151,6.58993176747926e-05,0.0442673821996266,6.58993167595096e-05,0.00160878634389749,0.0130998780247717,6.58993176747915e-05,0.0466956062896034,0.00382455656006818,0.0397582232832412
"CAACTCCTTGATCCCG-1",2.35911523675904e-05,2.35901402021149e-05,2.35858670138981e-05,2.35912078819154e-05,2.35912831735565e-05,2.35912079212018e-05,0.999646136962993,2.35912681416437e-05,2.35924857307361e-05,2.35912078657971e-05,2.3591207892613e-05,2.35911774341201e-05,2.3591207905008e-05,2.35912077761966e-05,2.35912078148696e-05,2.35912078861923e-05
"CAACTGAGGGTATGAC-1",1.62315815648786e-05,1.62315815648833e-05,1.62315815648746e-05,7.46548749824221e-05,0.0469899449799468,4.17620454711999e-05,0.75962860420786,0.0697656061314505,0.0248930857338659,1.62315813648352e-05,0.00794583998784186,1.62315815648897e-05,1.62315815648901e-05,0.0153178418049439,0.0723968395079229,0.00284843123652517
"CAAGCAACGTCGGAGT-1",2.45901971036473e-05,2.45908561259719e-05,2.44609562566616e-05,2.45897372504171e-05,2.45892474587297e-05,2.45897372703495e-05,0.996689493414534,2.45897373206487e-05,0.00259356605627434,2.45897372858039e-05,0.000397401564937633,2.4589809101775e-05,2.45897371949917e-05,2.45897373014115e-05,2.45897372218401e-05,2.45897373618181e-05
"CAAGCACCAAATGCCT-1",3.14941195748645e-05,3.14941195749297e-05,0.0270953822562419,0.0516753106006476,0.230762196124876,3.14941195748835e-05,0.601093475550938,3.14941195748551e-05,3.14941195748821e-05,3.1494120515193e-05,3.14941195748843e-05,0.0462834180458941,0.00119173292410708,0.0416150374201818,3.14941195748837e-05,3.14941195748825e-05
"CAATAAACCTTGGCCC-1",0.0407523677762514,2.88439735123746e-05,2.884397351237e-05,0.0334695161497679,0.356660842347801,0.0362304598386249,0.450121932358043,2.88439735123677e-05,2.88439735123706e-05,0.0116630867878911,2.884397351237e-05,2.88439733786775e-05,0.016847727921319,0.0515296604005096,0.00252249860533903,2.88439735123706e-05
"CAATCCCTATACCAGC-1",0.0503888559442173,0.0473255825105418,0.0212580543735921,0.0390553851992623,0.182978331447984,0.0773879208298678,0.434564505567693,9.37310129176491e-05,4.26580027614546e-05,0.0125366926868294,4.26580027614627e-05,4.26580027614658e-05,0.00146550027173831,0.0821963333912744,4.5264863710008e-05,0.0505758678920874
"CAATGGAATCTACATA-1",0.000104410698553657,0.0682739962894088,0.002826697018349,0.00524582091703032,0.134360728916982,0.0850739899183746,0.644963843530859,1.92299677852748e-05,0.0143636410894273,0.00720073409301837,1.92299677852748e-05,1.92299677852762e-05,0.00165992329096441,1.92299677851302e-05,0.0358300643981066,1.92299677852746e-05
"CAATGGATCTCTACCA-1",0.0916633068137701,2.10766473215141e-05,2.107664732152e-05,2.10766473215246e-05,0.100870877214528,0.075659768752403,0.661438800668059,2.10766473215132e-05,0.0127201094613297,0.00904164249054916,2.10766473215214e-05,0.0125010509535591,2.10766473215144e-05,0.0286617815804949,0.00729512553405655,2.10766473215136e-05
"CAATTAAGGGTGATGA-1",0.0141596942995916,0.0100549576839262,2.68147432662873e-05,0.027050606080819,0.103851871267746,0.0112516475497375,0.265466242883916,0.00408686611832025,0.01606150237548,0.008551824717184,2.68147432663656e-05,2.68147432662874e-05,0.0705612246146309,0.419254913822589,0.0495413896129943,2.68147432662874e-05
"CACAAGAAAGATATTA-1",0.0793292319262161,0.0112257272721285,3.26856704624565e-05,3.76292054459146e-05,0.16157150762681,0.15170671044971,0.545378265308919,3.26856704624775e-05,3.26856705278939e-05,3.26856702008641e-05,3.26856704624546e-05,4.42533179828275e-05,0.014479535107925,0.035998340091822,3.26856704624559e-05,3.2685670462416e-05
"CACACTTGTATTGCGA-1",0.0175437246688501,0.041822982559391,0.0286907664287993,0.0772383640036731,0.0721329792543248,0.0872517550962979,0.496279714276723,8.67538883157021e-05,0.0148291483416459,0.0434129064119947,0.00022957575819,0.0609762102240081,8.67538883156908e-05,0.0592448574228392,8.67538883157013e-05,8.67538883157083e-05
"CACAGCACCCACGGCA-1",0.0626761194452329,0.0236133773501327,0.0912015004889523,0.0573930027878231,8.51797081696146e-05,0.0104409237558927,0.270086553491195,0.0822089354695592,0.0388747853633315,0.011242679445086,8.51797081696141e-05,8.51797081696121e-05,0.0120868443033598,0.217144974301327,0.111265797848353,0.0115089668252455
"CACAGCTAGGGAGTGA-1",4.96404536939422e-05,4.96404536939182e-05,4.96404536938948e-05,7.38033768168049e-05,0.36518966001258,0.00673249015543799,0.582922231979131,4.96404536939159e-05,0.00413824426803844,4.96404535513736e-05,4.96404536939103e-05,4.96404536939084e-05,4.96404536939105e-05,0.0199835437738634,0.0205132623513517,4.96404533720294e-05
"CACATTCTTTCGATGG-1",0.000175169876532756,4.95286945798322e-05,0.00347332232944348,0.00459519698092212,0.565607186275331,0.00464015247418915,0.378108250810181,5.92211387604191e-05,4.1081079942084e-05,0.0158841805390811,4.10810799420839e-05,0.00648250723277801,4.10810799421084e-05,0.0207198782484912,4.108107994209e-05,4.10810799420909e-05
"CACCATCGGAGGAGAC-1",2.22837323148111e-05,2.22840518271143e-05,2.22839015075149e-05,2.22839015030277e-05,2.22839014915262e-05,2.22839015029846e-05,0.999665741011182,2.22839097990496e-05,2.22843782164644e-05,2.22839015223584e-05,2.22839015245666e-05,2.22839015577416e-05,2.22839015066976e-05,2.2283901540001e-05,2.22839015030392e-05,2.22839015013012e-05
"CACCATGATCGCAAAG-1",0.0176451055336365,0.242059898427986,8.05150480988155e-05,0.00160112289002242,0.0681153997336645,0.287924732866919,0.170870474835643,8.05150480988174e-05,0.00862399176432853,0.00445064410327564,8.05150480988163e-05,0.0280940488797038,0.164470379833154,0.00574162589117218,8.05150480988168e-05,8.05150480988166e-05
"CACCCACACGTCACCC-1",6.01299410727378e-05,6.01328719850857e-05,6.00747564681781e-05,6.01289531341104e-05,6.01293422357932e-05,6.01292699304525e-05,0.98868678975494,6.01292991230989e-05,6.01309405210761e-05,6.01292990864216e-05,0.00890601788667901,6.0129277683055e-05,6.01292998031885e-05,6.01292994152282e-05,6.01292998692667e-05,0.00162556050805346
"CACCCACGAGGCAATT-1",0.15352088775129,4.01780763259445e-05,4.01780763259439e-05,5.69899813015566e-05,0.281235664265547,0.0217516164186217,0.352417368480856,4.17564446921328e-05,0.0068325682060812,0.0496548784633194,4.01780763259445e-05,4.01780763259429e-05,0.0259675231359467,0.0899651795664412,0.0183546769042731,4.01780763259457e-05
"CACCGATACACCGAGC-1",0.009520550453832,1.30055337524715e-05,0.0107811151949783,0.00796480260128706,0.00925834917033627,0.0263053155104884,0.826996432485024,1.30055337524845e-05,1.30055337524794e-05,0.0525444884267042,1.30055337539611e-05,0.0383849958394126,1.76598053952458e-05,1.30055337401221e-05,0.0181482573100383,1.30055337524435e-05
"CACCGCCAGAAGGTTT-1",8.03496559665834e-05,4.57874401097618e-05,4.57874401097622e-05,4.57874401097821e-05,0.380262547326632,4.57874401097562e-05,0.533839114351701,4.5787440109753e-05,4.57874401097615e-05,0.00916757119835008,4.57874401097644e-05,4.57874401097539e-05,4.57874401097548e-05,0.0698454489898859,4.5787440109768e-05,0.00634709407636697
"CACCGCCGACCAGCGA-1",1.90830915990854e-05,1.9083091612111e-05,1.9083091598189e-05,1.90830915982561e-05,0.000144974980232807,2.22197051222913e-05,0.998995744876273,1.90830916008178e-05,1.90830915532245e-05,0.000608063339189602,1.90830916128582e-05,1.90830915985545e-05,1.90830915982138e-05,1.90830916714257e-05,1.90830915982209e-05,1.90830915409226e-05
"CACCGCGTCCACTCTA-1",0.000152982265957677,0.0452115431463281,6.24144214376895e-05,0.0304195410885422,0.394960120477564,0.0742959130489841,0.333451236102267,6.24144214376774e-05,6.24144214376986e-05,6.24144209521213e-05,6.24144214376887e-05,6.55363207930778e-05,0.0810321692409234,0.0160168501287541,0.00808637019183185,0.0159956658813512
"CACCGGAGATATCTCC-1",1.34924828905317e-05,1.34925387218914e-05,1.34924828864406e-05,1.34924833298939e-05,1.34924829222063e-05,1.34924828860328e-05,0.999477747566375,1.34923949048186e-05,1.34918727622446e-05,1.3492484407345e-05,1.34924828917266e-05,1.34924828944108e-05,1.34924828846746e-05,1.34924837034044e-05,0.000333358312660545,1.34924828785197e-05
"CACCTAATCAGTTTAC-1",0.119114032407254,3.04901280344957e-05,0.0482302198158181,5.78773081953351e-05,0.238325570990249,0.0232684507346083,0.534005048126647,3.04901280345069e-05,3.04901280344975e-05,0.0109409912164664,3.04901280344966e-05,3.04901280344988e-05,3.04901280344964e-05,0.0258138883764867,3.04901280345062e-05,3.04901280344948e-05
"CACCTCGATGGTGGAC-1",0.00918960998156643,2.96569805959745e-05,2.96569805959656e-05,9.59273109713409e-05,0.222436103331526,0.152317168820319,0.510852241514755,5.25618967886149e-05,0.00231072967940569,0.0038572798594433,2.96569805959742e-05,0.0479826612296471,0.0201541367955102,0.0306032946770875,2.96569805959742e-05,2.96569805959722e-05
"CACCTTGCGAAACTCG-1",8.37769815867399e-05,0.228217398429186,0.0115725123786948,8.37769815867385e-05,0.0630700742966472,0.093394659062739,0.258200295558153,8.37769815867427e-05,0.0201890701242403,0.00926349834657553,8.37769815867427e-05,0.0252624304525122,0.011165564980779,0.241271676520178,0.0379739349423619,8.37769815867366e-05
"CACGAAAGTTAGTCCC-1",4.35250119925291e-05,4.35250120482759e-05,4.35250119737233e-05,4.35250119911559e-05,0.0049168528791432,4.35250119911638e-05,0.978026259049799,4.35250119437709e-05,4.35250120352977e-05,4.35250120148343e-05,4.35250120217657e-05,4.35250120205389e-05,4.35250120339349e-05,0.00496355459786076,0.00824420979621239,0.00337034854491763
"CACGCACAGCGCAGCT-1",0.0266867172672686,2.81956293630503e-05,2.81956293630438e-05,0.0863641741936828,0.298988819271077,2.81956293630491e-05,0.411487009025465,0.00012704260086175,0.0143779363792921,0.0171749394726447,2.81956293630505e-05,2.81956293630637e-05,0.0278209308386793,0.116775061545488,2.8195629363047e-05,2.81956293630501e-05
"CACGCAGCGAGGCTTT-1",1.88838044726626e-05,1.88838044526449e-05,1.88838044810473e-05,1.88838044810477e-05,1.88838044952598e-05,1.88838044815099e-05,0.893554846270408,1.8883804469465e-05,0.0468189909521371,0.00105110255842009,1.88838044952982e-05,1.88838044753702e-05,1.88838044901768e-05,0.00302747395774512,0.0553398644120151,1.88838044800491e-05
"CACGGCGCGCCAAAGG-1",0.0632133174853408,4.5289308529223e-05,4.52893085292342e-05,4.52893085292403e-05,0.481116385044011,0.013560710833165,0.336299137552633,4.52893085292327e-05,4.52893085292266e-05,0.051411477620134,0.00309453411452581,0.0108710512122987,4.52893085292378e-05,0.0176419228512064,0.0224744381269809,4.52893085292278e-05
"CACGTCTATGATGTGG-1",1.13970900658109e-05,0.00129855281908642,1.13970900674369e-05,1.58511961966559e-05,0.00035990372583867,1.13970900674264e-05,0.996914044240101,1.13977879502659e-05,1.13970900705006e-05,1.13970900428067e-05,1.1397090083541e-05,0.00128627932993143,1.13970900717771e-05,1.13970903457514e-05,1.13970900674298e-05,1.13970900126108e-05
"CACTAAAGTTGCCTAT-1",0.0518560496861756,0.00323198807284772,2.7322507545208e-05,0.000147250500124841,0.0485737776382274,0.0333577967066457,0.562170104568869,0.0448196427085202,0.0670526187007483,0.0108403832125074,0.000939747445200291,0.00365777585581524,0.00212471412104798,0.137472568016742,0.0337009377514379,2.73225075452079e-05
"CACTACTCAGTTCTGT-1",4.02864134836218e-05,4.03154080405028e-05,4.03250634138213e-05,4.03135588936553e-05,4.03140346601522e-05,4.0321336475129e-05,0.999352394887477,4.03142667645454e-05,4.03152668125658e-05,4.03136417261028e-05,8.32179759708963e-05,4.0313580194763e-05,4.03136414269245e-05,4.0313641575352e-05,4.03136414729453e-05,4.03136416124397e-05
"CACTCAGCTCTTGAGG-1",2.72237419488813e-05,2.72237419510197e-05,3.26601235067896e-05,4.11467266425743e-05,0.00263313007119045,2.72237419485212e-05,0.991845003497665,2.72237419395804e-05,2.7223741943569e-05,0.000539639364534842,2.7223741949884e-05,2.72237419385344e-05,0.000626061545956749,0.000724516804875322,4.22880262662821e-05,0.00332498764574187
"CACTCCTCTCGGTCGG-1",8.96646244755266e-05,0.00928093369514852,0.0549453225551489,4.61011403766189e-05,0.230690812455514,0.0617325781310885,0.557750615496138,0.0194510990263064,3.16092574351996e-05,0.0075534989444815,0.000982712804206918,0.00332879047362536,0.0114227484521735,0.0268321405146112,3.16092574352016e-05,0.0158297631718348
"CACTGTCCAAGTGAGA-1",2.0665313098572e-05,2.06653127305691e-05,2.06718908488607e-05,2.06653131065981e-05,2.06654850959878e-05,2.06653130882343e-05,0.999690013655238,2.06653131407029e-05,2.0665313014733e-05,2.06653131602177e-05,2.06653130617103e-05,2.06652120042837e-05,2.06653130924781e-05,2.06653131283922e-05,2.06653130769426e-05,2.06653131132174e-05
"CACTTAATCAGACGGA-1",0.088191757699632,1.82143058791353e-05,0.041171208467612,0.00943853423598249,0.00611743440786241,0.00342880796292131,0.69896297302918,3.2153386915334e-05,0.00409717402466692,0.00102924957236129,1.82143058791705e-05,0.00301381859418755,0.00474832192264376,0.0538680664449911,0.0820267065033386,0.00383736513594666
"CAGAGCATGAGCTTGC-1",0.000116180955759005,2.91165208997087e-05,2.91165208996968e-05,0.023156390364533,0.39705126630255,2.91165208996976e-05,0.454006728981316,2.91165208997001e-05,2.91165208997045e-05,0.0318299474137829,2.91165208996951e-05,2.91165207435899e-05,2.91165208996922e-05,0.0768115133745195,2.91165208996986e-05,0.0167659239195983
"CAGAGTGATTTAACGT-1",1.38904888282869e-05,1.38904884936348e-05,1.38904888281854e-05,1.38904888281759e-05,0.00032096519121073,1.38904888281731e-05,0.999484572559091,1.38858953118858e-05,1.3890488786333e-05,1.38904888166276e-05,1.38904888291221e-05,1.38904888262527e-05,1.38904888286574e-05,1.38904888368113e-05,1.38904888281667e-05,1.38904888275565e-05
"CAGATACTAACATAGT-1",4.24502077966705e-05,4.2450207796377e-05,0.0122074753311659,0.0150026984512916,0.19057844187859,0.00589152864975844,0.466875799675649,4.24502077966723e-05,4.24502077966734e-05,0.0228371073822979,0.00391776603331148,4.24502077966829e-05,0.017177801101855,0.265214230041504,4.24502077966736e-05,4.24502077966725e-05
"CAGATCATTTAAAGTC-1",0.0301399886779569,4.80378034481817e-05,0.0379112721646559,0.047408029957103,0.101148036388464,0.0556201152753547,0.431495167090003,4.80378034481696e-05,0.0303801838806493,4.80378034465772e-05,4.80378034481697e-05,0.0853992457583999,0.162583912033601,4.80378034627177e-05,0.0176258219531104,4.80378034481689e-05
"CAGCAGCCCGTTCCTT-1",0.000145596364925573,3.3428492977693e-05,3.34284929777013e-05,3.34284929777006e-05,0.13813943902042,0.106157015937884,0.568665837031643,3.34284929777089e-05,0.00563932441938366,3.34284914200648e-05,3.34284929777016e-05,0.00767709138174257,3.34284929777014e-05,0.13793560189251,3.34284929776969e-05,0.0353726660092265
"CAGCCGGGCCCTCTAT-1",0.204961266696463,0.0494603236442382,0.0195640634969354,3.21257578520613e-05,3.21257578520622e-05,0.0370125667279218,0.592023086026534,3.21257578520661e-05,0.00176456707567125,0.00685777696147516,3.21257578300627e-05,0.0389433270646963,0.0268425287559095,0.000546473290313292,0.0218633914707156,3.21257577406936e-05
"CAGCCTCCTGCAGAGG-1",0.0647727174182759,0.00937920017378856,5.58407850592738e-05,5.58407850592815e-05,0.0808636823948088,0.0658098067001375,0.238367039221439,5.58407850592761e-05,5.58407850590884e-05,0.0166214296133455,0.00137309392701853,0.0116549190804589,0.279323467052222,0.23149959970815,5.58407850592746e-05,5.58407850592738e-05
"CAGCCTCTCCTCAAGA-1",4.04161500933597e-05,0.127120116095391,4.04161500933622e-05,0.0154751936627158,0.233484754832261,0.0365517955553054,0.409871835111514,4.04161500933668e-05,0.0306438967633049,0.0232367193526889,4.04161500933613e-05,4.04161500933613e-05,0.0787391404818683,0.0445936350942971,4.04161500933621e-05,4.04161500933617e-05
"CAGCTCACTGAGACAT-1",0.0428924780366271,0.0230123889608288,0.101705253520168,0.0853789523488813,0.000104181128753963,0.000104181128753963,0.154854795121367,0.139871652384088,0.0990246022023838,0.0251810213885049,0.00134547113382532,0.000104181128753963,0.00550564842642924,0.142454798188287,0.178356213773593,0.000104181128753962
"CAGCTCGACAAGTTAA-1",0.0399555653825497,3.35998852101065e-05,0.0214606005737869,5.55122038726638e-05,0.114805741761038,3.36673799027568e-05,0.696800730918631,3.35998852101084e-05,3.35998852101103e-05,3.35998851860667e-05,0.00992492181968472,4.75773995661867e-05,3.35998852101127e-05,0.0470035461376371,0.0233892431121169,0.0463548938851874
"CAGCTTAGTAGGTAGC-1",2.94225667070695e-05,2.9422566653775e-05,2.9422566707206e-05,2.94225667072724e-05,0.00215427937279316,2.94225667072721e-05,0.990849898785114,2.94225667186994e-05,4.81419071948182e-05,2.94225666584111e-05,2.94225667612734e-05,0.00154162169163106,2.94225667074159e-05,0.00508241000949811,2.94225667072928e-05,2.94225667333151e-05
"CAGGAAGACTTTATAT-1",3.18282751870995e-05,3.18282751863257e-05,3.18282751871025e-05,3.19298403437798e-05,0.242941931894827,0.0626140374428375,0.596931172742405,3.18282751870884e-05,3.18282751871019e-05,0.0219527390355071,3.18282751871081e-05,3.18282751871042e-05,3.18282751870916e-05,0.0324432897940843,0.0427984447733124,3.18282751871132e-05
"CAGGCCGTTTGGGTGT-1",2.14583087895812e-05,2.1458308390234e-05,2.14583087895812e-05,5.330657264146e-05,0.0369067422428365,2.21630158729039e-05,0.913592634338995,0.000183200027520271,0.0104682078195059,2.14583091784305e-05,2.14583087895801e-05,2.14583087895827e-05,2.14583087896645e-05,0.0294499583149885,0.00915212119733273,2.14583087895787e-05
"CAGGTTTAGTACTACA-1",8.62972195385748e-05,0.0208176726880757,2.32868145179822e-05,2.33489354283611e-05,0.0538468148365636,0.00765145772150348,0.839100266485542,0.00744675020766557,2.32868145179824e-05,0.0176341544097178,2.32868145179805e-05,3.04978995613544e-05,0.0304510395072134,0.0227770598429353,4.14929881829465e-05,2.32868145179822e-05
"CAGTAACTATTTATTG-1",0.11053249531958,0.00422055573681599,3.84993221636985e-05,0.00180379220284378,0.427580070055146,0.0765459567663241,0.286734876208542,3.84993221637106e-05,3.84993221636978e-05,0.000197735512214713,0.000599912147265167,3.84993221636959e-05,0.0322679650520661,0.0168808890471108,0.0317529780772985,0.0107287765861377
"CAGTACATTCTCTAAA-1",8.96676496257478e-05,0.0401472980551251,0.0730121217975216,0.00452416823664782,0.342703727182899,0.0444099292370528,0.256093103440652,0.0137197198903183,8.22789626419815e-05,0.0048743453968099,8.22789626419697e-05,8.22789626419673e-05,0.0628501278881257,0.144256988390551,0.0129896869841026,8.22789626419673e-05
"CAGTAGCCCACGCGGT-1",0.284261965505557,4.04804614824185e-05,0.000294605028271657,4.04804614823789e-05,0.294157077671938,0.019012980802839,0.313961342219747,0.00506838749218306,4.04804614823792e-05,0.00334838793911446,4.0480461482378e-05,0.00349115880093749,0.0196139058354998,0.0396983779753721,4.04804614823737e-05,0.0168894084211288
"CAGTGAATAAATGACT-1",0.176257700608287,4.23828215468218e-05,0.0202362034794537,4.23828215468251e-05,0.0432113130141015,0.106692442204404,0.382968769756867,0.00599077733792909,0.0163326898150034,4.23828215139263e-05,0.00251141852249171,4.23828215468194e-05,0.127598468067929,0.117945920264286,4.23828215468198e-05,4.23828215468201e-05
"CAGTTCAAATTGACAC-1",6.44163596913447e-05,2.7801274483009e-05,2.78012744830098e-05,0.00113416083996345,0.299181031935224,0.0626751256236723,0.488108284050328,0.000724799871220491,0.00053967229037491,0.0356637433308073,0.00281577104444849,2.78012744830089e-05,2.78012744830087e-05,0.0906117947634585,2.78012744830082e-05,0.0183421935183959
"CATACTATGTAATTGT-1",1.71334440137892e-05,1.71334440137955e-05,0.00557828488257395,0.0222567189873282,0.223088848188596,0.00567105607700902,0.654403132600592,3.77554941939187e-05,0.041209616195094,0.024167592304183,1.71334440137893e-05,1.71334440137878e-05,1.71334440137907e-05,0.0234670611623337,1.71334440137874e-05,1.71334440137891e-05
"CATAGTACATTGAGAG-1",0.0236577513822684,2.12881169078745e-05,2.12881169078818e-05,2.12881169078818e-05,0.129999541771251,0.0320503057391729,0.599297284234097,2.12881169078757e-05,2.12881169078764e-05,0.0865897499909686,2.12881169078761e-05,0.0120960861981346,2.12881169078758e-05,0.080324279055497,0.027850142780881,0.00798584202937459
"CATAGTAGCATAGTAG-1",1.94414012059085e-05,1.94411692647388e-05,1.94411145179942e-05,1.94411145225509e-05,1.94411145251366e-05,1.94411145271903e-05,0.998919857916522,1.94411145303393e-05,1.94411143958255e-05,0.000807966138974028,1.94411144863461e-05,1.94411145638933e-05,1.94411145241533e-05,1.94411143921159e-05,1.94411145226014e-05,1.94411145251517e-05
"CATATACTACTGATAA-1",6.42625593840866e-05,0.0391973596447839,4.06614810319601e-05,0.139957237417694,0.394691833768935,0.0814710706535859,0.296587432959099,4.06614810319658e-05,4.06614810321994e-05,0.00843414365239258,4.06614810319629e-05,4.06614810319599e-05,0.0391759626116243,0.000136066365277411,4.0661481031963e-05,4.06614810319629e-05
"CATATTATTTGCCCTA-1",0.134871028211302,2.08700640932228e-05,2.08700640939355e-05,0.000100520805685017,0.0210403575015496,0.0222444012954407,0.769269608405586,2.08700640939493e-05,0.00198290889426288,0.00633120956492428,2.08700640896385e-05,0.0144987118482505,0.0115010002868528,0.0065707691225524,5.25059158881344e-05,0.0114534978913352
"CATCAAACTGGCGCCC-1",2.64304937969753e-05,2.6430493738563e-05,2.64304937969816e-05,0.083354726125732,0.0776214508267381,0.0760598982559548,0.712093138270397,2.64304937969669e-05,0.00288176806160734,2.6430493548049e-05,2.64304937969689e-05,2.64304937969689e-05,2.64304937969681e-05,0.0281688897492149,2.64304937969703e-05,0.0195822542664899
"CATCATCTACCCGGAC-1",2.77524017431229e-05,0.0267996371137438,0.00177162591750781,0.0521584600981638,0.0680295614689925,0.0180235157653813,0.799233860248365,2.08426348730182e-05,2.08426348730171e-05,0.0154235051607709,2.08426348730175e-05,2.08426348730168e-05,0.00701773156431621,0.00525597605925653,0.00615416102739438,2.08426348730196e-05
"CATCTATCCCGTGTCT-1",0.0509144197115783,4.3255765743517e-05,4.32557657435215e-05,0.0421984062052198,0.45018472697484,0.0699971337017466,0.355277369148838,0.000120510273778992,4.3255765742037e-05,4.32557657174957e-05,0.0019398120922389,4.32557657435165e-05,4.32557657435176e-05,0.0123205338525034,4.32557657435173e-05,0.0167442976790792
"CATGATGCACAATTCT-1",2.13496733108817e-05,2.13496733108855e-05,0.0164860043805823,0.000327846660799235,0.286433028830297,2.13496733108933e-05,0.622751515697826,2.4418158757397e-05,0.0182378689767009,2.13496731455395e-05,2.13496733108878e-05,2.13496733108892e-05,0.0215514428568633,0.0135198290654607,0.0205185976597027,2.13496733108875e-05
"CATGCATGGAGACCCT-1",4.7263373305016e-05,4.72633637707812e-05,4.72671884167646e-05,4.72611431975632e-05,4.72631844141717e-05,4.72633852530524e-05,0.986022717755942,4.72629975459151e-05,4.72633851786545e-05,4.72633855047115e-05,0.00722302540487931,4.72633610337605e-05,4.72633852404982e-05,4.7263385311992e-05,4.72633854135415e-05,0.00613983191559231
"CATGCGTTAGACAGAA-1",0.0159315969286904,1.29006963396897e-05,1.29006963396434e-05,0.0659989155863925,0.0133244996273794,0.000925378115475981,0.818345839977381,1.29006963396426e-05,0.00714764360924966,0.0367207368457041,0.000757012353217268,0.0173735928562418,0.00438757349371099,1.2900696342598e-05,0.0147879988312793,0.00424760898991565
"CATGCTGGCTCCAATT-1",1.7561190003927e-05,1.75611900010627e-05,1.75611900012466e-05,3.72410678581339e-05,1.75611900189253e-05,1.75611900012312e-05,0.998821214690783,1.75611899937952e-05,1.75611895734485e-05,0.000913248771766368,1.75611900103954e-05,1.75611900081202e-05,1.75611899911446e-05,1.75611900021286e-05,1.75611900012317e-05,1.75611899861478e-05
"CATGGCAGGAAGATCG-1",2.1412393813419e-05,2.14123938132e-05,2.14123938134021e-05,0.0517138825233029,0.247138280009702,3.12398130868511e-05,0.666996913624929,2.14123938134002e-05,2.14123938133998e-05,2.14123937978569e-05,2.1412393813386e-05,0.0209925861019794,2.14123938134111e-05,0.00333409363664266,2.14123938134062e-05,0.00960029274605277
"CATGGGTCGGGTGTGG-1",5.7018071595914e-05,0.0855359934459274,0.0167175969471536,0.0159747099614218,0.250152661764954,0.20382187459827,0.26831236988042,0.000243113981573002,0.00278733056934195,0.00344416986239988,5.70180715959117e-05,0.0409946953535045,0.0482099416154545,0.0607490935449926,5.70180715959197e-05,0.00288539425979929
"CATGGTCTAGATACCG-1",4.30397085654897e-05,0.0502310693126164,4.22963282008958e-05,4.22963282009002e-05,0.0846031606913138,0.0443410082898483,0.544745612478476,4.22963282008946e-05,0.00409978165849555,0.0237788490435582,4.22963282008981e-05,4.22963282008945e-05,0.0287985988718896,0.183458953451462,0.0182442303800515,0.0174442144727189
"CATGTAGGAGCGCCAA-1",4.03958264000324e-05,0.0222773076623045,0.0744903248332301,4.03958264000287e-05,0.215307119323026,0.199269067790622,0.36666389418604,4.03958264000299e-05,4.03958264000391e-05,4.03958263942338e-05,4.03958264000322e-05,0.0569035922154912,0.0243258568475376,0.0281988004626424,0.0122812658943116,4.03958264000326e-05
"CATTACGTCGGCCCGT-1",3.22051740935138e-05,0.0118799357044281,0.00702797026328591,0.00878463747929269,0.168317443063438,0.102884321838802,0.607896906005577,3.22051740935278e-05,3.22051740935183e-05,0.0256109266025899,3.22051740935315e-05,0.00900022007446201,0.025422994760336,0.0329814131632275,3.22051740935442e-05,3.22051740935276e-05
"CATTATGCTTGTTGTG-1",0.000123203624308456,4.27369435835164e-05,0.0491675464465391,4.27369435834976e-05,0.370866891214013,4.27369435835137e-05,0.491391502739862,4.27369435835144e-05,4.27369435835149e-05,0.0361244288993215,4.27369435835148e-05,4.27369435835148e-05,0.00660091109386828,0.0453408834898354,4.27369435835141e-05,4.27369435835114e-05
"CATTGCGGGTCAATTC-1",9.6532618425696e-06,9.65326182601536e-06,9.65326184225667e-06,1.40625544034467e-05,9.65326184009665e-06,1.31975829857762e-05,0.998079864253048,0.0010188968238519,9.65326184145855e-06,9.65326181669458e-06,9.65326184711585e-06,9.65326184469933e-06,9.6532618427659e-06,9.65326134084839e-06,9.65326184257107e-06,0.000767792905983828
"CATTTAGCGGACCATG-1",0.128803909358291,0.044463161462262,0.0490102319780125,0.000271034980764556,5.91467032413887e-05,0.0640140882077475,0.300905461339524,0.0284984780411373,0.000373381361549505,0.00649752721742154,5.91467032413888e-05,5.91467032413882e-05,0.257640359738245,0.108721909965515,0.00476120853097782,0.00586180770882811
"CATTTATCGTTCAAGA-1",3.83642947969206e-05,3.80634986361624e-05,3.80349754326902e-05,3.80655104980847e-05,3.80643356883295e-05,3.80639039246504e-05,0.998009329849025,3.80658460226754e-05,3.80628696510327e-05,3.80650871566332e-05,0.00059948163904868,3.80653658551171e-05,3.80650871436609e-05,3.80650866332708e-05,3.80650872440004e-05,0.000896077563242852
"CCAAACAGAACCCTCG-1",4.03846736272709e-05,3.14096005520771e-05,0.00216729200837959,0.00667065736877621,0.230572109849668,3.14096005520804e-05,0.648775654694954,3.14096005520799e-05,0.0118942752882596,0.0261825403983553,3.14096005520798e-05,0.0428247898752019,3.14096005520778e-05,0.0305976057915487,8.62324479171782e-05,3.14096005520798e-05
"CCAACGATGCACTGAT-1",2.07670743785399e-05,2.07682074969231e-05,2.07784643694305e-05,2.07682073515411e-05,2.07682072843823e-05,2.0768207353669e-05,0.998078417476727,2.07690347901912e-05,2.07659810612533e-05,2.07682073749891e-05,2.07682073260465e-05,2.07683244747233e-05,2.07682074648368e-05,2.0768207232778e-05,2.07682073704278e-05,0.00163081977794318
"CCAACGCTTGCCAGGG-1",0.138577504553807,0.172242189668616,2.85445139925076e-05,0.0755406640223781,0.147802608553407,0.000932207836877852,0.438260692660093,3.16828635425867e-05,2.85445139924923e-05,0.0077119037624518,2.85445139925017e-05,6.24287447338717e-05,0.0112259771412251,0.00746941762290514,2.85445139925029e-05,2.85445139925013e-05
"CCAAGACTTCTGCGAA-1",0.0348742514965367,3.15774278098178e-05,3.15774278098162e-05,0.0109479441562074,0.282178522383769,0.014366188978346,0.582713319583194,5.34069275180409e-05,0.0244135383462031,0.0133824416216183,3.15774278098161e-05,3.15774278098152e-05,3.15774278098181e-05,0.0368493445119383,3.1577427809816e-05,3.15774278098158e-05
"CCAAGCGTAACTCGTA-1",0.035616310518042,0.0207110552985594,0.000120653426906473,0.00159369369677257,0.0805150340529478,0.0737154163113909,0.246957214910299,0.0502953735615929,0.00807531516310165,0.00859288953678783,0.00115113849427793,0.0162335072750605,0.0225221295123988,0.413974123401777,0.0133857491340795,0.0065403957060056
"CCAAGGAACAGAGAGG-1",4.43408540785148e-05,4.44786553517664e-05,4.44546472030631e-05,4.44759700014664e-05,4.44735992613245e-05,4.45212598835507e-05,0.993700975247494,4.44715513048754e-05,4.44799514471808e-05,4.44740062478392e-05,0.00268046297593185,4.44748370583057e-05,4.44740060429722e-05,4.44740059664787e-05,4.44740061996058e-05,0.00304049442652697
"CCAATAGTGCCGTCGA-1",1.63840190161406e-05,1.63840191133567e-05,1.63840190161413e-05,0.0454572667154579,0.0120857096633663,1.63840190161432e-05,0.93104755785708,1.63840190161304e-05,0.00665118278184913,1.6384019014958e-05,1.6384019016076e-05,0.00314487608619692,1.638401901614e-05,1.63840190132078e-05,0.00144956670579573,1.63840190152722e-05
"CCAATCGGTAGATCGA-1",3.44241426084658e-05,3.4424142608465e-05,3.44241426083272e-05,9.92625855479302e-05,0.250178009044863,6.40948988240394e-05,0.71483767448194,3.44241426084601e-05,3.44241426084551e-05,3.44241426847353e-05,3.44241426084669e-05,3.44241419787493e-05,3.44241426084795e-05,0.0335090297623998,3.44241426084578e-05,0.000967687800894434
"CCAATGTCACAGCAAG-1",0.00534271420386152,1.11957400113969e-05,1.1195740009154e-05,0.0328669899200332,0.0376090493526135,1.70692856637961e-05,0.866403184630746,0.0353739459972743,0.0146938002596573,0.000946567016159228,0.00166538832971852,1.11957400091551e-05,1.11957400091507e-05,0.0050141165642151,1.11957400091529e-05,1.11957400091539e-05
"CCAATTACGGGTCGAG-1",0.126802441287549,0.0993741209755615,5.97193878821658e-05,5.97193878821641e-05,0.394906209749821,0.0637579300049356,0.219678629588869,5.97193878821636e-05,5.97193878821654e-05,0.0152794709846813,5.9719387872063e-05,5.97193878821689e-05,0.0562016669669328,0.011607576763345,0.0119739179631398,5.9719387882161e-05
"CCAATTGAATGTTAAT-1",1.8382169158465e-05,1.83821691599212e-05,1.83821691588553e-05,0.000103291033482322,0.0701883214854059,0.00263140155413978,0.912718536286723,1.83821691585212e-05,1.83821690443778e-05,0.0140282417024803,1.83821691707892e-05,1.90227307437849e-05,0.000145745684703355,1.83821691531389e-05,1.83821691584666e-05,1.8382169159024e-05
"CCACGAGAAGAGAATC-1",4.42796339456333e-05,0.0181418088530222,4.42796339456078e-05,0.00012665265613115,0.0858308153586538,0.0126351905010932,0.454670715347272,4.42796339456218e-05,4.42796339456128e-05,0.017908659367222,4.42796339452887e-05,0.0246838908216718,4.42796339456139e-05,0.38564803002337,4.4279633945613e-05,4.42796339456131e-05
"CCAGATAGTTGAGTGA-1",0.0516166719248423,0.00841138034521662,0.0129348851188449,2.3620279379638e-05,0.0932077432059485,0.0180520082326691,0.673462594966439,2.36202793796492e-05,2.36202793796503e-05,0.00766718710854167,0.00529750604725329,0.0205732697989384,0.0266899002749056,0.0299644375393184,0.0371721218471615,0.0148794327517821
"CCAGGGACGTGGCCTC-1",3.00130801320984e-05,0.0138045737294569,0.0100735674998645,0.000189182776704775,0.292756563449546,0.04589554840896,0.557019327011611,3.00130801321196e-05,3.00130801321122e-05,0.0221482724178678,3.00130801321131e-05,4.68104374759841e-05,3.00130801321183e-05,0.0493446205099307,3.00130801321268e-05,0.00854145527778954
"CCAGTAGTCTGATCCA-1",5.71864809853461e-05,0.0179556928092531,5.71864809853461e-05,0.00850867872137547,0.142548912261138,0.204547808784548,0.324205760525022,0.0883069352491701,0.00915944589862826,0.0074621695171274,5.71864809853466e-05,5.71864809853456e-05,0.148460208628876,0.0485012687189499,5.71864809853492e-05,5.71864809853467e-05
"CCAGTCTAGACGGCGC-1",0.175979469706101,4.79770270014519e-05,0.0795808180474446,4.797702700148e-05,0.0900254340150581,0.111283336948479,0.458990980544387,4.79770270014536e-05,4.79770270014503e-05,4.79770270014665e-05,4.79770270014557e-05,4.79770270014556e-05,4.79770270014587e-05,0.0836601904685159,4.79770270014564e-05,4.79770270014454e-05
"CCATAAACAACCCGAC-1",2.10111158943548e-05,0.0260834423836538,0.00303575304245327,0.0416888883629743,0.128430076359032,0.0292658239915976,0.64660102171113,2.10111158943587e-05,0.0103952720647064,0.0271918458618641,2.10111158943562e-05,0.0369842607748873,0.0180632400708037,0.0321553197974249,2.10111158943563e-05,2.1011115894356e-05
"CCATAGGTTGGCGTGG-1",0.0134770317250263,4.6981467225564e-05,4.69814672255693e-05,0.0341324956681638,0.377473753338861,4.69814672255712e-05,0.537177028397594,4.69814672255652e-05,4.69814672256018e-05,0.0167854857715263,4.69814672255686e-05,4.69814668817999e-05,4.69814672255525e-05,0.0204843904269173,4.69814672255629e-05,4.69814672255625e-05
"CCATGCCTGTTTAGTA-1",3.86295671873783e-05,3.86295671884277e-05,0.0317222653785518,0.00863826982342579,0.0603553607609141,0.0340239947318252,0.412310208207162,0.097831882467997,0.0298660782100261,0.0197200342095514,3.86295671873716e-05,3.86295671873723e-05,0.037053932710264,0.249864329488818,0.0184204961755263,3.86295671873697e-05
"CCATGCTCTGCAGGAA-1",2.53629497871097e-05,2.53629497923358e-05,2.53629497869999e-05,6.1258160439223e-05,0.0118484804741102,2.62143420423516e-05,0.977389382239265,2.53629497814436e-05,2.53629497856129e-05,0.00179797331897416,2.5362949796238e-05,0.00471288519030733,0.000701537462423247,2.53629497810683e-05,2.5362949787115e-05,0.00325936521414071
"CCATTAGCGATAATCC-1",3.05812724629423e-05,3.05818175031563e-05,3.05620713334702e-05,3.05812412898873e-05,3.05811956597729e-05,3.05812412897702e-05,0.97493915566353,3.0581241282132e-05,0.0105440330695608,3.05812414051354e-05,0.000203484887662995,3.05812413121259e-05,3.05812413073703e-05,0.0015578601283151,0.0122068999965845,0.000242772449500662
"CCATTCCCTGCCCACA-1",1.53691002406132e-05,1.5369100135078e-05,1.53453018552171e-05,1.53691001805894e-05,1.53692673222764e-05,1.53691001670797e-05,0.999201870953984,1.5369100139291e-05,1.53679025275821e-05,1.53691001532764e-05,1.5369100168109e-05,1.53691002282065e-05,1.53691001664667e-05,1.53691002249788e-05,0.000582986472371359,1.53691001355029e-05
"CCCAACCACACTAACA-1",1.96050470738795e-05,1.96070214165197e-05,1.96054262669738e-05,1.96048980686702e-05,1.96052275205583e-05,1.96017686521933e-05,0.999705919622338,1.96044931186454e-05,1.96122868178601e-05,1.96048873176466e-05,1.96048870119448e-05,1.96048863666319e-05,1.96048869751409e-05,1.96048868326281e-05,1.960488710444e-05,1.96048871185579e-05
"CCCAGAGGAGGGCGTA-1",0.000120467990021653,0.0285129071197081,0.0001198687125889,0.0111530271586991,0.187461330445915,0.15209014073601,0.151531085193904,0.0466187292743664,0.10843320914576,0.0171502465181829,0.000839724609127484,0.000119868712588897,0.231696437602776,0.0342632637158374,0.0297698243519259,0.000119868712588895
"CCCGACCATAGTCCGC-1",3.01356101878533e-05,3.01356101878194e-05,3.0135610187817e-05,3.01356101878256e-05,0.357350649819653,0.0246271977950343,0.499657921897692,3.01356101878198e-05,3.01356101874492e-05,3.01356103028335e-05,3.01356101878166e-05,0.0486383923362478,3.01356101878135e-05,0.0347300298667357,0.0346944521826443,3.01356101878157e-05
"CCCGCAGGGCCCAAAG-1",3.00696678292117e-05,0.0635100291715327,0.0172770410411508,3.25846277730267e-05,0.206348636670701,0.0296699077036296,0.530253116672921,3.00696678292131e-05,0.0180992845571459,0.0127869595338199,3.00696678292175e-05,0.0306381588518744,0.0343937873968834,0.015935920861443,0.0409342942398081,3.00696678292174e-05
"CCCGCCATGCTCCCGT-1",4.26851363196294e-05,4.29957483047779e-05,4.3098058135493e-05,4.29961046574811e-05,4.30015579000318e-05,4.29946601256348e-05,0.997521270285403,4.29899981885801e-05,4.29542666826928e-05,0.000589461771327461,4.29977191385031e-05,4.29948080980719e-05,4.2993993450117e-05,4.29939938295604e-05,4.29939940270638e-05,0.00133057790441226
"CCCGTCAGCGTCTGAC-1",4.43210045275402e-05,4.43210045275609e-05,4.43210045275819e-05,0.0140484662234134,0.447309480742332,4.43210045275726e-05,0.488983926821162,4.43210045275703e-05,4.43210045276072e-05,0.0107443592712195,4.43210045275725e-05,4.43210045275728e-05,4.43210045275869e-05,0.0339772115518181,4.43210045275685e-05,0.00449334534477926
"CCCTCATTCTGGAATT-1",5.27736870346229e-05,5.27737171567064e-05,5.27385253348114e-05,5.27852247245019e-05,5.27730568795475e-05,5.27739203239541e-05,0.981920206395956,5.27739851828982e-05,5.27739182202825e-05,0.000651613986425693,0.0089508552612822,5.277397215922e-05,5.27739851036822e-05,5.27739850585869e-05,5.27739854776158e-05,0.0078440623936798
"CCCTGAAATGAGTTGA-1",2.8827298459265e-05,2.88277754266299e-05,2.88169880380527e-05,2.8827410231256e-05,2.88269805977901e-05,2.88274102412745e-05,0.98543626922053,2.88274102071551e-05,0.0121389360068968,2.88274103621689e-05,0.000209863291717464,2.88274102937787e-05,2.88274102115566e-05,0.00186901315638081,2.8827410212952e-05,2.88274101933902e-05
"CCCTGGTATGGGCGGC-1",2.21234959776248e-05,2.21235485115909e-05,2.21234960470281e-05,2.21234960491691e-05,2.2123496024005e-05,2.2123496049164e-05,0.999668147991248,2.21230926305245e-05,2.21234957929789e-05,2.21234961443784e-05,2.21234960225919e-05,2.21234157102138e-05,2.21234960668922e-05,2.21234956251357e-05,2.21234960773652e-05,2.21234960229858e-05
"CCGACGTAAACACAAC-1",0.0828465486328083,0.0784154615016136,4.19946064609941e-05,0.0227121080942482,0.294033660385196,0.0129380771715924,0.394080159613633,4.19946064609966e-05,0.0385313563444814,0.0225715814009714,0.00562808864098795,4.19946064609905e-05,4.1994606460994e-05,0.0344640172747855,0.0135689679073776,4.1994606460994e-05
"CCGACTCGCATAGTCT-1",4.93113788674304e-05,0.00056078399932111,4.92779495794005e-05,4.92777200865271e-05,0.00277072660366393,4.92777200865267e-05,0.99242530046337,4.92777200988907e-05,4.92777096954924e-05,4.92777201051331e-05,0.00318919197661979,4.92776333231571e-05,4.92777200822851e-05,4.92777200905361e-05,4.92777201026515e-05,0.000511908244907639
"CCGAGCTGTGCTTGTC-1",0.0285129639955266,0.00250736010128626,0.030902294369309,0.0132220597830432,0.134069345684921,0.137709448221986,0.438601066949324,2.92351854249221e-05,0.0143600737105811,0.00565196914725384,2.92351854249277e-05,0.0332598165615919,0.129855888948374,0.0183769289415133,2.9901899141596e-05,0.0128824113152989
"CCGATCTTAAGAGGCT-1",0.0364078833326238,2.7180537202713e-05,0.0425751382461091,0.0664584697617001,0.0719184792276903,2.71805372017024e-05,0.706765219903937,2.71805372016992e-05,2.71805372016995e-05,2.71805368402176e-05,0.00347242847762809,2.71805372017016e-05,2.71805372016992e-05,0.0223012948423808,0.0313815199453687,0.0185293025025101
"CCGCCGGTCAACACAC-1",1.96346788433199e-05,1.96346788730694e-05,1.96346788453783e-05,1.96346788453296e-05,1.96346788509286e-05,1.96346788453401e-05,0.999705481301583,1.96331928144496e-05,1.96346788359849e-05,1.96346797345605e-05,1.96346788487103e-05,1.96346788768845e-05,1.96346788087242e-05,1.96346797031827e-05,1.96346788543212e-05,1.96346788364575e-05
"CCGCCTGCGAATTGGT-1",5.63530939132051e-05,5.52824424069786e-05,0.0131696314982015,0.00603886386615509,0.144345767039374,0.152317645012276,0.223516633432214,5.52824424069697e-05,5.52824424069906e-05,0.0273911352443851,5.52824424069897e-05,0.0193564879502632,0.398776965295611,0.0146988229131649,5.5282442406991e-05,5.52824424069918e-05
"CCGCGGGTACGAAGAA-1",1.90387885207851e-05,0.0034511192660671,0.00931102428202191,8.98198114812641e-05,0.0187365218612101,3.33449623345114e-05,0.953351219029592,1.90387885208646e-05,1.90387885206544e-05,0.00221093717508737,0.000943584103227333,1.90387885207851e-05,1.90387885207881e-05,0.0104333505726069,2.10035355892456e-05,0.00132288145817825
"CCGCTGGTGCCATTCA-1",2.34060635650163e-05,2.34060634763736e-05,2.3406321418174e-05,2.34060635655564e-05,2.34060247710838e-05,2.34060635655451e-05,0.999648908615907,2.34064499149182e-05,2.34058889769183e-05,2.34060635428504e-05,2.34060636010029e-05,2.3406063471977e-05,2.34060635857564e-05,2.34060635010319e-05,2.34060635668238e-05,2.34060635697121e-05
"CCGGAATGGTTTCAGT-1",4.4828463873761e-05,4.48284638662388e-05,4.48284638760092e-05,4.48284638754277e-05,0.0110118572813148,4.48284638754218e-05,0.94104419252079,4.48284638836172e-05,0.0234433687348624,0.000666134984945177,0.00601509112650986,4.48284638816907e-05,4.48284638688155e-05,0.0173710707128257,4.48284638754211e-05,4.4828463875422e-05
"CCGGAGGTCTTATGGT-1",0.138125678259606,0.00761117117869836,1.62661331331642e-05,0.0280372828360957,0.0281091687672354,1.66120100770942e-05,0.726916390120149,1.62661331331458e-05,1.62661331331608e-05,0.0113561203812943,1.62661331331461e-05,1.62661328606044e-05,2.3129564762362e-05,0.0272642720838033,1.62661331331466e-05,0.0324425779997526
"CCGGCGCATATTGGAT-1",2.56469052233361e-05,2.56461368507036e-05,2.56469052299496e-05,2.56469052298999e-05,0.00082089025446992,2.56469052299164e-05,0.998820053840731,2.56469052008657e-05,2.56469052461458e-05,2.56469052331604e-05,2.56469052052222e-05,2.5646905229939e-05,2.56469052301169e-05,2.56469052251773e-05,2.56469052299039e-05,2.5646905235115e-05
"CCGGGACCCGCAGAGA-1",2.5258315364207e-05,2.52583153508111e-05,2.52583153641163e-05,6.46450068470743e-05,0.0118314043300657,3.31468322734259e-05,0.979520723910516,2.52583153531047e-05,0.00121172847222993,2.52583153723824e-05,2.52583153371977e-05,2.52583153671269e-05,0.00524154290717634,2.52583153509846e-05,2.52583153642028e-05,0.00186948370266721
"CCGGGCGGTCTCGTCA-1",0.0120905848219956,4.66427431926166e-05,0.00795326901110004,0.000117852353419053,0.243087424765378,0.0631544174793799,0.510905513125266,4.66427431926166e-05,4.66427431926166e-05,0.00230391210280157,0.00177197967658461,0.0454242497288735,0.0245189247782999,0.0611867416236746,0.0272985595604561,4.66427431926162e-05
"CCGGGTTCGAGGTTAC-1",1.3070143272889e-05,1.30701428611037e-05,3.22784666107648e-05,1.31106733698998e-05,0.032126576464457,7.93571140294396e-05,0.915434747518647,1.30701432728763e-05,0.00696392213741279,1.30701428825471e-05,1.30701432728895e-05,1.30701432728893e-05,0.025772244973644,0.0194732015064484,1.30701432728832e-05,1.30701432728918e-05
"CCGTATTAGCGCAGTT-1",0.0621679680444227,0.0769168230864738,2.13222057161132e-05,0.000159785027001,0.0741712014380747,0.0253458858677297,0.60566009146285,2.13222057160988e-05,2.13222057327734e-05,2.13222057160941e-05,2.13222057160937e-05,0.0202206752614368,0.040979144267727,0.0655912800072488,0.0286592123027226,2.13222057160966e-05
"CCGTTACGTTAGAACA-1",0.000162809525732907,0.0516846471928163,4.06975353463139e-05,0.0178971137421403,0.551885325143906,0.00755978385663584,0.320863371456664,6.32850028634103e-05,4.0697535346332e-05,0.0126814720414129,0.00231375003181275,4.06975353463171e-05,0.00318037639408288,0.0263090521145879,4.06975353463119e-05,0.00523622335595901
"CCTAAAGGCTGACGCT-1",0.148723800843897,2.0570586741229e-05,0.00942951886184779,0.0375154713761622,0.096039565942586,0.0516923758447492,0.610911753786727,2.05705867412326e-05,2.05705867412312e-05,0.00789049561816255,2.05705867412299e-05,2.05705867412274e-05,2.05705867412307e-05,0.0178807788247873,0.0197722447938921,2.05705867412306e-05
"CCTAACTAAGGCTCTA-1",0.0753585008450121,3.15527314616965e-05,0.0810144167354311,3.1552731461713e-05,0.220492699782698,3.15527314617453e-05,0.54712994262406,3.15527314617446e-05,3.15527314617505e-05,0.0133986345246504,3.15527314617436e-05,0.0197838748580634,0.008370405580437,0.0341991031979548,3.15527314617451e-05,3.15527314617313e-05
"CCTACAAGTCCGGAAT-1",1.94205373263557e-05,0.0981696377154379,1.9420537326358e-05,0.0806487279836751,0.101532390986557,0.039106488115202,0.589751766626431,1.94205373263585e-05,0.000513290380234644,0.0156547492415566,0.000566922883306113,0.0370455566683148,0.00174078927172492,0.0245385310928028,1.94205373263572e-05,0.0106534668854522
"CCTACTGCTTACACTT-1",0.0406246328311771,4.19363702073557e-05,0.0230340525054389,6.33922035563871e-05,0.0796052520998535,0.0473439780069478,0.456748553670604,4.19363702073766e-05,4.19363702087878e-05,0.00971153112070788,0.00551893809367237,0.0233186242712756,0.0266201832619766,0.28138676501149,0.00340217610579011,0.00249611170688607
"CCTAGTTAGTCGCATG-1",1.94501774959643e-05,0.00374584500228406,0.0162798445509616,5.77796391249091e-05,0.00910790504436915,6.73654198303653e-05,0.94056587902643,1.94501775030649e-05,1.94501774960242e-05,0.0213365900244472,0.00068809265835073,2.33794394393481e-05,0.00601455033192381,0.000151022974382666,2.05204986604736e-05,0.00188287485730037
"CCTATCTATATCGGAA-1",4.20965544134011e-05,0.0321282342985316,4.20965544133857e-05,0.0523918614560889,0.25704553799729,0.106517610851762,0.42744689618183,4.2096554413392e-05,4.20965544133461e-05,0.0325972773842495,0.0038026135116725,0.0203146856775916,0.0426625527143479,0.0248401506001555,4.20965544133905e-05,4.20965544133887e-05
"CCTATGGGTTACCGTC-1",0.105731987749732,0.0175808323332206,3.89483671453984e-05,0.00419159743707449,0.1480014127158,0.0151626992340075,0.291388239691426,3.89483671453967e-05,0.00772762810524745,0.0241431299891171,3.89483671454038e-05,3.89483671453923e-05,0.0157401449257041,0.366041803660961,0.00409578232198282,3.89483671453986e-05
"CCTCCCGACAATCCCT-1",2.52728981709395e-05,2.52698778563392e-05,2.51061285538884e-05,2.52724556400837e-05,2.5271276347674e-05,2.52697341404028e-05,0.999621085024799,2.52730280330487e-05,2.52723269677504e-05,2.52724520108814e-05,2.52724521206645e-05,2.52725351844242e-05,2.5272452244359e-05,2.52724535814422e-05,2.52724522197159e-05,2.52724521297e-05
"CCTCCGACAATTCAAG-1",0.00273943658324705,1.93066683428547e-05,1.93061957645375e-05,1.93066683509107e-05,1.93066683124803e-05,0.00115093996164518,0.994330294835144,1.93066683422588e-05,1.93066683379407e-05,1.93066683809762e-05,1.93066683459469e-05,1.93066683628928e-05,0.00154369796113278,1.93066684006792e-05,1.93066683285922e-05,2.32577795610427e-05
"CCTCGAAGTGGACGGG-1",0.00615152011235458,1.47299611740009e-05,1.47299611735619e-05,0.0899652415716272,0.0403619826116552,0.0101034410517906,0.750136968087412,1.47299611735602e-05,0.0289539851370478,0.011897748784051,1.47299611735603e-05,0.0466178241749397,0.00218564329697118,0.00636128258726282,1.47299611735588e-05,0.00719071277901943
"CCTCGCCAGCAAATTA-1",0.0808696534768559,0.0168588431808817,6.95240642204995e-05,6.95240642205111e-05,0.0407614458884271,0.0762782977835469,0.37755789704582,7.25054925813808e-05,6.95240642203571e-05,0.00880765779792387,6.95240642209688e-05,0.0042133840924387,6.95240642204969e-05,0.371844662660249,0.0115725804034736,0.0108154518566989
"CCTCGCGCGATATAGG-1",0.156183755521525,0.00448518109387142,0.0199674989508938,0.00334218707639103,0.242320804819684,0.128402547177952,0.329944181999077,6.02007759393478e-05,6.02007759393524e-05,0.0110044887673064,6.02007759393469e-05,0.0463098312139561,0.00513512773849597,0.0526033917611517,6.02007759393484e-05,6.02007759393469e-05
"CCTCTAATCTGCCAAG-1",0.0493505458036145,0.0254777503916413,4.20638617683277e-05,0.000150260729809534,0.057043103216342,0.0155058168500989,0.317696528754068,4.20638617683279e-05,0.00272082170212797,0.0387455198302275,4.20638617745942e-05,4.20638617683278e-05,0.00616820466048821,0.475779408392555,0.0111517203601787,4.20638617683278e-05
"CCTCTCTCCCATCTAG-1",2.53949452951735e-05,2.53949453009635e-05,2.53949452952976e-05,2.53949452951723e-05,0.0132701078109347,2.53949452951731e-05,0.98520978555582,2.53949453047563e-05,2.53949453009688e-05,2.53949452712711e-05,2.5394945308812e-05,0.000844718027269349,2.53949452949925e-05,0.000370649262422707,2.53949452950847e-05,2.53949452951783e-05
"CCTCTGGCCTAGACGG-1",3.60829375869733e-05,2.08302193523491e-05,0.0387635550309731,0.00983147201306028,0.129330524946634,0.0215165401607818,0.62199928370647,2.08302193523513e-05,0.0101519504276905,0.0473625270782528,2.0830219352347e-05,0.0398976172084045,0.0140299210461834,0.0669763743472013,2.08302193523485e-05,2.08302193523493e-05
"CCTGAATATTTACATA-1",1.99384132652946e-05,0.036392064888412,0.0105388145134003,0.000156873360035947,0.109499254146599,0.0143194747612599,0.658858865277326,1.99384132652849e-05,0.012624241973318,0.020455286636611,1.99384132652928e-05,1.99384132652911e-05,0.0432632659392668,0.090958689244977,0.00283347719246708,1.9938413265298e-05
"CCTGACGCAACCTTTA-1",1.80083425339021e-05,1.80083429864138e-05,1.80083425339032e-05,3.24282843780585e-05,0.00293166527457369,3.41035943541728e-05,0.993128797465409,1.80083425398854e-05,1.80083425339288e-05,1.80083425367858e-05,1.80083425348004e-05,1.80083425336407e-05,1.80083425338852e-05,0.000252095420150424,0.00344082653533368,1.80083425338951e-05
"CCTGCTATTTGAGAAG-1",2.85942831224252e-05,2.85942831224329e-05,2.85942831224331e-05,0.00013485207693129,0.407529726607503,2.85942831224336e-05,0.492788423949717,2.85942831224356e-05,2.85942831224326e-05,0.0112083404075016,2.85942831224323e-05,2.8594283122432e-05,2.85942831224333e-05,0.0880241198440004,2.85942831224356e-05,2.8594283122433e-05
"CCTGGCTAGACCCGCC-1",0.0520198020594807,0.00431696477104634,1.3108918078966e-05,0.14570296889794,0.072258384229386,1.31089180789636e-05,0.620759974656082,0.0173464077835961,0.0123013667492985,0.0231485900073352,1.31089180788939e-05,0.0154110326520801,1.31089180789662e-05,0.0100650058652309,0.0266039577381285,1.31089180789643e-05
"CCTGTAAGACATGATA-1",4.99274090891475e-05,4.99294123750666e-05,4.99268654611751e-05,4.9927277575711e-05,4.99179082545533e-05,4.99267117735894e-05,0.997797149667966,4.99274090194754e-05,4.99460673432393e-05,4.99274092643029e-05,0.000296793224708956,4.99274348094982e-05,4.99274091459556e-05,0.00125699097496347,4.99274089889906e-05,4.99274092614107e-05
"CCTGTCACCCGGGCTC-1",0.0170704843892761,0.0445126983173718,0.0190021475246209,0.00316322734002323,0.13160275554659,0.063969824427559,0.19742647730847,3.90076414917717e-05,0.000123420642994939,0.00332639661490337,3.90076414842451e-05,3.90076414917675e-05,0.0316611707377017,0.485122258758637,3.90076414917777e-05,0.00286310782589234
"CCTGTCGCCCGTAAAT-1",0.0312819034784906,3.52842139040925e-05,0.0237234261247627,3.52842139041081e-05,0.0309866535792786,0.13531841217066,0.417898743531945,0.105592670862517,0.0550910495581359,0.00969315230738583,3.52842139040915e-05,3.52842139040927e-05,0.0264453803456536,0.101619974608891,0.0606549780959247,0.00155251848073907
"CCTTCTTGATCCAGTG-1",0.000148682829489509,2.03067704796355e-05,0.0172802289173209,0.000300549085851932,0.161678249705402,0.0545806437845394,0.575191668017928,0.0173834983997515,2.0306770479637e-05,0.0159109906768827,0.0113124793807336,0.0093073395343627,0.0902206027758089,0.0466038398100106,2.0306770479635e-05,2.03067704796378e-05
"CCTTTCAATGAAGAAA-1",9.001323284997e-05,0.0622003090579836,0.0629430932353179,0.0282020146779217,0.22772884053631,0.0311497326043317,0.507764916110748,3.13185342815726e-05,3.13185342815728e-05,3.13185366217301e-05,3.13185342815714e-05,3.13185342815664e-05,0.0498594791809396,0.0298423716212863,3.13185342815709e-05,3.13185342815712e-05
"CGAAACATAGATGGCA-1",0.0606672701143691,2.99996906502843e-05,2.99996906502814e-05,0.063799102871472,0.266210226218341,3.50473235952489e-05,0.558279527116539,2.99996906502446e-05,0.00649172057110283,2.99996905759657e-05,2.99996906502865e-05,0.021932130657092,0.0167959707803946,0.00557900651261722,2.99996906502887e-05,2.99996906502888e-05
"CGAACATAGTCAGAAA-1",0.0103093278921721,0.02335162228687,4.31192905048815e-05,0.0616885743405475,0.0554444542449971,0.27430191679115,0.392915632868077,4.31192905048867e-05,0.016702649453972,4.31192902345545e-05,0.005948264910363,0.0828084858758525,0.0479217676694554,0.0283917072142892,4.31192905048768e-05,4.31192905048807e-05
"CGAACGCCCAGTGCCG-1",0.0406826962021415,1.48500608572417e-05,1.48500608560634e-05,0.0311704124791508,0.0155780041543691,4.19990874153485e-05,0.826505979209644,1.48500608560668e-05,0.00684116317275954,0.0111149817735962,0.000942598307247958,0.0161924447934341,0.0145735698774362,0.000470900000681658,0.0358258506986979,1.48500608560684e-05
"CGAAGCTATAAATTCA-1",8.18378227272157e-05,0.146012409810401,0.0220781227894025,8.18378227272072e-05,0.171286554804008,0.315052909635658,0.20449906967205,9.94781637732714e-05,8.18378227272085e-05,0.0104341781017324,8.18378227272097e-05,0.0176593700405639,0.0905096210381891,0.0218772590078587,8.18378227272101e-05,8.18378227272079e-05
"CGAAGTTGCTCTGTGT-1",0.00389898248952903,2.36109220408863e-05,2.36109220637502e-05,0.00175333133346596,0.00418980810942535,0.0008230540324522,0.982386965549856,2.36109220551806e-05,0.000635907582766357,0.00279194832464579,0.000320783138556183,0.00303394298487311,2.36109220639279e-05,2.36109220608831e-05,2.36109220852782e-05,2.36109220604738e-05
"CGACACCGCTTAAGGA-1",6.75270001206793e-05,0.00424937618551244,0.00740361714824114,0.000350558921808337,0.104958425804568,0.0452482302429222,0.676748102408258,6.75270001206762e-05,6.75270001194836e-05,6.75270001206481e-05,6.75270001206783e-05,0.0118327015361049,6.75270001206775e-05,0.0495216014107405,0.065317346608188,0.033964877732933
"CGACAGTTCGCGTTAT-1",3.71796118898284e-05,3.71685568056898e-05,3.7097609241277e-05,3.71810281563142e-05,3.71722894254951e-05,3.71802034946765e-05,0.999442401410699,3.71701939178624e-05,3.71818996757937e-05,3.71810281162203e-05,3.71810280143424e-05,3.71810277579609e-05,3.71810283581123e-05,3.71810279787509e-05,3.71810282490829e-05,3.7181028220066e-05
"CGACATGCGATCTTCT-1",3.7703078511208e-05,3.77031636235789e-05,3.77051049545375e-05,3.77032991131826e-05,3.77079058868301e-05,3.77016521489999e-05,0.988185123092587,3.77031655268733e-05,3.77031654560469e-05,3.77031649663701e-05,0.00634462010203367,3.7703475459365e-05,3.77031655239134e-05,3.77031653868502e-05,3.77031657858702e-05,0.00498011013303535
"CGACTCAGGATGTTAT-1",4.21127906636337e-05,4.91435710552844e-05,0.0328313093786339,4.21127906636622e-05,0.478314841617765,0.0661875099429589,0.3746330648059,5.461971251251e-05,4.21127907414735e-05,4.21127906636573e-05,0.00483973472925062,4.21127906636609e-05,4.21127906636666e-05,0.0427528739165368,4.21127906636585e-05,4.21127906636525e-05
"CGACTCGGTACACGGT-1",0.127462455310045,0.0173534740366803,0.00245841254775544,0.00792132555461394,0.00392003120937602,3.04045923424454e-05,0.778326336659392,1.79197591112401e-05,1.79197591112245e-05,0.0146444790435548,1.79197591112271e-05,2.2943603719805e-05,1.79197591112246e-05,0.0477526188878524,1.79197591112252e-05,1.79197591113975e-05
"CGAGAGATGTGAACCT-1",0.000125024621869588,0.000110442290627402,0.00189880505070754,6.06626742860342e-05,0.511540615203302,0.0191501142477126,0.338951699184187,6.06626742860366e-05,6.06626742860368e-05,0.0296242817607873,0.00160138547069964,6.0662674286035e-05,0.0287711095930288,0.0592713053277305,0.00149181872706921,0.0072207478251345
"CGAGCTGGGCTTTAGG-1",1.40697141864915e-05,1.40697141864878e-05,1.40697141864885e-05,0.0483144953088671,0.121870432329214,1.40697141864837e-05,0.713423685493871,1.40697141864921e-05,1.40697141864874e-05,0.0730816698217796,1.40697141864883e-05,1.40697141864897e-05,1.40697141864886e-05,0.0145885262215828,0.0277965282411024,0.000798035155904631
"CGAGGCTAAATATGGC-1",0.0262016765486,2.78061144325636e-05,0.00851542715256897,4.24447300000645e-05,0.415571276047678,2.78061144325654e-05,0.427111632005052,2.78061144325671e-05,0.00620891214892928,0.0158873449858897,2.78061144325639e-05,2.78061144325637e-05,2.78061144325639e-05,0.0899471109013601,0.0103195326788939,2.78061144325636e-05
"CGATCATTAGAGGCAC-1",3.56492867457316e-05,3.56492867457215e-05,0.0410240351793562,4.06021371948104e-05,0.0386534928898795,0.246048005971461,0.567724357763673,3.56492867457294e-05,3.5649286745728e-05,0.0119291249010062,3.5649286745728e-05,0.00931341183631407,0.043451739814327,0.03028635700955,0.0113149767767635,3.56492867457263e-05
"CGATCCGACCCAGTGC-1",2.67209279646815e-05,0.00214750327306355,2.6720927964681e-05,0.0187821911667857,0.0254485050188633,2.67209279646768e-05,0.910518036011577,2.67209279646818e-05,0.00670169612593249,0.00461351528831638,0.000307944691829841,0.00697325932121432,2.67209279646813e-05,0.0233332913234136,0.00101373221121567,2.67209279646818e-05
"CGATGGACCCTACGCC-1",0.0929598853225647,0.0527774456242108,4.24110444482138e-05,0.0231448643303349,0.157483777748198,0.0414222673152606,0.439050453843888,4.24110444481981e-05,0.0320378649014898,4.24110442672796e-05,4.24110444482121e-05,4.24110444482104e-05,0.0881835049301857,0.0726430586729115,4.24110444482121e-05,4.2411044448212e-05
"CGCAAACACGAGTTAC-1",2.59936696366202e-05,2.59943257676076e-05,2.58470926097708e-05,2.59937802672133e-05,2.59969518275497e-05,2.59924828526735e-05,0.999610238794879,2.599289330506e-05,2.59935475105625e-05,2.59937799264746e-05,2.59937803245786e-05,2.59937803192503e-05,2.59937800644343e-05,2.59937801258496e-05,2.59937802187284e-05,2.59937803651623e-05
"CGCAATTACTTTCGGT-1",4.4957780444687e-05,4.49577804381669e-05,4.49577804506573e-05,4.49577804525072e-05,0.00960334041433236,4.49577804525122e-05,0.965317356119353,4.49577804920644e-05,4.49577804496686e-05,0.00356807514566483,0.000963546748773856,4.49577804817593e-05,4.49577804288157e-05,0.0196555334980186,0.000442570269314474,4.4957780452514e-05
"CGCAATTAGGGTAATA-1",2.73283993884234e-05,2.73283993884213e-05,2.7328399388429e-05,0.118442848671412,0.147489534654724,0.020821285964979,0.498973562703335,2.73283993884136e-05,0.0517055869575815,0.0404482506518421,2.73283993884217e-05,0.0256997805110962,0.00741760780368682,0.0280900633007984,0.0437665718580131,0.0170082649255892
"CGCAGATCTTCACCCG-1",0.0225700883322637,1.17670872658539e-05,0.00074937489535439,3.82738165442055e-05,1.17670877009587e-05,0.00569897384653364,0.948247210771707,1.17670877006762e-05,0.000440830639225452,1.17670893405498e-05,1.17670877017071e-05,1.17670877006672e-05,1.17670877007108e-05,1.17670877250543e-05,0.0221493439078345,1.1767087700668e-05
"CGCATCATGGCTTCAG-1",1.78372214152617e-05,1.78372213936059e-05,1.78372214162178e-05,5.34471072849332e-05,1.78372214087969e-05,1.78372214162164e-05,0.999696831793064,1.78372214346149e-05,1.78372214128439e-05,1.78372212563244e-05,1.7837221423366e-05,1.78372214165723e-05,1.78372214160803e-05,1.78372214038128e-05,1.78372214162289e-05,1.78372214209844e-05
"CGCATTAGCTAATAGG-1",2.79270695547098e-05,2.79270695547061e-05,0.0326224094754715,0.000112548098122853,0.174208699870332,0.0288028148752482,0.555200758440849,0.0306554667724616,0.00667810707304274,0.0203161548956048,2.79270695547069e-05,2.7927069554705e-05,0.0681350153432743,0.0785762888339767,2.79270695547042e-05,0.00455210097384193
"CGCCATCCGATTATGA-1",0.00014278505080159,4.32670648012206e-05,0.000308034975654518,0.00425305792445888,0.466948811573829,0.0363992666146456,0.404719414489955,4.3267064801224e-05,0.00452207198619105,0.0095859562998027,4.32670648012204e-05,0.0293575091140162,0.00455218952422627,0.0389945671224132,4.32670648012207e-05,4.32670648012207e-05
"CGCCCGCTTCCGTACA-1",6.3694230761593e-05,6.36942307615872e-05,0.00178569964009407,0.0846255057099838,0.283847412321681,0.0441918764502236,0.368573528633485,6.36942307615848e-05,6.36942307610512e-05,0.0586135359330696,6.36942307615912e-05,0.0759288355621547,0.0533537096767605,0.0286340364572171,6.36942307615918e-05,6.36942307615912e-05
"CGCGAGAGGGACTTGT-1",4.01227774204707e-05,0.0320897745971756,4.85652476997094e-05,0.02077674870599,0.133358898852022,0.27473227511048,0.327907003072593,0.0594698513542697,4.01227774204808e-05,4.01227781514404e-05,4.01227774204731e-05,4.01227774204808e-05,0.0962635138157985,0.0172232872360744,0.0378893453426428,4.01227774204745e-05
"CGCGCCCGACTTAATA-1",0.0792241030946624,0.0451674130698085,0.00460234615027206,0.00783535976134928,0.343347974547218,0.00158327403640582,0.379975284950868,4.46549658440079e-05,0.013884953935798,0.0292699098405372,4.46549658440101e-05,4.46549658440092e-05,0.0424864048866779,0.052399700897183,4.46549658440083e-05,4.46549658440086e-05
"CGCGGGAATTAGGCAG-1",0.06179617570256,0.0234605723965995,9.72374254641258e-05,0.0324268642670416,0.0323969142235248,0.161509026789809,0.317683299208415,9.72374254641261e-05,9.72374254641287e-05,0.0159065248115949,0.00233947331071701,0.0217945746808296,0.0369990199961529,0.278262531930844,9.72374254641282e-05,0.0150360729800554
"CGCGGTCACAAACCAA-1",4.13561686792832e-05,2.89313030707186e-05,0.0073052676328684,2.89313030707167e-05,0.374795832092489,0.0755549814164368,0.494539579628025,2.89313030707081e-05,0.00558633215106015,2.89313040529929e-05,2.89313030707176e-05,2.89313030707189e-05,2.8931303070721e-05,0.0305203415437228,2.89313030707161e-05,0.0114248589411709
"CGCGTTCATGAAATAC-1",2.96996785297851e-05,2.96996785297959e-05,2.9699678529783e-05,0.0230272262171779,0.335337103089201,0.00659844014410938,0.552822191437611,3.15229791754798e-05,2.96996785298238e-05,0.0172677000611701,0.00170954462123239,2.96996785297935e-05,2.96996785297956e-05,0.0629686740220848,2.96996785297914e-05,2.96996785297957e-05
"CGCTACGGGACATTTA-1",0.00583655005150134,2.58723453245588e-05,2.58723453078818e-05,2.5872345307063e-05,0.00644248646760839,2.58723453070626e-05,0.978190039878416,2.58723453070632e-05,2.58723453105278e-05,0.00403748677299266,2.58723452614648e-05,2.58723452649325e-05,2.58723453053209e-05,0.00465890152718671,2.58723453083497e-05,0.000575811849290968
"CGCTCGACATAATGAT-1",1.7427749425041e-05,1.74277494332316e-05,1.742774942328e-05,0.00817990941484185,0.0185951371229741,0.0241981840446686,0.947343165504126,1.74277494277446e-05,1.74277494227152e-05,0.000307208690613988,1.74277494308231e-05,1.74277494250271e-05,0.00120211772853377,1.74277494052142e-05,1.7427749425038e-05,1.74277494236537e-05
"CGCTCTCCGTAGATTA-1",2.31525169557767e-05,2.31533633400956e-05,2.31521537091446e-05,2.31525169711359e-05,2.31517989201281e-05,2.31525170372999e-05,0.999262860606421,2.31789652498889e-05,2.31496248659449e-05,2.31525170456696e-05,0.000412980834417579,2.31525170718366e-05,2.31525169470397e-05,2.31525170676439e-05,2.3152516917443e-05,2.31525170627154e-05
"CGCTGTGACGCCGCAC-1",6.2607464043541e-05,6.26074640435378e-05,0.02763229857107,0.000114161701557513,0.340954789801306,0.00239694579455731,0.392219515828633,6.26074640435376e-05,6.26074640435604e-05,0.0152084548516158,6.26074640427245e-05,6.60966501069237e-05,0.0121228886994503,0.1907329603685,0.0181762429489425,6.26074640435406e-05
"CGCTTCCACTGAAATC-1",5.03522374176205e-05,5.04133023541976e-05,5.03688354873917e-05,5.04167411605343e-05,5.04116275655347e-05,5.04239342067223e-05,0.997873251275758,5.04172700579135e-05,5.04101827322392e-05,5.04109815529517e-05,5.04109811289824e-05,5.04161012902645e-05,5.04109812922512e-05,5.04109811417321e-05,5.04109813193149e-05,0.00142106358553414
"CGCTTTCATACCGGTG-1",1.9455303526597e-05,1.94553034838425e-05,1.94553035290044e-05,1.94553035284347e-05,1.94553035357192e-05,0.0123753028602728,0.986823377015743,1.94553035315064e-05,1.94553035247718e-05,0.00054840117803,1.9455303522119e-05,1.94553035730591e-05,1.94553035256577e-05,1.94553035718041e-05,1.9455303540659e-05,1.94553035608477e-05
"CGGAAATTTCACATCC-1",4.00187111376745e-05,4.00195947045921e-05,4.00580877815868e-05,4.00196660739567e-05,4.00190650663325e-05,4.00198861977557e-05,0.997082484586066,4.00196843241078e-05,4.00185466998181e-05,4.00196844674048e-05,0.00113171647273703,4.00196838477558e-05,4.00196844289735e-05,4.00196838656206e-05,4.00196844407829e-05,0.00126550727816093
"CGGAGCTTATAACACC-1",0.00519534830674616,1.74627932881595e-05,3.24820247526244e-05,4.46086326474132e-05,0.0112360696124031,4.42607748812483e-05,0.958383801496501,1.74627932915243e-05,1.74627932915128e-05,0.0248772423797867,1.74627932929298e-05,1.74627932915203e-05,1.89600610157131e-05,1.7462793309415e-05,4.49871582662452e-05,1.74627932344604e-05
"CGGAGTTTGAGAGACA-1",4.17834498294545e-05,4.17902064211251e-05,4.17792209191923e-05,4.17832520436328e-05,4.1783429742466e-05,4.17831513686017e-05,0.994042459086956,4.17832519863913e-05,0.000723383868398687,4.1783252022673e-05,0.00110714986690532,4.17833350604231e-05,4.17832521171154e-05,0.000962278642869887,4.17832521318957e-05,0.00270510948122738
"CGGCACCGTTAGCGCC-1",3.25297564013733e-05,0.0143402723095741,3.2529756401323e-05,0.00797298837768372,0.354534448729513,0.0398470173843536,0.491304953028396,3.25297564013662e-05,3.25297564013613e-05,0.0143316586205585,3.25297564013702e-05,0.0500165169021058,3.25297564013803e-05,0.0208260831044072,0.00110419415598648,0.0055266888490127
"CGGCCACGCACAAAGT-1",0.0151649116943444,7.09830079569444e-05,0.0724484802302427,0.0885451540661024,7.09830079588449e-05,7.09830079588043e-05,0.109218376845327,0.0899418433056363,0.188465615903536,0.0173361957164193,7.09830079588035e-05,0.00103842288495017,0.00704488572481218,0.058409799090585,0.352031399498252,7.09830079588033e-05
"CGGCTCTTCGTCGAAC-1",1.80954539007337e-05,1.8095453947918e-05,1.80954539026559e-05,1.80954539008711e-05,1.80954538935385e-05,1.80954539008604e-05,0.999728568191438,1.80954538960533e-05,1.80954539173112e-05,1.80954539056924e-05,1.80954539119367e-05,1.80954538812396e-05,1.80954539045101e-05,1.80954538951004e-05,1.80954539008543e-05,1.80954539028977e-05
"CGGGATCAATGTAAGA-1",0.0167691031761522,2.95094806675852e-05,0.0234677857374481,2.95094806675593e-05,0.347335815292175,2.95094806675691e-05,0.559642911145813,2.95094806675708e-05,2.95094806675651e-05,0.0097972458913726,2.95094806675734e-05,2.95094806675732e-05,0.0113246831378393,0.0286939521629625,2.95094806675749e-05,0.00273242761089673
"CGGGCAGCTAAACCGC-1",0.0140371425164795,0.0364833226108689,0.153673083304356,0.0261825115223449,0.0277601572993763,7.91294895081801e-05,0.225558619480676,0.0579784297322219,0.0587734052597498,0.0302449569742764,7.91294895081797e-05,0.0041972335078024,0.0123921523033459,0.113771076047511,0.235137299027914,0.00365235143406042
"CGGGTTCGGCACGTAT-1",1.85278408991042e-05,1.85278408900031e-05,1.85278408977609e-05,4.10339551591184e-05,0.00094184135557939,1.85278408977569e-05,0.998776262757601,1.85278409100409e-05,1.85278408999418e-05,1.85278408975228e-05,1.85278409082481e-05,1.85278408990385e-05,1.85278408977471e-05,1.85278408976566e-05,1.85278408977617e-05,1.85278408678028e-05
"CGGTAGAGGTGCAGGT-1",0.00021766948639483,4.52681596076176e-05,0.0589369722925425,0.0516091413617966,0.341090305840322,0.021871422627596,0.448310996662047,4.52681588872861e-05,4.52681588872122e-05,0.0141655835481113,4.52681594477506e-05,4.52681588872693e-05,0.0259176368845229,0.0334104976577077,4.52681588872721e-05,0.00419816468435505
"CGGTATAGGTATTAGC-1",5.86984233157777e-05,0.0195493186659221,2.93534046036279e-05,0.0831971791640332,0.203487003171643,2.93534046036326e-05,0.471566037965926,9.29866821319329e-05,0.0128214532082742,0.0940844880461833,2.93534046036312e-05,0.101584747768439,2.9353404603625e-05,0.00527734456695741,2.93534046036326e-05,0.00813397531415562
"CGGTCAAGTGGGAACC-1",2.61712635439245e-05,2.20237462257568e-05,0.0178118199601647,2.2023746225775e-05,0.225364326268842,0.018134097813061,0.629260209986915,0.0131598521314918,2.20237462249048e-05,0.0270877353191232,2.20237462257583e-05,2.20237462257585e-05,0.0190804001112373,0.0402828317731966,2.2023746225758e-05,0.00966041289507062
"CGGTCTATCAACCCGT-1",0.000330068271923422,4.31581471081406e-05,0.0197052849421691,0.0143611596673316,0.568302918037933,4.31581471081421e-05,0.347016443451367,4.31581471081476e-05,4.31581471081405e-05,4.31581471230614e-05,4.31581471081406e-05,4.68739985339256e-05,0.00518733279697283,0.0447046536568889,4.31581471081384e-05,4.31581471081488e-05
"CGGTGGGCTCCAGCCT-1",9.51414754500509e-05,0.0265153672085926,3.57804732265721e-05,0.0197168404002333,0.0679373142107284,0.179753137833621,0.209281336751675,3.57804732265699e-05,3.57804732265651e-05,0.00563596948417174,3.57804732265649e-05,0.0895710624888137,0.392925377843291,0.00835376946406491,3.57804732265651e-05,3.57804732265637e-05
"CGGTTCAAGTAGGTGT-1",0.198609824424579,0.00684409814847016,2.97859481851327e-05,2.97859481851452e-05,0.0841476846162622,0.0848230538671821,0.468294270196675,2.97859481851321e-05,0.0315106142796065,0.00811783878631638,2.97859481851355e-05,2.9785948185136e-05,2.97859481851354e-05,0.0970794640125463,0.020364650031066,2.97859481851432e-05
"CGGTTGGGTTCAAGTT-1",1.20965189335665e-05,1.20965180737576e-05,1.20965189282632e-05,1.20965189291069e-05,1.20965188612073e-05,1.20965186541937e-05,0.999818553908971,1.20948289755378e-05,1.20965189386258e-05,1.20965190073978e-05,1.20965189345818e-05,1.20965189481413e-05,1.20965189227523e-05,1.20965175115843e-05,1.20965189267323e-05,1.20965184839004e-05
"CGGTTTATGAAGGAAC-1",5.6613537064917e-05,0.119060465547768,0.00170553427560609,0.0388102745537107,0.133034270871998,0.0847855221538199,0.337116419049866,0.00236803938522677,5.66135370649155e-05,0.104690794886323,5.66135370649164e-05,0.096018581143153,5.66135370649162e-05,0.082070416910138,5.66135370649166e-05,5.66135370649212e-05
"CGTACCTGATAGGCCT-1",3.0400421051675e-05,0.0228037526308274,0.00882139388973032,0.00981204729938665,0.19780104617776,0.043923701533043,0.535581652312481,3.04004210516711e-05,0.00652294750857808,0.004202465827178,3.04004210516736e-05,0.00131668307822518,0.0480189470237309,0.0950940528868675,0.0259797081479862,3.04004210516738e-05
"CGTAGCGAATTGTCAG-1",0.0240429128555241,1.45824125324011e-05,1.66456354852674e-05,2.60298460486905e-05,0.045662031813521,0.050767283296163,0.854567773047396,1.45824125095107e-05,0.00277710210773349,0.0133869729024201,1.45824125082151e-05,0.00056244632901631,0.000216131795451147,0.000955033172258472,3.35631023861585e-05,0.00694232685904612
"CGTATTAAGAGATCTA-1",0.00506214192463879,0.0141282607297816,0.0520234375343642,0.0833682073929261,0.039639564212698,5.53354105775477e-05,0.348329363238453,0.0559140644556929,0.0434600207833381,0.0220515695157294,5.53354105775477e-05,5.53354105775476e-05,5.53354105777563e-05,0.180829558951916,0.154917134207573,5.53354105775477e-05
"CGTCTGGAAGGGCCCG-1",0.061089349418724,1.46379619207003e-05,0.0181535224450866,5.75264605691862e-05,0.0956912366452006,0.0196979940854994,0.704644590831412,1.46379619206559e-05,1.46379619206779e-05,0.0709217936730373,1.46379619206758e-05,1.46379619206823e-05,1.46379619206709e-05,0.0296268827451056,1.46379619206597e-05,1.46379619206751e-05
"CGTGACATTGGGTCGT-1",0.0379424685245912,0.0430639809084544,0.0168909839206582,8.34316413994493e-05,0.0737739308886021,0.167010747819472,0.551885351629671,2.06445484282182e-05,2.06445484282269e-05,2.06445483924537e-05,2.06445484282218e-05,0.0134954365289069,0.0547143120726791,0.0254967075338223,0.00326896120123264,0.0122911091368334
"CGTGTCCCATTCGCGA-1",1.6695765186959e-05,1.66957652022454e-05,0.00299352048879396,0.00839110845354909,1.66957652080586e-05,1.66957651876147e-05,0.958263588447456,1.66957651842023e-05,0.0250210590903402,1.66957651842206e-05,1.66957651983499e-05,1.66957651916457e-05,1.66957651875894e-05,1.66957651921815e-05,0.00514707010275271,1.66957651849563e-05
"CGTTAGCTCACAACTG-1",6.14965585359861e-05,4.38487415415098e-05,0.0217280317358558,4.38487415414887e-05,0.386175424151697,4.38487415415133e-05,0.490003599229733,0.000104796013192591,0.0182921276551644,0.00953555677105805,4.38487415415089e-05,4.38487415415081e-05,0.01314280512278,0.0298092049639837,0.0308838653487507,4.3848741541508e-05
"CGTTCTTCGCACACCT-1",0.148934482439274,3.03847842501109e-05,0.0089632785323929,0.00702664069301172,0.0815787056449859,0.0980114802266514,0.469887334071356,3.0384784250112e-05,0.0205843159839937,3.0384783220092e-05,3.03847842501096e-05,0.115621650137074,3.19545358054458e-05,0.0219027296854665,0.0229206500962272,0.0044152388177914
"CGTTGAGTAATTGCGT-1",2.93323428737809e-05,0.18247087406477,2.93323428737835e-05,0.00230594396488479,0.0634221071933787,0.106373614426575,0.481205419667481,2.93323428737797e-05,2.93323428737825e-05,0.00782290287323173,0.00105317755546057,0.0768363312506537,0.046814641494318,0.0315189934520038,2.93323428737825e-05,2.93323428737827e-05
"CGTTGTTTCAATTCCC-1",1.57912808982688e-05,1.57912808920099e-05,1.57912809023771e-05,0.012582055249298,1.57912809020827e-05,1.57912809023812e-05,0.975323612449054,1.57912809017838e-05,0.00990363311521717,0.00153136189318336,1.57912809114212e-05,1.57912808983145e-05,1.57912809023652e-05,1.57912808745976e-05,0.000485633203359665,1.5791280902433e-05
"CGTTTAAGCGGAGCAC-1",1.69949506880745e-05,1.69949506805852e-05,1.69949506866526e-05,3.36462268251333e-05,0.00072627866186219,1.69949506866263e-05,0.999019140752394,1.69949507083659e-05,1.69949506912524e-05,1.69949507055826e-05,1.69949506899164e-05,1.69949506945596e-05,1.69949506865118e-05,1.69949506260631e-05,1.69949506866178e-05,1.69949506883554e-05
"CGTTTCACTTCGGGCG-1",0.0459338319740794,0.136462015445116,5.34707495542577e-05,0.00271499653497196,0.340058465150465,0.114222542394936,0.246095099203836,5.34707495542778e-05,5.34707495565791e-05,0.0329222293890438,5.34707495542573e-05,8.16233504068879e-05,0.0507135615280483,0.0176383068465126,0.0128899744348093,5.34707495542568e-05
"CGTTTCGCTCATTACA-1",0.0105881238019957,1.89222266753893e-05,2.71156008208101e-05,0.0583856314283781,0.0773096027732348,0.00883994980770157,0.684378253457741,0.0195207641397105,0.0300245187308927,0.0180671510103683,0.000329387912035582,0.00162736547956188,0.00607936627103407,0.0701094108010253,0.00976563187719902,0.00492880468162562
"CTAAAGAATGCCTACT-1",5.26043403611796e-05,5.26027062344554e-05,5.25344265560954e-05,5.26049517956869e-05,0.000519893437850851,5.26044369932058e-05,0.997962000211753,5.26044122552518e-05,5.26232264379599e-05,5.26044124253478e-05,0.000834299560619235,5.26062275149025e-05,5.2604411870892e-05,5.26044125568615e-05,5.26044125632365e-05,5.26044122118601e-05
"CTAAATCCTATTCCGG-1",0.02865834285236,0.000157592477035616,0.000157592477035579,0.0177376853243158,0.0914519498395364,0.278640299763843,0.320268139471623,0.0467071097803915,0.0283086191687951,0.0119354741787951,0.004506874960031,0.0112631480210766,0.0864320326741746,0.0734599540569154,0.000157592477035586,0.000157592477035583
"CTAACCGCGCGCCCGT-1",5.09331526468104e-05,5.09331527504553e-05,0.000661304082987214,5.09331526588627e-05,0.00255563432522559,5.09331526588297e-05,0.991225035151593,5.09331526036422e-05,5.09198263362263e-05,5.09331526684911e-05,5.0933152678117e-05,5.09331527190185e-05,5.09331526077974e-05,0.00246744409704916,5.0933152658848e-05,0.00253033099015825
"CTAATTATGAAGCGTA-1",0.0452746762512846,1.6881030967101e-05,0.00574471019052797,0.0190572133597813,0.0890264026042256,0.0896049126509265,0.72385574267107,1.68810309671642e-05,1.68810309671619e-05,1.68810309632315e-05,1.68810309671626e-05,3.79937263417581e-05,1.68810309671297e-05,0.0272633002981092,1.68810309671632e-05,1.68810309671624e-05
"CTAATTCGCACGCGCT-1",4.49162100001497e-05,4.49142900089725e-05,4.49118707863365e-05,4.49156031147151e-05,4.49257926167632e-05,4.4916710756823e-05,0.997321093012722,4.49162100045327e-05,4.49122603656127e-05,4.49162134070842e-05,0.00145311101411878,0.000641885972263862,4.4916209865408e-05,4.49162101866696e-05,4.49162101764716e-05,4.49162096055423e-05
"CTACGAACTAGGTCGA-1",4.32405010600631e-05,4.32653123707369e-05,4.32601645257527e-05,4.32644893807795e-05,4.3264215475809e-05,4.32663183883586e-05,0.994657082569901,4.32644809374755e-05,4.32647590930434e-05,4.32644811967293e-05,0.000112113765534467,4.32643759963457e-05,4.32644809066815e-05,4.32644811837147e-05,4.32644811971471e-05,0.00466839112285176
"CTACGCACGGAGTACC-1",0.0246509916458295,0.00772043451673146,0.0863359717675944,0.0392381070819401,5.93401680548579e-05,5.93401680233319e-05,0.07458651386722,0.0685232182407463,0.0995612236709862,0.01697338447847,5.93401680538922e-05,5.93401680005505e-05,0.00184353419958024,0.415843778391342,0.16195243291382,0.00253304855360682
"CTACGCCATTTCCGAT-1",2.0953817545739e-05,2.0953817542034e-05,0.0171966072159091,2.0953817545733e-05,0.12319975244954,0.103911885589394,0.610970644656664,2.09538175457299e-05,2.09538175457415e-05,0.0895757650933024,2.09538175457424e-05,2.16383237218938e-05,0.0342801895979462,0.0135752861084044,2.40475120513216e-05,0.00711846054779515
"CTACTCTAGGCCCGGC-1",2.87591981430272e-05,2.87591981665017e-05,2.87591981442072e-05,0.0220686507975764,0.00413720824100661,2.87591981441419e-05,0.959437823494828,2.87591981546323e-05,0.00162606270508519,2.8759198155261e-05,2.87591981328588e-05,2.8759198132079e-05,2.87591981359729e-05,0.0107298847364048,2.87591981441493e-05,0.00171277804364633
"CTACTGCCACCTGACC-1",0.000725685484292915,0.000784591673337363,2.76008486954682e-05,6.17548959299872e-05,0.0820061341739284,0.0279113021864704,0.533530867998572,2.76008486954677e-05,0.00859454950733834,0.0179886245054979,2.76008486846378e-05,0.0164483209685199,0.0488678171638235,0.234929988467591,0.0150524412627777,0.0130151191658454
"CTAGACATATATGTAG-1",2.16783194034307e-05,0.0087529954861833,1.89307976994105e-05,0.00408956541531856,0.0145563562140425,4.62543277813191e-05,0.972329890016936,1.89307976994857e-05,1.89307976997894e-05,1.89307976994043e-05,1.89307976976396e-05,1.8930797699404e-05,1.89307977005595e-05,1.89307977020691e-05,3.28830410265766e-05,1.89307977109163e-05
"CTAGACTGCATTTCGT-1",1.77371203965099e-05,1.77371203394209e-05,1.77371203933796e-05,1.77371203932702e-05,0.000308022176353155,1.77371203933955e-05,0.967082879252149,1.77371203903581e-05,1.77371203924467e-05,1.77371204311091e-05,1.77371204126866e-05,1.7737120368116e-05,1.77371203849857e-05,1.77371204152578e-05,0.0293668494892095,0.00302940363757723
"CTAGCATAGTATAATG-1",0.0206580079078799,5.62158370572195e-05,0.0186125383878792,5.62158370572164e-05,0.349349087085441,0.0874361787441895,0.210058143079261,0.088389565422182,5.62158370572117e-05,0.0320283158210683,5.62158370796596e-05,5.62158370572105e-05,0.00862522786341557,0.18444942482926,5.6215837057212e-05,5.62158370572122e-05
"CTAGCCGATGTTATGA-1",0.0636777410140506,4.43645379279248e-05,0.0420322117260689,0.0709529409791628,0.142130873257475,0.109374835441009,0.432368453219978,0.0631982166989795,4.43645379279095e-05,4.43645380287467e-05,4.4364537927911e-05,0.0118275286918244,0.0370624179600954,0.0271085937836877,4.43645379278958e-05,4.43645379279116e-05
"CTAGTATTCGGAATTA-1",3.40377328347774e-05,3.40377328347819e-05,0.0287340336811945,0.0121698160472484,0.243121756002881,0.0461708883434448,0.522014598710741,3.40377328347731e-05,0.00654045335654937,0.0149979948565868,3.40377328347733e-05,0.0481359249576839,0.0530066247042317,0.0249027874867052,3.49331885597523e-05,3.40377328347765e-05
"CTAGTCACGTCTTAAG-1",2.62421985243387e-05,2.62421985250807e-05,0.0193796421990483,7.60401527946691e-05,0.0752869123198937,0.0188846809919298,0.697713243664063,0.03340101840537,0.02189398670965,0.00642088236505244,0.000462486470638375,2.62421985243392e-05,0.00349211606632293,0.0915759673467668,0.0298180891444685,0.00151620756842807
"CTAGTGAAGGACAGGA-1",0.0197292393648074,1.67492844042394e-05,1.67492843553591e-05,0.00789416106970046,0.00951481661567915,1.76700490439174e-05,0.954857831968076,1.67492843595413e-05,1.67492843527612e-05,0.00154640551510297,1.67492843632154e-05,1.6749284360408e-05,0.00387669850601494,0.000270938891361271,1.67492843595658e-05,0.00217499302965857
"CTAGTTGGGCCCGGTA-1",0.0608596697518731,2.92596366509681e-05,0.0578969307705526,3.33928057197946e-05,0.295869210100874,2.92596366509679e-05,0.49224481106287,2.92596366509545e-05,0.00103339966526905,0.00899075603431895,2.92596366509677e-05,2.92596366509661e-05,0.00610184217518976,0.0767651701767754,2.92596366509668e-05,2.92596366509694e-05
"CTATCGGGTCTCAACA-1",9.45026547141866e-05,9.16462302783158e-05,0.0183540915358091,9.16462302783141e-05,0.323195598966764,0.0820737568673732,0.320263675195579,0.0460824242055379,0.0178796853912618,0.0141689442534408,9.164623024164e-05,0.00448963507227117,0.00521498787478845,0.149737061216379,0.0180790518450048,9.16462302783144e-05
"CTATGTCACTAGCCCA-1",0.0323785245822851,0.00533086694247294,0.02118366828268,7.94845012966678e-05,0.172045618131933,0.0619645803303656,0.302368766852439,0.00756683303117483,0.0211265265057492,0.0174065992704216,2.58988143096972e-05,2.5898814309697e-05,0.0154212836072515,0.325041866793677,0.0111856900774026,0.00684789346223107
"CTATGTCTATTGAAAC-1",4.43746604565833e-05,4.43738085370883e-05,4.43747355857523e-05,4.4374524679339e-05,4.4374595502397e-05,4.43745791960201e-05,0.996867427180346,4.43746016075223e-05,4.43739414954325e-05,4.43746016559533e-05,0.0016392701146045,4.43744864126936e-05,4.43746014386191e-05,4.43746017474496e-05,4.43746015158109e-05,0.000916434365218706
"CTATTGTGTTTGGTCA-1",6.59829081090396e-05,6.5982908109026e-05,6.59829081090206e-05,6.59829081090327e-05,0.531241197816859,6.59829081090385e-05,0.335502161166099,6.59829081090413e-05,6.59829080069245e-05,0.014337922146711,6.59829081090316e-05,0.0607322843745459,0.0228607933266539,0.0241417636493982,0.0105900313468532,6.59829081097231e-05
"CTCAAGACATTAGCGC-1",6.53003622088554e-05,0.0136974077578524,6.53003622088742e-05,6.53003622088531e-05,0.678069921517709,0.020772663291475,0.259555305281863,6.53003622088542e-05,0.00438581619220474,6.53003622086865e-05,6.53003622088555e-05,0.00960324734022712,6.53003622088451e-05,0.0133279353587969,6.53003622088518e-05,6.53003622017005e-05
"CTCACACGCAAGCCTA-1",0.104220005557835,2.47850964832877e-05,2.47850964835092e-05,2.47850964832835e-05,2.47850964832937e-05,4.22368367305294e-05,0.849689606466952,0.0102609524240855,2.4785096483567e-05,2.47850947865127e-05,2.47850964832869e-05,2.47850957733536e-05,0.00853473393152655,0.0270046138204432,2.47850964832846e-05,2.47850964832818e-05
"CTCACCGATCCAAACT-1",0.00419014594886799,0.0025948089091434,1.38534645405035e-05,0.000261206046000158,0.0847168700302663,0.0101018162356667,0.819580493985604,1.38534645405073e-05,1.69179037006949e-05,0.0360617983788679,1.38534645405031e-05,0.011794734437291,1.38534645405048e-05,0.0305980873373491,1.38534645405027e-05,1.38534645406394e-05
"CTCAGTCACGACAAAT-1",0.00379753201220051,0.0174288046340158,0.0116636166957293,0.0135176896083716,0.386003703594432,0.00347424993543474,0.363321935602517,0.0664346066279856,0.0149972265025174,0.012689427323879,0.00428503161468201,0.00177383987887131,0.0537627981524249,0.0467899645166367,2.97866501507256e-05,2.97866501507255e-05
"CTCATGGCTCACAATC-1",1.85442972110625e-05,1.8544297208515e-05,1.85442972116658e-05,1.85442972116664e-05,0.00111801204884322,1.85442972116693e-05,0.998605281251468,1.85442972126238e-05,1.85442971832502e-05,1.85442972121685e-05,3.56308359926037e-05,1.85442972082898e-05,1.85442972042451e-05,1.85442971977768e-05,1.85442972116664e-05,1.85442972116959e-05
"CTCATTTGATGGGCGG-1",4.36580172434741e-05,4.36580172434733e-05,4.365801724348e-05,0.0408884330493491,0.26696883558473,0.0118238472302669,0.494755583148604,4.36580172434677e-05,4.36580172434884e-05,0.0328624875287775,4.36580172434487e-05,4.365801724347e-05,0.0112899146885291,0.141017976614553,4.36580172434732e-05,4.36580172434737e-05
"CTCCGGCCTAATATGC-1",2.12014158299875e-05,2.12014158299872e-05,2.1201415829987e-05,0.0274781243854593,0.270970629638763,0.0309990309885258,0.60275650861456,2.12014158299906e-05,2.12014158299939e-05,0.00995782904611506,0.00385150593577334,2.1201415829984e-05,2.12014158299851e-05,0.0348572115733143,0.0189595484908496,2.12014158299864e-05
"CTCGAGGTCGAACAGT-1",2.88762409903193e-05,0.0182006220156481,0.0253615458128394,0.0312797497908896,0.175475949038917,2.88762409903172e-05,0.501769995494845,2.88762409903211e-05,0.0162424709321753,0.017208753145361,2.88762409903193e-05,0.0239211739698051,0.0400732471414187,0.123516104357241,0.0180065867183451,0.00882829661855333
"CTCGATATTTGCGAGC-1",0.0445231566835926,4.42432992724079e-05,0.049221260534281,4.42432992725448e-05,0.374708469838928,0.0355939976313979,0.364264438282475,4.42432992725616e-05,0.0308044465687596,0.00868486750928409,4.42432992725484e-05,4.79923881285822e-05,0.052721828865135,0.0391640819023833,4.42432992725593e-05,4.42432992725644e-05
"CTCGCACCTATATAGT-1",0.0456336066956725,0.0362139526421155,0.00317772178694279,0.0788025972413871,0.0519436543305153,0.0428140663319165,0.610066310408426,1.96485423547905e-05,0.0247327744129153,0.0160931226110213,1.9648542354791e-05,1.96485423547909e-05,0.0352313874623901,0.0551925633649235,1.96485423547906e-05,1.96485423547923e-05
"CTCGGTCCGTAGCCTG-1",2.40227506400168e-05,2.40227506354975e-05,2.40227506402782e-05,8.41466637813372e-05,0.00433416285553934,2.40227506399642e-05,0.991477209225077,2.40227506365397e-05,2.40227506355372e-05,0.000821759178199136,2.40227506661267e-05,0.00204594029311726,2.40227506394191e-05,2.40227506121614e-05,2.40227506403564e-05,0.000996554277899933
"CTCGTTTCTAATGTTT-1",0.017055707347599,4.02947573553618e-05,4.02947573553619e-05,4.02947573553679e-05,0.235266969474375,0.25899999359382,0.36136965431284,0.0149974805426669,0.0136911443791994,0.0103807809490546,4.02947573553624e-05,4.02947573553599e-05,0.0337493527331233,0.0356252433101057,0.0186219048130843,4.0294757355366e-05
"CTCTCACAATCGATGA-1",0.0103083901913035,0.0669708310179879,8.57203388469885e-05,8.57203388469883e-05,0.067209441316795,0.178682092541903,0.139203270795381,0.013653352822208,0.00669756733884753,0.00503210665150932,8.5720338793895e-05,0.00756435901460586,0.0274027598254632,0.475860835729593,0.00107211139906831,8.57203388469858e-05
"CTCTGCGAAGCAAGCA-1",3.39074045306039e-05,3.39068432385347e-05,3.39091358236828e-05,3.39068433099794e-05,0.00184988175078427,3.39068433099697e-05,0.992425720612123,3.39078394589571e-05,3.39079269668224e-05,3.39068432097799e-05,0.00118837326617716,3.39068432165861e-05,3.39068432743993e-05,0.00225282032043147,3.3906843309832e-05,0.00191022384083526
"CTCTGGACGCCTGGTG-1",0.0386336582982285,0.0522882609639756,0.0922416792259828,0.0615489062643653,0.00337969203934837,0.00667879210058887,0.120748170658851,0.0417357571845094,0.0695374982006873,0.0116616199545535,7.93659109113027e-05,7.93659109112548e-05,0.0105142827983035,0.327861295108687,0.162932289469185,7.93659109112541e-05
"CTCTGTTTGAGGATTC-1",3.3031474889997e-05,3.30314748899853e-05,0.0111608924323299,3.3031474889978e-05,0.259474495433387,0.0621393483506898,0.608641681038601,3.30314748899977e-05,3.30314748899982e-05,0.0263365490915278,3.3031474889998e-05,0.00277897832820712,3.30314748900066e-05,0.0232704843460051,3.3031474889989e-05,0.00593331918013206
"CTGAAAGAGATCCGAC-1",0.000203246375456314,0.0226320449735237,0.00461092171375959,4.61241542463734e-05,0.349525122005992,3.20172264431881e-05,0.531907612260407,3.20172264431466e-05,0.0104655882936286,0.0139795148653067,3.20172264431559e-05,7.62029971228308e-05,3.20172264431566e-05,0.0235314043369642,3.20172264431562e-05,0.0428621318913778
"CTGAATTTATTGCCAG-1",0.151347474879444,0.0260978958639354,6.10175383063658e-05,0.003339969271295,0.170999744433304,0.165805823992557,0.363541728399535,0.034010899675774,6.10175383063674e-05,0.00900871272521198,6.10175383063663e-05,6.10175383063648e-05,0.0361630463172326,0.0265955576827167,6.10175383063689e-05,0.0127840590674619
"CTGCACCTGGAACCGC-1",1.60910620462795e-05,1.60855884229838e-05,1.60850226350761e-05,1.60910620413079e-05,1.60898268243656e-05,1.60910621275985e-05,0.999758647101131,1.6091062082746e-05,1.60907524996885e-05,1.60910619684239e-05,1.60910620142275e-05,1.60910889162764e-05,1.60910620160115e-05,1.60910612383445e-05,1.60910620178391e-05,1.60910620177347e-05
"CTGCCAAGGTTGGAAG-1",0.0684320052589063,6.17748150005401e-05,6.17748150005396e-05,6.17748150005385e-05,0.320806052042353,0.041987724936402,0.305484228779653,6.25144115714074e-05,0.013512631260137,0.0109672410790176,6.17748150005357e-05,0.0918885300822232,0.0558356104275422,0.090652812832191,6.17748150005397e-05,6.17748150005396e-05
"CTGCCTAGCCACCAAG-1",1.67240666519364e-05,1.67240666496116e-05,1.67240666519441e-05,0.000101819409137095,0.00731142081550044,2.81902644145354e-05,0.991388541734912,1.67240666529483e-05,1.67240666531022e-05,1.67240666522878e-05,0.000460651619227504,0.000542135490300881,1.67240666519338e-05,1.67240666400295e-05,1.67240666519205e-05,1.67240666519346e-05
"CTGCGGTAGTCACGTG-1",0.137440902834948,0.0285164751137703,0.0134371961982933,2.98720237651301e-05,0.0571720354405304,0.0170085347870796,0.619902708588491,3.34005012587939e-05,0.0413607185930384,0.0207437958683328,2.98720237651251e-05,0.00104394229924238,2.98720237651259e-05,0.0113260970708511,0.0262142610610323,0.0257103155718364
"CTGCGTTACGATATAA-1",9.64042036403214e-05,0.0205565741694823,0.0618555782511084,9.86245779833268e-05,0.38205354768929,0.0235645068592048,0.463912080018873,4.48730867351975e-05,4.48730867352024e-05,4.48730867121358e-05,0.00378478330511822,0.00902511310027013,4.48730867352034e-05,0.0347835493046416,4.48730867352028e-05,4.48730867352016e-05
"CTGCTTTATGTCCGCG-1",0.114368760658062,0.00780243085791606,0.0143508476804836,0.000427325404085711,0.0088083320186651,0.0601461433056024,0.72806683397264,1.43766738444489e-05,1.43766738444542e-05,1.43766740445354e-05,1.43766738444544e-05,1.4376673844454e-05,0.0210973997646665,0.0377827156969866,0.00706295059762512,1.43766738444619e-05
"CTGGAAATGGATGCTT-1",5.12196723838025e-05,4.3545787185819e-05,4.35457871858124e-05,0.0482204310556482,0.345747304652517,0.00366919462081783,0.452293672161518,4.3545787185816e-05,4.35457871857572e-05,0.0292059269400473,4.35457871858012e-05,4.35457871858344e-05,0.0282512285071341,0.0634556061291353,0.0288005957504982,4.354578718581e-05
"CTGGCGACATAAGTCC-1",6.15921104474177e-05,4.76842590740743e-05,4.76842590740638e-05,4.76842590740454e-05,0.320090828894679,0.0427509893290998,0.575029696632979,4.76842590740646e-05,4.76842590740474e-05,0.0153604914194268,4.76842590740749e-05,7.99945670966063e-05,4.7684259074092e-05,0.0263378212022119,0.015044189124422,0.00491060690611888
"CTGGTCCTAACTTGGC-1",6.05035083927894e-05,6.05035895519282e-05,6.05014812512986e-05,6.0500303163519e-05,0.00176011709103177,6.05032852193713e-05,0.983131352140518,6.05032852547751e-05,6.05032852087366e-05,0.00249537695235258,0.00251625997559121,6.05034956315208e-05,0.00036365547987463,0.000546920881617795,6.05032853145354e-05,0.00864179196002494
"CTGTCAAATGGCTCGG-1",0.0116448176712183,0.0883040692491278,5.58171048204483e-05,5.58171048204677e-05,0.176986166164092,0.0756024896584745,0.305589886860938,5.58171048204544e-05,0.0172270679064745,0.0183704502337971,5.58171048204517e-05,5.581710482045e-05,0.0673811733495184,0.18505827054008,0.0535007057373575,5.58171048204504e-05
"CTGTCACGCCAGGCGC-1",1.68239851926398e-05,0.00280982134147855,2.25271317235475e-05,4.28130260085441e-05,0.00291107433860575,2.90618085113987e-05,0.973524367240311,1.68239851942919e-05,0.00634935117964351,1.68239851935855e-05,1.68239851941138e-05,1.68239851911159e-05,0.000270330875545915,1.68239851977543e-05,0.0139228851618158,1.68239851926497e-05
"CTGTTCACTGCCTGTG-1",6.42634619409038e-05,4.85300629615652e-05,4.85300629615706e-05,0.000110282879905509,0.408886643771061,4.85300629615654e-05,0.529564377142565,4.85300629615904e-05,0.00676714469369493,0.0261689465458476,0.000773693304635296,4.85300629615761e-05,4.85300629615675e-05,0.02410867252076,4.85300629615611e-05,0.00321626523885883
"CTTAACTTCGAAGTAC-1",2.01237180193389e-05,2.01237178381152e-05,2.01237180294851e-05,2.01237180199278e-05,2.0123718000967e-05,2.01237180199222e-05,0.999698175035171,2.00929127546661e-05,2.01237180170936e-05,2.01237179958775e-05,2.01237179764233e-05,2.0123718063223e-05,2.01237180211148e-05,2.01237180168043e-05,2.01237180199263e-05,2.01237180364781e-05
"CTTACACGGTATTCCA-1",0.0234248469556194,0.00314241918907406,2.61734122948253e-05,0.105658673260764,0.00587328036509353,2.61734122948238e-05,0.639730846507129,0.000460275591650104,0.0481276281342131,0.0389702294803061,2.61734122944928e-05,2.61734122950149e-05,0.011051761466627,0.0462714254113821,0.0658018465176272,0.0113820734713354
"CTTACACTGGGAAATA-1",2.64546250606437e-05,2.64546250737251e-05,2.64561931530309e-05,2.64546250631914e-05,0.00105571445551189,2.64546250631967e-05,0.996099903500569,2.64546250725565e-05,2.64546250989962e-05,0.000976179130197022,2.64546249926328e-05,0.000385932133493304,2.64546250614033e-05,2.64546250374729e-05,0.00100879040328345,0.000208932558268588
"CTTAGCCTTCCACATG-1",0.0493799336004435,0.0615003116506702,0.00174869569870409,3.90535263477911e-05,0.251069395920237,0.0631012291370794,0.339597454677076,3.9053526347809e-05,3.90535263477975e-05,0.0264288655157806,3.90535263477851e-05,3.90535263478003e-05,0.0583589038523591,0.122234478717604,0.0150163983408114,0.011369065257496
"CTTCATTGTCAGTGGA-1",0.0388960706222866,6.74396017351486e-05,0.0798938259820477,6.74396017351481e-05,6.7439601735151e-05,0.0128581210702747,0.169447377021558,0.167571734908497,0.19019783542292,0.0130838508439622,0.0017034391632049,0.00588830735848217,0.00257830899451467,0.0287329366536733,0.272892693904734,0.0160531792486389
"CTTCGTAGATAGGTGA-1",2.08312853341365e-05,2.08312853340168e-05,0.0344733343632837,0.000130042040758377,0.0601287599952166,0.00333399395358029,0.834729826794513,2.08312853341365e-05,0.0106000586937178,0.0111828641680414,2.08312853341341e-05,2.6809176375315e-05,0.0127703381754272,0.0257104668122615,0.00680934940015429,2.08312853341374e-05
"CTTCTTACGTCGTATA-1",0.0166013780402931,1.38856240621643e-05,1.3885624062788e-05,0.0595505593083775,0.0509893580291128,2.47895113617418e-05,0.835119339092844,1.38856240627491e-05,1.38856248856622e-05,0.00749314712274672,1.38856240627773e-05,0.0170022057034493,0.0131081381984936,1.38856240594185e-05,1.38856240627579e-05,1.38856240627571e-05
"CTTGACCCGAAAGATA-1",4.64845724677147e-05,4.64845723762852e-05,4.64845724693604e-05,4.64845724693548e-05,0.00191078604074263,4.648457246936e-05,0.988667391848045,4.64845724998907e-05,4.64870898153937e-05,0.00433654508136793,0.000495875956792135,4.64845725053716e-05,0.000743965866515526,0.00279626226570696,4.64845724505833e-05,0.000630809271306409
"CTTGTACTTGTTGACT-1",2.10464522895751e-05,0.0310743011731556,2.10464522895691e-05,0.0454998266581856,0.128730610990328,2.19988497342561e-05,0.693500874285998,0.0256786207754078,0.0015056988809449,0.0293782401469659,2.10464522948379e-05,2.1604154690334e-05,0.0256736077992661,0.0134810843626927,0.00534934611346716,2.10464522895665e-05
"CTTGTGCTCACCGATT-1",0.186025204693209,0.0410308979276981,3.16864258104386e-05,3.16864258104266e-05,0.0506263448277056,0.0299091958493125,0.531957327350824,3.16864258104223e-05,0.0267913502051433,3.16864258104289e-05,3.16864258104434e-05,3.16864258104287e-05,0.0793216061741999,0.0486204882450235,3.1686425810428e-05,0.00549577974621153
"CTTTAACTTTCAAAGG-1",1.94986479028259e-05,0.0239057561035445,0.0123321360868814,3.55748280180456e-05,0.0764718013216247,0.0257646116560213,0.65431783731299,1.94986479028311e-05,0.0169909786801083,0.011606833138943,1.9498647902837e-05,1.94986479028368e-05,0.0198739704972392,0.151983967308371,0.00481513962022727,0.00182339885442048
"CTTTGGCTTTAGTAAA-1",2.36451488976925e-05,2.36495766622936e-05,2.36493653823999e-05,2.36459972697686e-05,2.36396582864744e-05,2.36509568858771e-05,0.995302607352327,2.36767170779083e-05,0.0032425217315766,2.36459973086438e-05,2.36459971997224e-05,2.36460987126257e-05,2.36459972589009e-05,0.000587695170458743,2.36459973101131e-05,0.000583388237385457
"GAAACAGCCATGCAGT-1",0.0430714315916185,1.45177262537703e-05,1.45177262555153e-05,0.0436458078398154,0.00996403376022582,0.0161267803789045,0.843376932195143,1.45177262555159e-05,1.45177264837128e-05,0.0167890583634148,1.45177262559818e-05,0.0148469855238285,0.0015755158318297,1.45177262602511e-05,0.0105018304312007,1.45177262539892e-05
"GAAACTCTAATGAAGG-1",6.09800711446061e-05,2.14474782229722e-05,2.14474782197141e-05,0.0380636446139344,0.0304883739632964,3.21748680846861e-05,0.875026155177015,2.14474782197178e-05,2.14474782166696e-05,0.00180598785507552,2.14474782190472e-05,0.0226768785193666,0.0316739959333664,2.14474782278937e-05,2.16766511672029e-05,2.14474782229739e-05
"GAAAGTGACTAACTGC-1",4.56309380385072e-05,0.00344292287383651,0.000764454859707953,4.56309380687875e-05,0.00957303626712372,4.56309380687876e-05,0.962278833346328,4.56309380687539e-05,0.00385464271545212,0.00319894816057223,4.56309380405837e-05,4.56309380887064e-05,0.0015739325078064,0.0149481817646603,4.56309380687872e-05,4.56309380695797e-05
"GAAATACCTGCTGGCT-1",1.72468299271987e-05,1.72468972517856e-05,1.72468299265635e-05,1.72468299265441e-05,1.72468299693383e-05,1.7246829926549e-05,0.999722254852867,1.72462407665951e-05,1.72468299015982e-05,1.72468299086381e-05,3.62898857940098e-05,1.72469937797789e-05,1.72468299244359e-05,1.7246830280334e-05,1.72468299210806e-05,1.72468299282387e-05
"GAAATATGCTTGAATG-1",0.12629340823324,0.0836000583149728,0.0104364635695178,8.56153641260789e-05,0.0937898876689085,0.348462815433827,0.211608981394684,8.56153641260796e-05,8.56153641260766e-05,0.0173816990263062,0.00158955212876703,0.0168554373983011,0.0817000401534696,0.00785357985737463,8.56153641260906e-05,8.56153641260779e-05
"GAAATCGCGCGCAACT-1",4.013065530196e-05,2.18829122890955e-05,2.18829122606335e-05,0.00029569460502033,0.374717633805567,4.83597412376203e-05,0.604460734844969,2.18829122890805e-05,2.18829122890969e-05,2.18829122890867e-05,2.1882912289097e-05,2.18829119767518e-05,2.18829122890872e-05,0.0202186172258321,2.1882912289096e-05,2.18829118111818e-05
"GAAATGGCGGTGTTAG-1",0.0807257299904993,0.0107724712597372,0.0105753528266765,0.0130193169285273,0.0749791799809388,0.0138820022224331,0.419063923220772,0.000698895634763327,0.0218134201309922,0.0248389233945098,4.15741507486155e-05,0.00844598502282029,0.0232721424110119,0.277070291838171,0.0207592168366503,4.15741507486152e-05
"GAAATTAGCACGGATA-1",0.0162743211583743,4.21568605281424e-05,0.0202989694802825,4.21568605281419e-05,0.57606153608822,0.0563298629227752,0.221877324520886,4.21568605281602e-05,4.21568605281416e-05,0.0264938958916539,0.000948215815008996,0.0372976359046849,0.0293652533705482,0.0119296866837774,0.0029125138611496,4.21568605263142e-05
"GAAATTCACATCGCTG-1",5.24846559410054e-05,5.24910308581748e-05,5.24796867141449e-05,5.24843570986189e-05,5.24796989049924e-05,5.24797811989958e-05,0.984266953327754,5.24796980652157e-05,0.00165170894920668,0.000125429073744616,0.00755801116700088,5.24796993694968e-05,5.24796981192299e-05,5.24796980958508e-05,5.24796980110462e-05,0.00582059977991727
"GAACACACATCAACCA-1",1.36343783125965e-05,1.36343783126057e-05,0.00982584079980564,0.0469787330800564,0.177838155275651,0.0359925040012532,0.638290663951114,1.36343783125905e-05,1.36343783125945e-05,0.024650298492253,1.36343783125943e-05,0.0283889052479117,0.0198620063057962,0.018077452197971,1.36343783125953e-05,1.36343783125932e-05
"GAACATTAGTATGTTA-1",0.0361508205823771,0.010843590679946,0.00803438319927671,0.0524075754586438,0.0195466560927067,0.022172841184475,0.751175483148963,4.52623341039664e-05,0.016501612527567,0.00800249546630379,0.0140192121466347,4.52623341050914e-05,4.52623341039633e-05,0.0351108806740782,4.52623341039655e-05,0.0258533995026112
"GAACGACCGAATGATA-1",3.03261936511699e-05,0.0462097637643788,0.012869893580009,5.59213434178286e-05,0.189394664374929,0.0298483221831268,0.610527723296085,3.38562557014943e-05,3.03261936511849e-05,0.0126623559965162,0.00238514268726097,0.0197980299215966,0.011792602397991,0.0643004194243832,3.03261936511733e-05,3.03261936511741e-05
"GAAGCGTGAGGAATTT-1",0.0253670553220771,0.0146972116662524,0.0431210305018232,0.129174062024968,0.0263053385724157,0.000109424213969386,0.153295673894641,0.138852961504662,0.0629977420945132,0.0139439056718364,0.000109424213969386,0.000109424213969384,0.0123279789039426,0.176101062968867,0.190689354009678,0.0127983502224153
"GAAGCTTGCTGACCGC-1",4.14241381999972e-05,4.1434387344845e-05,4.14413171849006e-05,4.14215957734329e-05,4.14217544485861e-05,4.14215607386474e-05,0.996682156190392,4.14215445444501e-05,4.14211787879678e-05,4.14215443352115e-05,4.14215444416905e-05,4.14215713240455e-05,4.14215445112463e-05,0.00273790703920981,4.14215442342433e-05,4.14215445290488e-05
"GAAGTGATTTATCGTG-1",2.0758208358287e-05,2.0758207975415e-05,2.07582083582868e-05,2.95351845450595e-05,0.0387085146703576,0.00393968797179098,0.863525985598485,0.0155586474417575,0.0279197298109981,0.00417413291258879,2.07582083582886e-05,2.0758208358301e-05,2.07582083582763e-05,0.0374499167360725,0.00854854221527887,2.0758208358289e-05
"GAAGTGCTGGATAGCT-1",1.32129932545842e-05,1.32129932550623e-05,1.3212993254598e-05,0.0205973440666962,0.0172361009175972,1.57407911359721e-05,0.887632404147332,0.00904359829389886,1.32129932528966e-05,0.0421197034070173,1.32129932525489e-05,0.00889160519979155,0.0143577992305241,1.32129932275543e-05,1.3212993254593e-05,1.32129932545942e-05
"GAAGTTTCCACTCAAT-1",0.00937553032907482,1.6964729281472e-05,1.6964729279693e-05,0.0290054781586404,0.0109027211492371,1.69647292832097e-05,0.913014989032415,1.69647292832187e-05,0.0185936305786473,0.014222161653604,1.69647292888979e-05,1.69647292847949e-05,0.000999667555674855,0.000476595677439541,1.69647292832104e-05,0.0032904727602829
"GAATAGCCCTGCGGTC-1",5.4789744836874e-05,0.0116020813861169,5.47897448368803e-05,5.47897448368703e-05,0.124830934172769,0.433519051914545,0.280542699067909,5.47897448368817e-05,0.0140515428745971,0.00618261330823746,5.47897448368698e-05,0.0498042536854721,0.0627581507214453,0.0163251446550502,5.47897448368479e-05,5.47897448368662e-05
"GAATATTCGGAGTCCC-1",3.29921374221286e-05,0.0224610990206478,3.2992137422651e-05,0.00255042706860166,0.295989535940358,0.0125224326875829,0.56308213202489,3.2992137422235e-05,3.29921375557877e-05,0.0107931986841579,3.2992137422237e-05,3.29921374222393e-05,0.0445384827128837,0.0477987547629125,3.29921374222546e-05,3.29921358762817e-05
"GAATCGACATGGTCAC-1",0.075707692241342,2.08474539366981e-05,2.0847453936699e-05,0.147687372789494,0.0600270053625377,0.0426083604003923,0.615582717156442,2.08474539366997e-05,0.00872581443774094,0.0149373201277682,2.08474539359656e-05,0.00819184100752347,0.0263859442992045,2.08474539352458e-05,2.08474539366985e-05,2.08474539366986e-05
"GAATGAAGGTCTTCAG-1",0.0115546198455652,2.23752725438292e-05,2.2375272543828e-05,2.23752725438355e-05,0.0671630187230819,0.0988363724276712,0.645261190219179,2.23752725438202e-05,2.23752725438285e-05,2.23752716625204e-05,2.23752734996505e-05,0.0499080623735997,0.0992680125558195,0.0278073464021146,2.23752725438431e-05,2.23752725438982e-05
"GAATGTATGGCAGGTC-1",0.0814637057121237,0.0752691646218195,0.0711793728270728,6.19524785774635e-05,0.124461414878649,0.0337334052421886,0.333560423178864,6.19524785774274e-05,6.19524785774416e-05,6.19524786357044e-05,6.19524785771341e-05,6.1952478577415e-05,0.0674096507212173,0.176149582772577,0.0161041343539358,0.0202974308200301
"GAATGTTGGGTAATCT-1",2.88661480958645e-05,2.88661480958288e-05,0.0060031439212722,7.14553144399535e-05,0.107103621744062,2.88661480958766e-05,0.568712296914198,0.0233709866968631,0.0101173080727764,0.0200170804214882,2.88661480958748e-05,2.88661480958745e-05,0.0315020941799722,0.194112384149728,0.0259571420847164,0.0128881557600039
"GAATTATAGTGAAAGG-1",0.0468461367268249,5.85414783516513e-05,5.20981846916773e-05,5.20981846916774e-05,0.394504605074533,0.0831127605069808,0.0934642901169224,0.0657357977107935,0.00521458992532613,0.0431008074935528,5.209818471553e-05,5.20981846916765e-05,0.0338013107002874,0.233848571158253,5.20981846916819e-05,5.20981846916768e-05
"GAATTTCTCGCTGCAG-1",0.00774050290552651,0.00154806907551119,8.91148730074684e-05,8.91148729629833e-05,0.00187317641274615,8.91148729629754e-05,0.960728486119039,8.91148728842896e-05,0.00345874165965047,0.000635557898679467,0.000145126628554599,8.91148730893796e-05,0.000778634257329588,0.0100279227528534,0.0063753659536851,0.00624284197151782
"GACAACGACCATTGAA-1",0.0396332662555287,0.00443471970303444,2.7526117088234e-05,2.75261170882301e-05,0.263531446884427,0.0499119258815743,0.437096389123557,2.75261170882287e-05,0.0069859517185125,0.0261404243894723,2.75261170882287e-05,0.0316117609449224,0.0115543438757546,0.128934614520687,2.75261170882289e-05,2.75261170882255e-05
"GACAACGCAGCTTACG-1",3.27783371464595e-05,3.27783377634687e-05,3.27783371464566e-05,8.71692026527017e-05,0.30997437698042,3.2778337146459e-05,0.61819036329821,3.27783371464334e-05,3.27783371464565e-05,0.00900466040034127,3.2778337146455e-05,3.41924423157491e-05,0.0131895381519717,0.0384514950276045,3.27783371464194e-05,0.0108059777986957
"GACACAAGGGAAGAAA-1",0.021731994024511,3.01670212721116e-05,0.00507231528517621,2.78848815067531e-05,0.402718710531034,0.00294083327442252,0.402870156293426,2.78848815067563e-05,0.0127405056901832,0.00156442953737695,0.00128517028483418,2.78848815067561e-05,2.78848815067566e-05,0.140384921985668,0.00539320575077634,0.00315605079529184
"GACCAGAGCCCTGTAG-1",0.00714310993013672,0.00792147126020893,0.00161813646898893,0.0174806094158493,0.022034625563289,0.0189544863712405,0.302486863986326,0.0679516479814892,0.0177281025360371,0.0125115128545065,6.12863377341811e-05,6.12863376783315e-05,0.0100984777170854,0.401432602685521,0.0893185299349987,0.0231972506189104
"GACCCGTCGCCGGCTA-1",6.74499480471933e-05,6.74502228465463e-05,6.7445632873223e-05,6.7450223003361e-05,0.00438918165403507,6.74485028729661e-05,0.970531001871384,6.74502228689379e-05,6.74502229953634e-05,0.00624921622052234,6.74502232393982e-05,6.74502230904321e-05,6.74502230355341e-05,0.00515116206641785,6.74502229661624e-05,0.0129374923198013
"GACCGTCAGGTCGTGA-1",2.03375001389758e-05,2.03375001389752e-05,2.03375001389754e-05,0.0338430067163353,0.217737784945767,0.00175761730199841,0.600037954070174,2.54995165856774e-05,2.03375001389724e-05,0.0295240854709849,0.00583747205008393,0.0137602618683482,0.0447149741952585,0.0215410710737612,0.0284594574151959,0.00267946537495072
"GACGCTTGCTTCTAAA-1",3.2240209665933e-05,3.22402097106859e-05,0.00445039995692933,3.22402096593139e-05,0.00429068956871273,3.22402096593216e-05,0.968502137701402,0.00985501046198248,0.000909380369679884,8.35304032618773e-05,3.2240209661324e-05,3.22402096594332e-05,3.22402096496144e-05,0.0116186896510461,3.22402096593217e-05,3.22402096603091e-05
"GACGTGTAGGGATTAT-1",6.0173878858126e-05,6.01724999042342e-05,6.01739064006797e-05,6.01732850983775e-05,0.000377171890690533,6.01739064463761e-05,0.995567020677376,6.01739065152962e-05,6.01737596548293e-05,6.0173906596445e-05,0.00154640779654079,6.01739447046045e-05,6.0173906549411e-05,6.0173906542522e-05,6.01739061518845e-05,0.00178731492196976
"GACGTTCGTAAATACA-1",0.0484416548604412,1.23199027900996e-05,1.23199028095194e-05,0.0361320472790045,0.121146068556684,0.188921503303682,0.533154470686283,0.0177872875671023,0.00128907367705536,0.0297106563430811,0.000469455691996861,1.23199028095206e-05,0.0211680747542219,1.23199012688378e-05,1.23199028095222e-05,0.00171810776796091
"GACTAACACAGCACCT-1",0.0054165884535996,1.67508751173828e-05,1.67508751174536e-05,0.000186711011889175,0.0308946171195777,2.14617137245985e-05,0.897181425336625,1.67508751174583e-05,1.67508751141856e-05,0.0213568173570386,1.6750875129015e-05,0.0175878872335774,0.00130251806450859,1.67508750756163e-05,0.025934717583671,1.6750875117453e-05
"GACTAAGATCATGCAC-1",0.0308161036197979,0.0161797948124735,4.02181355821798e-05,0.0224323237596162,0.453027692647206,0.048040699851053,0.357674573808474,4.02181355821932e-05,4.02181355821798e-05,0.0612661610368983,4.0218135582179e-05,7.14619968029538e-05,4.02181355821797e-05,0.0102096615186023,4.02181355821796e-05,4.0218135582195e-05
"GACTAAGTAGGCTCAC-1",0.0363156188550932,0.00110908911870587,0.000974344604896347,0.128210079931254,0.0638983505301643,0.0274410620066588,0.656914864616383,1.98919005017837e-05,0.0005889927420609,0.0564292969540154,1.98919005018129e-05,0.0198989873626986,0.00811985377556227,1.9891900499495e-05,1.98919005017727e-05,1.98919005017766e-05
"GACTACAATTGCTCGT-1",1.86664077188037e-05,1.73374218419628e-05,0.00161333465015424,0.000111908947142944,0.022053889877265,0.0163623917919399,0.928331670957385,1.73374218429241e-05,1.73374218406296e-05,0.0012705349213074,1.73374218437594e-05,0.0230974953959043,0.00701409595272313,1.73374218732451e-05,2.19865673736884e-05,1.73374218429232e-05
"GACTCGGTCGGCGGAT-1",1.71501090579331e-05,1.71501090578925e-05,1.71501090588346e-05,4.97406319725e-05,1.71500763975567e-05,1.715010905884e-05,0.999710157840391,1.71501423860175e-05,1.71501090515241e-05,1.7150109277861e-05,1.71501090535927e-05,1.71501091058084e-05,1.71501090547221e-05,1.71501090277954e-05,1.71501090518465e-05,1.71501089963922e-05
"GACTGATTGGTCACAA-1",0.00773026829788404,0.0388227938650408,0.00935559689667631,0.0362073257807446,0.0156779618071237,0.00921294250224673,0.875412512907488,1.85006439998946e-05,1.85006439993118e-05,0.00728530217115496,1.85006439989964e-05,1.85006440000803e-05,1.85006439992835e-05,0.000156846666355401,2.74452412874323e-05,1.85006440000855e-05
"GACTGGGCGCCGCAAC-1",1.35406609574759e-05,1.35406609323435e-05,1.35406609586678e-05,1.35406610128474e-05,1.35411140327601e-05,1.35406609585373e-05,0.999796890530179,1.3539763579253e-05,1.3540660965555e-05,1.35406608363234e-05,1.35406609677863e-05,1.35406609625565e-05,1.35406609718263e-05,1.3540660743378e-05,1.35406609588373e-05,1.35406609831013e-05
"GAGACCCTGCAACGCC-1",8.3842912003761e-05,0.0220851176673999,8.38429120037494e-05,8.38429120037589e-05,0.472568078367088,0.165284602611906,0.206767439277432,8.38429120037605e-05,0.00445032931508898,8.38429141290809e-05,8.38429120037605e-05,0.0356798222422334,0.0594273755507334,0.0261657992115088,8.38429120037719e-05,0.00698453537045882
"GAGACTGATGGGTAGA-1",2.04524564102534e-05,2.04524564102488e-05,2.0452456410252e-05,4.70895075770375e-05,0.192742046085848,0.00314366327409278,0.634218089478635,3.64728376982875e-05,0.0229731051927313,0.0366391449207958,2.04524564102455e-05,2.04524564102512e-05,2.04524564102412e-05,0.0717005353632747,2.04524564102464e-05,0.0383566861444753
"GAGAGGGCGCGAGGTT-1",6.58441659544798e-05,6.58443490706065e-05,6.58230987818913e-05,6.58443491146127e-05,0.00439129566762423,6.58426854518987e-05,0.98472946976279,6.58443491499939e-05,6.58443489683338e-05,0.00146566472029066,6.58443491193044e-05,6.58443492715778e-05,6.58443490364581e-05,0.00430454090272331,0.00438476420352023,6.58443491328108e-05
"GAGATCTGCTTGGCAT-1",0.0198528572188537,1.14898821850983e-05,2.09021891064482e-05,0.0767208854714767,1.14898821848198e-05,1.57702130414088e-05,0.823178739032912,0.0189028955211655,0.0236312604961007,0.00875915678672419,1.14898821847238e-05,0.00550434623093418,0.00267917233409046,1.14898821903757e-05,0.0173557495003226,0.00333230547652682
"GAGATCTGTCACTCCG-1",0.0291170654995101,4.21026089260886e-05,0.0209637977056582,4.21026089260888e-05,0.38307804714072,0.00855453764463904,0.385113973878566,4.21026089260891e-05,0.000955319233104594,0.00892402475456504,0.00194838491892763,0.00794167030094503,0.00825312488602879,0.144939540992704,4.21026089260873e-05,4.21026089260882e-05
"GAGCCGAGCGTTTATT-1",4.9041452781378e-05,0.0928523288526357,4.90414527813522e-05,4.90414527813581e-05,0.254023457240048,0.0288032606252943,0.473411849199543,0.000113000746045395,4.90414527813671e-05,4.90414530396624e-05,4.90414527813665e-05,0.0643034802353109,0.0384289099542317,0.0333591074826241,0.0143613154945382,4.90414527813667e-05
"GAGCGAGGGAGTACCG-1",0.000125159929912722,1.37487213102509e-05,1.3748721309727e-05,0.0535001028112876,0.0413252242409694,2.60741592349823e-05,0.840563221147227,1.37487213097251e-05,1.37487213094382e-05,0.000458232443527749,0.000648353460166305,0.0353867601501779,0.0183940318405182,1.37487213077418e-05,0.00602604363598148,0.00347805257444939
"GAGCTAAGGGCATATC-1",0.0173278993676043,0.00350341647364452,1.45088748158264e-05,1.45088748158239e-05,0.123208699601184,1.4508874815822e-05,0.690815312350212,1.77604498980498e-05,0.0395084539764778,0.0204488624731657,0.000151783676747651,0.0134208473904793,0.0115843554422496,0.0708196919771264,0.00913488132194792,1.45088748158148e-05
"GAGCTGTCGTCTCGGA-1",0.158516289956775,6.34167682404746e-05,6.34167682404589e-05,0.065409049642168,0.162981748783026,0.0497648153239838,0.324476255937229,0.102610735450745,0.0131073194724357,6.34167684526015e-05,6.34167682404598e-05,6.3416768240459e-05,0.0254839705558082,0.0965627974145887,6.34167682404625e-05,0.000706516853585117
"GAGGAATGGAGAGGTT-1",7.63560539681658e-05,7.63570853761467e-05,7.63560504838558e-05,7.6356056864588e-05,0.00186598870257182,7.6356050144901e-05,0.98590934914239,7.6347393383686e-05,7.63559563625521e-05,7.63560504126384e-05,0.000356990166706848,7.63545277012671e-05,7.63560506588027e-05,0.0024912026654315,7.63560504801292e-05,0.00853656199706327
"GAGGCATTTGCAGCAG-1",0.0280435649784314,0.00880890828616011,1.48642603178169e-05,1.60586310445383e-05,0.0536561387039532,0.0432869034616834,0.749660169341361,1.48642603177808e-05,1.48642603178266e-05,1.48642597353044e-05,1.48642603177986e-05,1.48642603178006e-05,0.0749943433080475,0.0414149992073588,1.48642603177982e-05,1.48642603177845e-05
"GAGGGCGCAGCTCTGC-1",0.0335477626495647,2.21370584915098e-05,0.0372206643350866,0.0477567714309368,0.0995794700897549,0.081213523756441,0.568674355960465,2.21370584915083e-05,0.0104865626446948,2.21370585402981e-05,2.21370584915137e-05,0.0387284772865552,0.0517267213817732,0.0309328681137296,2.21370584915134e-05,2.21370584915137e-05
"GAGGTACATCCATCTT-1",2.81361173122369e-05,2.81361173221846e-05,2.81361173187665e-05,3.06852927295162e-05,0.00127564489654551,2.81361173187667e-05,0.96775715370776,2.8136117312101e-05,2.81361173150169e-05,0.0179906431468081,2.81361173247568e-05,2.81361173125881e-05,2.81361173187829e-05,2.8136117313298e-05,0.0119061942074543,0.000758317575533544
"GATATCTCATGCAATA-1",1.95636752110337e-05,1.95636764373056e-05,1.95636752079453e-05,1.95636752617945e-05,1.95636752291183e-05,1.95636752038576e-05,0.999706538042038,1.957005312872e-05,1.95636751755753e-05,1.95636752002667e-05,1.95636752277204e-05,1.95641259410698e-05,1.95636752165795e-05,1.95636751060661e-05,1.95636752140276e-05,1.95636752005683e-05
"GATATGCGGTAGCCAA-1",0.000247834826733082,9.38491069479816e-05,6.10760765431386e-05,0.000693489734011619,0.673885444300048,0.0242453555267461,0.233932928508483,0.000146303919150672,6.10760765411963e-05,0.0229960779145152,6.10760765364449e-05,6.10760765411897e-05,0.0302758448193899,0.0131164148847293,6.10760765411957e-05,6.10760765411949e-05
"GATATTTCCTACATGG-1",0.15854375341589,4.68280448874943e-05,4.68280448874994e-05,0.0498015592797471,0.326836121204007,0.00761699856909553,0.42337062832065,4.68280448875132e-05,4.68280448874979e-05,4.68280447996624e-05,4.68280448875019e-05,0.0121968472218557,0.000798249359189598,0.0204612182705527,4.68280448875016e-05,4.68280448875013e-05
"GATCATTCCAAACATT-1",0.0429225443230354,1.87832475886875e-05,0.0284937856829645,0.000170436521701447,0.0766368929805452,0.0225922229290726,0.546342574035101,0.0266643304609845,1.87832475887021e-05,0.0222310808942037,1.87832475887036e-05,1.87832475887036e-05,0.00590941957077523,0.184804537970792,0.0316819245635127,0.0114751170769576
"GATCCCTTTATACTGC-1",0.090378649797687,2.90927147139153e-05,2.90927147139228e-05,3.41250480555974e-05,0.17122112011342,2.90927147139121e-05,0.531477748210959,2.90927147139144e-05,0.0225786558180583,0.0362667503425605,2.90927147139156e-05,0.00887015607315846,2.90927147139148e-05,0.124842845223745,0.0141263003693589,2.90927147139145e-05
"GATCCTCTTGCGCTTA-1",1.67466580283144e-05,1.67466580306487e-05,1.67466580283665e-05,0.000110935583508989,0.0129812808051144,2.13725365940676e-05,0.977172186451874,1.67466580278298e-05,1.6746658030281e-05,1.67466574941947e-05,1.67466580320444e-05,0.00953001138516209,1.6746658028322e-05,1.67466579892899e-05,1.67466580283209e-05,1.67466580285753e-05
"GATCGACACTATCTGA-1",0.0388619450036201,4.55637746570072e-05,4.55637746570262e-05,4.5563774657017e-05,0.403201212190225,0.0107352249663377,0.430079722072919,4.55637746570214e-05,4.5563774652476e-05,0.0113081808475457,4.55637746582982e-05,4.55637746570297e-05,0.0097517671942212,0.0816462659687206,4.55637746570246e-05,0.0140511715591585
"GATCGCGGGCTCTCCA-1",9.29728747458376e-05,3.88209680610135e-05,3.88209680610176e-05,0.000136486457477881,0.349879871652585,3.88209680610168e-05,0.38351559140313,0.0831995690787871,0.0484632604417214,0.037487759149178,3.88209680610166e-05,3.88209680610163e-05,0.000372713651713812,0.077324892978754,0.0192939565035404,3.88209680610165e-05
"GATCGGTGGCCATAAC-1",0.0371010319678337,0.0188598365415975,2.72690906465032e-05,4.2431384427624e-05,0.125646469164935,0.0701637364361591,0.458364322664922,2.72690906465098e-05,0.0064315483413983,0.00458278159954436,2.72690906465065e-05,0.00252482413441701,0.00775650322915448,0.268390169082379,2.72690906465065e-05,2.7269090646506e-05
"GATCTTTGCAGGGTAT-1",4.16809155289883e-05,4.17058838888051e-05,4.16995451411527e-05,4.16846328511484e-05,4.16836179541327e-05,4.16848862122117e-05,0.985690519620849,4.16846329361501e-05,0.0137258638349527,4.16846322145255e-05,4.16846326910098e-05,4.16846332073052e-05,4.16846328426343e-05,4.1684632623542e-05,4.16846329384789e-05,4.16846331679656e-05
"GATCTTTGCTCAAAGA-1",0.000155271316583628,2.52867481865072e-05,2.52867480423251e-05,0.0662793057427212,0.0877996038970298,0.0450708209893765,0.719754740977627,2.52867480423256e-05,0.0146305295571168,2.52867483272224e-05,0.0067353452835761,2.52867480423232e-05,0.0351360376947484,0.0242613373044948,2.52867480423326e-05,2.52867480423241e-05
"GATGACGATGATCGCG-1",2.25413214879476e-05,2.25413214879466e-05,2.25413214879476e-05,0.000324714320997999,0.123298136875541,0.0275181570850696,0.614350032820881,2.25413214879482e-05,0.0134982322563995,2.25413212681565e-05,0.00223362616350451,0.061650960000998,0.0363106099397027,0.0338533197872191,0.0523655674567084,0.0344839366857581
"GATGCGTCCTGCATTC-1",5.78570106425613e-05,0.0143237209097957,0.0109176619875332,6.75961058079084e-05,5.78570106425616e-05,0.00254850397620202,0.648260233357293,0.106387149992144,0.0365011634186754,0.0109447943259911,5.78570106458898e-05,0.000962399657435437,0.0113109153742555,0.091732207291071,0.065812225561222,5.78570106425602e-05
"GATGCTACAAGCGCCT-1",2.64676477885559e-05,2.64676477718568e-05,2.646764778501e-05,2.64676477840386e-05,0.000356066889536685,2.64676477840433e-05,0.99800680375885,2.64676477795666e-05,2.64676478175842e-05,0.000902885278957036,2.64676477945089e-05,2.64676478166998e-05,2.64676477959301e-05,2.64676478271619e-05,2.64676477880295e-05,0.000416632299123013
"GATGGTGCCCTAGGCA-1",0.0715551236367585,1.36746798881407e-05,1.36746800074712e-05,0.0552961237963766,0.0868321486331565,0.0602028826481113,0.660913509380831,1.36746800074658e-05,1.36746800074726e-05,0.010700647827467,1.36746800074716e-05,1.36746800074717e-05,1.36746800074692e-05,0.0126204102824226,0.0417697563549359,1.36746800074716e-05
"GATGTCGGTCAACTGC-1",0.0345451735445588,1.23721348968636e-05,1.23721348982805e-05,0.0268571063073582,1.23721348972544e-05,3.7760117147304e-05,0.914305676437636,1.45664441750315e-05,0.00108600258698258,0.00485857030378063,1.23721348981128e-05,0.0181943337198619,1.42055942110338e-05,1.2372134901633e-05,1.23721348982908e-05,1.23721348982886e-05
"GATGTGTTGTCACAAG-1",1.93350496818493e-05,1.93350496927152e-05,1.93350496898081e-05,1.93350496897931e-05,1.93350496139711e-05,1.9335049689785e-05,0.998686632327766,1.93340437993534e-05,1.9335049686615e-05,0.00104267798260128,1.93350496937548e-05,1.93350497191864e-05,1.93350496694999e-05,1.93350496521171e-05,1.93350496900531e-05,1.93350496638839e-05
"GATTCCCTTGTCGCAG-1",1.89339284370539e-05,0.0193051799050331,0.0358023400726217,0.000146844402225916,0.0748042872353697,0.0899672395734185,0.642745738266053,1.89339284370579e-05,0.00101356127612648,0.0111946260686252,1.89339284370546e-05,1.89339284370545e-05,0.0209559287397198,0.0995726687223082,1.89339284370539e-05,0.00439691609631341
"GATTCCGCGTTTCCGT-1",2.05454139300085e-05,0.000676600391599843,2.05454139300177e-05,0.000112388984391469,0.140186953194866,0.0452283039001125,0.641254677382817,2.05454139300094e-05,0.0264894620647543,0.0165960642417268,2.05454139300162e-05,0.0128634252959835,6.21144864817294e-05,0.0745275321115211,0.041899750876095,2.0545413930019e-05
"GCAAATATTACGCTTT-1",2.36632154149752e-05,2.36632154123418e-05,2.36632154149527e-05,0.025324927180006,0.010777140791338,2.36632154149308e-05,0.93262508226273,0.008735971310231,0.00860563921968159,0.00237108846688987,2.36632154153967e-05,2.36632154222741e-05,0.00835784361595425,2.36632154161353e-05,0.00301300142985582,2.36632154025403e-05
"GCAACCACCAGACCGG-1",0.000378289621290053,4.54637465442325e-05,0.00867411562216086,4.54637465442326e-05,0.568416107374297,4.54637465442251e-05,0.382821695593672,4.54637465442401e-05,0.0150682968328751,4.54637454079326e-05,4.5463746544232e-05,4.5463746541008e-05,4.54637465442319e-05,0.024186857491402,4.54637465442334e-05,4.54637465442324e-05
"GCAAGATGTGTTCGCG-1",0.0461253841618277,0.164331676256694,0.0655724693882628,0.0216806707093104,0.0634253402886858,0.153675152886153,0.279162838242851,8.30392548904208e-05,8.30392548904195e-05,8.3039254010096e-05,8.30392548904188e-05,0.116366061675291,8.30392548904215e-05,0.0876652335247765,8.30392548904245e-05,0.00149693733768604
"GCAAGTGCACAGAGAA-1",0.0284726497231767,1.93900027522736e-05,1.9390002753278e-05,0.0415862210325003,0.0961423113546829,5.69701516678777e-05,0.815582408131805,1.93900027532764e-05,1.93900027496563e-05,0.00533284400690409,1.93900027552044e-05,1.93900027532744e-05,0.0114301455144593,0.000164940291409341,3.56858531891804e-05,0.00107948392368792
"GCACAAGTGTCGGAAG-1",1.53357061908006e-05,1.53357068242847e-05,1.53357062038784e-05,1.53357061968011e-05,1.53357062125572e-05,1.53357061949994e-05,0.99943350108381,1.5335601293261e-05,1.53357062634966e-05,1.5335706508177e-05,1.53357061989373e-05,1.53351387508806e-05,1.53357061823683e-05,1.53357061663835e-05,1.53357061968486e-05,0.000351799700806629
"GCAGAAACGTAATCCA-1",2.57676404675206e-05,2.57676404673475e-05,0.0135067548471106,2.57676404675257e-05,0.0743828364856527,0.000103369244084017,0.783450355413632,2.57676404675207e-05,2.57676404675321e-05,2.5767640422487e-05,2.57676404675209e-05,2.5767640467546e-05,0.0690019924161537,0.0340605553689079,2.57676404675184e-05,0.0252622274602968
"GCAGCACACAGCCCAG-1",6.44540389181654e-05,6.44470211097172e-05,6.44019088679001e-05,6.44540607280849e-05,0.00350984013569341,6.44540864574894e-05,0.992572718611155,6.44540865215025e-05,6.44542945211518e-05,6.44540864866967e-05,6.44540866024956e-05,6.44540908242557e-05,6.44540863176151e-05,0.0030795972325065,6.445408669364e-05,6.44540865959234e-05
"GCAGCTATGGACAGGT-1",5.23119389175949e-05,0.0983036242310917,5.23119389175957e-05,5.23119389175995e-05,5.2311938917598e-05,0.479644892363254,0.0903229641016302,5.2311938917603e-05,0.00135817961365993,0.00296550769375619,5.23119389128441e-05,0.00444019831562248,0.318887078485877,0.000818331871721324,5.23119389175971e-05,0.00289303975096818
"GCAGGACTATAGAATA-1",2.00319653975282e-05,2.00319654128354e-05,2.00325422676839e-05,2.00319653925456e-05,2.00310172856991e-05,2.00319653979112e-05,0.992445300379671,2.00304793102538e-05,0.00508171736206713,2.00253067935211e-05,0.000706891446421101,2.00319654027981e-05,2.0031965334828e-05,2.00319659565098e-05,0.00152571574251786,2.00319653709724e-05
"GCAGGTAGAGTATGGT-1",6.48700273349014e-05,0.00337948609610359,6.48700273348905e-05,0.0803760521354813,0.54094856752488,0.0311800521191192,0.337099889641647,6.48700273349036e-05,6.48700273350046e-05,6.48700275632256e-05,6.4870027334897e-05,0.0052612859593116,6.48700273349081e-05,0.00117083627721499,6.48700273348963e-05,6.4870027334845e-05
"GCATAGAGCACTCAGG-1",3.81311629641215e-05,3.81311629625618e-05,0.0437420439067515,9.5365020833175e-05,0.00481009405285043,0.00777441932043097,0.6970046407246,0.0810474750211243,0.0196595195657539,0.0120243014208257,0.00042805900417968,0.000536463942498645,0.00112171221547859,0.0589616124272718,0.0689855784391838,0.00373245261229065
"GCATCCCTAACTTTGA-1",3.19741862906343e-05,3.19741862753528e-05,3.19733512133932e-05,3.19741862881379e-05,0.00553213126636367,3.19741862881394e-05,0.986066454088022,3.19757354967976e-05,3.19741862851535e-05,3.19741862880411e-05,3.197418631011e-05,3.19736471519337e-05,3.19741862744199e-05,0.00798575004888898,3.19741862881723e-05,3.19741862753979e-05
"GCCAGGAGTAACCGAT-1",0.168645452501897,0.0382175166574038,4.03459566289959e-05,0.00596590305856898,0.370192223057313,0.10318332676821,0.281140034323036,4.03459566289981e-05,0.00065393063004436,0.0155296041417376,0.00154565671986374,4.03459566289991e-05,6.48885746954966e-05,0.0146597337840856,4.03459566289946e-05,4.03459566290016e-05
"GCCAGGCGTTCGCATG-1",3.15555573417771e-05,2.89278870805236e-05,0.0373649691124378,2.89278870805161e-05,0.256320493212304,3.72684394959188e-05,0.548858636994031,0.000149168705269002,2.89278870805233e-05,0.0215006904014292,2.8927887080523e-05,0.0516436517509825,2.89278870805234e-05,0.00628185406765838,0.0736400903694491,0.00402698195419812
"GCCATATTGCACACAG-1",0.112340479358368,2.88311541679287e-05,2.88311541679296e-05,2.88311541678963e-05,0.320464960527055,0.0757636240248068,0.443536998282119,2.88311541679413e-05,9.12290135298188e-05,0.0123733723701675,0.00549204368288538,2.93819271168497e-05,2.94698990830725e-05,0.0200820316047185,2.88311541679369e-05,0.00965225353930965
"GCCCAGTTGGTATGCC-1",4.61709984301254e-05,4.69047607077732e-05,4.89156533095833e-05,4.69151064279434e-05,4.69108282844921e-05,4.69143303499833e-05,0.996555092137124,4.6915396582578e-05,4.68180865977321e-05,4.69153966152315e-05,0.000700454438233024,4.69153936131084e-05,4.69153967956871e-05,4.69153965909276e-05,4.69153968179974e-05,0.00213341128351995
"GCCCGCGCGTTTGACA-1",2.45877378010596e-05,2.45882038628054e-05,2.45925454861128e-05,2.45882663249023e-05,2.45878408866913e-05,2.45882663282021e-05,0.999565186069735,2.45882661692075e-05,2.45844224767493e-05,2.45882662291975e-05,2.45882662971829e-05,2.45882661746241e-05,2.45882663293746e-05,2.45882662920458e-05,2.4588266130908e-05,9.05787834758293e-05
"GCCCGTAATACCTTCT-1",3.17988249080494e-05,3.17988249080516e-05,0.0092105639994246,0.0111723202227514,0.261566845635751,0.00751871275142115,0.594131936597268,3.17988249080461e-05,0.0219863835653262,0.00681042959372527,0.00145771597183742,0.0360995088995484,7.80775566463584e-05,0.0498085110817595,3.17988249080508e-05,3.17988249080486e-05
"GCCGAAATTCCTACGT-1",0.0320885203645417,1.23392331052171e-05,0.00592371035779928,0.13063571726976,0.0134041314054331,1.23392331042554e-05,0.710821308160054,1.23392331042496e-05,0.0782891380646422,0.00757658415074321,1.23392331042515e-05,0.00187014432444804,0.0193043712708502,1.23392331020439e-05,1.23392331042525e-05,1.23392331042533e-05
"GCCGCTTGTGAGAAAC-1",2.58726150604123e-05,2.58564487645564e-05,2.58847595597555e-05,2.58729482157445e-05,2.5869296497886e-05,2.58729482287705e-05,0.999611912691803,2.58720576967345e-05,2.58755966372827e-05,2.58729481743955e-05,2.58729481069992e-05,2.58729483397989e-05,2.5872947975534e-05,2.58729482994314e-05,2.5872948404646e-05,2.58729482354229e-05
"GCCTAGCGATCTGACC-1",1.90552305341137e-05,1.90548952275884e-05,1.90548952632485e-05,2.15877892421905e-05,1.9054896026777e-05,1.90548952642709e-05,0.996749236188404,1.90548952718451e-05,1.90548952949059e-05,0.000469436307718562,1.90548952627146e-05,1.90548952582007e-05,0.00253108063547147,1.90548952079949e-05,1.90548952718769e-05,1.90548952804484e-05
"GCCTATGCTGGGCCTT-1",2.57512655903937e-05,2.04071220269395e-05,0.00717152123201987,0.135904287414514,0.141408959376989,0.0673109688408418,0.558144075477592,2.040712202694e-05,0.00851503291006413,2.04071213279413e-05,2.04071220269394e-05,2.04071220269345e-05,0.0645172997732436,0.0168592538556555,2.04071220269339e-05,2.04071220269393e-05
"GCCTGCTACACTGAGA-1",1.23493853127007e-05,1.23494473467061e-05,1.23494473442846e-05,1.23494473416138e-05,1.23494473569467e-05,1.23494473223323e-05,0.999814758415371,1.23494204849739e-05,1.23494473406305e-05,1.23494473433375e-05,1.23494473475805e-05,1.23494107044171e-05,1.23494473410046e-05,1.23494473559421e-05,1.23494473443407e-05,1.23494473426272e-05
"GCCTTCAGCCCTACCG-1",1.86814901663258e-05,1.86814902084833e-05,1.86814901731173e-05,1.86814901724428e-05,1.86814901220651e-05,1.86814901724638e-05,0.999719779579473,1.86814901783217e-05,1.86814901864109e-05,1.86795581067644e-05,1.86814901616925e-05,1.86814901607303e-05,1.86814901863029e-05,1.86814901941846e-05,1.86814901779471e-05,1.86814901596345e-05
"GCGAAGCCATACCCGT-1",0.0366792678720854,0.0172140835716167,0.0274749337185638,0.16164179934736,0.00753833708886971,0.000986476777105818,0.251605567606975,0.0201243162867456,0.0267640217702736,0.0159675773021898,8.42819910972449e-05,8.42819911135051e-05,0.0179411719649211,0.282180724114177,0.13143932477797,0.00227383381893566
"GCGAGGCCCGAGCAGA-1",1.85711718328985e-05,1.85657455633903e-05,1.85709088727381e-05,1.85711718491725e-05,1.85711718537708e-05,1.85711718615881e-05,0.990550031275164,1.85711718570685e-05,1.85711718718584e-05,0.00914880258794963,5.97465919894203e-05,1.85711718943294e-05,1.85711718622704e-05,1.85711717757311e-05,1.85711718983223e-05,1.85711719032644e-05
"GCGAGTTCTGCAAAGA-1",0.0470942419459623,6.68324823518317e-05,0.0454005728685698,0.0426240524531447,6.68324823523703e-05,0.0263866942313253,0.0815558241915485,0.160900330709348,0.110430934000191,0.016906274645369,6.68324823523724e-05,6.68324823523723e-05,0.0210114981978306,0.270693746178483,0.176661668166466,6.68324823523713e-05
"GCGATTCTGGAAGCAG-1",0.0157121719843949,0.0286981317914315,0.00660664283360874,0.00580420675253178,0.0511325515984631,0.0297985767517934,0.795611347076138,2.02070907657757e-05,0.0288743715240696,1.41272521090078e-05,1.41272523246102e-05,2.17599376138313e-05,1.41272523246089e-05,1.41272523080906e-05,0.0231254309120574,0.0145380927380658
"GCGCTAATTGAATAGA-1",0.0143243051998789,4.54371913163646e-05,0.0136514606814455,0.0221663354106482,0.198218315522837,0.0684513638617003,0.40968157801368,4.54371913163687e-05,0.011976711424877,0.0135835218018034,4.54371913163639e-05,0.032792083482863,0.0373424122241943,0.16390617944407,0.000792404975509376,0.0129770163825431
"GCGCTGATCCAGACTC-1",0.000134403693268562,4.44964558531825e-05,4.44964558531783e-05,4.44964558531465e-05,0.477699373000757,0.00374664807204203,0.410434641755176,4.44964558531795e-05,4.44964558531816e-05,0.0262384357784635,0.00418265422789268,0.000135590067971802,0.0285528067135296,0.0204412277142899,0.0281672402431113,4.44964542319248e-05
"GCGGCTCTGACGTACC-1",6.13845379851949e-05,6.13816838440283e-05,6.13836935803728e-05,6.138389735731e-05,0.00485776342650762,6.13838973619144e-05,0.989898492134058,6.13846736799364e-05,6.13838973290404e-05,6.13838973891336e-05,0.000654614554924622,6.13842223124653e-05,6.13838972020678e-05,0.00258999356035504,6.13838973086791e-05,0.00132391412880419
"GCGGGAACCAGGCCCT-1",1.89682282167683e-05,1.89682282245652e-05,1.89682282162313e-05,1.89682282126363e-05,1.89682282012881e-05,1.89682282126652e-05,0.999715476385217,1.89682281486318e-05,1.89682282508389e-05,1.89682281712868e-05,1.89682282686186e-05,1.89684198780891e-05,1.89682282031821e-05,1.89682281470634e-05,1.89682282271523e-05,1.89682282037871e-05
"GCGGTCCCGGTGAAGG-1",0.0889784724518776,3.04321604694064e-05,0.104896131813591,0.0189800554643738,3.04321604692167e-05,0.160966934902495,0.506099402050206,3.04321604692154e-05,0.0334388009464487,0.000861262679605404,3.04321604692156e-05,3.04321604692084e-05,0.0174563658875689,0.0139613935602264,0.0541785872807916,3.04321604692172e-05
"GCGGTGAACTGCGCTC-1",0.193109457653053,3.98183351095013e-05,3.9818335109493e-05,3.98183351094905e-05,0.391777124932247,0.101331904602553,0.267275779713959,5.57034106146861e-05,3.98183351094902e-05,3.9818334858167e-05,3.98183351094904e-05,3.98183351094898e-05,0.0213458594835535,0.0177150326461632,0.0070705908772313,3.98183351094904e-05
"GCGTCGAAATGTCGGT-1",2.14599421426252e-05,2.14599421426407e-05,0.0172661298390673,9.93097631194156e-05,0.138582517402326,0.0405834312763926,0.674932950240421,2.14599421426192e-05,2.14599421426206e-05,0.0546373505031173,0.00250747710635019,0.0378832952067444,2.14599421426225e-05,0.0187075040675901,2.145994214262e-05,0.0146712749420158
"GCGTCTCTGCATTGGG-1",3.26453737197221e-05,0.0116398384112702,0.00742701134030727,3.26453737197131e-05,0.0402243235327806,3.26453737197142e-05,0.894089279099575,0.0028047379145384,0.0149340468530961,0.000948789439457041,3.26453737197084e-05,3.26453737197154e-05,0.0049433853681716,0.0227600704247658,3.26453737197176e-05,3.26453737197181e-05
"GCGTTCGGAGACCGGG-1",0.000237630049873972,9.65702110901946e-05,8.1842547064169e-05,8.18425470641882e-05,0.373487382898355,0.228225774908835,0.201849044586236,0.000108705697045514,0.0271896247029853,0.0082150490565266,8.18425470641742e-05,8.18425470641634e-05,0.134998389003813,0.0251007736028545,8.18425470642482e-05,8.18425470641727e-05
"GCTAATACCGAATGCC-1",2.05263861325081e-05,2.0526386135367e-05,2.05263861325209e-05,0.0218833652726161,0.183914572649964,0.00300546148849518,0.67309174676397,2.05263861325437e-05,2.05263869718948e-05,0.0846339293983043,2.05263861329287e-05,0.0299387508737903,2.05263861325371e-05,0.00334743607682472,2.05263861325313e-05,2.05263861325369e-05
"GCTAGCAGGGAGTGGG-1",4.18621556463543e-05,0.0446903148360565,4.18621556464022e-05,6.8585144326441e-05,0.280112612406167,0.0585358590112245,0.413724968702275,4.18621556463824e-05,4.18621556463566e-05,4.18621550800452e-05,0.0114178895857285,0.023991994972903,0.102520523722529,0.0270857265840354,0.0376003521014422,4.18621556463758e-05
"GCTCATTACTGCATGT-1",6.73711124646753e-05,0.00635891468746128,4.42497182884238e-05,4.42497182884383e-05,0.315406478835201,0.0626095849000136,0.504322215775504,4.42497182884199e-05,4.42497182884224e-05,0.0157424901617558,4.42497182884236e-05,4.42497182884296e-05,0.0112686521136055,0.0327769458027106,0.0259036765072061,0.0252781717943477
"GCTCGGAATTTAAAGC-1",0.0406800234005506,0.156865514347017,7.93342584877972e-05,0.000104272471462018,0.110623084366549,0.194137309404522,0.269539939416065,7.93342584877923e-05,0.0283103170100402,0.01706063391071,7.93342584877922e-05,7.93342584877927e-05,0.0198620527421028,0.114964765342572,0.0408914157501396,0.00664333480431926
"GCTCTAAACCCTGACG-1",2.973926767853e-05,0.0220537253547714,0.0066456791783574,0.0230774171713729,0.297392826836222,0.0119600384987238,0.528926551560848,2.92614143385265e-05,2.92614143385158e-05,0.0255489072625293,2.92614143385154e-05,2.92614143385183e-05,0.0317394068865494,0.0385248589288982,2.92614143385157e-05,0.0139545419823563
"GCTCTATGTTACGTGC-1",2.71791956745438e-05,0.000682064774810174,2.71791956745418e-05,0.0258699027699359,0.0264774567554354,0.133299641642136,0.769527952529324,0.00431879556762756,2.71791956710385e-05,0.0250725856179152,2.7179195654625e-05,2.71791956745418e-05,0.0101896970967095,0.00437164887640845,2.71791956745422e-05,2.71791956745299e-05
"GCTCTCGGGTACCGAA-1",0.017232535448675,3.22015549669277e-05,3.22015549669168e-05,4.66616225235688e-05,0.396822431066706,0.0200091824268559,0.502192205565479,3.22015549669058e-05,0.00404143589225604,0.00573897807015201,3.22015549669203e-05,3.22015549669135e-05,0.0236401432073827,0.014720417318114,3.22015549669157e-05,0.0153628000520546
"GCTGCTCTCCGGACAC-1",0.0227762872669103,0.0220279957801787,0.0184601141367121,0.022016738064761,0.0213948595743607,0.00501209207430993,0.321690332000771,0.0571536025115677,0.0288055412992126,0.0127917563026852,4.14737240791616e-05,4.14737240956958e-05,0.0225054158535775,0.421929887620906,0.0130939251722973,0.0102585048935748
"GCTGGACCCAAAGTGG-1",6.1323845712081e-05,0.112677549270876,6.13238457120723e-05,6.13238457120764e-05,0.504355405395922,0.0951770099250824,0.21277662115772,6.13238457120546e-05,0.00741907613267942,6.13238451248672e-05,6.13238457164753e-05,6.99609092450178e-05,0.0479291662740011,0.0191046201693602,6.13238457120752e-05,6.1323845712068e-05
"GCTGGCATATTCACCT-1",4.47593316346855e-05,4.47486582410829e-05,4.47626442116715e-05,4.4759364092846e-05,0.00122663127469797,4.47598322026646e-05,0.997162945942343,4.47593257183762e-05,4.4760393637636e-05,4.47593257817773e-05,0.00102855727849241,4.47593263388483e-05,4.47593253782109e-05,4.47593259154598e-05,4.47593255005949e-05,4.47593258125127e-05
"GCTGGTGACTCGTAGT-1",6.3979149288355e-05,6.39791492884001e-05,6.39791492883546e-05,0.0111964989409766,0.116785383875206,0.0384633287077915,0.666253410205503,6.39791492883549e-05,0.0277259701159723,6.39791474597051e-05,0.00855976445393871,0.0204303554235696,0.0361399576788566,0.0297132991516724,0.0167080563722721,0.027704079329628
"GCTTAGGGAAGCGGTA-1",0.0817605820476378,0.038965817616429,9.712270624747e-05,0.181063206926967,0.00978953680388243,9.71227062474467e-05,0.565637983425778,9.71227062474485e-05,0.0364971778930773,0.0238940230620387,0.00902611673690644,0.000100717805747206,0.00118365119543922,0.0511189933306829,0.000573702330424327,9.71227062474582e-05
"GCTTCAGTGGGATTAC-1",3.46585455473187e-05,0.00231008596549339,1.43197383818404e-05,1.43197383818293e-05,0.111481635429331,0.0385455912889714,0.748918198633436,1.43197383818382e-05,1.43197383818423e-05,0.0144408423826026,0.00369958657999631,1.431973838184e-05,0.0561139560128273,0.0227706139514358,1.43197383818352e-05,0.00159891278006864
"GCTTCCGTCCCTAGAC-1",0.0319604438084927,2.8449810193183e-05,2.84498101931726e-05,0.0625593998050837,0.0814763492230138,0.118683752710081,0.460760164250452,2.84498101931654e-05,0.0157575124023189,0.00344918083323153,2.84498101931738e-05,0.0260054894917962,0.0195666452404179,0.179610363373954,2.84498101931728e-05,2.84498101931691e-05
"GCTTGATGATAATCAG-1",6.03551019468013e-05,6.03551306307111e-05,6.03534300519525e-05,6.03551019607715e-05,0.00458826378213761,6.03551019607731e-05,0.981341599638718,6.03551020474365e-05,6.03549219415725e-05,6.03551019524345e-05,0.00134932967504843,6.03551018720535e-05,0.00261897946387562,0.00943792314196734,6.03551019428355e-05,6.03551019458803e-05
"GCTTGCAGCACAATTG-1",1.43896693403278e-05,1.43896693403257e-05,1.43896693403316e-05,0.0316754847784108,0.124512443273347,1.43896693403267e-05,0.701669086250033,1.43896693403259e-05,0.0212867040244895,0.0201259976463617,0.0133372608652381,1.43896693403245e-05,2.20746071811832e-05,0.027682178183421,0.0412603770452345,0.0183420553102403
"GGAAACCTTGTTGAAT-1",0.000115852507691693,0.000115852507691693,0.0213879387815866,0.0654968009968645,0.214397863995265,0.297203220838749,0.157350078957103,0.0836901756928796,0.024075388420782,0.0132062489757694,0.000793434395700886,0.000115852507691695,0.0371759131377168,0.0607893284833307,0.0212362450784546,0.00284980472272274
"GGAAAGTGCCCATGCC-1",0.172654185142113,4.35615923839912e-05,4.35615923839981e-05,4.35615923839904e-05,0.484344425241226,0.00804758573287172,0.253573562652869,4.35615923840044e-05,0.00410325695526855,0.00678429903604705,4.35615923839921e-05,4.35615923839888e-05,0.0273858006839417,0.0236126266752138,0.0191893267337603,4.35615923839908e-05
"GGAAGCTCGCTTACAG-1",0.0979809937717824,1.41710478337887e-05,0.0241317368333446,4.24983953539216e-05,0.00315074728052719,1.41710478333609e-05,0.801943672137442,1.41710478333559e-05,1.41710478332527e-05,1.41710478441299e-05,1.41710478333575e-05,0.0224806037703686,0.0436608629839141,0.0064955164445887,1.41710478333596e-05,1.41710478333625e-05
"GGACCTACGGTAACGT-1",0.0102066510459547,0.00668866389644012,0.0154117154774549,6.62289857500404e-05,0.157995618578917,0.070385090457024,0.53940546875565,3.00292304470639e-05,3.00292304470608e-05,3.00292304465302e-05,0.00313418247633093,0.0787141597713351,0.0692484037390246,0.0373361913039913,0.0112875085903391,3.00292304470616e-05
"GGACGGCTTGCGCAAC-1",1.53928426537202e-05,0.0130501067696965,0.0592513846047111,0.0276443122793545,0.0133614022619123,1.63025727886869e-05,0.789907280657016,0.00323739860437128,1.43619437901232e-05,0.0293702306135703,1.4361943790133e-05,0.0289765478986606,0.0291864057229948,0.00586679907231399,7.33502685862381e-05,1.43619437901336e-05
"GGACGTCCATAGTTGG-1",5.77130856392231e-05,0.0248011144604101,5.77130856392262e-05,0.0389656686456237,0.0624040584099582,0.0885243734693425,0.582056647979168,5.77130856392441e-05,5.77130856392212e-05,0.0053401112207515,5.77130856392215e-05,5.77130856392222e-05,0.152484082829387,0.0340296177551237,0.0109903336307601,5.77130856392222e-05
"GGAGAAGTCATTGGCA-1",0.0057951444312973,2.63035958279274e-05,2.63035958422468e-05,0.00246037121702452,0.0160100308428033,0.00401950874588542,0.959085765356889,2.63035958425834e-05,2.63035958368041e-05,0.00489663315481722,2.63035958536616e-05,2.6303595843235e-05,0.00691976904624714,0.000602348438292201,2.63035958426658e-05,2.63035958550016e-05
"GGAGCACCAAGAACTA-1",5.01406736517613e-05,5.01406736517494e-05,0.0298005609564193,7.79833651912547e-05,0.155713810366534,0.0758781168867723,0.569745945198713,5.01406736517563e-05,5.01406736517549e-05,0.0300778469455535,5.01406736517541e-05,0.0273965911436757,0.0546587235542036,0.048687327935826,5.01406736517528e-05,0.00766224960520086
"GGAGGATTGAAAGGAG-1",0.0316080702318269,1.86381090672165e-05,1.86381090668586e-05,2.14900363571045e-05,0.00121283080189787,0.0211888081861914,0.913388359726754,1.86381090668385e-05,1.8638109067676e-05,0.0191452501396073,1.86381090664882e-05,0.00861098806975304,1.86381090668575e-05,1.86381090819998e-05,0.00467509793506177,1.86381090668576e-05
"GGAGGGCTTGGTTGGC-1",0.191137257979749,0.000666361175234065,2.09861192134575e-05,0.0440657047535364,0.0660006090431334,0.052947202216334,0.563375686364666,2.09861192134585e-05,2.09861192134586e-05,0.0135779599524361,2.09861192134593e-05,2.09861192134602e-05,2.09861192134577e-05,0.0461691498828383,0.00233646767117315,0.0195976842456182
"GGAGTGCCGCCCTGGA-1",3.61651266857811e-05,1.98101385336954e-05,0.00207522527771575,0.0622180998683413,0.0535576287614065,2.84218454432891e-05,0.859618303526416,1.9810138532817e-05,0.00324052685295291,0.010356608265863,1.98101385363803e-05,2.22599304245849e-05,0.00872789971354798,1.98101385338944e-05,1.98101385328159e-05,1.98101385328166e-05
"GGATCATCCCGTACGC-1",0.000152499266408497,0.0554686681001589,4.09464861781475e-05,0.0231315573445172,0.570199033950041,0.0530054034698587,0.277667145818636,5.42883817705327e-05,4.09464861781359e-05,0.0119595340363895,4.09464861781466e-05,4.09464861781587e-05,4.26175636393053e-05,0.0080735731515109,4.09464861781505e-05,4.09464861781477e-05
"GGATGACGCGAGTTTA-1",3.66669187893055e-05,3.66487250486956e-05,3.71334145436934e-05,3.66688660999961e-05,3.66369170690852e-05,3.66687544357888e-05,0.999449567635111,3.66631911621171e-05,3.6668915807756e-05,3.66688597519966e-05,3.6668859365759e-05,3.66635045574639e-05,3.66688597590224e-05,3.66688593183322e-05,3.66688594527251e-05,3.66688597274845e-05
"GGATTAAGCTAAGGTC-1",1.20285804261237e-05,1.20285804780774e-05,1.20285804415358e-05,1.20285804241008e-05,1.20285804875906e-05,1.20285804387986e-05,0.999819570766697,1.20285805938089e-05,1.20285800144134e-05,1.20291052026685e-05,1.20285829515274e-05,1.20285803993008e-05,1.20285804163168e-05,1.20285801938859e-05,1.20285804244205e-05,1.20285804100445e-05
"GGATTCCGCTATACCC-1",0.227116294939057,0.0279546419668837,0.0147373487046624,0.000164206804727812,0.0239374359239247,0.0803221033975982,0.373859538567734,6.13014932339897e-05,6.13014932339834e-05,0.0150721957036532,6.13014932339858e-05,0.0220778693960386,0.013268957314297,0.190458725456792,6.13014932339924e-05,0.0107854758516964
"GGCAATAGTCAATGAG-1",0.0400491075719831,0.020889414315715,4.16937709533874e-05,4.1693770953379e-05,0.105401023972363,0.00523545502539608,0.215083690356733,0.0538062338957904,0.00393004339126042,0.0249892632052011,4.16937709724955e-05,0.0128893941115739,0.00822255129296918,0.508374504230662,4.16937709533876e-05,0.000962543546519849
"GGCACTCCACTGGGCA-1",0.030925522262427,1.16334273160105e-05,1.16334273175829e-05,0.0456257098137899,1.1633427319786e-05,2.5143343158065e-05,0.760558575319628,1.16334273175713e-05,0.0596608132201027,0.000776041547238832,1.16334273165257e-05,0.00322289180219842,1.16334273175684e-05,1.16334273175305e-05,0.0991122352729166,1.16334273175726e-05
"GGCAGCGGTAATCCTA-1",4.43828843733387e-05,0.018306273909246,0.00342780081641848,4.48953235328936e-05,0.505549234929433,0.0300356264752983,0.395292613038763,4.43828843733573e-05,0.00223908162767312,0.0117513753895976,4.43828843733451e-05,0.00862808261000476,4.43828843733435e-05,0.0244587185737929,4.43828843733416e-05,4.43828843733433e-05
"GGCATACAGGTAGCGG-1",4.75898587174069e-05,4.75833207525942e-05,4.7744258360819e-05,4.75846392027124e-05,4.76266254296122e-05,4.75882314376691e-05,0.99808930090331,4.76010260776476e-05,4.75921168480345e-05,4.75898482831875e-05,0.00124425471555726,4.75851484616885e-05,4.7589827236342e-05,4.75898272216103e-05,4.75898262567392e-05,4.7589826846228e-05
"GGCATATCGGTTCTGC-1",0.175708281579337,3.04579390515759e-05,0.00746127220083715,3.04579390515847e-05,0.362359733823029,3.04579390515893e-05,0.429882419658689,3.04579390515884e-05,3.04579390480654e-05,3.04579390592638e-05,3.0457939051591e-05,3.04579390515911e-05,3.04579390516024e-05,0.0242532554085359,3.04579390515894e-05,3.04579390515961e-05
"GGCCCAGTTATCAGCA-1",0.0027886671883247,3.62454531371847e-05,3.6245453137218e-05,0.020672603820362,0.128072444894338,0.0709176518370483,0.651927221922846,0.0277988858604644,3.62454531371917e-05,3.62454532842565e-05,3.62454531371843e-05,3.62454531371819e-05,0.0179809456173419,0.0795516152340305,3.62454531371874e-05,3.62454531371899e-05
"GGCGGAGTAATATTAG-1",0.0457255385707547,0.0401990293851488,2.63667033470809e-05,0.176188984626422,2.63667033470575e-05,3.06422064210527e-05,0.537212478320223,0.00537483764772117,0.0452535956374922,0.0177631472310018,2.63667033462035e-05,2.6366703347076e-05,0.00925533580296444,0.00732482684906605,0.0672120991728608,0.0483540177365368
"GGCGGTAGGATCATTG-1",5.99458758096928e-05,0.078155218004186,0.0310113828603321,5.99458758096981e-05,0.0346752752658923,0.0276132170237987,0.186583164021514,0.0566501361386911,0.0204527819721703,0.0132488744423969,0.000136541126960504,5.99458758096957e-05,0.0403442131131792,0.484717201798478,0.0261722107291626,5.99458758096952e-05
"GGCGTCCTATCCGCTG-1",4.11247696950069e-05,4.11377715408785e-05,4.11387093372992e-05,4.11369924939317e-05,4.11334456610988e-05,4.11369925707837e-05,0.997243605221436,4.11267552019885e-05,4.11218377031469e-05,4.11369923983011e-05,0.00103026194854846,4.11369925642213e-05,4.11369921710375e-05,4.11369927088728e-05,0.00119139059372334,4.11369922456092e-05
"GGCTAAAGGGCGGGTC-1",0.000158016383361334,2.6893661339745e-05,2.68936613397598e-05,0.081975709079627,0.591698989205108,3.28749437335181e-05,0.252455804901397,0.000303596168841887,0.0223295119479821,2.68936611072584e-05,2.6893661339759e-05,2.68936613397797e-05,0.0435045815657597,0.00735266017504369,2.68936613397584e-05,2.68936613397558e-05
"GGCTAATGATTGAAAT-1",0.0302816480959661,0.0725189394059349,0.0132650288920663,0.00546463555830792,0.0194724963620065,0.578469484619088,0.163912634547593,5.82981403631156e-05,0.00594313675700459,5.82981403631368e-05,0.00051759087792132,0.0276752928407355,0.0540731767637247,0.0281727427181986,5.82981403631168e-05,5.82981403631162e-05
"GGCTATTAAGTTGTAT-1",2.09239540696015e-05,2.09236352692037e-05,2.092395232883e-05,2.09239540605589e-05,2.09239541761897e-05,2.09239540816053e-05,0.995285634134,2.09224543046565e-05,0.00261454966607759,0.000169440075267572,2.09239540629816e-05,2.09238820100053e-05,2.09239540612842e-05,2.09239540181712e-05,2.09239540638773e-05,0.00167929056814819
"GGCTCGTGCCACCAGC-1",6.65800001892257e-05,6.65806392357864e-05,6.6578589757143e-05,6.65783998149769e-05,0.0017762681356811,6.65800890992036e-05,0.970434367735906,6.65800889931812e-05,6.65800888739262e-05,0.00137718513484054,0.0041267908311336,6.65800586458844e-05,6.65800891641475e-05,0.005074185529816,0.0025775888098133,0.0140343957790357
"GGCTCTGCTCCAACGC-1",0.0884289719684774,0.0112843203640651,3.92596284771762e-05,3.92596284771762e-05,0.112290422518341,0.122112772246323,0.362292168572344,3.92596284771756e-05,3.92596284771769e-05,0.0137625290266422,0.00067485381230355,0.0155693970520278,0.097126932120412,0.176222074548201,3.92596284771815e-05,3.92596284771751e-05
"GGCTGAGCATCGTAAG-1",0.0657161718938103,0.0519903358584385,0.00393289109205789,0.0197559175828675,2.11294405015597e-05,0.0295182106407699,0.758293665473751,0.0125192522739954,2.11294405015273e-05,0.0274922273169459,2.1129440501527e-05,4.96159395168892e-05,0.00755112872184836,0.000981325543620077,0.0221147399003725,2.11294405017035e-05
"GGGAACGGGAGGTTAG-1",1.92868367589959e-05,1.92868371018446e-05,1.92868367589958e-05,1.92868367589989e-05,0.0275318119007984,3.48487378110125e-05,0.951406037475278,0.00294708099430749,1.9286836759004e-05,1.92868367589848e-05,1.92868367590013e-05,1.92868367590023e-05,0.00254252470602726,0.0147473812190598,0.000616733435544355,1.92868367590012e-05
"GGGAATGAGCCCTCAC-1",9.735895996357e-05,5.44671544810869e-05,0.0122164554946603,5.44671544810893e-05,0.230844058964452,0.39244379259226,0.220437961184322,0.0228353991594068,5.4467154481088e-05,0.00495126765547032,5.44671544810881e-05,0.0723374454444744,0.0184336137005182,0.0250758439175847,5.44671544810967e-05,5.44671544810889e-05
"GGGACTGCATAGATAG-1",0.00463238564889056,7.24538717020625e-05,0.0830371976202404,0.139016396653797,0.00031704903779483,7.24538717048328e-05,0.127143631117013,0.0660784440148258,0.139490101196579,0.00700786286126231,7.24538717048333e-05,0.0116378286094079,0.000706437889836316,0.113694773979188,0.295541634671641,0.0114788950844125
"GGGAGAACTCACAGTA-1",5.64152788146179e-05,0.0153817253061635,0.024631182838952,0.00749634032926343,0.0698860653428194,0.0493083332000708,0.156895376819168,0.0434856344584506,0.0303454520250191,0.0343473727159432,5.64152788146232e-05,0.0224226685409275,0.0556386067801197,0.450766145819201,0.0392258499874586,5.64152788146205e-05
"GGGAGGATGCCCGAAA-1",0.0433582634824834,1.27261434575438e-05,1.27261434575442e-05,0.0584941001580521,0.112103182375927,0.0313912632596437,0.655151571411451,1.27261434575447e-05,0.0182972176949786,0.00726847045314039,1.27261434575446e-05,0.034372447194006,0.0102719493206726,0.0161273761382962,0.0131005277940614,1.27261434575444e-05
"GGGAGTTAATGAGGCG-1",0.00578359430693133,0.00757118505002162,3.01451197165701e-05,3.01451197165614e-05,0.213255712137727,0.0846095392018176,0.535219162467595,3.01451197165738e-05,0.00334014843002936,0.0225080765128024,3.01451197165682e-05,3.01451197165679e-05,3.01451197165681e-05,0.097070163381334,0.0304314026737252,3.01451197165758e-05
"GGGATCCCAATACAAA-1",3.65916449795398e-05,3.65916449793655e-05,3.65916449795418e-05,5.92739505456163e-05,0.0760744352067878,0.0172944385950226,0.758350609433462,3.659164497987e-05,3.65916449795403e-05,0.0191169765489516,3.65916449795385e-05,3.65916449795411e-05,0.0200827755023843,0.0532415607664878,0.0554871968365221,3.65916449795318e-05
"GGGCCTATTTAAGTAT-1",7.66079397033755e-05,0.00676885796482806,0.0584824108851416,0.0833556692392496,0.0441767158980327,0.224784826212231,0.444658412967021,7.66079397033836e-05,7.66079397033981e-05,7.66079397033922e-05,7.66079397033921e-05,0.000325092734527469,0.107479514820874,0.0193862412749852,7.66079397034019e-05,0.0101226103648886
"GGGCGATATGTGTGAA-1",0.0286479711399759,2.87407515362092e-05,2.87407515362034e-05,0.0124343081824061,0.275644240607487,2.87407515362066e-05,0.553206846866932,2.87407515361881e-05,0.011079377697699,0.017130536659133,2.87407515362063e-05,2.87407515362095e-05,0.0161399252773968,0.0854868675566806,2.87407515362063e-05,2.87407515362068e-05
"GGGCGTACATTTATAT-1",7.54174256396237e-05,4.57218780178188e-05,0.0188919960242365,8.69523141535066e-05,0.381356317306586,4.57218780178189e-05,0.502520136771432,4.572187801782e-05,0.00870740517924967,0.0072989650493703,4.57218780178523e-05,0.0102574827908257,0.026988091314337,0.0322166471532434,4.57218780178373e-05,0.0113719792808373
"GGGCGTCCACTGGCTC-1",6.6334891573352e-05,6.63348915733183e-05,6.63348915733214e-05,6.6334891573249e-05,0.505099095274591,6.6334891573313e-05,0.415034772233693,6.63348915733657e-05,0.0124873623696207,0.00769425448011366,6.63348915733185e-05,6.63348915733166e-05,0.0127956550339284,0.0462255116923197,6.63348915733263e-05,6.63348915733139e-05
"GGGCTCATCGAACCCA-1",0.000282608580589915,5.82517196073145e-05,0.00273276399309859,0.0329699591984013,0.599561379047931,0.0511069542969669,0.239870624474058,5.82517196074433e-05,0.00795818848987808,0.00589352923196989,5.82517196074581e-05,0.000157478197581641,0.0201373414511528,0.0101217158624081,0.0289744502975343,5.82517196074574e-05
"GGGCTGCCTAGGGCGA-1",0.0477461895862958,0.0436782949192827,7.20108107894912e-05,7.20108107894784e-05,0.128541228362997,0.115499951534631,0.121725815612282,0.0240387971565076,0.00861469512947568,0.0112642531160145,7.20108107637153e-05,0.0517822015169723,0.182853260720088,0.263895258291532,7.20108107894904e-05,7.20108107894899e-05
"GGGCTGGTTAGTCGCG-1",2.65990789178724e-05,0.0204224313611619,2.65990789178716e-05,0.10331955645638,0.139773977099465,0.0112322694133071,0.500898649841699,0.0122951068007759,0.00654830395417648,0.0377558470703948,2.65990789178718e-05,2.65990789178704e-05,0.0399803539586628,0.111245079819846,0.0156083349189803,0.00081369298947903
"GGGTACTTCATGAACT-1",5.35047070647052e-05,5.35159510530549e-05,5.34660087103228e-05,5.35046216663161e-05,5.35041840486777e-05,5.35050005838756e-05,0.996147269104086,5.35050004277354e-05,5.34971494756589e-05,5.35050008373559e-05,0.00310369716326645,5.35061058967142e-05,5.35050005481593e-05,5.35050004700412e-05,5.35050014467804e-05,5.3505000418315e-05
"GGGTATGTATGCACTT-1",4.18223296415962e-05,4.18223295943986e-05,4.18223296198476e-05,4.18223296276907e-05,0.00651706304163645,4.18223296276894e-05,0.961534730342916,0.0061664525553455,0.00614089349011023,0.00267490386915711,4.18223296200875e-05,4.1822329609882e-05,4.18223296411595e-05,0.0137503646190057,4.18223296276897e-05,0.00283919111521907
"GGGTCACCGTGACGGT-1",0.0823246756297923,1.85716047274959e-05,1.8571604727959e-05,0.129667686562446,0.0132595545901117,2.22386760291152e-05,0.648395767803703,0.00394783784162706,0.0509576616874349,0.0259457656826731,1.85716047279632e-05,0.0122282331294909,0.0110675154585759,0.0220902049144771,1.85716047279634e-05,1.85716047279672e-05
"GGGTGGTCCAGCCTGT-1",2.54745578715354e-05,2.54733296199252e-05,2.54746209079719e-05,2.5474588267255e-05,2.54744957684599e-05,2.54692744394306e-05,0.999126095744695,2.54743195031607e-05,2.54745882772039e-05,2.54745884182697e-05,2.54745882510907e-05,2.54745322510267e-05,2.54745882850798e-05,2.54745866913404e-05,2.54745881604021e-05,0.000517267008593176
"GGGTGTTTCAGCTATG-1",0.0101638731599093,1.30417962763906e-05,0.0198077290501125,0.0359261494129595,0.0170925468021973,0.00620384697039612,0.868479544537139,0.00587128983708873,1.3041796276556e-05,0.0141545838485013,1.30417962765561e-05,0.00963300742128025,0.00896058946202024,1.30417962714577e-05,0.00364163051701774,1.30417962767667e-05
"GGTAAATGTGCGTTAC-1",1.39459547515406e-05,0.0102948820501936,1.39459547515392e-05,0.000477716311802523,0.120491152521646,0.0583199027213175,0.747260597321295,1.39459547515442e-05,1.39459547515397e-05,0.0228229096640721,1.39459547515393e-05,0.00816664435000984,0.0114430719398716,0.0206255014365305,1.39459547515435e-05,1.39459547515407e-05
"GGTAGTGCTCGCACCA-1",0.0660363026376886,5.69498799040632e-05,5.69498799040642e-05,5.6949879904061e-05,0.461111553031124,0.0209166311740545,0.312799397458632,7.78891196411319e-05,0.00805291838268789,0.0141144421372969,0.00221807501764716,5.69498799040676e-05,5.69498799040657e-05,0.109089127324443,0.00524196443736033,5.69498799040655e-05
"GGTATTGCCGAGTTTA-1",0.00773712579557544,0.00350578260416142,3.87823441513623e-05,0.0444419376794739,0.0362595942006617,3.87823441513668e-05,0.420759310140991,0.05988548265102,0.0235801487320676,0.0105855173543465,3.87823441533273e-05,0.00725454843087697,0.00624007010836851,0.281806584305693,0.0760744594752237,0.0217530914890847
"GGTCATTGTAGTCATA-1",3.69601817522821e-05,0.00137164439718125,0.00760083845466487,0.0725510790822544,0.0617614963078893,0.160510934539123,0.6175971176817,0.012744403770111,3.6960181752283e-05,0.017806632219831,0.00618195520440348,3.69601817522824e-05,4.86721746842021e-05,0.00685086947580711,3.69601817522839e-05,0.0348265159653414
"GGTCGGATAAACGGCG-1",5.95806463862042e-05,0.00295942047948076,5.95806463862012e-05,0.024456721902515,0.384310404533389,0.057732693390757,0.278292770256887,0.0340679556785689,5.95806463862049e-05,0.0120347265347059,5.95806463862044e-05,0.0508774558309443,0.0603658589754279,0.0945445085390068,5.9580646386205e-05,5.95806463862042e-05
"GGTCTGAGAATCTGGA-1",0.124272748274354,4.78259083692841e-05,4.7825908369281e-05,0.0469904984891366,0.0983795697316347,0.0778746711394066,0.473947384869297,4.78259083692841e-05,0.011169102757493,0.0192173143541397,4.78259083692841e-05,4.78259083692856e-05,0.0440340222182195,0.0896077358696948,0.00177989485107919,0.0124879279036987
"GGTGCAGAGCCTATCG-1",8.3556035522618e-05,0.197462005897158,0.0136051178736007,0.0402275904909864,0.224633979275139,0.160580414229729,0.312501589734725,8.35560355226184e-05,8.35560355226157e-05,0.00741532556854071,8.3556035522617e-05,0.00010943813365317,0.0252140731824499,0.0177491294008818,8.35560355226033e-05,8.35560355226496e-05
"GGTGCGGATAAGTGGC-1",2.28093465370264e-05,2.28097376202361e-05,2.28062080032687e-05,2.28093465363652e-05,2.28093451000013e-05,2.28093465294684e-05,0.991627742168248,2.28096449383357e-05,0.00589645777053651,2.28093463965329e-05,2.28093465039648e-05,2.28093465744131e-05,2.28093464229539e-05,2.28093465237565e-05,2.28093464890766e-05,0.00217928100704004
"GGTGGACCACGTGTTA-1",0.0247402047296996,0.00266271940417569,2.33792475582879e-05,0.000119512593459503,0.0097387130355855,2.2759044380439e-05,0.946243898231741,1.90821682142992e-05,0.00706504172970436,0.00394470128979078,1.90821682148479e-05,0.00116919952097021,6.07146315374362e-05,0.00406219570101217,8.9714335739979e-05,1.90821682157874e-05
"GGTTAGGCTTGGAGAA-1",2.91746140275874e-05,2.9171473705403e-05,2.91757745436108e-05,2.9173991614531e-05,2.91767317801432e-05,2.9174106911339e-05,0.998508687141228,2.91741515152814e-05,2.91732733809502e-05,2.91741516006322e-05,2.9174151654787e-05,2.91741347322699e-05,2.91741512765584e-05,0.00108287384898525,2.91741515516953e-05,2.9174151492137e-05
"GGTTTAATTGAGCAGG-1",1.00438686822189e-05,1.00438686860774e-05,1.00438686822175e-05,2.01755837927362e-05,0.00159109055880489,8.18391482979857e-05,0.996031135112851,0.00110737261814314,1.00438686822168e-05,1.0043868679323e-05,1.00438686825777e-05,0.00105168742376455,2.44848195961051e-05,1.00438686551856e-05,1.18637852958453e-05,1.00438687035991e-05
"GGTTTACAATCTCAAT-1",0.0190567597726814,0.0182912481525452,0.0286340318086766,5.83965452482041e-05,0.341040099221659,0.100890200816973,0.308350442845205,5.83965452482147e-05,0.00297915694560659,0.0221826929328752,5.83965452482034e-05,5.83965452482027e-05,0.0295191298645712,0.128705858367718,5.83965452482007e-05,5.83965452482031e-05
"GGTTTGACAAGAAGCT-1",5.180395168528e-05,0.00874470038701584,5.18039516852669e-05,5.1803951685288e-05,0.0138306933854714,0.375630583416099,0.172606581473308,5.18039516852933e-05,5.18039516852895e-05,5.18039516852896e-05,5.18039516852887e-05,0.0350411251325749,0.37007143989797,0.0120639607286768,5.18039516852761e-05,0.0115964839654015
"GTAACAACTGACCTTG-1",0.138877870909892,3.78883604143772e-05,0.0267640142052553,0.0220511117495729,0.0231457832158735,0.0245661024884918,0.655616167246545,3.78883604144298e-05,3.78883604143765e-05,0.0212936238779744,3.78883604143771e-05,3.78883604143658e-05,0.00414911552363356,0.0229461422164151,0.0603627384038601,3.78883604134828e-05
"GTAAGCGGGCAGTCAG-1",2.04762069325138e-05,2.04762069323633e-05,0.0214374381652613,0.0203726569516983,0.315505971216399,0.00568090029047825,0.551088855761162,2.04762069325266e-05,2.04762069325246e-05,0.02628767386989,2.04762069325139e-05,2.04762069325133e-05,2.04762069325144e-05,0.0526200005236304,0.00424353379255918,0.00261963598039411
"GTAAGGATTTGTCGGA-1",1.87414441844941e-05,1.87414441874015e-05,1.87414441844908e-05,0.00800048566683643,0.0164810488979339,0.0101639732279692,0.899048820245766,1.87414441845142e-05,1.8741444183818e-05,0.0162499343557205,1.87414441830642e-05,0.0118247892650112,1.87414441845031e-05,1.87414441716103e-05,0.0358496881763066,0.00223132861099239
"GTAAGTAGGGTATACC-1",4.08788971566822e-05,4.08845074836621e-05,4.08781261711722e-05,4.08801358420207e-05,4.08790928430157e-05,4.08775725403784e-05,0.997867573481237,4.08801056067995e-05,4.0879050836244e-05,4.08801057400927e-05,4.08801058829003e-05,4.08797826870003e-05,4.08801055081407e-05,0.000459819887606733,4.08801060789701e-05,0.00114116893677928
"GTACACTTACCTGAAG-1",0.0650150500313826,5.24145188866719e-05,0.018338915251504,0.0198913252518073,0.025328862660627,0.0342483816861803,0.312692850778785,0.161408202389959,0.0571650860556779,0.0112364603361986,5.24145188866764e-05,5.24145188866764e-05,0.0310633057889136,0.169025903549992,0.0901281659050255,0.00430024675728735
"GTACGAGATTGCGACA-1",4.33710560658138e-05,4.33710560658228e-05,4.33710560658127e-05,4.33710560658042e-05,0.279643355853771,0.0267307189996252,0.536652185395035,4.33710560658057e-05,0.00494370820925547,0.0391230258226245,4.33710560658134e-05,0.0632216603097636,6.47433712746732e-05,0.0289140908904235,0.0204029137557665,4.33710560658134e-05
"GTACGTCACGTATTAA-1",6.03428488003075e-05,6.03428488002922e-05,6.03428488002934e-05,6.03428488002796e-05,0.461581396789552,0.0791531237290821,0.32865362929483,0.000119495065256322,0.00929929239161903,6.03428488002952e-05,6.03428488002949e-05,0.05238738654599,6.03428488002973e-05,0.0504054234884436,0.0179175099048246,6.03428488002973e-05
"GTACTAAGATTTGGAG-1",4.64485900296467e-05,4.64485900296418e-05,4.64485900296416e-05,4.64485900296389e-05,0.413039859428191,0.0187402221454066,0.497956771757272,4.64485900296272e-05,0.00984784047244836,0.004701501194645,4.64485900296414e-05,4.6448590029645e-05,4.64485900296466e-05,0.0552493191017405,4.64485900296434e-05,4.64485900296417e-05
"GTAGGTGATCCGTGTA-1",0.110550040452887,0.0403258270614077,3.32388158242145e-05,0.000122849312482721,0.264441334180093,0.00139248357524282,0.511156425300273,3.3238815824293e-05,3.32388158242485e-05,0.0193265442884433,3.32388158242837e-05,3.32388158242841e-05,3.32388158243046e-05,0.045502011594284,7.60134244610831e-05,0.00690703791547947
"GTATAGGACTCAGTAG-1",2.1570036570649e-05,2.15700365706518e-05,0.0112652464222045,0.0315460538570063,0.326518898831617,0.0179541948163687,0.587802168003696,2.15700365706575e-05,2.15700365706514e-05,2.15700359592257e-05,2.15700365706518e-05,2.15700365706551e-05,2.1570036570653e-05,0.0246977377040125,2.15700365706527e-05,2.15700365706498e-05
"GTATTAGGGTTCGCGT-1",0.030454014962022,0.0155381614903102,1.52590097012136e-05,0.0100839327945757,0.0584670215322616,0.000115213562674082,0.853815938972585,1.52590097012104e-05,1.5259010126642e-05,1.52590097012163e-05,0.0105081778124212,1.52590097012022e-05,1.52590097012119e-05,0.0208301262122504,7.31160713086682e-05,2.27425309589e-05
"GTCACAAAGTTTCCAA-1",2.90578819062394e-05,2.90450513928355e-05,2.90600652701432e-05,2.90582006637863e-05,2.9057334736841e-05,2.90466552050851e-05,0.999033186392782,2.9058210654489e-05,2.90586518375914e-05,2.90582106734733e-05,2.90582105305155e-05,2.90576803349348e-05,2.90582103486887e-05,2.90582105026039e-05,2.9058210143097e-05,0.000560022823017243
"GTCAGAATAGTCTATG-1",6.44453682384067e-05,6.44428201335966e-05,6.44435571836063e-05,6.44428759566106e-05,0.00183040016926748,6.44428902097364e-05,0.992727868064246,6.44428692965606e-05,6.4442819720276e-05,6.44428170352789e-05,0.00148867750672387,6.44456932153408e-05,6.44428693975429e-05,0.00132068686261123,6.44428697652851e-05,0.0019234899469994
"GTCAGTTGTGCTCGTT-1",1.37955565219029e-05,1.37955565223269e-05,1.3795556521888e-05,0.0255990962013351,0.0451567773360195,0.0222081367827407,0.855431629382165,0.010372875864405,1.37955565218988e-05,0.000253845173428379,1.37955565219006e-05,0.0260959441225897,0.0100647984475376,0.0033006977472815,1.64850403902657e-05,0.00143073611949701
"GTCATGCACCTCCGTT-1",4.1101353168502e-05,0.0211217443896668,0.0258873720230225,4.11013531684997e-05,0.0512978717865198,0.00583474826136772,0.321678085159865,0.0614741168310473,0.0172055297081077,0.032829492748581,4.11013531684994e-05,0.0138299554285707,0.010547026646319,0.424100643099265,0.0140290085049939,4.11013531685032e-05
"GTCATGGACATGACTA-1",2.96419701560646e-05,0.00940056743962718,0.0373836804331256,2.96419701560802e-05,0.160171192346024,0.0681533895557043,0.517086542383572,2.96419701560701e-05,2.96419701560715e-05,0.0288863222638611,0.00696218027955529,2.96419701560721e-05,0.0165619960553936,0.155186635452044,2.964197015607e-05,2.96419701560707e-05
"GTCCCAACGTAAAGTA-1",0.0837266569825166,4.71137443818542e-05,4.71137443819297e-05,4.71137443819282e-05,0.13729205783486,0.0398473076286592,0.503947665545185,0.0480947262896749,0.0238087519336148,0.00445992732050339,0.00236979256147172,4.71137443819291e-05,0.00790845310894481,0.148261978328277,4.7113744381926e-05,4.71137443819362e-05
"GTCCGGCTGAATTGCG-1",3.84215983516904e-05,3.15438576890804e-05,3.15438576890652e-05,3.15438576890814e-05,0.358583807053276,0.00703444365940423,0.550825587697126,3.15438576890694e-05,0.00514665796808803,3.15438571994291e-05,0.000633149452394539,3.15438576890759e-05,3.15438576890619e-05,0.0269390226130067,0.0290311630848632,0.0215469398701558
"GTCCTTCTAGTGGGTT-1",0.0938173606248926,1.93759253450492e-05,1.93759253451814e-05,1.93759253451842e-05,1.93759253451821e-05,0.0594016097377959,0.673506761429357,1.93759253451858e-05,0.00534094347986675,0.0566435981952184,1.93759253451821e-05,0.0279089247649027,0.0311431415531392,0.00997441843403048,0.0421276103033809,1.93759253451821e-05
"GTCCTTTAATGACTTC-1",0.0090338458175173,0.180908323862886,0.0174654363866813,6.47536378932328e-05,0.058414787560537,0.231600551482752,0.340407122461877,5.91126495203599e-05,0.0237650110199735,0.009692458037428,5.91126495321431e-05,5.91126495203374e-05,0.047012317803613,0.0749769893589819,5.9112649520339e-05,0.0064219519717669
"GTCGGAAGGATACCAG-1",8.68673970872595e-05,0.0546687158553294,0.000275009289091969,8.68673970872493e-05,0.0442841914921283,0.398225878351946,0.23024097117134,8.68673970872423e-05,8.68673970872463e-05,0.0158299455628656,8.68673970872509e-05,0.0727953739032558,0.170535151478723,0.0125366911157084,8.68673970872478e-05,8.68673970872482e-05
"GTCGGATATCTCAGAC-1",2.05406644913648e-05,2.05400500170659e-05,2.05386251822039e-05,2.05406644997375e-05,2.05415468119235e-05,2.05406644701964e-05,0.998285839639411,2.05457950342854e-05,0.0012837300033424,0.000163398395476125,2.05406644642927e-05,2.05406291293452e-05,2.05406644530695e-05,2.05406642189274e-05,2.05406644713089e-05,2.05406645272569e-05
"GTCGGATGTAGCGCGC-1",4.55896981311618e-05,0.0320608783263186,0.0173468629731996,0.0572049074523679,0.278325054765267,0.0460602672109286,0.526193221874901,4.55896981311512e-05,4.55896981311539e-05,0.0138303310936578,4.55896981311657e-05,4.55896981311661e-05,4.55896981311542e-05,0.0286137587183095,4.5589698131145e-05,4.55896981311662e-05
"GTCGTATTGGCGTACA-1",0.000130994901517668,0.000190573730510456,4.08539053802949e-05,0.0414209740390064,0.600469881221211,0.112647008090554,0.181408673440075,6.55527616816249e-05,4.08539053802975e-05,4.08539045283553e-05,4.08539053802984e-05,4.08539053803017e-05,0.0575510136930447,0.00582935078558876,4.08539053802981e-05,4.08539053802994e-05
"GTCTATCTGAGTTTCT-1",2.34510086506395e-05,2.34510082033314e-05,0.00727045386310353,0.000234419616349405,0.0306492183551259,0.041113918314977,0.819875803895794,0.00714837522535131,2.34510086512553e-05,0.0160865764144248,0.00829144160006252,2.34510086506434e-05,0.0271292198105435,0.0330053712620199,0.0090779465994419,2.34510086506358e-05
"GTCTCGATCTGCTTTC-1",0.11828536221471,6.22942624687035e-05,6.22942624687019e-05,6.2294262468697e-05,0.305468347491646,0.00536468600555523,0.338835251868482,6.22942624687019e-05,0.00619735046048426,0.0140620404525447,6.22942624687033e-05,0.0871960919894188,0.0668994451821567,0.0502469885007417,6.22942624686982e-05,0.00707067025944879
"GTCTTAGTACAGCCGG-1",1.99502318438664e-05,1.99502318438766e-05,0.0139913016412258,0.0533061890044228,0.19302769266111,0.00511907673136743,0.570240332685244,1.99502318438891e-05,1.99502318438815e-05,0.0186701676006535,1.99502318438762e-05,0.0147105253042131,0.0169400724342212,0.0308832818736927,0.0829916586727856,1.99502318438749e-05
"GTGAAACGGCGCCACC-1",8.0817722443328e-05,4.29805832514963e-05,4.29805832514901e-05,0.0189529941180668,0.41938154918334,0.0206961811079991,0.418560246458417,0.000140238755027128,4.29805832514912e-05,0.00692137095854657,0.0038099592763012,4.29805832514896e-05,0.0232028237086949,0.0879959352116543,4.29805832514849e-05,4.29805832514963e-05
"GTGAAGATTTCAAGTG-1",0.0710880631356511,0.000254953123574071,0.00102454970608328,7.98667664727405e-05,0.335340433146028,0.0241451824620265,0.149607655270164,0.0854633218623588,0.0905705257084418,0.00671152160618526,7.98667664727403e-05,0.0276842703871487,0.0330420423395276,0.115937705695989,0.058890175257405,7.98667664727407e-05
"GTGAAGCCGTATAGTC-1",0.01436995163364,4.76972841932245e-05,4.76972843534351e-05,0.0228768662851257,0.409400076406627,0.0291126032800637,0.39245306876119,0.000749142694221659,4.76972843534354e-05,0.0102762589028658,4.76972843534347e-05,0.0482194313442313,0.0338473549280798,0.0191157043228537,4.76972843534241e-05,0.0193410550194949
"GTGAGCGTGCTGCACT-1",0.00965918350830254,2.96549746738718e-05,2.96549746734708e-05,2.96549746734679e-05,0.00823988133922111,2.96549746734707e-05,0.960710955099567,2.96549746732695e-05,0.000645955347918675,0.00566847214497918,2.96549746608568e-05,2.96549746741616e-05,2.96549746734805e-05,0.0107581331388584,2.9654974673472e-05,0.00405052464910383
"GTGAGGAGCGGTTGAG-1",2.88917152356695e-05,1.92614577987584e-05,1.92614577987582e-05,6.2776178431536e-05,0.138741360020896,0.061212844495653,0.54653333156904,1.92614577987568e-05,0.0724891884222973,0.0169842803256597,1.92614577987581e-05,0.0840277842753839,0.0298169239414692,0.0184462210809754,0.00715102702029542,0.0244283251234674
"GTGATGCACAACATCT-1",2.86739844244346e-05,0.101335571193086,0.00226764305442432,0.0107160839437091,0.183546721028676,2.86739844244311e-05,0.561657534799926,0.00974638441187689,2.86739844244307e-05,0.0668047756204953,2.8673984424431e-05,2.86739844244315e-05,2.86739844244313e-05,0.0286994268770379,0.0181406571539409,0.0169131580102815
"GTGCAACAAATGTGGC-1",1.78654187134379e-05,1.78654187125974e-05,1.78654187134382e-05,0.0288575807091094,0.00464429724699769,4.40614425574806e-05,0.955059111736433,1.78654187133405e-05,1.7865418700786e-05,0.00312759080985849,1.78654187201818e-05,0.00808870386792642,1.78654187134298e-05,1.78654187034088e-05,1.78654187134325e-05,1.78654187131995e-05
"GTGCACGAAAGTGACT-1",0.0321631874307818,0.036138471454622,0.0450661042403822,0.0570091204622086,0.0393336727313764,2.64784631243845e-05,0.588601377546792,1.88619410492836e-05,0.0352712571557368,0.0289427556961509,0.00303008750220269,1.88619410492889e-05,0.00757972974814183,0.119299612321257,0.00568417324761747,0.00181624811750738
"GTGCCTCAGTGTACGG-1",0.106577042297737,2.0640384421723e-05,2.06403844217206e-05,2.06403844217224e-05,0.194982519136436,7.58568893882041e-05,0.595021886983956,0.0465427362572904,2.06403844217307e-05,0.0166293593724933,0.00244541833598556,2.06403844217235e-05,3.00027458438366e-05,0.0200797122602561,0.0174916234140836,2.0640384421724e-05
"GTGCGGGTCTCCAAAT-1",1.95223937112753e-05,1.95223937112316e-05,0.0125126946510974,8.90188010111418e-05,0.160643654050896,0.038107352097847,0.661046006841892,0.0090218601245245,0.00160320553931055,0.0261149293348849,1.95223937112699e-05,1.95223937112709e-05,0.00969615635296677,0.0344197699741409,0.0392445131713708,0.00742274948521361
"GTGCTCAAGTACTGTC-1",2.61854950280181e-05,2.61854950280165e-05,0.0406437842678586,0.01671586725654,0.200429207790414,2.61854950280127e-05,0.464224412606339,0.109105917337653,0.0172789998292336,0.00274127991420766,0.00100857179590578,2.61854951266577e-05,2.6185495028014e-05,0.101864226711261,0.0359473024534395,0.00990950256191027
"GTGGAACCTACATGCG-1",0.140463701121558,0.000755634714438765,1.39448005785883e-05,0.0413669414519114,0.0615865458344028,0.0469112331845191,0.638418974692527,1.39448005785826e-05,0.00567402400866916,0.0293981185012007,1.39448005785881e-05,0.00853378382991534,1.63899298686055e-05,0.0268049287280965,1.39448005785881e-05,1.39448005785883e-05
"GTGGGCTTAGACACAC-1",3.10802325530497e-05,3.10802325018231e-05,3.10802325506953e-05,3.10802325508851e-05,3.10802325744113e-05,3.10802325529197e-05,0.945323105636177,3.10802325752556e-05,0.0215208925139508,3.1080232256677e-05,3.10802325622764e-05,3.10802325169074e-05,3.10802325499218e-05,0.00168196457838339,0.0287809428435637,0.00235121187018036
"GTGGTCAGCGAAGTAT-1",1.78033121880704e-05,1.78033122151074e-05,1.78033121907745e-05,1.78033121907792e-05,1.78030729023582e-05,1.78033121907874e-05,0.998249606933307,1.78017295298953e-05,1.78030496645744e-05,0.000929851024141477,0.000589101068559248,1.78033121816668e-05,1.78033121830816e-05,1.78033121766391e-05,1.78033121907639e-05,1.78033121881609e-05
"GTGTACCTTGGCTACG-1",0.00785473240444092,1.90373813041863e-05,0.0101280317095421,0.0518721857262995,0.342252877579664,0.0558902216137619,0.469953195433557,1.90373813041758e-05,0.00447876497700703,0.0112594708362072,1.90373813041854e-05,1.90373813041856e-05,1.90373813041864e-05,0.0461772580503917,1.90373813041823e-05,1.90373813041859e-05
"GTGTCGTATTCACCTT-1",3.4260489833641e-05,0.000400041047949738,3.42604898336487e-05,0.0803367134166915,0.0801828779506003,0.0575649595426927,0.561069693134749,3.42604898336301e-05,0.0526487795348243,0.00923060913319617,0.000221559882622884,3.42604898336075e-05,0.114095423599558,0.0440437798181135,3.42604898336295e-05,3.42604898336285e-05
"GTTACAATTGGTGACG-1",0.0112780377156887,3.09840219671697e-05,3.09840219492536e-05,3.09840219466934e-05,3.09840219352854e-05,3.09840219466971e-05,0.95694987771003,0.0118998432507821,3.09840219467085e-05,3.09840219466678e-05,3.09840219467099e-05,3.09840219413108e-05,0.00668442480768893,0.0128469922743904,3.09840219467019e-05,3.09840219467191e-05
"GTTAGAGTGTGCCGCT-1",1.32759670813459e-05,1.32759670775194e-05,1.32759670813675e-05,1.32759670810757e-05,1.32759671006628e-05,1.32759670810753e-05,0.999800860494347,1.32759670823188e-05,1.32759670429667e-05,1.32759670714165e-05,1.32759670870058e-05,1.32759670746868e-05,1.32759670830145e-05,1.32759670842103e-05,1.3275967081079e-05,1.3275966542726e-05
"GTTATATCAGGAGCCA-1",0.000116444761510699,1.35019463307037e-05,1.35019464723075e-05,0.0380382868918416,0.255831101119711,0.0378953388276343,0.584723896553858,1.35019464723156e-05,1.35019464723174e-05,1.35019470818729e-05,1.3501946472313e-05,0.0053294671710513,0.0441752864084328,1.35019464749282e-05,0.0337821626937109,1.35019464722824e-05
"GTTATTAAATACGACC-1",0.00484771751612193,1.88883778158626e-05,2.61185636505367e-05,0.012922363271333,0.0122107932727137,0.00161708912811862,0.962676260489101,1.88883778164594e-05,1.88883778165359e-05,0.000809422107727137,1.88883778282918e-05,1.88883778164953e-05,1.88883778164949e-05,1.888837783013e-05,6.11311668409568e-05,0.00469688583965267
"GTTCAATCTATGTCAA-1",2.33127706242948e-05,2.33057462993418e-05,2.33021075301457e-05,2.3305695448843e-05,2.33057578036351e-05,2.33056954488248e-05,0.999650412232315,2.33056227140918e-05,2.33045045573769e-05,2.33056954344293e-05,2.33056954555031e-05,2.33056954238143e-05,2.33056954285186e-05,2.33056953234078e-05,2.3305695490857e-05,2.33056947020876e-05
"GTTCACAGGAGTCTAG-1",2.79989659687024e-05,2.79984594699457e-05,2.80088520343717e-05,2.79989659727364e-05,0.00296684522096868,2.79989659727352e-05,0.981464228595605,2.79989659350223e-05,2.79989659216908e-05,0.011421707263585,2.79989660521719e-05,2.79989659737095e-05,0.00381122194866895,2.79989659218833e-05,2.79989660007084e-05,2.79989659486194e-05
"GTTCCAGTCTGACCAT-1",5.86974167695773e-05,1.94165885680661e-05,0.00805996239659586,0.016127255713094,0.0516372756863772,8.04872848157056e-05,0.854962707969901,1.9416588569339e-05,1.94165885738416e-05,0.0194638283721721,0.00110190122265265,0.0408066495802519,1.94165885695729e-05,0.000429866917941047,0.00126873781350732,0.00592496327164095
"GTTCGCCATAAGTGCC-1",0.0516792067552983,3.88594339038377e-05,0.0179181650729981,3.88594340554208e-05,0.218047722814104,0.00188523354848652,0.599866328460747,0.0188521700245678,0.0184157450950421,0.00760660367478915,3.88594340542209e-05,0.0101024278745001,3.88594340554257e-05,0.0553932400752874,3.88594340554276e-05,3.88594340554267e-05
"GTTCTTCCCTCGATGT-1",2.49774780604101e-05,0.0018393092585589,2.49765673391802e-05,3.21372114692531e-05,9.19083590646465e-05,2.49774780608076e-05,0.996879322334914,2.49774780761062e-05,2.49774780565449e-05,0.000145235238394551,2.49774780287212e-05,0.000255857638712741,2.49774780608071e-05,2.49774781495923e-05,2.4977478054538e-05,0.00053143356699893
"GTTGCACGGAGTTTCG-1",0.0621863496700911,2.79055687967294e-05,2.79055687967294e-05,0.029828088021675,0.192105517156419,0.0267223487225762,0.478067354075045,2.7905568796728e-05,2.79055687967302e-05,0.0141850839008965,2.79055687967264e-05,2.79055687967283e-05,0.0453521172352033,0.133951630373843,2.7905568796731e-05,0.0174061718626737
"GTTGGATTCAGTGGCT-1",0.0619063571656908,0.0369475384435037,0.0225202010246338,2.84439714037961e-05,0.490444410935117,0.0128017001317408,0.293392050303592,2.97113446982963e-05,0.00735646679463178,0.0278006202046639,0.000418174762768827,0.0190484921592675,2.84439714038055e-05,0.0272205008440765,2.84439714038071e-05,2.84439714038029e-05
"GTTGGATTTGCGTTGG-1",0.0955307245318831,0.0161230029824662,2.59195178513756e-05,0.0356471988756685,0.146371771999912,0.042978824602895,0.471275443071956,3.65081430996967e-05,0.0911881433765276,0.0129720835438491,2.59195178513772e-05,2.5919517851373e-05,0.00468315777539302,0.0419614801150128,0.0411279829099313,2.59195178513791e-05
"GTTGTCGTGTTAGTTG-1",2.41165832822188e-05,2.41254904939637e-05,2.41160561003005e-05,2.41167128886832e-05,2.41202455139016e-05,2.41196747651016e-05,0.999514132973698,2.41165401316662e-05,2.40998140639436e-05,2.41167134594977e-05,0.000148235631289913,2.41167129542991e-05,2.41167128588429e-05,2.41167127157104e-05,2.41167127183663e-05,2.41167130658825e-05
"GTTGTTACATTGCGCT-1",3.41794413838462e-05,3.41794413838495e-05,3.41794413838745e-05,3.4179441383854e-05,0.0991732152747892,0.0722191707682495,0.677664148274454,3.41794413838508e-05,3.4179440977089e-05,3.417944138385e-05,3.41794413838493e-05,0.0140329261611044,3.41794413838554e-05,0.0488138604366576,0.0703648852092766,0.0174241789034204
"GTTTCCTGGAGGGTGA-1",6.344565557261e-05,0.0287272241140446,0.0167377233951694,6.34456555726044e-05,0.237452442234053,6.34456555726031e-05,0.410182074614554,6.34456555726046e-05,6.34456555726191e-05,0.0729143004861718,6.34456555980017e-05,6.34456555726041e-05,6.34456555726029e-05,0.228369156768601,0.00504606748722674,6.34456555726032e-05
"GTTTGACCAAATCCTA-1",0.104141881616227,0.0082830519845658,0.0533473499679942,0.0218725646021069,0.119622924206293,0.0066138569102815,0.433971213267632,0.0363264275845909,4.19332736180448e-05,0.0153909578277833,4.19332736180407e-05,4.19332736180377e-05,4.19332736180411e-05,0.178587180482735,0.0216329251816995,4.19332736180412e-05
"TAAAGCGTTAGGAGAA-1",0.0866785482164239,0.00581898632303921,0.0315223528816047,0.100275657462483,0.0139700265868102,0.0252885131603184,0.666262292981404,2.33832468162587e-05,2.33832468162601e-05,2.338324735561e-05,2.33832468162653e-05,0.0182979867477034,0.0157261268631415,0.0360192092956349,2.3383246816285e-05,2.3383246816263e-05
"TAAAGCTGCAATAGGG-1",8.20830736434896e-05,6.32879350447419e-05,0.0382737085797706,6.3287935044731e-05,0.555765190435416,0.0458056409098905,0.337809538489215,6.32879350447667e-05,6.32879350447506e-05,6.32879350479784e-05,0.00497291408413629,0.000111444923986716,6.3287935044744e-05,0.016673176023581,6.32879350447468e-05,6.32879350447503e-05
"TAAATGCCGTCTCATG-1",0.0690218283586186,0.220411674658866,3.85026640884545e-05,0.0839498618052016,0.115668910813767,0.0313061529218757,0.336042099495252,3.85026640884543e-05,0.00374841848666766,0.0169087577804751,3.85026640884531e-05,5.59210551804332e-05,0.0129512950903128,0.0843005809670223,0.0254804879104069,3.85026640884581e-05
"TAACGCTTTGAGAGCG-1",0.00703915251556884,5.60393587687067e-05,5.60393587984571e-05,5.6039358811341e-05,0.00494953446867433,5.60393588113585e-05,0.956893346887536,5.60393587914283e-05,5.60393587895239e-05,5.60393588474472e-05,5.60393588636008e-05,5.60393588147566e-05,0.000814238444720972,0.0103341630958321,0.01623966326818,0.00322554709019086
"TAACTATCGAAGGTCC-1",8.58952597496726e-05,8.58992342187638e-05,8.58895767675614e-05,8.58953176906896e-05,0.00208935888765765,8.58940774386296e-05,0.987660626651962,8.58953478710895e-05,8.58953056276026e-05,8.58953474337345e-05,0.00131202546808926,8.58953342316928e-05,8.58953474095834e-05,8.58953480873673e-05,8.58953481461289e-05,0.00790724814761858
"TAAGCCCTTACGACCA-1",6.63293925668069e-05,0.0378859158263384,6.6329392566813e-05,0.0308941983163851,0.114781697005786,0.396764241455366,0.373447519448908,6.63293925668196e-05,6.63293925668284e-05,0.00804678124327586,6.63293925668194e-05,6.95509808289946e-05,0.00809652668470006,0.0218519921895892,0.00776360049342191,6.63293925668185e-05
"TAAGGCAACATAAGAT-1",2.70981451758595e-05,0.0720105188467534,2.70981451758676e-05,2.70981451758679e-05,0.133314294079668,0.0871781838234259,0.44639426198792,2.70981451758671e-05,2.70981451758661e-05,0.0147151200583796,2.70981451758676e-05,0.000490749947547964,0.0759468317526139,0.0979672247301554,0.0701552426892855,0.00166498321319468
"TAATAAACAAGGAGAT-1",5.95193691301643e-05,0.108121100341199,5.9519369130177e-05,5.95193691301758e-05,0.347873299029906,0.0813756660516176,0.331214036023352,5.9519369130168e-05,0.0328393854033762,5.95193683032248e-05,5.95193691301743e-05,0.0569596793093552,0.0219798757097233,0.0191608031792561,5.95193691301755e-05,5.95193691301756e-05
"TAATACACAGTAGTAT-1",1.97657805165853e-05,1.97657805165875e-05,1.9765780516566e-05,2.2295691196124e-05,0.196952925002289,0.0380914816082131,0.59923118064987,1.97657805165862e-05,0.00377858629659345,0.121147386449661,1.97657805165848e-05,1.97657805165854e-05,1.97657805165948e-05,0.0358274715374478,0.00211608332596005,0.00269422897515253
"TAATAGTGACGACCAG-1",0.0551009172572874,5.55484106911849e-05,0.0146501039518878,0.0717865214028313,0.0682903274310007,0.0821356729136714,0.570745982386758,5.55484106914884e-05,0.0111316028338608,0.0172852718705105,5.55484106914867e-05,5.55484106914838e-05,0.0527411532624098,0.0535992636199906,0.00225544101633494,5.55484106914654e-05
"TAATATTGAAATTCGC-1",1.25630824419433e-05,1.25630824218369e-05,1.25630824459009e-05,1.30219602639665e-05,1.25630824480866e-05,1.25630824428533e-05,0.999811094885954,1.25630824426127e-05,1.25630824469238e-05,1.25630824314872e-05,1.2563082455078e-05,1.25630824668449e-05,1.25630824354339e-05,1.2563082461936e-05,1.25630824428599e-05,1.2563081998447e-05
"TAATCGATCCGTACGT-1",0.165575511695542,6.04098490042552e-05,0.0148922959705486,0.069630730102307,0.0777822238596029,0.0479313564984189,0.355465555765272,0.158613459796453,0.00937056098612834,6.04098490042368e-05,6.04098490042486e-05,0.0282835531952573,0.0240644095618212,0.0480882933236275,6.04098490042519e-05,6.04098490042544e-05
"TAATTGGAATCGGGAA-1",6.06258421769768e-05,6.06258421769914e-05,6.06258421770353e-05,6.06258421769687e-05,0.467443992555166,0.0782924054500495,0.303158135369533,6.06258421769919e-05,0.0175114410471562,6.06258422102653e-05,6.0625842176988e-05,0.0547874308672074,0.063906683660893,0.0143542784703689,6.06258421769859e-05,6.06258421769895e-05
"TACAAGTCTCGTGCAT-1",4.20110009373368e-05,4.20110009309181e-05,4.20110009401329e-05,0.00131448363249435,0.00604323779575852,4.20110009373348e-05,0.977261663486827,4.20110009549008e-05,0.00451404556698662,4.20110009438613e-05,4.20110009536732e-05,4.20110009308264e-05,0.00123936706608928,0.00420645868900616,0.0050426447543724,4.20110009369033e-05
"TACACCGTCGTTAGTC-1",0.0566967521456242,1.00814809684042e-05,1.00814809657297e-05,4.32625766103305e-05,0.056544660337251,1.00814809442179e-05,0.855432321802245,0.0269706975447277,1.00814809650195e-05,1.00814809654541e-05,1.00814809743992e-05,1.00814809652197e-05,1.00814809648114e-05,1.00814821709582e-05,0.000125917731425997,0.00409565453223171
"TACCAGCTAGGTTTAA-1",1.88215476474855e-05,1.88215476736517e-05,1.88215476513677e-05,2.96994856002496e-05,1.88215476512486e-05,1.88215476513737e-05,0.993983877215675,1.88215476539548e-05,1.88215475745049e-05,0.00574064180119741,1.88215476616798e-05,1.88215476615943e-05,1.882154765196e-05,1.88215476482507e-05,1.99229257490198e-05,1.88215476513817e-05
"TACCTCACGCTTGTAC-1",2.81653163772586e-05,2.00438355629636e-05,0.00534147777067486,0.0454406875218087,0.0843961371662553,0.0184679643669724,0.825254951620661,2.00438355630164e-05,2.00438355629298e-05,0.00587747992003052,2.00438355604405e-05,2.00438355630299e-05,0.0148539628159182,0.000198866652363557,2.0043835563039e-05,2.00438355630287e-05
"TACGAACACGACTTCA-1",0.0879450227873371,2.614700025248e-05,2.71369695011218e-05,0.0252602755841825,0.121137967100347,0.0104017269589441,0.427754283463122,0.0471438297779524,0.00832854033783847,0.0104724612375815,2.61470002524802e-05,2.61470002524808e-05,2.6147000252479e-05,0.168384685591869,0.0673597090692817,0.0256797731210327
"TACGAGAACTTCACGT-1",1.70215356785504e-05,1.70215438273393e-05,1.70215438273545e-05,1.81848201210884e-05,1.70215438209284e-05,1.70215438343057e-05,0.999412752443313,1.7021543831432e-05,1.7021543857411e-05,1.70215438510693e-05,1.70215438625185e-05,1.70215438970181e-05,1.7021543820918e-05,1.70215438181597e-05,0.000347782674789081,1.70215438503419e-05
"TACGATGTTGATCATC-1",2.76728599194985e-05,2.7673482181574e-05,2.76506213346752e-05,2.76744704392839e-05,2.76889723994896e-05,2.7678180195685e-05,0.999584896110753,2.76749113519401e-05,2.76704193673309e-05,2.76742377854036e-05,2.76742375142835e-05,2.76745460693612e-05,2.76742374873529e-05,2.76742379490001e-05,2.76742374772669e-05,2.76742377750499e-05
"TACGGGATGCTAGCAG-1",0.0807255510823884,4.4077226311598e-05,0.0326815291922408,4.40772263115942e-05,0.412142143294393,4.4077226311596e-05,0.31061437822865,4.40772263115883e-05,4.40772263115944e-05,0.0157587271277671,4.40772263115951e-05,0.091743582101406,4.40772263116108e-05,0.0374397308186668,0.0122217382126253,0.00636407935768123
"TACTCTCCGAACAAAT-1",0.0155106535217061,0.105895478982742,0.017339454095086,5.66908681252946e-05,0.241964949759951,0.131616848162719,0.292709672037755,5.66908681252995e-05,0.000392082943238653,0.014236390910866,5.66908681252901e-05,0.00691672553046734,0.0626923117495789,0.110441977965263,5.66908681252858e-05,5.66908681252949e-05
"TACTGCAATCAATTAC-1",0.0806823006365879,3.88488402560463e-05,0.0155772957686767,0.0146595474197068,0.260812074569962,0.12205233917062,0.343511899142407,3.88488402560379e-05,0.0249464263872324,0.0126161894046756,0.00617129510259389,0.0260331627566651,0.0247586163863725,0.0504222769885013,3.88488402560391e-05,0.0176400297452302
"TAGAAACCACTAAGTA-1",3.70928724568236e-05,3.70897384041e-05,3.70840489806595e-05,3.70844866975388e-05,3.70837121539992e-05,3.70862596498484e-05,0.999279312736683,3.70844871400608e-05,3.70844868248705e-05,3.7084486546254e-05,3.70844865953849e-05,3.70844863160998e-05,3.70844862444306e-05,3.70844834779342e-05,3.70844866260077e-05,0.000201490255203497
"TAGAAAGGTGGCGCTA-1",0.110580489964904,2.14595148432619e-05,2.14595148432386e-05,2.14595148432405e-05,0.0547059284688651,0.0411399028927174,0.645482584413014,0.0399180772514103,0.024738404451266,2.14595142844986e-05,2.14595148432393e-05,0.00672435892476589,0.0266616103630905,0.0478889274524921,2.14595148432407e-05,0.00203095872897318
"TAGAATTAAGGGCAAC-1",0.0756652177866902,2.06830352804395e-05,2.06830354437002e-05,0.0389752860536406,0.0973859679504136,0.0554142994647841,0.643558991174061,2.06830354436896e-05,2.06830354436905e-05,0.0223640847360044,2.06830354437037e-05,2.06830354437049e-05,0.0569292003770373,0.00954148817398244,2.06830354437021e-05,2.0683035443703e-05
"TAGAGCTACGAAGAAC-1",3.6907400746973e-05,3.69023904336494e-05,3.69385418180285e-05,3.69078056244075e-05,3.69067391445444e-05,3.69080273469039e-05,0.992332728225881,3.69078410029856e-05,0.00368075745370177,3.69078056035219e-05,3.69078055851216e-05,3.69077133377494e-05,3.69078057229091e-05,3.69078056951413e-05,3.69078056540141e-05,0.00350668883270111
"TAGAGTCTAAGCGAAC-1",0.0134185333352918,2.88341086095711e-05,0.0331136361899194,0.0120201433770249,0.314478399487387,0.0188363432289294,0.471359875308525,2.88341086095657e-05,2.88341086095673e-05,0.0263104783510046,2.88341086095671e-05,2.8834108609575e-05,2.8834108609565e-05,0.0809460809061156,0.0293146710555351,2.88341086095674e-05
"TAGATCCGAAGTCGCA-1",3.08458605378486e-05,0.00217859302334438,1.37914814732429e-05,0.0557882826530619,0.0185823831107984,7.72629192424634e-05,0.895154937588236,1.37914814734006e-05,0.00315695618046061,1.3791481219333e-05,1.37914814737401e-05,0.0197374316105556,0.00518164205039676,1.37914814695507e-05,1.37914814734045e-05,2.89161147836882e-05
"TAGCTAAGTCCGGGAG-1",0.0747917302418111,2.05003325269541e-05,2.05003325269488e-05,0.014886337772454,0.167415194440502,0.00146229544004616,0.531754927561351,2.71561742205985e-05,0.024834606507873,0.00474732039557788,2.0500332526954e-05,2.05003325269537e-05,0.0157126305366904,0.114691401585224,0.0495738976816153,2.05003325269577e-05
"TAGCTCAGATCCTAGT-1",0.0658029406794963,0.0123721602832504,1.44805427392837e-05,0.0799754846959456,0.0501323224586511,0.00788650020239539,0.70652584233576,1.44805427392893e-05,1.44805427392798e-05,1.44805428089403e-05,1.44805427392873e-05,0.0551839012284752,0.0126139388889885,0.00940554542779289,1.44805427392856e-05,1.44805427392841e-05
"TAGGAACAGCCTCCAG-1",9.24455864904433e-06,9.24454639178193e-06,9.24508331744426e-06,9.24454804508178e-06,9.2445495297244e-06,9.24454696732801e-06,0.999861337762169,9.24186144054625e-06,9.24072796641036e-06,9.24454760107775e-06,9.24454694463431e-06,9.24453433684898e-06,9.24454696050303e-06,9.24454580262912e-06,9.2445469274801e-06,9.2445469508119e-06
"TAGGCATGTTACGCCA-1",0.0816115156740004,0.199020558473027,8.11626997026926e-05,8.11626997026956e-05,0.113707027298325,0.107219470028755,0.255055339260801,8.11626997026949e-05,0.0182946066915737,8.11626997026947e-05,8.11626997026945e-05,0.0330563226248068,0.092074555815321,0.0839610335558095,0.0155125943793654,8.11626997026942e-05
"TAGGGTGTTTCAAGAG-1",3.44280361305069e-05,3.1448504050136e-05,3.14485040501953e-05,3.14485040501361e-05,0.412134863800426,9.11377065133249e-05,0.559204184228136,3.14485040501929e-05,0.00385517384666342,3.14485027397447e-05,3.144850405013e-05,3.14485040501382e-05,3.14485040501348e-05,0.0243657273429393,3.14485040501363e-05,3.14485040501362e-05
"TAGGTGAGCCCTACTC-1",4.22286421243204e-05,4.22049794168438e-05,4.22042549122284e-05,4.22066056362583e-05,0.00119102582623191,4.22066175023413e-05,0.994508316611613,4.22066176684297e-05,4.22065951788015e-05,4.22066176357941e-05,0.00219206253195564,4.22066143604623e-05,4.22066177372923e-05,0.000818166045250467,4.22066176047358e-05,0.000826138205171689
"TAGGTTCGAGTTCGTC-1",0.0639819084534398,3.91738373788357e-05,0.00577538026450394,3.91738373788786e-05,0.635144851037006,0.0102440578517998,0.147512415331781,5.73412657550609e-05,0.00111367553954206,0.010303584135882,8.45979849614804e-05,3.91738373788746e-05,3.91738373788719e-05,0.107658314877779,0.00882448594944866,0.00914269195858566
"TAGTCTGTGACGTTGC-1",0.0621652537905689,3.98225470174392e-05,3.98225470141256e-05,0.013353974523798,0.509409943405025,0.0485250941495208,0.26157158764935,6.70722095766084e-05,0.0225303572212675,3.98225468777118e-05,3.98225470141262e-05,0.0452884310269095,5.49173851461763e-05,0.019770080243503,0.00549999900330846,0.0116039992041028
"TAGTGCCCTCCAGAGT-1",0.000127187997254926,4.26913780662208e-05,4.26913780662191e-05,0.021528771503009,0.315586345602992,0.00454114437941474,0.498788214690408,4.26913780662233e-05,0.0305904535587076,0.0117318034534291,0.00500382921093039,4.26913780662183e-05,4.26913780662229e-05,0.100151423990161,0.0116946773452957,4.26913780662195e-05
"TAGTGGAACTCATACA-1",2.74312601161481e-05,2.74312601158201e-05,2.74312601161478e-05,2.74312601161509e-05,0.00775601110594335,4.88816333599689e-05,0.977626959151351,2.74312601173422e-05,0.00164101150390174,0.00391810252697568,2.74312601160886e-05,0.00439251329151082,2.74312601150847e-05,0.00157487028104744,3.90478857901948e-05,0.00281058379930728
"TAGTTAAGATAGGATA-1",9.28985944167126e-05,2.09092520312431e-05,2.09092518642949e-05,0.0740873821398619,0.193771950207252,2.09092518642874e-05,0.601900177836543,4.50273175588844e-05,2.09092518642939e-05,0.0169880805226573,0.00265765575646663,0.0154331463990439,2.09092518642925e-05,0.0270073722015427,0.0678908535133034,2.09092518642917e-05
"TAGTTTATTCTTGCTT-1",1.77705791246759e-05,1.77705791199961e-05,1.77705791247217e-05,0.00152007734794414,0.0468199139323412,0.0247166431335507,0.907349354599872,1.77705791246749e-05,1.77705791245641e-05,0.00686126276601581,1.77705791342323e-05,1.77705791247461e-05,0.0121562023210727,1.77705791566078e-05,1.77705791246786e-05,0.0004166106870445
"TATAAATCCACAAGCT-1",2.62037787802392e-05,2.62037787661779e-05,2.62037787757105e-05,0.00117524770522947,0.0447004812573132,2.7685818792643e-05,0.929363784436615,2.62037787672023e-05,2.6203778776182e-05,0.0119278974780826,2.62037787830686e-05,0.00484887027415075,0.00659479846778212,2.62037787642415e-05,2.62037787802401e-05,0.00115160433184079
"TATAAGTGAGGATAGC-1",3.40942099374457e-05,3.4091365171187e-05,3.40941033547225e-05,3.40943122972007e-05,3.40934773942923e-05,3.40942327733842e-05,0.994912054605217,3.40943170842179e-05,3.40940683796622e-05,3.40941392334849e-05,3.40941392103611e-05,3.409414891074e-05,3.40941394296e-05,3.40941391697346e-05,3.40941391211703e-05,0.00461063046331549
"TATATTACAAATGTCG-1",5.54820485670441e-05,0.0531252157262597,5.54820485670387e-05,0.070022793424271,0.32671037048198,0.313048881896904,0.162039810388843,5.54820485670396e-05,5.54820485670257e-05,5.54820480052907e-05,5.54820485670415e-05,6.53233440701593e-05,0.0724801651076917,0.00206358324200657,5.54820485670399e-05,5.54820485670401e-05
"TATATTCGCGTCGATA-1",4.87346933635084e-05,4.86951568204702e-05,4.86056103603731e-05,4.86952205190322e-05,4.86950819893049e-05,4.86941160759878e-05,0.994817735216762,4.86952412972858e-05,4.86951757352115e-05,0.00055383960742021,4.86952411912887e-05,0.00105456836662949,4.86952414074434e-05,4.86952413037604e-05,4.86952411693037e-05,0.00298956554795562
"TATCACCATGTAAAGT-1",1.81392573690763e-05,1.81392573656577e-05,1.81392573701379e-05,1.81392573683695e-05,1.81392573597863e-05,1.81392573683298e-05,0.992860178381145,1.81392573619778e-05,1.81392574007295e-05,1.81392573684755e-05,0.000341251397788562,0.000227222289945013,1.81392573623357e-05,1.81392565079036e-05,0.0059674787433156,0.000404337357602751
"TATCACCCAACCGACC-1",0.0476832218974977,0.0591001428480969,0.0347687580172868,3.34606065530869e-05,0.0755251770176995,0.117407018909795,0.542472267508924,0.0186328184147396,0.011869181803755,3.34606065595389e-05,3.34606065530861e-05,3.34606065530859e-05,0.0246332912002934,0.0279008930196607,3.34606065530852e-05,0.0398399263294804
"TATCACTTCGAGTAAC-1",7.26966685562384e-05,6.01632231271945e-05,6.01632231271872e-05,0.0184153507228718,0.641706811203041,6.01632231271874e-05,0.296467063876904,6.01632231271969e-05,6.01632231287755e-05,0.00498211487733502,6.01632231271875e-05,0.000102950609981343,0.0215488910578028,0.0162228151984885,6.01632231271892e-05,6.01632231271852e-05
"TATCCATATCATGCGA-1",2.55051284262449e-05,2.55051284123904e-05,2.55051284225928e-05,0.00339332278319952,0.00291496795604016,2.55051284225784e-05,0.970755494701202,2.55051284245357e-05,2.55051284308998e-05,0.0184697658895733,2.55051284300808e-05,0.00350930253873178,2.55051284200248e-05,0.000702094847018668,2.55051284225753e-05,2.55051284225779e-05
"TATCCTGCATGGGAAT-1",1.96994147647601e-05,1.96994624666635e-05,1.96994624032582e-05,1.96994624032615e-05,1.96994623961661e-05,1.96994624032581e-05,0.999529602959966,1.97099308245603e-05,1.96994624831245e-05,1.96994628184024e-05,1.96994624115679e-05,1.96994623921172e-05,1.96994624084244e-05,1.96994625103993e-05,1.96994624064379e-05,0.000194594144941625
"TATCGATCTATGCATA-1",0.0300321468488505,0.130167772095007,4.15079416925813e-05,0.0281101854462832,0.279010968258108,0.0843204609138581,0.356246679122762,4.15079416925832e-05,0.00242083196272335,0.0167105965259175,4.15079416925838e-05,4.15079416925838e-05,0.0397437216366875,0.032987589539647,4.15079416925829e-05,4.15079416925835e-05
"TATCGATGATTAAACG-1",3.1540422290816e-05,3.15404222908069e-05,3.15404222908407e-05,0.0387733605393912,0.361164467418331,3.15404222908112e-05,0.542857200922863,3.1540422290819e-05,3.1540422290829e-05,0.0143719143671141,3.15404222908176e-05,0.0137331106374949,3.15404222908238e-05,0.0287845418918975,3.15404222908125e-05,3.15404222908122e-05
"TATGATAAATCTAACG-1",0.00606848780125213,1.67194615999372e-05,1.67194615151901e-05,6.4078613019894e-05,0.0207102448111893,0.0112753553030322,0.941106330083986,1.67194615150751e-05,1.67194615159692e-05,0.00910805099522918,1.67194615174549e-05,0.00900759357013863,0.000922486194567497,1.67194615347814e-05,0.00162033639686509,1.67194615221762e-05
"TATGCTCCCTACTTAC-1",2.77600963279267e-05,2.7760096327931e-05,2.77600963279169e-05,0.000132791639833437,0.0816934608192261,0.0445728514948384,0.621370306401294,2.77600963279331e-05,0.0135894308201284,0.0058070388842872,2.77600963273156e-05,0.0261140971871989,0.00466723125320086,0.119199128233467,0.0532700397756091,0.0294448230092782
"TATGGATGTGCTACGC-1",4.49371311035558e-05,4.49371311035477e-05,4.49371311035548e-05,0.0996491023710281,0.363014217419,4.49371311035525e-05,0.458899144508808,4.49371311035663e-05,0.00556058981606436,0.0278591633621447,4.49371311035546e-05,4.49371311035542e-05,0.00137091820904338,0.0432424301339797,4.49371311035579e-05,4.49371311035532e-05
"TATGGCCCGGCCTCGC-1",6.46558123160104e-05,6.46571707101002e-05,6.46558057981313e-05,6.46558047944392e-05,0.00302598909280389,6.46558056904663e-05,0.987639543358501,6.46558058870171e-05,6.46559635912467e-05,6.46558459085584e-05,0.00027117740845827,6.46558108996517e-05,6.46558057096056e-05,0.00397618551292866,0.000873856979419915,0.00356668801658278
"TATGGGACCGAGCAGG-1",0.106398827601406,0.00755811946180406,0.023551571976763,7.65791409466386e-05,7.59396622973542e-05,0.0336338808420548,0.264301908886808,0.125203929510059,0.0871278844755456,0.0261139341829615,7.59396622973545e-05,7.59396622973546e-05,0.0252985286037797,0.213005828142489,0.0874252485261935,7.59396622973543e-05
"TATGGGTACGTATCGT-1",0.0378841909760902,5.3452043255424e-05,0.0649463093376707,0.0344937624822413,0.188524201749326,0.0176544615025447,0.255660319281962,0.0783492101036779,0.0253825749148446,0.0215977026987572,5.34520432554239e-05,5.3452043255423e-05,0.0155255463860642,0.131266184039521,0.122947349863855,0.00560783053367847
"TATGGTCTGAGTAACA-1",0.0624797098782786,0.0088002633762917,0.0906428532103969,0.163359320884647,9.78402201705168e-05,0.0136990819312092,0.121713816378909,0.133762840553856,0.063394144281983,0.0121708715990034,9.7840220170519e-05,0.00458504343576177,0.100801834942517,0.0660672442667057,0.154134250124202,0.00419304469589779
"TATGTCAAGACCGACT-1",0.0198592170673027,4.73745075158504e-05,4.13439212786015e-05,4.13439212785931e-05,0.669536883877294,0.036482722551903,0.233452973003349,4.13439212786281e-05,0.00093873001702683,0.0214318296622623,4.13439212786013e-05,4.29760844528265e-05,4.13439212786024e-05,0.0123402113426786,0.00561901835854367,4.13439212786011e-05
"TATGTCTCATTGTGCC-1",2.1714912230974e-05,2.17149123193927e-05,2.17149122309761e-05,0.00132272909013255,0.125900117719224,0.105132578362386,0.660735514209081,0.00528195686068887,2.17149122309779e-05,2.17149139219848e-05,2.17149122309772e-05,2.17149122309871e-05,0.00733305643067848,0.0470961916928468,0.0470241363353354,2.17149122309766e-05
"TATTCAATTCTAATCC-1",0.000101671742660149,5.70165009367286e-05,0.00208849164875063,5.70165009367312e-05,0.620652682151948,0.030589895013031,0.249273282918995,0.000114061826892365,0.00458206072519913,0.00378376905863454,0.00133724211138527,0.000126225511799988,5.70165009367292e-05,0.0840084987206168,0.00284381096796232,0.000327258099314469
"TATTCGTGCCAGAATA-1",0.000165146238441776,5.39896436993833e-05,0.0433167539362899,0.0129365004079021,0.425287781129784,0.0136234676625357,0.101016835232461,0.0225749849811071,0.00901067716292839,0.0492151435996339,5.39896437240115e-05,5.39896436993701e-05,0.00674694803405067,0.26831369762437,0.0475144047037734,0.000115690355599133
"TATTTAGTCTAGATCG-1",3.21858859386808e-05,3.21858859356263e-05,0.00313484536400559,4.79585219324757e-05,0.323091072294663,3.21858859386756e-05,0.587416429743357,3.21858859386907e-05,0.0181171454908613,3.21858856434409e-05,3.21858859386796e-05,3.21858859440004e-05,0.0280904307404296,0.0306425930433081,3.2185885938679e-05,0.00920203771422635
"TATTTATACCGAGTAG-1",3.28929763213284e-05,3.28929763213444e-05,3.28929763213398e-05,0.055338216171852,0.290014752094791,0.0162749731585785,0.519289157345164,3.28929763212612e-05,3.28929763213285e-05,0.0209380437131932,3.28929776420452e-05,0.0456798139877666,3.2892976321341e-05,0.0329702932074646,0.0192316065092982,3.28929763213471e-05
"TATTTGTTACCCTTTA-1",0.0654436059511232,2.00867157312945e-05,2.00867157313061e-05,0.000251738775768841,0.168720828218268,0.0170683058690748,0.643025622906595,2.22909363670817e-05,0.00464538247020093,0.0115701185752449,2.00867157313408e-05,2.00867157313117e-05,0.000819534871616674,0.0300406136911566,0.0582915241559275,2.00867157313121e-05
"TCAAACAACCGCGTCG-1",0.00824533617608807,3.20124047411576e-05,3.201240474116e-05,0.000171890498779459,0.318211007310942,3.54048011995462e-05,0.560328360884878,3.20124047411599e-05,3.20124047411744e-05,0.00769141385359704,3.20124047411591e-05,3.20124047411535e-05,3.20124047411523e-05,0.0402169981409259,3.201240474116e-05,0.0648434890956608
"TCAAACTTAGATTGTT-1",0.0167789512063654,0.0259386592366565,0.0023325663987707,0.00954325086412186,0.0230967462870575,0.056803003846166,0.141058629070106,0.019186819307563,0.00866883996105697,0.0112328899540043,3.69618563593605e-05,0.0165838367885206,0.0463603929787398,0.594465858685692,0.0278756317024779,3.69618563415414e-05
"TCAACCATGTTCGGGC-1",4.36161747361734e-05,0.0238977450664021,4.36161747361756e-05,0.00010895471848429,0.203316377165859,0.0539314986142256,0.490726180137518,4.36161747361804e-05,4.36161747361718e-05,0.022943877588065,4.36161747204306e-05,4.36161747361741e-05,0.0821538520165192,0.086305468032305,0.0363107334374838,4.36161747361745e-05
"TCACAGGTTATTGGGC-1",0.0834436218509159,0.000432987440797857,3.77305146626236e-05,0.0599645950988584,0.071258531715179,0.0277665103051817,0.469310800626623,3.77305146626233e-05,0.0313138399366055,0.00335092396956582,3.77305146626232e-05,3.77305146626237e-05,0.0117920116729362,0.0732674895029443,0.15778603470659,0.0101617311151514
"TCACGCATTGTAGATC-1",2.56341747727178e-05,2.56341747734004e-05,0.0141411925553077,0.000213040363729887,0.0590287216874996,0.0284611232835532,0.635414534892913,0.0359861194561605,0.0247431581147822,0.011390392922177,2.56341747727178e-05,2.56341747727165e-05,0.00169466898588848,0.0914224974293431,0.0965716225915269,0.000830391018027317
"TCACGGTCATCGCACA-1",1.80180772224732e-05,0.00372699349712325,1.80180772208465e-05,0.0103525728657604,0.00774425348197189,1.86506208237654e-05,0.96936379812764,1.80180772199502e-05,1.80180772160982e-05,0.00707414416631788,1.80180772297987e-05,1.80180772208096e-05,1.81948026525339e-05,0.00155483792776293,2.04279693967092e-05,1.80180772208816e-05
"TCACTACGACCAATGC-1",0.000101462801436453,6.38125512496722e-05,0.018875335366133,0.0359853563110624,0.340779775102181,0.17120422500975,0.370243010554215,6.38125512496714e-05,6.38125512496692e-05,6.38125504085095e-05,6.38125512496694e-05,0.0202978487671609,6.38125512496687e-05,0.0251379316113207,0.0169283666188335,6.3812551249669e-05
"TCACTCGTGCAACGGC-1",0.0170427465929546,0.134088242497924,0.0327943970024086,2.85797995124609e-05,0.279515506598029,0.0394075211141027,0.377463577489413,3.41731162903134e-05,0.014838776498541,0.0208629814541939,2.8579799512487e-05,0.0222298681547118,2.85797995124839e-05,0.0376973237335662,0.00550663509630386,0.0184325112530248
"TCAGCAAATGCATCTC-1",0.0463394860914895,0.00542530381620939,0.00227522899005429,6.94903320769898e-05,0.185659241731646,0.0220696183601899,0.46239858015969,4.48865072089652e-05,0.00600695064292492,0.00754405940899118,0.00223880106930921,0.0261421016429423,0.0182420902920854,0.200852280250698,0.0146469941972755,4.48865072089616e-05
"TCAGGGTGCACGAAAC-1",1.63097260156678e-05,0.000125864529247551,1.6309726011487e-05,8.22232191736681e-05,0.0052602997552527,1.6309726011582e-05,0.982068297367426,1.63097260044741e-05,1.63097260144248e-05,1.63097260077218e-05,0.000185045359755912,1.63097260132642e-05,1.63097260110794e-05,1.63097259367332e-05,0.0121151725091097,1.63097260080795e-05
"TCAGGGTGTAACGTAA-1",0.000194627779080989,3.26261276540316e-05,2.76199539911448e-05,0.000168997878027602,0.433046657993346,0.00937692810934097,0.423079986674398,2.76199539911456e-05,0.0205590516578279,0.0075163048031295,2.76199539911461e-05,2.76199539911468e-05,0.0262076295642649,0.0660326606477807,0.0136464289951935,2.76199539911463e-05
"TCAGGTTCTTTGAGAA-1",2.34524779813091e-05,0.00200939495256977,2.34524779824553e-05,0.0381822538506796,2.34524779878802e-05,2.34524779824574e-05,0.911035433675173,2.3452477988478e-05,0.0111387814563717,0.00326458041088042,2.34524779874777e-05,2.34524779848031e-05,0.00124295990608799,2.34524779905407e-05,0.032469960672234,0.000469015252117891
"TCAGTACTGACCCGCG-1",4.66637302145416e-05,4.66707234633259e-05,4.66697905099803e-05,4.66673288278246e-05,4.66819790699314e-05,4.66689109642427e-05,0.998892131064167,4.66616148345526e-05,4.66766340641589e-05,4.66697905989749e-05,0.000140646114555208,0.000127848548218039,4.66697905023304e-05,4.66697904382876e-05,4.66697904799441e-05,0.000279334399091491
"TCATCCCAGAGGGTGG-1",0.00531968186662814,1.42560228341324e-05,1.42560228344034e-05,0.0327817087625438,0.0068191207441114,4.93433439360296e-05,0.894078479826208,1.42560228350833e-05,1.42560228342031e-05,0.00339320488002302,1.42560228299838e-05,0.0318367014590302,0.0106163651840395,1.42560228280848e-05,0.01500560177365,1.42560228344038e-05
"TCATGCAGGTTCTCAT-1",0.0310348964112724,2.8280692044146e-05,2.82806920441457e-05,0.0574594478977667,0.257797865299614,0.0631871080169329,0.428024422656333,2.82806920441489e-05,0.0135160434978543,0.058666922736211,2.82806920441467e-05,2.82806920441479e-05,0.00399306828733851,0.0594304767268968,0.0267200643175159,2.82806920441454e-05
"TCCAACTTTAAATTCT-1",5.45882791653962e-05,0.00625523483271447,0.00451393707319847,0.0301159671983494,0.0989168383129627,0.000640393764323244,0.75995837046454,3.40930172605246e-05,0.0302751356389801,3.40930172605548e-05,3.40930172605229e-05,0.00892211931616572,0.00679118853251843,0.0351917448063341,3.40930172605254e-05,0.0182281097117063
"TCCACAATGGTTTACG-1",2.48261770809568e-05,2.48255102885067e-05,2.48564518719868e-05,2.48262536871094e-05,2.48265077231126e-05,2.48262535392442e-05,0.99582956677334,2.48262536531149e-05,2.48242666191507e-05,2.48262536537857e-05,0.000155626590585632,2.48262539349243e-05,2.48262535595485e-05,0.000123401968155443,0.00359346197855051,2.48262537573372e-05
"TCCACTTTATCTAGGT-1",0.0619254762563633,0.000111221796694537,0.00533844271552349,3.83799053171056e-05,0.351696500563635,0.146923347927333,0.301398599548622,3.83799053170989e-05,0.0130859447685128,3.83799043060122e-05,3.83799053171056e-05,0.0282242167742302,0.0457226651825715,0.0381972302616833,3.83799053171138e-05,0.00718445467925733
"TCCAGATGTACGCCAA-1",4.29916893943119e-05,9.70423858388292e-06,9.70423887159072e-06,4.56482593631683e-05,0.0223874081663049,5.56849028424145e-05,0.971224899457471,9.70423887160223e-06,9.7042388697348e-06,0.000774608458520581,9.70423887170618e-06,0.00513836574097437,9.70423887158451e-06,9.70423889069943e-06,9.70423887141159e-06,0.00025275941442747
"TCCAGGCGAGTACGGT-1",0.08998590883511,2.67083327564659e-05,0.0651759646283989,0.0134171328010445,0.0700081093524326,0.0336819188264952,0.384959725497534,0.0194554391326097,0.0253743062459642,0.0298481533340522,2.6708332756467e-05,2.67083327564656e-05,2.6708332756467e-05,0.161328065516592,0.0990024753699786,0.00765596712876242
"TCCATTGTGACCTCGT-1",1.87786139603919e-05,1.87786139637633e-05,1.87786139601157e-05,4.68728775404908e-05,0.0028911762391674,2.52216796185217e-05,0.996805510731578,1.87786139570949e-05,1.877861396212e-05,1.87786139625734e-05,1.87786139663094e-05,1.87786139551222e-05,1.87786139607886e-05,1.87786140299671e-05,2.46537184571662e-05,1.87786139602314e-05
"TCCCAAAGACGAAGGA-1",4.72235798064821e-05,0.0206808347455933,0.0174141786210588,5.47547925464316e-05,0.230203597313481,2.01425322053542e-05,0.582917347448131,2.01425322053501e-05,0.00231478184303694,0.0506364256232603,2.01425322053482e-05,2.01425322053484e-05,0.00870524106601684,0.080688189282315,3.38740985326963e-05,0.0062229814574
"TCCCAGCTTTAGTCTG-1",0.0331141188285538,5.6433601443036e-05,0.0383344801536823,0.0228169215193132,0.288093339806547,0.0174134120797558,0.292184476687912,0.0506358122949975,0.042541332081559,0.0484666491797606,5.64336014430354e-05,5.64336014430391e-05,5.64336014430359e-05,0.124050583549267,0.0275429229056107,0.0145802165072677
"TCCCAGGCTTAGCTAA-1",4.27790864021743e-05,4.11458098890722e-05,0.00843203274717901,0.000111431301499354,0.253548498172608,0.00724670516299164,0.43034166876687,4.11458098890716e-05,0.0165165760010246,0.0258290852878353,0.00201724342927679,4.11458098890719e-05,0.0145780967126538,0.222859579215475,0.00838117331791791,0.0099716933685986
"TCCCGCGTACTCCTGG-1",0.001136766634842,3.12239691309075e-05,3.12239691309071e-05,0.000771312061386091,0.301471666884086,0.0652462360194472,0.518501827923368,3.1223969130897e-05,0.00654878293203915,3.22222362971163e-05,3.12239691309031e-05,0.000919793386800714,0.0311644927996848,0.0740195553072632,3.12239691309067e-05,3.12239691309023e-05
"TCCCGGGTGTGCTGCT-1",1.96532877913142e-05,1.96532877948295e-05,1.96568805927996e-05,1.96532877920767e-05,1.96532878008338e-05,1.96532877920785e-05,0.999705197090549,1.96532877790816e-05,1.96532878861839e-05,1.96532874652215e-05,1.96532877304562e-05,1.96532877680104e-05,1.96532877836163e-05,1.9653287905198e-05,1.96532878222012e-05,1.96532877468907e-05
"TCCCGTCAGTCCCGCA-1",5.96319360386638e-05,0.0123857235305691,5.96319360386652e-05,0.00471103192984372,0.223185959227685,0.0606981631392882,0.326040776232456,5.96319360386657e-05,0.0374643932924608,0.0660967002223851,0.00223831448784787,0.00313054717604153,0.102006935808318,0.146146482601401,0.0156564446075497,5.96319360386703e-05
"TCCCTGGCTCGCTGGA-1",2.87529389997771e-05,2.87529390112072e-05,0.00762627424893552,2.87529389997792e-05,0.0094610260851636,2.87529389997801e-05,0.969911687949916,0.000647559664826056,2.87529389998083e-05,2.87529391468919e-05,2.87529389961682e-05,2.8752938990888e-05,2.87529389984708e-05,0.011011183684234,2.87529389997777e-05,0.00105473897678251
"TCCCTTAGATTACTCG-1",0.022933364168005,0.0243476256354715,0.0959143374040602,2.82611015895603e-05,0.204807549577388,0.0322499715254792,0.452607740192234,2.82611015895711e-05,0.0107955167655567,0.00944744573474931,2.82611015895698e-05,2.82611015895701e-05,0.0529973475880575,0.093729534799461,2.82611015895691e-05,2.82611015895696e-05
"TCCGAAGTAGTCACCA-1",0.0288679309317004,0.0616113712047978,3.74518044647816e-05,0.0130495589913443,0.306960061759145,0.172846348129496,0.278919911880043,4.22508771632776e-05,0.00616083483557498,3.74518044647781e-05,0.00187078496769738,0.0453174943312716,0.060822544338121,0.023380807195829,3.74518044647773e-05,3.77451444212871e-05
"TCCGATAATTGCCATA-1",2.08400256476636e-05,2.08400255742914e-05,0.042531778049781,0.000705348212462219,0.234282141822407,0.0515526295635269,0.61662592026889,2.0840025647672e-05,0.00448597282987603,2.08400258008982e-05,2.08400256476626e-05,2.0840025647665e-05,2.08400256476622e-05,0.0496286490221486,2.08400256476554e-05,2.08400256476625e-05
"TCCGATGACTGAGCTC-1",0.0548938409570687,4.19912221038254e-05,4.19912221038252e-05,4.19912221038291e-05,0.425057632732099,0.0135900628917152,0.333002947219081,4.19912221038236e-05,0.000226085829063361,0.0147499525791089,4.19912221038225e-05,0.00155257802219232,0.0775793390432078,0.0649633866824894,0.014132226711351,4.19912221038241e-05
"TCCGATGGTGCGACAT-1",3.21349847833566e-05,1.99873206996341e-05,1.99873206996336e-05,0.0166692939597279,0.369441317945864,0.00074447530570054,0.567302718534822,2.28916604532084e-05,1.99873206996332e-05,0.00556569064643737,0.00243350442725027,1.99873206996377e-05,0.00216507837432071,0.0355029702364434,1.99873206996336e-05,1.99873206996349e-05
"TCCGATTACATTGCCG-1",4.26244471063585e-05,4.26293004163131e-05,4.253866238145e-05,4.26287114235323e-05,4.26357333963562e-05,4.26326076946114e-05,0.99936061849105,4.26331165131756e-05,4.26299113274667e-05,4.26326076340894e-05,4.26326072704004e-05,4.26333737021395e-05,4.26326072770298e-05,4.26326075981151e-05,4.26326077892994e-05,4.26326074196963e-05
"TCCGGAGGAAGGGCTG-1",8.27923814969142e-05,0.359084195752072,8.27923814969187e-05,0.0130144034594301,0.160422447970153,0.186771209977167,0.176333595074632,8.27923814969098e-05,0.00779837129889021,8.27923814969126e-05,8.27923814969201e-05,0.000171670573956972,0.0718002207059522,0.0240243385172681,8.27923814969214e-05,8.27923814969286e-05
"TCCGTTTAGCCTTGAA-1",0.037912347082336,1.49232497108424e-05,0.00323541523842531,0.0742409982683706,0.0814529040577358,0.0319179062360563,0.71005388281397,1.96844018247515e-05,0.0116082939783159,0.0154832162329893,1.49232497108424e-05,0.018400453199675,1.4923249710842e-05,0.015600282241747,1.49232497108424e-05,1.49232497108421e-05
"TCCTCTACGAGATGGC-1",8.05503623159886e-05,8.05457659703033e-05,8.05504199708494e-05,8.05504877035884e-05,0.000649030432797878,8.05498112296749e-05,0.986577157880328,8.05504197800909e-05,8.05503957313581e-05,0.00170456416026402,0.00291979672438015,8.05505308838798e-05,8.05504198691123e-05,0.00304107090350809,8.05504198357413e-05,0.00430288086543118
"TCCTCTGGCCCATTAG-1",0.0816578602918287,0.0371700293039894,0.0244767229504253,0.00553698986151436,0.168735810352849,0.173144273590395,0.392526536896924,3.91116325977698e-05,3.91116325977663e-05,0.0295968466932818,3.91116325977716e-05,0.0227062893177525,0.0514583489549709,0.00451115441983715,0.00832269083584063,3.91116325977728e-05
"TCCTGCCAACTGGAGA-1",0.161785886598829,4.40419348047549e-05,0.00217619070057339,0.0275083426165938,0.204039058352239,0.0524606619433239,0.41982811858146,4.40419348047675e-05,4.40419348047713e-05,0.00409164299971572,4.40419348047711e-05,0.0701073908004188,0.0437546541218651,0.00925429754620654,0.00477354606475203,4.40419348047628e-05
"TCCTGGCGCTGCCTGG-1",3.17007785243958e-05,0.0717666873260312,0.0354122888046408,0.0179800501274627,0.312925984614957,0.00112021381584904,0.492263441307202,3.17007785244053e-05,0.00498372057041827,3.17007777507327e-05,3.17007785243978e-05,0.00685789011782437,0.0211572775377488,0.0353422411074926,3.17007785243935e-05,3.17007785243916e-05
"TCCTTCAGTGGTCGAA-1",3.24874681839327e-05,0.0390838580988119,0.00317053784877892,1.91349493412467e-05,0.0304497993297629,0.00913941403821355,0.78719260534824,0.0281494498048586,0.0221096905629728,0.0245182962002676,1.47568255592305e-05,1.47568255592559e-05,1.47568255592295e-05,0.0203115722672347,0.0194490693546118,0.0163298142520446
"TCCTTTCTTACGCTTA-1",3.8365771254666e-05,0.0171223077230655,0.0290272121312672,0.0462694872208349,0.0400439670573666,0.0173683714238335,0.311854069067109,0.0342430180212373,0.0323346669938312,0.0175291997333633,3.83657712544812e-05,3.83657712546576e-05,0.0433573957760156,0.347199006409075,0.0625780781743381,0.000958122954899022
"TCGAAATTTAGGACCA-1",2.80630688575437e-05,0.00698620029133322,2.80630688575365e-05,0.068008609977485,0.128216391389271,2.80630688575371e-05,0.597348652538327,2.80630688575333e-05,0.043944572326095,0.0239605139629248,2.80630688575366e-05,2.80630688575408e-05,0.00501878910203976,0.0917547965514715,0.0345650323790492,2.8063068857537e-05
"TCGAGACCAACACCGT-1",0.0707978666212058,3.82389016598265e-05,3.82389016598241e-05,3.82389016598219e-05,0.0496014335091601,0.0292441581596796,0.608700464256201,0.0747354866152524,0.0225841297769271,0.00669513754492559,3.82389016598019e-05,3.82389016598243e-05,0.0271712938439106,0.077410968334665,0.0328296279281143,3.82389016598228e-05
"TCGCCCAACTGACTCC-1",4.02282247779275e-05,0.118902209849314,0.0227387391893948,4.02282247779401e-05,0.0467461008140987,0.271592103113897,0.404888500724031,0.0091074324875065,0.00618498538585187,0.00925698467036623,4.02282247779337e-05,0.0303828996136677,0.0550974280406229,0.0249014749873601,4.02282247779337e-05,4.02282247779381e-05
"TCGCCGGTCGATCCGT-1",0.00134322888444624,3.09547661779172e-05,3.09547661779181e-05,4.59683403530092e-05,0.331655435346156,0.088884936664577,0.493116241565551,3.09547661779057e-05,3.0954766177696e-05,0.0201155255678656,0.00760010445314402,3.0954766177919e-05,0.0258938717694911,0.0311280040451704,3.09547661779131e-05,3.09547661779256e-05
"TCGCGTCCAGAAGGTC-1",4.45778295981826e-05,4.45778297554342e-05,4.45778537371025e-05,4.45778296498376e-05,0.001639485941228,4.45778296498317e-05,0.984975563401892,4.45778296498834e-05,4.45778296332759e-05,0.000361018834656461,0.000514900698221804,4.45778295887038e-05,4.45778296613438e-05,0.00718194560455777,0.00139466290556491,0.00353122212295576
"TCGCTAAACCGCTATC-1",0.0888827519023901,0.0536771854997474,0.0400693198459758,6.24445976014557e-05,0.420352145375913,0.0618122264644955,0.2429169790161,0.00015897930931979,0.00718592845401279,0.00480415667517111,6.24445976014819e-05,6.24445976014566e-05,0.05070121446658,0.0291268900022866,6.24445976014567e-05,6.24445976014556e-05
"TCGCTCGATATATTCC-1",0.00299087079257702,0.0132774820468735,0.0211978604379284,0.0986081673525808,0.0580683037838108,4.02394328737438e-05,0.294254306797482,0.00843710791487677,0.0321611281550669,0.00668402619026235,4.02394328737989e-05,4.02394328737439e-05,0.00137488917255622,0.383252860779185,0.0622881145776091,0.0172841637005698
"TCGCTGGGCGGATTGT-1",6.29711733208392e-05,0.00563794801649415,4.01611547956927e-05,0.0103180032563735,0.389450220321487,0.0391815114165442,0.410381173006298,4.01611547956997e-05,4.0161154795693e-05,0.0150099138969774,4.01611547956923e-05,0.00391374920378075,0.0184564389656583,0.10568312925025,4.01611547956873e-05,0.00170413571883734
"TCGCTGTGCGTAAATC-1",4.89809684213022e-05,4.8980968693257e-05,4.8980968461715e-05,4.89809684418994e-05,0.00575490507105697,4.8980968441901e-05,0.975593863310902,4.89809684706493e-05,0.00193902968233315,0.000753114275270177,0.001699564147064,4.89809683895635e-05,0.00155144767286862,0.00621899829602952,4.89809684221719e-05,0.00609722979673271
"TCGCTTAATTACGAAG-1",2.29931471097711e-05,2.2993147109773e-05,0.0325624708460481,0.0267260700194455,0.0851932858529446,0.0820877211765427,0.683619682024385,2.29931471097708e-05,0.0175477477582351,2.29931471097704e-05,2.29931471097677e-05,0.0132598317972779,4.19065871798099e-05,0.0353303603636237,0.0234929646916588,2.29931471097659e-05
"TCGCTTTAAACGTTTG-1",2.6615665286804e-05,0.0109950276020726,0.0894624418851955,0.000129991541303371,0.136306911932005,2.72025445334808e-05,0.677198401857731,2.66156652867921e-05,2.66156652867995e-05,2.66156658681899e-05,2.66156652868034e-05,0.000593388045249969,0.0171744279614368,0.067925896972883,2.66156652867956e-05,2.6615665286801e-05
"TCGGAATGACCATCAA-1",0.0226406980739908,1.76742164587316e-05,1.76742169346968e-05,4.09834295861208e-05,0.00243383009121008,4.18074601395101e-05,0.96007403137311,1.76742169351873e-05,1.767421692591e-05,0.0142466109953888,1.76742169459509e-05,1.76742169349162e-05,1.76742169339822e-05,1.76742168419347e-05,0.00036297062473132,1.76742169321276e-05
"TCGGAATGCGCTCTGA-1",4.29302929778215e-05,4.29302929597373e-05,4.2930292933552e-05,4.29302929513851e-05,0.00252921247462449,4.2930292951386e-05,0.97458037742745,4.29302928996805e-05,0.00531071909181516,0.00211475374004895,0.000585984084927457,4.29302929828141e-05,4.29302930604172e-05,0.0105433951138328,0.00238314592931607,0.00160896979426854
"TCGGAGTACATGAGTA-1",4.2326669921584e-05,4.23266701921646e-05,0.0179350739306604,4.23266699216007e-05,0.31623607737523,0.0581038947903026,0.412995666335111,4.2326669921578e-05,4.23266699215744e-05,4.23266722804191e-05,4.23266699215839e-05,4.23266699215824e-05,4.23266699215827e-05,0.184718659036567,0.00958736183028431,4.2326669921584e-05
"TCGGGTGAAACTGCTA-1",6.99766792813359e-05,6.9977720112108e-05,7.01907887397862e-05,6.99766869133391e-05,0.00135069772710176,6.99774062258701e-05,0.990764740637135,6.99766724312303e-05,6.99825055993729e-05,6.99766720325038e-05,0.00108098913952634,6.99766675270279e-05,6.9976672252633e-05,6.99766723628201e-05,6.99766726948365e-05,0.00596363068006449
"TCGGTCCCTGACTCCA-1",3.05092976129804e-05,3.05092976129745e-05,3.05092976129778e-05,0.0314983197398388,0.269017903794839,0.0668610108881924,0.509748983096515,3.05092976129676e-05,3.05092976129777e-05,0.00486262807424167,3.05092976129778e-05,0.0411870780059558,0.0337286732397305,0.0167384694620198,0.0171725126987925,0.00900136521419722
"TCGGTGACCGCTCCGG-1",0.000192253716691536,0.0250529821082542,0.00775284526686577,5.73620816304984e-05,0.411121225450335,0.130132087066189,0.277966666058402,5.73620816304897e-05,5.73620816304915e-05,5.73620817019822e-05,5.73620816304957e-05,0.0499632135433269,0.075591160339718,0.0218260318787329,5.73620816304959e-05,5.73620816304957e-05
"TCGTAAGACGACATTG-1",3.25888308793074e-05,3.25888308793202e-05,3.25888308793373e-05,3.25888308793168e-05,0.236453147866122,0.0685140900321034,0.590710568295008,3.25888308793518e-05,3.25888308793218e-05,0.0063902674662255,3.25888308793284e-05,3.25888308793206e-05,0.0176323027906747,0.0790986244626994,0.000907699609252787,3.25888308793188e-05
"TCGTAAGCTCCGAGGA-1",0.0130562405282905,2.95114990673849e-05,0.0250272332888624,2.951149906737e-05,0.458784041784878,0.0562196062712268,0.332501144892057,2.99090920261803e-05,2.95114990673792e-05,0.0239928934511173,2.95114990673783e-05,0.0230776418980158,0.0401056238590232,0.0199266156136835,0.0071314918254829,2.95114990673781e-05
"TCGTATAGTGCAATTA-1",2.69392386228974e-05,2.69392385971952e-05,2.69392386224933e-05,2.69392386182352e-05,0.00385134374946335,2.69392386224898e-05,0.992946850474472,2.69392386180583e-05,0.00117732101980049,4.10476818257173e-05,2.69392386428241e-05,0.000739983126352548,0.000974061561899428,2.69392385923441e-05,2.69392386224862e-05,2.6939238627261e-05
"TCGTATTTCGTCCGGA-1",2.32639627338415e-05,2.32617785812377e-05,2.32628795115006e-05,2.32620178624151e-05,2.32620727294501e-05,2.32619252100795e-05,0.999500337790431,2.32620311618555e-05,2.32619069711079e-05,2.32620178657458e-05,0.000173991544994065,2.32620001523574e-05,2.32620178482073e-05,2.32620182893185e-05,2.32620177998754e-05,2.32620178582589e-05
"TCGTCCGCTGGCGTCT-1",2.40215210183272e-05,2.40231289396996e-05,2.40219971272097e-05,2.40215239612328e-05,2.40213523838113e-05,2.40215239743581e-05,0.998991053191389,2.4020366008924e-05,2.40221558679516e-05,2.40215240436507e-05,0.000672644120317343,2.40214989692323e-05,2.4021523950707e-05,2.40215241206582e-05,2.40215240034461e-05,2.40215239244247e-05
"TCGTCCGGGTACACTC-1",0.0973787239413171,2.61207115109246e-05,2.61207115109227e-05,0.0176210171943498,0.049359241480371,0.0216542719855767,0.776098576368747,2.6120711510927e-05,0.0137115358833026,2.61207104507649e-05,2.61207115109242e-05,2.61207115109297e-05,2.61207115109243e-05,0.0239415467437974,2.61207115109301e-05,2.61207115109246e-05
"TCGTTCGTTATTATGT-1",2.253875187011e-05,2.2539943248708e-05,2.25299952288502e-05,2.25390100725964e-05,2.25370610676169e-05,2.25390100725881e-05,0.999661925676863,2.25405427012725e-05,2.25369465841395e-05,2.2539010055268e-05,2.25390100601276e-05,2.25390020641189e-05,2.25390100519184e-05,2.2539009913582e-05,2.25390100553738e-05,2.25390100905545e-05
"TCTACCGTCCACAAGC-1",0.0749557963667305,0.0706052650908887,2.78667473800494e-05,5.33549876325806e-05,0.141880105654163,0.00998946238366573,0.449306821600987,2.78667473800492e-05,2.78667473798742e-05,0.0026571673557291,0.00352296833081875,2.78667473800493e-05,0.00316493563851108,0.197741363044117,0.0459834258098561,2.78667473800496e-05
"TCTAGCATCTTCGATG-1",0.00353554414037598,3.21676675816086e-05,2.54040837556282e-05,3.70511118905005e-05,0.00103927707932182,2.54040837554537e-05,0.972622302390836,2.54040837572324e-05,2.54040837414942e-05,0.0177015812590762,2.54040837978505e-05,2.54040837488698e-05,0.000143103491936423,2.54040837626117e-05,2.54040837554537e-05,0.0046857401889069
"TCTAGTTATCAGAAGA-1",0.0417701772806535,0.003420126467576,0.0800620463628553,0.00354462564663039,0.0282924979195723,5.84717419871095e-05,0.271002937017185,0.0467962323337796,0.029282064199059,0.018963485770789,5.84717419751753e-05,5.84717419845576e-05,5.84717419891521e-05,0.406168317160602,0.0606222242976882,0.00984137857567381
"TCTATCATGCAGTTAC-1",4.44750432647244e-05,4.44743489589347e-05,4.44749694560106e-05,4.4474938455587e-05,0.000284790813651657,4.44748966795952e-05,0.981211853298874,4.44749694726256e-05,4.44751923129643e-05,0.00256105271358749,0.00421501281962852,4.4474992506613e-05,4.44749694387607e-05,0.00385159292216118,4.44749694026757e-05,0.00743094814214875
"TCTATCGGTCGCAACA-1",0.000188067378105791,4.66246564963095e-05,4.66246564963267e-05,5.52326968465921e-05,0.346315212048797,4.66246564963134e-05,0.578734528161931,4.66246564962866e-05,4.662465649642e-05,0.0160317278410308,4.66246564963119e-05,4.66246564963151e-05,0.0150652367002648,0.0390766133138615,4.66246564963092e-05,0.00416038460719188
"TCTCCAACGTAGGTTA-1",0.0157789105184508,4.33956444295701e-05,4.33956444295743e-05,0.00905789228805211,0.30170909139515,0.078244943122682,0.448126011113147,4.33956444295795e-05,4.33956444295912e-05,0.0194257324739331,4.33956444295733e-05,0.0175599672378152,0.0341505814580471,0.0756431008817156,4.33956444295738e-05,4.3395644429572e-05
"TCTCGAACGAGGTCAC-1",0.084773589773316,0.0884040926155173,0.00828155554636146,5.29764415010671e-05,0.141630619934924,0.0172608265068117,0.567707999710195,2.78157704513097e-05,0.0137582219093545,0.0158306401354766,0.000100599105434638,0.0185228705606129,0.007010400137163,0.0195098372879575,0.0119066847788337,0.00522126978608851
"TCTCTAATAGCTGGTA-1",0.0941473869941458,0.00960035720833715,0.0321945186024216,0.0293306852368037,0.133743121120516,0.0258640766587629,0.594267544298736,2.05886764115571e-05,2.05886764115583e-05,0.0389998535373936,0.00385186016439052,0.0146789413791022,0.000323889577616338,0.0146969229184569,0.00823907627408225,2.05886764115601e-05
"TCTGAACCGGTCGGCT-1",5.84057718686625e-05,5.84057662451096e-05,5.83999651983512e-05,5.84057718178729e-05,0.00294508944947863,5.84057718178867e-05,0.980597876825455,5.84057717908905e-05,5.84057718037836e-05,0.001824910861836,0.00147910823615185,5.84057718013631e-05,5.84057718574827e-05,0.00543672949001991,5.84057718402116e-05,0.00713223323101694
"TCTTACAGAGGTACCG-1",7.57842966338048e-05,0.00042121442651745,7.58394177017044e-05,7.57853196566337e-05,0.000749937818810777,7.57797540975073e-05,0.98073364991588,7.57853450417764e-05,7.57851712266975e-05,7.57853337355844e-05,0.0102477355854179,7.57853310419943e-05,7.57853447545853e-05,7.5785345044771e-05,7.57853450566974e-05,0.00701377624938255
"TCTTACCGGAACTCGT-1",0.0457549341560155,0.0461452289354843,3.97888729215692e-05,0.00162323537596528,0.528337251982344,0.0858073147826813,0.275198840661774,0.000167137532361018,3.97888729215692e-05,3.97888724268423e-05,3.97888729215694e-05,3.9788872921573e-05,0.00225297560559425,0.0144345588578236,3.97888729215692e-05,3.9788872921569e-05
"TCTTCGATACCAATAA-1",0.0381406857460554,0.0538066618941855,0.0301839980290306,0.0365729804954098,0.11455828027903,0.0506670008150574,0.181173366960405,5.39862584645627e-05,0.010528303418049,0.0195205198542163,5.39862584645434e-05,5.39862584645571e-05,0.0825431685350172,0.376572252054698,0.00551683688498747,5.39862584645574e-05
"TCTTGATGCGTAGCGA-1",0.0165556319494598,0.0666583874756415,7.57820623539198e-05,7.57820623539201e-05,0.0187499862331545,0.206309296627817,0.115311134287814,0.0828049370497308,0.0152631560118367,0.00603909587802353,7.57820623894577e-05,0.00275642228192701,0.119868821783801,0.311233846713914,0.0381461554574288,7.57820623539188e-05
"TCTTGGTAACACCAAA-1",2.04862428321897e-05,0.0315737379925154,0.0186112560147436,2.04862428322141e-05,0.16920691916017,0.0226712206182084,0.67533694136197,4.74552945361504e-05,2.04862428321921e-05,0.025236294311448,0.00102773853046039,2.0486242832184e-05,0.0155749846933349,0.0405705893037797,4.04315046722981e-05,2.04862428321886e-05
"TCTTTCTCTTAAGGAG-1",0.00820619432529255,1.76483785599963e-05,1.76483785273101e-05,6.96077814697535e-05,0.0184323201737502,0.00292944955209112,0.918630070676516,1.76483785272867e-05,1.76483785122876e-05,0.00874621019005503,1.76483785373695e-05,0.0398647407948227,0.00298021947778449,1.76483784996377e-05,1.7648378527309e-05,1.76483785273953e-05
"TGAAACTTATGCAAGC-1",1.97064136054184e-05,1.97064136054827e-05,0.0377903450192081,0.0397069818704631,0.0236225028929246,5.93369268452705e-05,0.852454072381853,0.00419697270444126,0.0016965203405363,0.00163774115104328,1.97064136075441e-05,0.0225406088878977,0.00245101417749138,1.97064136034873e-05,0.0137453715792683,1.97064136054138e-05
"TGAATATGCTATAAAC-1",0.0893252793280297,3.16936497711095e-05,3.16936497711236e-05,3.16936497711028e-05,0.0024618471696918,0.226239568694341,0.549198716057567,0.0600406610781819,3.67382214113068e-05,3.16936494943065e-05,0.00540805136089498,0.0010216657526516,0.0249106801879011,0.0238558438784552,0.0121389818040929,0.00523519186797377
"TGACACTTCTCTTTGC-1",3.88679197211979e-05,0.0581665280888774,3.88679197211983e-05,3.88679197211959e-05,0.0551979313214653,0.147138919007705,0.305456371663557,3.8867919721173e-05,3.88679197211951e-05,3.88679196370254e-05,3.88679197211962e-05,0.0905254396860013,0.327304463736998,0.0151657443673949,0.00073365877031596,3.88679197211829e-05
"TGACCAGCTTCAAAGT-1",3.34746349849811e-05,1.8306113031997e-05,1.83061130307205e-05,0.000110190865773606,0.0663532193053031,0.00153978818334115,0.925418492509921,1.830611303073e-05,1.83061130322703e-05,1.83061130291046e-05,0.000708280184106349,0.00534272661345813,0.000347378798868651,1.83061130271696e-05,1.83061130307204e-05,1.83061130297911e-05
"TGACCCACGTTAGACA-1",0.00895895336609501,0.000647272939906722,1.70094733450326e-05,0.121479168236457,0.00591898677605044,1.86043235103874e-05,0.727278724595341,0.0183259204807796,0.0313413575685931,0.00894364082593553,1.70094733537395e-05,1.70094733455584e-05,1.700947334503e-05,1.70094733362689e-05,0.0629660208063095,0.0140363027142959
"TGAGAATGCTTTACCG-1",0.0125107931306833,2.0467571044122e-05,2.04675710452801e-05,0.123782095275051,0.042850335334295,3.29448312030834e-05,0.722116752055459,0.0107553975187588,0.00873913360192493,0.0126380841863268,0.00181521624195176,0.0413884029604109,2.04675710452786e-05,2.04675710469429e-05,0.023268507008709,2.04675710452779e-05
"TGAGATCAAATACTCA-1",4.90568789725934e-05,4.9056879051965e-05,4.90568789768801e-05,4.90568789843932e-05,0.00535828267338231,4.90568789843929e-05,0.986373809015866,4.90568789822663e-05,4.90568789317364e-05,0.00015330241443781,0.000924983569591465,4.90568789791792e-05,4.90568789841134e-05,0.00455562400701782,4.90568789843873e-05,0.00214342952987224
"TGAGATTAGGCCCTAA-1",0.00020582674725822,0.0611301431820628,0.0075056051659603,0.0864740020227364,0.477388868737292,4.12862536076816e-05,0.3158162918698,4.12862536076656e-05,4.12862536076805e-05,0.0122569584336738,4.12862536076813e-05,0.00586208163076325,4.12862536077204e-05,0.0330712184351992,4.12862536076799e-05,4.12862536076948e-05
"TGAGCTTTAATGACGC-1",0.0734723096745988,0.0638837288081508,0.0326637746998601,0.00579517014674429,0.0594378675582447,0.0326077076605602,0.332295394963511,4.15318239198467e-05,4.1531823919845e-05,0.021403472785612,4.1531823919848e-05,0.00436382072522782,0.0702839611909388,0.303585132666952,4.1531823919844e-05,4.15318239198458e-05
"TGATCGGTTTGACCCT-1",7.8215667388208e-05,1.9246885913106e-05,0.0139393332819384,7.63581435538645e-05,0.350278114093551,1.92468859131099e-05,0.585732491803251,1.92468859130988e-05,1.9246885913106e-05,0.0145766311520843,1.92468859131076e-05,1.92468859131103e-05,0.000424296137067606,0.0319798021020777,1.92468859131069e-05,0.00278002941769619
"TGATCTACGCTGATCT-1",8.20412131911403e-05,0.200202563865511,0.0482210521383176,8.20412131911441e-05,0.0420961405432809,0.0621846384855452,0.225825851537869,8.20412131911349e-05,0.0391587124215335,8.20412127303019e-05,0.000257531915300284,0.109340732558464,0.231141879505989,0.0080021853207968,0.0331585056418978,8.20412131911451e-05
"TGATCTCCGGCGCCAG-1",6.3594425030502e-05,6.35944250305295e-05,0.00367954566909231,0.0167368834820468,0.391712204552615,6.35944250304957e-05,0.329149519080655,6.35944250304879e-05,0.00449574900693225,0.0573195154116882,6.35944250305265e-05,6.35944250304943e-05,6.35944250304956e-05,0.196334232971696,6.35944250304956e-05,6.35944250304952e-05
"TGATTATGGCACGCAG-1",6.32970214597909e-05,6.32970214597921e-05,6.32970214597929e-05,6.32970214597993e-05,0.127013644975452,0.21522538675983,0.396166639529016,6.32970214597913e-05,6.32970214598085e-05,6.3297021459792e-05,6.32970214597932e-05,0.0846886023146484,0.0972764965398223,0.0276239249153036,0.0459654833115069,0.00553344548274263
"TGATTCGTCTATCACT-1",1.98481538682227e-05,1.98481538745776e-05,1.98481538710221e-05,1.98481538690272e-05,1.98481538271029e-05,1.98481538690336e-05,0.947370114953881,1.98481538769847e-05,0.028528547983901,1.98481538667736e-05,4.70929564114066e-05,1.98481538926604e-05,1.98481539017335e-05,0.00349928388396855,0.0171948754487389,0.00316160323438171
"TGATTTATTAGCTGTG-1",1.99156110956569e-05,1.99156110935718e-05,1.99156110956544e-05,1.99156110956605e-05,0.014171328447308,0.00849026839137996,0.954629977914367,1.99156110956491e-05,1.99156110956953e-05,1.99156110955062e-05,1.99156110956558e-05,0.0103411712468972,1.99156110956483e-05,0.010180168590488,1.99156110956558e-05,0.00198792929860575
"TGCAAGAATGACGTAA-1",0.0999576289533728,0.0133902270392292,0.0335830829907785,0.0747051693105941,6.22413460376747e-05,0.00363212671234506,0.296180698165833,0.0344968876590065,0.0468680282014899,0.0047492440422684,6.22413460376749e-05,6.22413460377334e-05,6.22413460376763e-05,0.309517340925433,0.0826083592694618,6.22413460376747e-05
"TGCAATTTGGGCACGG-1",0.0275703026726852,6.36593893544271e-05,0.00579193977639348,0.00590778745876397,0.647437270106215,0.0275885918834604,0.269732612305614,7.82691360817982e-05,6.36593893544277e-05,0.00422946294659267,6.36593893544489e-05,6.36593893544264e-05,6.36593893544275e-05,0.0112181479887123,6.36593893544248e-05,6.36593893544278e-05
"TGCACAGTGAAGTTAT-1",0.00257287433077591,4.64597937159825e-05,4.6459793715983e-05,4.6459793715987e-05,0.557213183047598,0.00742377122363661,0.377492788184037,4.81230594917365e-05,4.64597937159828e-05,0.0190632672881712,4.64597937159816e-05,4.6459793715996e-05,4.64597937160091e-05,0.0188694077686193,0.0169449067479427,4.64597937159738e-05
"TGCACGAGTCGGCAGC-1",3.10417809821358e-05,3.10417810056259e-05,3.10417809808944e-05,3.10417809808915e-05,0.00707148778859091,3.10417809808955e-05,0.976523984753727,3.10417809812354e-05,3.10417809848177e-05,0.00374527098202389,0.00256300259710588,3.10417809560842e-05,3.10417809808577e-05,0.00465847593623939,0.00164622387985512,0.00351217803362426
"TGCAGAGTACCGAGCA-1",4.68193062212714e-05,4.68193061879631e-05,4.68193062165107e-05,4.68193062318865e-05,0.0038770939331178,4.68193062318858e-05,0.986257619499344,0.00163835059303845,4.69509911821743e-05,4.6819306185707e-05,4.68193062514578e-05,0.00132320729658189,4.68193062325915e-05,0.00638858462459511,4.68193061930239e-05,4.68193061878645e-05
"TGCAGGATCGGCAAAG-1",0.0766390350638104,3.93331922104423e-05,0.000159223091448845,0.0276133910735736,0.197076518117591,0.0182022612175045,0.3642137063294,3.93331922104459e-05,0.00433865587000638,0.0137794048713767,0.000672327071803243,3.93331922104411e-05,0.0389931445764597,0.239585377177048,0.0119451139808405,0.00666384198250615
"TGCAGTGAGGCTCGGG-1",2.3052063232486e-05,2.30520629774271e-05,2.30520632324868e-05,0.000173525632394223,0.0686852321784616,2.30520632324922e-05,0.776832107769169,2.30520632325324e-05,0.0136972043484313,0.0232687602978672,2.30520632324854e-05,2.30520632324854e-05,0.0168060530681337,0.0629312247855191,0.0374214754144187,2.30520632324933e-05
"TGCATGGATCGGATCT-1",0.00405958165880195,3.27752334033706e-05,0.0298273952805577,3.84872526457786e-05,0.3155221827496,3.27752334033766e-05,0.545807643724503,3.27752334033668e-05,0.00695146740792939,0.00568725753031856,0.00257189315326318,0.0336761787423422,3.27752334033709e-05,0.0377936955942873,3.27752334033692e-05,0.0179003407387336
"TGCATGTGGTAATCTA-1",0.0512682971233147,0.0129979217632173,0.0689808849901328,0.000139051599622647,0.0740461930772501,0.120672820912206,0.479959823214087,8.23689421333824e-05,0.00917996184406998,0.0088351725952782,0.00261778854466084,0.0290589851109643,0.0108512603370934,0.131144732061703,8.23689421333796e-05,8.23689421333809e-05
"TGCCACCTGGCGAAAC-1",2.92349925618522e-05,0.05527416602894,0.011243969641506,0.00291606272812466,0.239985192764542,0.0954127428383021,0.489219125259236,2.92349925618482e-05,0.00268850642183062,0.0117338436938858,2.92349925618528e-05,2.92349925618553e-05,0.0115557341029649,0.0797952465652968,2.92349925618531e-05,2.92349925618529e-05
"TGCCATTACTAAAGAA-1",0.000115840864500246,0.0435342080317597,5.69198687524966e-05,5.69198687524967e-05,0.382425047052248,0.118311935338415,0.308096284826934,5.69198687524902e-05,0.0165481832976248,0.0190928718743891,5.6919868752496e-05,5.69198687524985e-05,0.0623847314087701,0.0448103388026743,0.00433903929017003,5.69198687524964e-05
"TGCCTGATCAAACGAT-1",0.0114068691318967,0.0181453399988411,1.98780970488105e-05,1.98780970488381e-05,0.202816509232704,0.000953637287916208,0.622127400901859,1.98780970488153e-05,0.0129704022941866,0.0590426739880745,1.98780970488193e-05,1.98780970488212e-05,0.0150949239208737,0.0494181528047838,1.98780970488192e-05,0.00790482185657084
"TGCGAGATGGCGGCCA-1",5.32142749205372e-05,0.0243644808128876,5.32142749205911e-05,0.103050183114992,0.0620286705151027,0.132139647579878,0.507790979468664,5.32142749205656e-05,0.00248859857369425,6.57839079867199e-05,5.32142749205369e-05,0.131938675890244,5.32142749206106e-05,0.0357604802121074,5.32142749205377e-05,5.32142749205318e-05
"TGCGAGCCCTTCCGCG-1",0.000187163480954103,0.0107352056631779,4.432765162749e-05,4.43276516275072e-05,0.398653815504116,4.43276516274885e-05,0.418059546276835,6.49424498586687e-05,4.43276516274798e-05,4.43276515340403e-05,4.43276516274883e-05,0.124024007354863,4.43276516274605e-05,0.0266259387085907,0.0176259754512693,0.00371311154903592
"TGCGCAAAGCATTTGG-1",0.0221443425572052,0.0707704058472707,5.19350909401504e-05,0.00650106390161604,0.0360946665418049,0.0454096856429347,0.167640858394635,0.0165051673846637,0.00668899450158186,0.0151828381895551,5.193509094015e-05,0.00616544608764064,0.143544707906486,0.409060386821112,0.0541356309506737,5.1935090940152e-05
"TGCGCGATTAACGGAG-1",1.66544972609668e-05,1.66544972432841e-05,1.66544972551683e-05,0.00184646330596679,0.00013298125158957,1.66544972545584e-05,0.987545042074501,1.66544972539176e-05,1.66544972527582e-05,0.0101277858794204,1.6654497258892e-05,1.66544972213122e-05,1.66544972545594e-05,1.66544972454769e-05,1.66544972617208e-05,0.000164528018759876
"TGCGGAGTAAAGGTGC-1",3.00062826985331e-05,3.0006282698578e-05,3.00062826985814e-05,0.0978394480606181,0.266885658522753,0.00197168193271861,0.494429016808413,3.00062826985942e-05,0.0157865177824247,0.00488662166135556,0.00150627599715033,0.0196859932957206,0.0584712172582221,0.0383575309844325,3.00062826985779e-05,3.00062826985735e-05
"TGCGGCATAGTTCAAC-1",3.75567652369733e-05,3.75668317462195e-05,3.75572311041272e-05,3.75558490309681e-05,3.75559296465374e-05,3.75558671038249e-05,0.993388167515157,3.75573684410251e-05,0.00286923880543907,3.75558490537079e-05,0.00025071751724294,3.75558491969985e-05,3.75558490246369e-05,3.75558490915152e-05,3.75558490431921e-05,0.00304119107444074
"TGCGGTGAAATTTCAT-1",1.86189980481721e-05,1.86189980504314e-05,1.86189980481755e-05,5.59940558304497e-05,0.01000025408346,7.05836555827281e-05,0.958818458359001,1.86189980487589e-05,1.86189980481297e-05,0.0100321218215441,1.86189980428691e-05,0.0104940540035252,0.0101114475671591,0.000268134469514288,1.8618998048172e-05,1.86189980481764e-05
"TGCTGCGTCAGAGTTA-1",0.0697805479387183,3.8836630231924e-05,0.0134535278166678,3.88366302320541e-05,0.0416757302267532,3.8836630232055e-05,0.752253782884604,3.88366302320531e-05,3.88366302322349e-05,3.88366302320545e-05,0.00174950547593756,3.88366302320692e-05,0.0502904667708799,0.0389153156780672,0.0315704301665165,3.88366302311836e-05
"TGCTGGTTGGACAATT-1",2.17530519012562e-05,2.1750913611638e-05,2.17536363143912e-05,2.17530519231576e-05,2.17531399963139e-05,2.17530519500156e-05,0.99967370676563,2.17510405609261e-05,2.17540185908509e-05,2.1753051949063e-05,2.1753051935323e-05,2.17530179970171e-05,2.17530519377536e-05,2.17530518727201e-05,2.17530519095063e-05,2.17530519195973e-05
"TGGAAGACGAACACCA-1",6.02267302189902e-05,6.02267301730479e-05,6.02257812394826e-05,6.02267302081073e-05,0.00115607839336554,6.02267302081133e-05,0.989302707712364,6.02267303279092e-05,6.02267303041189e-05,6.02267303911857e-05,0.00616703933895116,6.02267304991267e-05,6.02267302303433e-05,0.00112903436735377,6.02267300937223e-05,0.0015826471040713
"TGGAAGGATAAAGATG-1",0.0252562334592289,0.0250341825970517,2.87305322654046e-05,2.87305322654136e-05,0.138773417872609,2.87305322654133e-05,0.555384007865809,3.99475140815741e-05,0.00496844845274891,0.0331577417282991,0.00137125429446043,2.87305322654126e-05,0.15580706801258,0.0557119685185019,2.8730532265413e-05,0.0043520770233023
"TGGAGCTAAAGTTCCC-1",3.87825395183893e-05,3.87825395152638e-05,3.878253952731e-05,3.87825395207921e-05,0.00135481669049829,3.87825395208335e-05,0.985395913819149,3.87825395271117e-05,0.000446817976461517,0.00709066376241182,3.87825394593516e-05,3.87825395978157e-05,3.87825395246851e-05,0.000598626260456715,3.87825395225275e-05,0.00472533609578815
"TGGAGTGATGCGATGA-1",1.70127032231899e-05,1.70127031984276e-05,0.00296631977653625,0.00954393656724059,1.70127032245189e-05,1.70127032191484e-05,0.949334909282282,1.70127032266523e-05,0.0100078602303642,0.0177554645154965,1.70127032234262e-05,1.70127032320626e-05,1.70127032222266e-05,1.70127032380119e-05,0.0102213825958505,1.70127032226522e-05
"TGGCAACTCGCGCGCC-1",7.15712138932433e-05,0.102266477222597,6.03012860572631e-05,6.03012860572301e-05,0.301974742507906,0.101274549888557,0.357608083932202,6.0301286057265e-05,6.0301286057262e-05,0.0546413066459399,6.03012860572629e-05,0.00290362390761267,0.0258019310233539,0.0409879766128589,0.0121079293287357,6.0301286057269e-05
"TGGCCAAACTGAAGTA-1",0.00505091296909203,3.05536469998079e-05,3.05536469998072e-05,3.05536469998159e-05,0.439643137026643,0.0241482857162941,0.455918045501769,3.05536469998168e-05,3.0553646999811e-05,0.00322390108187492,3.05536470008611e-05,0.0106751751859778,0.0245661580443882,0.0365299552979611,3.05536469997986e-05,3.05536469998046e-05
"TGGCCGTATATTGACC-1",1.88189611347678e-05,1.88189611710989e-05,0.00578567587037328,1.88189611477505e-05,1.88189611493405e-05,1.88189611477498e-05,0.993405490682481,1.88182434824777e-05,1.8819755084693e-05,0.000564185762179997,1.88189611485882e-05,1.88200748950977e-05,1.88189611575388e-05,1.88189611577585e-05,1.88189611418531e-05,1.88189611466756e-05
"TGGCTTGTACAAGCTT-1",3.36998745486447e-05,3.36998752656183e-05,3.36998745486454e-05,0.0605650917497831,0.131203258383282,0.0568647336502693,0.647464974091445,3.36998745486512e-05,3.3699874548643e-05,0.022794084663175,3.36998745486441e-05,0.0585948360265436,3.36998745486405e-05,0.0222097225638479,3.36998745486388e-05,3.36998745486433e-05
"TGGCTTTGGGTAGACA-1",0.0159978008139002,1.70471593345124e-05,1.7047159326179e-05,0.000240740676746842,1.70471593273132e-05,1.70471593261717e-05,0.961336285902732,1.70471593248806e-05,0.00261657403637288,0.0014026488228733,1.70471593367013e-05,0.00393167433697441,0.00778251159672422,0.000480659742295353,1.70471593261829e-05,0.00609177395607871
"TGGGATGCACTCATTC-1",0.0284359848277001,3.11599553274777e-05,0.0234001261444444,0.00699029243702155,0.219554768544728,0.0720736406046881,0.526510366887838,3.11599553274769e-05,3.11599553274663e-05,0.0234712972721764,0.000965899768727013,0.0277815244285752,0.0204274359872488,0.0385699674811398,3.11599553274775e-05,0.0116940557944025
"TGGGCACGTTCTATGG-1",0.079266512249539,2.0517156748314e-05,2.05171567485401e-05,0.157376672839739,0.0350965402936039,2.08115982406734e-05,0.618035190406024,2.05171567485396e-05,2.05171567485416e-05,0.0362145105114363,0.00134950969582521,0.050509843677967,2.05171567485404e-05,0.00912710263514206,0.00491869283460563,0.00798202747413507
"TGGGCCACAAGAGCGC-1",2.9751835377848e-05,0.0460947106043777,2.97518353778425e-05,0.0221043822134098,0.105981588566952,0.0121805353953723,0.526751167968482,2.97518353778435e-05,2.9751835377849e-05,0.0424526927711995,2.97518353778477e-05,0.00364642474942481,2.97518353778486e-05,0.193471307903281,0.030693452951818,0.0164452258634159
"TGGGTAAGGTTCCCGC-1",1.38823494382354e-05,0.0258509116831053,1.38823494382354e-05,0.126590647377852,0.0979705053063083,2.61655513374847e-05,0.67040620828259,1.38823494382694e-05,1.38823494382264e-05,0.00540804599233718,0.00151711276661573,0.0316381354829944,0.0379186092159473,0.000597650002885099,0.00200659659083559,1.38823494382384e-05
"TGGGTGGGATGTCATT-1",0.219240913070645,0.0655187256382562,3.04543351147861e-05,3.04543351147928e-05,3.04543351147846e-05,0.0776422335103627,0.48566725797919,3.04543351147763e-05,0.00119806136587996,0.0263319791442544,3.04543351147853e-05,0.0142299733439102,0.0129225899717705,0.072715733380059,3.04543351147972e-05,0.0243498065849831
"TGGTATCGCATCCCAA-1",2.1661146330458e-05,2.16611462647123e-05,2.16611463292497e-05,2.16611463293953e-05,2.16612329831191e-05,2.16611463293894e-05,0.999675082908114,2.16609582720728e-05,2.1661146032814e-05,2.16611463053219e-05,2.16611463391522e-05,2.16611464075062e-05,2.1661146332174e-05,2.16611449687508e-05,2.1661146329388e-05,2.16611463322346e-05
"TGGTTCGTAGCAAAGG-1",0.000137945346068873,4.36162876466064e-05,4.36162876465975e-05,0.000124565846144734,0.503879414663656,0.010276994917189,0.39535698477787,4.36162876465874e-05,0.00722696899546965,0.0374398146538631,0.00239190116932139,4.36162876465982e-05,4.36162876465921e-05,0.0428600956168912,4.36162876465984e-05,4.3616287646599e-05
"TGGTTGGAGGATCCTG-1",5.53960936574201e-05,4.54753748203475e-05,0.0142771134748014,0.000117266809739238,0.414001770382215,0.0307501074642341,0.438537893453794,0.00643022015569856,0.00668964407976218,0.017077672890388,5.32638656940913e-05,0.00989197263603413,0.0315556229288349,0.0241511969572841,0.00551646023141801,0.000848923201624944
"TGTAGTGATCTATAAT-1",5.28201766923633e-05,5.28261296203981e-05,5.28404543319871e-05,5.28200301232269e-05,5.28426824290212e-05,5.28203113510111e-05,0.998229613202147,5.28203114417388e-05,5.28212602091577e-05,5.28203101287891e-05,0.00103085336454455,5.28205210287608e-05,5.28203109105278e-05,5.28203115571861e-05,5.28203119670146e-05,5.28203115170468e-05
"TGTATAACAGATCCTG-1",0.0594394827078129,4.10522011945481e-05,0.0127028951627419,4.53638228807288e-05,0.0379320983491281,0.216365032342347,0.365172230338799,4.1052201194502e-05,0.00719548860765028,4.10522011945067e-05,4.10522011945056e-05,0.00425347272056792,0.0506084117150429,0.241113772883481,4.10522011945048e-05,0.00496649034357609
"TGTATCAGACTGAAGC-1",5.8108830041309e-05,0.044889719987446,5.81088300413075e-05,0.0165041531523517,0.093109524816831,0.487188848155986,0.254606937876625,5.8108830041308e-05,0.0199645439883671,5.81088294838608e-05,5.81088300413074e-05,8.94543960959684e-05,0.0386024531948621,0.00842410865913767,0.0362716027926077,5.81088300413059e-05
"TGTATTTACCTAATGC-1",0.055772374171813,0.272479918528914,0.00545671491041404,3.63508361847524e-05,0.011867254346423,0.0600951865835433,0.469393384556224,2.94152690741345e-05,0.0265443969544236,0.00533112724591585,2.94152690741374e-05,0.00937713409908466,0.0175897656414849,0.0444726855573777,0.0214954607609743,2.94152690741375e-05
"TGTCATTTGTTGGGAA-1",0.000103418107071533,2.15558321228249e-05,2.15558321228253e-05,2.15558321228268e-05,0.215019599639973,2.15558321228248e-05,0.577504282246495,0.0156482473325363,0.0138003887399818,0.0107075771810594,2.15558321228262e-05,0.0160304995317448,0.0702003587642738,0.0279801794208587,0.0528761140432682,2.15558321228256e-05
"TGTCCCGACATAGCAC-1",2.14416830217699e-05,2.14414234130519e-05,2.14416994166955e-05,2.14419827942659e-05,2.1441982662397e-05,2.14419828240573e-05,0.99967837162293,2.14417605074288e-05,2.14419828131199e-05,2.14419827890304e-05,2.14419828052124e-05,2.14419827570755e-05,2.14419827799648e-05,2.14419828426074e-05,2.14419828190022e-05,2.14419828241413e-05
"TGTCCTAAGTCACCGC-1",4.5992674827929e-05,0.000166669467300557,4.59949710102508e-05,4.5992674829889e-05,0.00314625939597367,4.59926748298895e-05,0.990915524107327,4.59926748282229e-05,4.59910629750956e-05,0.00101108122558961,4.59926748363678e-05,4.599267495536e-05,4.59926748200823e-05,0.00178301334092608,0.000962544246957954,0.00160097345801192
"TGTCTACAGTTTCTGT-1",3.6872749847944e-05,3.68727496265873e-05,3.68727498627656e-05,3.68727498453045e-05,0.00419910963949353,3.68727498451793e-05,0.986503352385225,3.68727498287424e-05,3.68727498448706e-05,3.68727498112802e-05,3.68727498516628e-05,3.68727498555746e-05,0.000240132769145308,0.00341537505104076,3.687274984518e-05,0.00523642990702999
"TGTGACTACGCCAGTC-1",0.0111941708771485,0.0147286506543526,4.33416931625262e-05,4.33416931625216e-05,0.110212589438855,0.101346084397262,0.462333200286462,4.33416931625174e-05,0.0134991087004944,0.0220988678719074,0.000308340738681139,0.0357444181345836,0.118884480861256,0.101299116337353,0.00817760492899451,4.33416931625238e-05
"TGTGGCAAAGCGTATG-1",1.47130220441262e-05,0.022805699502492,4.14064320103206e-05,8.23257917099664e-05,0.0945649881229659,0.0443454180914696,0.742198951718502,1.47130220441178e-05,1.47130220441349e-05,0.0163517709918711,0.00671767884834345,1.47130220441283e-05,0.00674619450629347,0.0660572878620774,1.47130220441292e-05,1.47130220441314e-05
"TGTGTCGCGAGTTGCA-1",4.82774174104145e-05,4.81990531162705e-05,4.82849852025306e-05,4.8278340057695e-05,4.82731837149493e-05,4.82792934804337e-05,0.996933633303349,4.82777430265225e-05,4.82797051380492e-05,4.82777412448612e-05,4.82777429484851e-05,4.82777445128188e-05,4.82777425829975e-05,4.82777431525318e-05,4.82777430040534e-05,0.00239055051805856
"TGTTCCGCTTCCATGA-1",2.14634644989023e-05,2.14632320365585e-05,2.14631406276764e-05,2.14637654769285e-05,2.14635760345042e-05,2.14637654671926e-05,0.989308868977788,2.1463765491619e-05,0.00360166765257315,2.14637655270846e-05,2.14637654289052e-05,2.14637655640324e-05,2.14637654907555e-05,2.14637653748469e-05,0.00388530182701999,0.00294659800559957
"TGTTCTCTACTCCCTA-1",2.26541572987568e-05,0.015362065692784,0.0263945125414955,2.68825793890783e-05,0.0834322549296753,0.075501595433777,0.706398870330607,2.26541572987566e-05,2.26541572987524e-05,0.0144061454347077,0.00622345640871738,0.0425416993128976,2.26541572987547e-05,0.0257188811040521,2.26541572987532e-05,0.00388036544540384
"TGTTCTTCCATTGACT-1",1.29927188132202e-05,1.29927188618039e-05,1.29927188089311e-05,2.59053659908001e-05,1.29927187891996e-05,1.29927188085481e-05,0.982478740488829,1.29927188275427e-05,0.0151529111562376,1.29927187925034e-05,1.29927188243281e-05,1.29927188022919e-05,1.29927188197374e-05,1.29927187964802e-05,0.00218653036317985,1.29927188184371e-05
"TGTTGTCAAGAAGTCT-1",0.0866550653279787,0.0516704709402793,4.17813406148526e-05,4.17813406148566e-05,0.176313128076328,0.13967451467295,0.439155803257435,4.17813406148493e-05,4.17813406148495e-05,0.0119622817844378,0.00174164350108388,7.79183750603577e-05,0.0128837378335167,0.0574536073773511,0.0179129413312619,0.00433176215985735
"TGTTTAATACTTCATC-1",0.0473922974989578,0.00143072464012766,2.90597089616502e-05,5.12664960854821e-05,0.247937359992276,0.130482270371927,0.522821535280368,2.98804184560772e-05,2.90597089616499e-05,0.0138174038944707,2.90597089616497e-05,0.0158614199298257,2.90597089616532e-05,0.0072494240074144,0.0127811189252828,2.9059708961651e-05
"TGTTTCGGTACTTCTC-1",2.02098237713536e-05,0.0026808068227101,0.0250777299100351,0.110807017839023,0.0762472962156733,2.04215175541095e-05,0.737166749743122,0.00428284478149595,0.00688399969756753,0.0260025176337921,2.02098237713638e-05,5.06570653468812e-05,0.0100946545659838,2.02098237691919e-05,2.02098237713596e-05,0.000604464912612739
"TTAACCAACCCTCCCT-1",2.91085818727157e-05,2.91085818729863e-05,2.91085818727229e-05,0.0542911675117932,0.0848865269238826,2.98957009147326e-05,0.555458904005829,0.0511143938415254,0.0529364169536873,0.0234197822858377,2.91085818727172e-05,0.00163246704830355,0.00885790077448172,0.0232567175147498,0.143970284529632,2.91085818727147e-05
"TTAACGTCGCAAGACC-1",4.52762103600852e-05,4.52762102877089e-05,4.52762103502538e-05,4.52762103502468e-05,0.00480025245505306,4.52762103502541e-05,0.976927765288186,4.5276210340883e-05,4.52762103495199e-05,0.00442741600821633,4.52762104313032e-05,0.0019193513467785,4.52762103518335e-05,0.00771295385192912,4.52762103502501e-05,0.00375949894631486
"TTAAGACGAACGAACC-1",1.92794145326463e-05,1.927941453214e-05,1.92794145326452e-05,6.84382092756079e-05,0.0413842610774123,0.020186682964049,0.899464593916574,1.92794145326446e-05,0.0101219873665093,1.92794145345939e-05,0.000168868446414322,0.0134250488191707,0.00760335759958532,0.00101976235462666,6.83003267527696e-05,0.00639230184696571
"TTAAGCCGACAACTTC-1",0.00946709042811027,2.05968937863641e-05,0.00718320865887472,7.08223151469232e-05,0.206858775058578,0.00136866943807403,0.593990465926373,2.22069399863652e-05,2.05968937863643e-05,0.0344523289837588,2.05968937863652e-05,0.0340995722692708,0.0336769058682585,0.033948425245806,0.044779141292618,2.05968937863724e-05
"TTAAGCGCCTGACCCA-1",5.24169669953289e-05,0.0276595228517465,1.87041892046017e-05,0.119478136672255,0.0551758871088563,1.87041892046019e-05,0.662125915530226,1.87041892046015e-05,0.0609554716900291,0.00938621369020858,1.87041892076935e-05,1.87041892045703e-05,1.87041892049199e-05,0.0250836865695733,0.0399518195956745,1.87041892046037e-05
"TTAATCAGTACGTCAG-1",0.0855511391488934,4.32173407367373e-05,4.32173407378335e-05,0.00876654678083045,0.0438079552639531,0.0721784360314582,0.365382124134307,4.32173407378418e-05,0.00987244521432193,0.0491560149884888,4.32173407384811e-05,0.0136547795445063,0.0388794999698834,0.303529768324312,4.32173407378328e-05,0.00900520389535664
"TTAATGTAGACCAGGT-1",0.0584005627261099,0.0682757648211564,8.0234045421695e-05,8.02340454216924e-05,0.0879838582562497,0.119741847315612,0.20871221411164,8.02340454216932e-05,0.0307520613563225,0.00939436062548355,8.02340453896508e-05,0.00275241125348471,0.129390821011822,0.280725720993404,0.00346920730163871,8.02340454216937e-05
"TTAATTTCAGACGCGG-1",1.37546474719502e-05,0.0154533855808747,0.0274302148149985,1.37546474719536e-05,0.114608523880175,0.00536993987302357,0.703970445165946,1.37546474719491e-05,1.37546474719531e-05,0.0180861642720621,1.37546474719556e-05,0.0138035651118761,1.37546474719529e-05,0.0599380122357239,0.0208114018064329,0.0204458193740556
"TTACAACTACGCATCC-1",4.62654084581026e-05,4.62654084581006e-05,0.0240375102129292,4.6265408458102e-05,0.317307691021438,0.00654915729584656,0.53697044429038,4.62654084581117e-05,4.62654084581015e-05,0.0127342920437908,4.62654084581036e-05,0.0292961191401261,0.0387694499258997,0.0339652128019245,4.6265408458107e-05,4.62654084581036e-05
"TTACCCATTGCCGGGT-1",0.0604109812799728,4.45432480195984e-05,4.45432480195968e-05,4.4543248019594e-05,0.496828616953485,0.0119890013758276,0.378865961106922,4.45432480195571e-05,4.45432480195932e-05,4.45432470459025e-05,0.00526141437983702,4.45432480192603e-05,0.0038024117117267,0.0424407239610261,4.45432480195969e-05,4.45432480195933e-05
"TTACTGTCTAGAGCTC-1",0.0841821656945712,2.24958288592389e-05,0.0361989553552302,0.0913751150858938,0.0711499277194857,0.023095008360671,0.635377538760211,2.24958288593488e-05,0.00611735684788427,2.24958282650861e-05,0.0102751309398927,0.03618687412984,2.2495828859352e-05,0.00590695213375806,2.24958288593518e-05,2.24958288593523e-05
"TTAGACACGATCGTTG-1",6.93672475890084e-05,6.93672475890134e-05,6.93672475890096e-05,6.93672475890086e-05,0.464170260549693,0.0305874505512106,0.433052429958181,6.93672475890067e-05,6.93672475890073e-05,0.0106216791344721,6.93672475890092e-05,6.93672475890092e-05,0.0127913378120037,0.0207325131150388,0.0107303972335084,0.0167589936651797
"TTAGCTAATACGATCT-1",0.259416076166383,5.70680525512752e-05,0.00325509481344843,0.00640718107398521,0.210771858568711,0.0598498440343015,0.320301994086937,7.41429888651585e-05,5.70680525512741e-05,0.009001431405562,5.70680525512745e-05,0.00194917108879294,0.0643339554507124,0.059718425760955,5.70680525512734e-05,0.00469255235114109
"TTATATTTGGCAATCC-1",0.000117249542373054,0.00996389577606418,1.94236012716801e-05,0.0352071680768642,0.107524151441821,0.00686478720919587,0.557754580902554,1.94236012716795e-05,0.00200438691448303,0.0381167749010439,1.94236012716798e-05,1.94236012716807e-05,0.0247380077551654,0.187576365466849,0.0300355140072281,1.94236012716805e-05
"TTATCTGTATCATAAC-1",2.0553713442488e-05,0.0319374083454858,2.05537134424842e-05,0.00101907818822338,0.121648937873593,0.0970949443952798,0.645723478940085,0.00529521843104959,2.05537134424867e-05,0.0107728199906974,0.000927454327062505,2.05537134424827e-05,0.0327527802882874,0.0527045569395808,2.05537134424829e-05,2.0553713442487e-05
"TTATGACAAACTGGAT-1",4.30173809307711e-05,4.30156323775569e-05,4.29998314131811e-05,4.30197112845028e-05,4.30198511393252e-05,4.30198057278828e-05,0.998033920360617,4.3019833785739e-05,4.30195402744816e-05,4.30198343303976e-05,4.30198339876523e-05,4.30198397838267e-05,4.30198338939419e-05,0.000435408373226269,4.30198337281554e-05,0.00097144050349942
"TTATTAGGGAAGCATC-1",0.0377617767534214,2.20970794359204e-05,2.2097079574531e-05,0.0827581887950901,0.0305504892202787,0.0318018731397661,0.722555750095144,2.20970795745291e-05,2.20970795745366e-05,0.0306993725560461,2.20970795757022e-05,0.0306270618239486,0.0123267213817172,2.20970795669785e-05,0.020764086677711,2.2097079574531e-05
"TTCAACGACCCGACCG-1",1.75728887723879e-05,1.75728887699127e-05,1.75728887711662e-05,2.637706028971e-05,0.00202555789571489,1.75728887715975e-05,0.994954618300035,1.75728887823278e-05,1.75728887801186e-05,0.00164553165865037,1.75728887596522e-05,1.75728887680672e-05,1.75728887740716e-05,1.75728887901781e-05,1.75728887715973e-05,0.00115461330879885
"TTCAAGCCGAGCTGAG-1",2.37882846259835e-05,0.044032664171415,2.16022266917493e-05,0.038273469286672,0.065375017703314,0.0273687100240935,0.713978240297234,2.16022266917558e-05,2.1602226691939e-05,0.0113991344469745,2.16022266917468e-05,0.0240386917167439,0.0482442468591966,0.0101467117092199,0.0170113143670515,2.1602226691745e-05
"TTCAATTAGCCATAAT-1",1.72689409908765e-05,1.7268940983444e-05,1.72689409908672e-05,5.56827986769675e-05,0.00027239308833985,1.72689409908778e-05,0.999447427879726,1.72689409896999e-05,1.72689410002401e-05,1.72689409933278e-05,1.72689410029819e-05,1.72689409886527e-05,1.72689409905686e-05,1.72689413563179e-05,1.72689409908767e-05,1.72689409888396e-05
"TTCATGGCGCAACAGG-1",0.0806576417666849,2.03086378483656e-05,0.0279740526058373,0.0221927224283946,0.279286273694344,0.0248894437141549,0.505468403889883,2.03086378483682e-05,2.03086378483675e-05,0.00876517778554499,2.03086378483656e-05,2.03086378483657e-05,2.03086378483678e-05,0.0251749481134009,0.025449175536817,2.03086378483697e-05
"TTCCAATCAGAGCTAG-1",1.32791132624818e-05,0.00176486212680374,0.0188457749709958,0.0473691503757157,0.0822256677833437,1.35393781213516e-05,0.561706338346398,0.133579139216196,1.32791132624871e-05,1.32791126944532e-05,1.32791132624868e-05,0.108482339512851,0.00275958742512345,0.0431739261854435,1.32791132624909e-05,1.32791132624826e-05
"TTCCATCATGCGGTGA-1",0.0857903855741233,3.10923855035794e-05,3.10923855035766e-05,6.59985557682879e-05,0.325042552614763,3.10923855035135e-05,0.490394032979232,3.10923855035679e-05,3.10923855036223e-05,3.10923847979006e-05,3.1092385503579e-05,3.10923855035799e-05,0.0133988402294508,0.0206723165973193,0.0643560419805165,3.10923855035847e-05
"TTCCGCAGAGAAATAT-1",0.148478611082686,9.0247112637063e-05,0.0125743256553915,9.02471126370947e-05,0.23754191290802,0.108101240654595,0.303691285809765,0.0346721064876606,0.0401916537189459,9.02471126370893e-05,9.02471126370943e-05,9.02471126370944e-05,0.0554094848009271,0.0489727801027126,9.02471126370943e-05,0.00982511610347426
"TTCCGGCTCGACTTCT-1",0.0799543399398538,0.0123181679810828,0.0317636419871558,0.0327528487752884,0.178441205867631,0.0148413680587634,0.53687428651107,3.45303061358209e-05,3.45303061358207e-05,0.00576616528222591,0.00378006404302086,3.45303061358189e-05,0.0351010383750172,0.0490367838680768,3.45303061358146e-05,0.0192319680862703
"TTCCTCGAGGGTGTCT-1",4.92104887288599e-05,2.05692515993335e-05,2.05692515995674e-05,0.0337648700756728,0.0897644895506894,0.00812724971242164,0.808094292619037,0.00223418100551328,2.05692515995648e-05,0.0187909402193209,2.05692515995656e-05,0.029092247924949,2.05692515995665e-05,0.00993853364247036,2.05692515995658e-05,2.05692515995318e-05
"TTCGACGGGAAGGGCG-1",0.0632212639881294,2.02342107591225e-05,2.02342107591022e-05,0.073008021173236,0.222313613413646,2.02342107591255e-05,0.607678458094725,2.0234210759124e-05,2.02342107591229e-05,0.0184413194890997,2.02342107591224e-05,2.02342107591254e-05,2.02342107591265e-05,0.0151349817335725,2.02342107591225e-05,2.02342107591261e-05
"TTCGAGCCGGCGCTAC-1",0.0603116764422088,1.51432945422944e-05,1.51432945422947e-05,0.000448092580429869,0.0415830063042907,2.11840875701379e-05,0.775551784051632,1.5143294542286e-05,1.51432945426713e-05,1.51432945422944e-05,0.00452562394603489,1.51432945422807e-05,1.51432945653551e-05,0.05475721957761,0.0220656902518542,0.0406297196965502
"TTCGCACTCGCGTGCT-1",2.79655405322222e-05,2.796554053222e-05,2.79655405322175e-05,0.014113931409763,0.179345098287428,0.082186953118436,0.408699149065229,2.79655405322217e-05,0.00434617551122102,0.0364905955725175,2.79655405322202e-05,0.025483393830554,0.0191178446961297,0.209537826798076,0.0205112384674523,2.79655405322199e-05
"TTCGCTATCTGACGTG-1",0.214674557906027,5.36487486327372e-05,0.00353076493853339,5.20718743790438e-05,0.256677059845786,0.167283164521565,0.209236792439252,7.46532854327543e-05,0.0289264378247012,0.0078075969531195,5.20718743790473e-05,5.20718743790414e-05,0.0617437818266633,0.0497311823383923,5.20718743790482e-05,5.20718743790476e-05
"TTCGGACTGATGCCTT-1",1.72851457231716e-05,1.72851457633942e-05,1.72851457232058e-05,2.01379093689137e-05,1.72851457100534e-05,1.72851457231931e-05,0.999737870050546,1.72851457315454e-05,1.72851457307038e-05,1.72851457338855e-05,1.72851457312052e-05,1.72851457017755e-05,1.72851457204144e-05,1.72851456661652e-05,1.72851457232011e-05,1.72851457033898e-05
"TTCGGCAACCCGCTGA-1",4.75315189397154e-05,4.75315189396909e-05,4.75315189396897e-05,4.75315189397163e-05,0.410086106161604,0.0354983833104782,0.433682343437241,4.75315189396977e-05,0.0203905573175199,4.75315189396875e-05,4.75315189397166e-05,0.0252619775003741,0.044071802723982,0.0286101431062552,0.00201843429102763,4.75315189397081e-05
"TTCGGGACTAATCGCG-1",0.10994633851052,3.03780462240883e-05,3.03780462240825e-05,0.00175044119970938,0.180122434893872,0.0441325475136962,0.526755463101415,3.03780462240918e-05,3.03780462240822e-05,0.0116007992887236,0.00297212455531096,3.03780462240802e-05,0.0102909499324709,0.0840627075700329,0.0109847975524602,0.017229505650668
"TTCGTAATCCCAGCGG-1",0.0793118393886806,0.0225856974122785,2.02572260910067e-05,0.00587014996217275,0.160771933902531,0.0123921762052827,0.574076723368133,2.02572260910117e-05,2.02572260910132e-05,2.0257225932835e-05,0.00178151844141781,0.089468037721179,0.0205898858448801,0.010458077873318,0.0225926737498301,2.02572260910099e-05
"TTCGTACTCCAGAACG-1",2.94202737209794e-05,2.94202737187858e-05,2.94202737207528e-05,2.94202737208074e-05,0.0108096633640262,2.94202737208115e-05,0.968454819160223,0.00505133702813262,2.9420273721229e-05,0.000678595004239953,2.94202736902169e-05,2.94202737138497e-05,0.000153470667748249,0.0106087481111206,0.00353110927574768,0.000476895199034011
"TTCGTTCAACGAAGTT-1",0.0224161271996812,3.99580040112857e-05,3.99580040112762e-05,0.039657253927401,0.205297056716423,0.26620893522458,0.343018253537449,0.0451654355229513,0.0037377946803654,3.99580050100769e-05,3.99580040112697e-05,0.0460024998764973,3.99580040112754e-05,0.017354786648047,0.0109021086415387,3.99580040112313e-05
"TTCTACCTTTATGTTG-1",7.46853921243594e-06,7.46853921497279e-06,7.46853921244171e-06,3.47210021935533e-05,7.4685392117007e-06,0.00459115520480321,0.993519370926584,7.46853921245664e-06,7.4685392103107e-06,7.46853922260727e-06,7.46853922984905e-06,0.0017651303954634,7.4685392120685e-06,7.46853998210077e-06,7.46853921244295e-06,7.46853882293327e-06
"TTCTAGGCCAATTGTG-1",0.00348725492098383,1.80292765088666e-05,1.80292765078648e-05,0.0140798893364685,0.0261376242437282,2.44771279673977e-05,0.921297687877849,1.80292765082829e-05,1.80292765036571e-05,0.018364294803571,1.80292765136614e-05,0.0130689198171304,0.00339561766021901,1.802927652836e-05,1.80292765083227e-05,1.80292765035394e-05
"TTCTTAGTGGCTCAGA-1",2.93351627428533e-05,2.93351627428542e-05,2.93351627428568e-05,2.93351627428447e-05,0.311908065422215,2.93351627428507e-05,0.58092943801994,2.93351627428508e-05,2.93351622899182e-05,2.93351627428506e-05,2.93351627428507e-05,0.0424492317165865,2.93351627428358e-05,0.0212040743299856,0.0431865037215539,2.93351627428456e-05
"TTCTTGGAGTAATGAG-1",8.87491409238212e-05,0.0280063640850718,0.0445904298685201,0.00613605120054531,0.2019468626373,0.0663035009585437,0.296826502864644,8.874914092383e-05,0.0146945169395576,0.0283856209851959,8.87491409238262e-05,0.0457303968985676,0.126484328603912,0.0971217803351311,8.8749140923825e-05,0.0434186480593156
"TTCTTGTAACCTAATG-1",5.20923829713273e-05,5.20932141638815e-05,5.21109468248045e-05,5.20876935665616e-05,0.000205518046156671,5.20862676312476e-05,0.993486907720965,5.20876742201008e-05,5.20984294355142e-05,5.20876740605397e-05,0.00125860228421377,5.20879947016759e-05,5.2087674059419e-05,0.00353486636173622,5.2087674092441e-05,0.000941097961200406
"TTGAAAGGTGTAAAGG-1",6.50398910000071e-05,6.50398910000114e-05,6.50398910000098e-05,6.50398910000076e-05,0.593254388680518,6.5039891e-05,0.338524043219431,6.50398910000132e-05,6.50398909751302e-05,6.50398909994511e-05,6.50398910001136e-05,0.0394079317727848,6.50398910000027e-05,0.0280331576352918,6.50398910000168e-05,6.50398910000087e-05
"TTGAAGAATTCCCAGG-1",0.0537245772476799,1.91567131500006e-05,0.0299532007790625,0.0523646067268304,0.211993592706318,1.91567131500064e-05,0.574050700847101,2.4402719697487e-05,1.91567131500109e-05,0.00527088232191923,1.91567131500063e-05,1.91567131500091e-05,1.91567131500072e-05,0.0588665871643036,0.0136173524950375,1.91567131500041e-05
"TTGACCATGTTCTCCG-1",0.000294511380173871,4.1568948492872e-05,4.15689484928717e-05,4.15689484928697e-05,0.515698390251236,4.15689484928722e-05,0.388408734928936,4.15689484928629e-05,4.1568948492878e-05,0.013520690018942,4.15689484928851e-05,4.15689484928726e-05,0.0336874783328972,0.0365706131019332,4.15689484928693e-05,0.0114454614494456
"TTGAGGCATTTAACTC-1",1.2327259330094e-05,1.23272593360651e-05,1.23272593314088e-05,1.2327259331393e-05,1.23272593043706e-05,1.23272593313857e-05,0.977291695339661,1.23272593340693e-05,1.23272593287195e-05,1.2327259324787e-05,1.23272593516461e-05,1.23272593168156e-05,1.23272593306032e-05,1.2327259323659e-05,0.022535723030259,1.23272588049628e-05
"TTGATCTAACTTTGTC-1",6.78391584394314e-05,6.62463392827861e-05,0.0231868186975444,6.7757865157694e-05,0.27789516596077,0.0215339409260683,0.430144832488504,6.62463392827859e-05,6.6246339282821e-05,0.0176452825498145,6.62463393140401e-05,6.62463392827884e-05,6.62463392827887e-05,0.199566898115573,0.0294277398631174,6.62463392827893e-05
"TTGATGTGTAGTCCCG-1",0.134239002774386,0.0375332352606796,0.0264883341356543,0.0290256485302856,0.27330356350469,0.086353828677392,0.339600829208242,6.42611034633249e-05,4.00076734978915e-05,0.00626040091505985,0.00186601398078319,0.00636553569487602,0.0235706030095419,0.0284837361538597,0.0067649917040911,4.00076734978915e-05
"TTGATTATGCAGATGA-1",4.74214977064216e-05,4.74090519526988e-05,4.74121381853687e-05,4.74116968179472e-05,4.74067185602194e-05,4.74121573146264e-05,0.994624316242754,4.74114407438029e-05,4.74110011679015e-05,4.74121382227429e-05,0.00149322687870697,4.74118892785348e-05,4.74121375748946e-05,0.00135289054553351,4.7412138141489e-05,0.00196062232733854
"TTGCACGGAGCAGCAC-1",3.03380232626979e-05,3.03380232626932e-05,0.00551367801562856,3.81728293148611e-05,0.17324803724402,0.142694100756097,0.590440107703805,3.03380232626993e-05,0.00708029266302862,0.0272348142218832,3.03380232626941e-05,0.00994130630598301,0.0129431995287626,0.0296521523727177,3.03380232626885e-05,0.00106244824244522
"TTGCCCTGATCACGGG-1",6.71866947480829e-05,6.71895536612052e-05,6.72168618324987e-05,6.71866940410406e-05,0.00151018721884352,6.71866897645767e-05,0.994106668035122,6.71866899790441e-05,6.72138850082026e-05,0.00160542204097932,0.00164341625185745,6.71867041905856e-05,6.71866896967815e-05,0.000395192611253489,6.71866889892034e-05,6.71866900333901e-05
"TTGCCGGTGATCCCTC-1",0.00729433721551456,1.57260946150962e-05,1.57260946151842e-05,8.22955414558932e-05,0.00209785063217044,1.57260946151849e-05,0.990092854856341,1.57260946161999e-05,1.57260946101464e-05,1.57260946172542e-05,0.000259674713749708,1.5726094615151e-05,1.57260946160196e-05,1.5726094618325e-05,1.57260946151841e-05,1.57260946151537e-05
"TTGCGTGAACGCTTAG-1",4.99055654234955e-05,4.99055654234889e-05,4.99055654234905e-05,0.00879993971754691,0.401593895957085,4.99055654234863e-05,0.493551609789688,4.99055654234921e-05,4.9905565423492e-05,0.0169465524910468,4.99055654234847e-05,4.990556542349e-05,4.99055654234206e-05,0.0320141844044498,0.0465947619859485,4.99055654234877e-05
"TTGCTCCCATACCGGA-1",5.5032868068853e-05,0.000560856884037991,2.05319552782636e-05,0.0144725352685871,0.229013509081399,0.0154391109828608,0.578983687679947,0.0198426670717976,2.05319552782652e-05,2.05319556946694e-05,2.05319552782654e-05,0.00677869710837743,0.00961690711903257,0.117407055065315,0.00772728109376898,2.05319552782661e-05
"TTGCTGAAGGAACCAC-1",7.85907926098308e-05,0.00908978621520456,3.03021431713409e-05,7.49049998636293e-05,0.217995054011563,0.039135939378206,0.596887015916383,3.96095952639498e-05,0.00360025688694482,0.0556355030761293,3.03021431713492e-05,0.033335541376842,3.03021431713489e-05,0.0305490756780181,3.0302143171349e-05,0.0134575135002865
"TTGCTGATCATGTTCG-1",0.0648458183405435,5.46390039346218e-05,0.0983996131318007,0.000121093777142466,0.249407757426929,0.0168806823089398,0.315990775771177,0.0443687775025437,0.0579850663952456,0.0182460878992793,5.46390039346199e-05,5.46390039346204e-05,0.00106922358095302,0.105430859517965,0.0270356883317421,5.46390039346198e-05
"TTGCTGGCCGGGCTTC-1",0.010317555475394,1.77094214972775e-05,1.7709421495951e-05,7.84975911754213e-05,1.77094214967832e-05,6.65215788051461e-05,0.968855248833884,0.0083847825966969,0.00413181822167198,0.00332352313851329,1.77094214966665e-05,0.0046992209940474,1.88656193310433e-05,1.77094215024186e-05,1.77094214956444e-05,1.7709421495647e-05
"TTGGATCGACTTCTGG-1",4.1376218198116e-05,4.13758261758935e-05,4.13672756890709e-05,4.13762180342726e-05,4.13771945862998e-05,4.13797128386281e-05,0.999360627717332,4.13772331102404e-05,4.13714095592502e-05,4.13762179250184e-05,6.01138863745378e-05,4.1376218234953e-05,4.13762180537791e-05,4.13762180016666e-05,4.13762179224448e-05,4.13762179635175e-05
"TTGGATTGGGTACCAC-1",1.81430739393787e-05,1.81430739445339e-05,1.81430739418457e-05,3.92571210654741e-05,0.00334465644411291,1.81430739397739e-05,0.98874895398853,1.81430739360497e-05,1.81430739427077e-05,1.81430739604996e-05,1.81430739414376e-05,1.814307393067e-05,1.81430739397906e-05,1.81430739178274e-05,0.00764941555902169,1.81430739358069e-05
"TTGGCCTAGAATTTCG-1",0.0530251701040898,3.13786575981704e-05,3.13786575981753e-05,0.000307473661785132,0.353559953509144,0.015305004714069,0.497200543807466,3.13786575981647e-05,3.13786575982156e-05,3.13786576281344e-05,3.13786575981665e-05,0.0295393148555616,3.1378657598166e-05,0.0262832994105738,0.0245282106764952,3.1378657598167e-05
"TTGGCTCGCATGAGAC-1",4.71366874709987e-05,4.71434416660263e-05,4.70661901703548e-05,4.712870980848e-05,4.71234283917519e-05,4.71306287472019e-05,0.996156868276408,4.71299089398567e-05,4.71600106342659e-05,4.71299090626413e-05,4.71299091903958e-05,4.71299173259003e-05,4.71299092695924e-05,4.71299092736731e-05,4.71299092825412e-05,0.00318333325435805
"TTGGGACACTGCCCGC-1",0.0298232464240591,0.0447795877107251,2.73669976259898e-05,0.0253100566260281,0.219378113094731,0.0528249481364429,0.405708260591645,2.73669976259877e-05,0.0065705291212181,0.0364945917272556,2.73669976259923e-05,0.030090751831625,0.0133021359887623,0.135580943759378,2.73669976259881e-05,2.73669976259898e-05
"TTGGGCGGCGGTTGCC-1",0.00118692403350281,0.00821432335332189,0.00104748923845198,0.0548400191146769,0.235751363878983,0.134450029313214,0.398336258446138,4.1633316527185e-05,4.16333165271867e-05,4.16333165304894e-05,4.16333165271851e-05,4.16333165271843e-05,0.0588727721322565,0.0879130404114334,4.16333165271841e-05,0.0191379801788559
"TTGTAAGGCCAGTTGG-1",0.000105771697568733,0.00421061261832302,4.88368898392642e-05,4.8836889839263e-05,0.11272415899232,0.0814361824314302,0.5422473810101,4.88368898392627e-05,4.88368898392652e-05,0.0139135034001677,0.00203806938014514,0.0286392935701885,0.00666435856584352,0.187499827399951,0.0169206152958344,0.00340487807877042
"TTGTAATCCGTACTCG-1",0.0428520945030577,5.47915948376444e-05,0.0310049435361991,0.0257744701724036,0.0496765023733334,0.00753200368144385,0.241507673349298,0.08200048455896,0.0412568221991526,0.0439444881399021,5.47915948398293e-05,5.47915948375772e-05,0.00108216227090748,0.389102320305406,0.0393759900807797,0.00472567004464092
"TTGTATCACACAGAAT-1",0.0596592025739418,0.0337680269357042,0.0209370367759339,7.00238185953149e-05,0.0676298187897632,0.0173668825916471,0.763827936784682,1.48447352129696e-05,1.4844735212979e-05,0.00577394229070124,1.48447352129776e-05,0.00165281222766915,0.0136409752292765,0.0155671031390667,4.68599021667528e-05,1.4844735212978e-05
"TTGTCGTTCAGTTACC-1",0.0361299602224337,2.06065135791814e-05,0.0112999089298369,0.0203388174069857,0.2630636269434,0.00435854569041546,0.565030556241397,2.06065135791768e-05,2.06065135791753e-05,0.0448923724921995,2.06065135791817e-05,2.06065135791799e-05,2.06065135791813e-05,0.0379501607095246,2.06065135791816e-05,0.0167918057687531
"TTGTGGCCCTGACAGT-1",2.0363287838191e-05,0.0401907380759812,2.03632878381895e-05,0.0426340545425355,0.151676825320356,0.0302339730477505,0.590078755043664,2.03632878381914e-05,2.03632878381866e-05,0.0288106606365014,0.00438058630727235,2.036328783819e-05,0.0580650397408972,0.0504461268951512,0.0033610606628618,2.03632878381917e-05
"TTGTTAGCAAATTCGA-1",2.13210132470382e-05,2.1321047799601e-05,2.13228331377292e-05,2.13209142835946e-05,2.13206766765984e-05,2.13209142836174e-05,0.999680183548637,2.13215007228272e-05,2.13209142656541e-05,2.13209143542067e-05,2.13209143008472e-05,2.13211511411876e-05,2.13209142826361e-05,2.13209142935789e-05,2.13209143222974e-05,2.13209142520858e-05
"TTGTTCAGTGTGCTAC-1",0.0202263431037475,0.0297560291502216,1.905018321957e-05,7.69329378483198e-05,0.0665384851213469,0.0332881357436499,0.563057208853454,1.90501832195713e-05,1.90501832195705e-05,0.0250387102128633,0.0017994009396063,0.0133071968023821,0.033403948187916,0.18654593058031,0.0179674097055905,0.00893711811140532
"TTGTTGTGTGTCAAGA-1",0.000255851670718035,4.40961832998633e-05,0.0214230802616765,4.40961832998554e-05,0.372332108995242,0.00276507471199584,0.433616215016257,4.40961832998614e-05,0.0233995369529539,0.00728416685233861,4.40961832998635e-05,4.40961832998735e-05,0.0731835309072754,0.0654317613484439,4.40961832998668e-05,4.40961832998639e-05
