"Model","Split","Sample","Group","Y","Probability","AbsResidual"
"RF","Training","GSM578529","Control",0,0.068,0.068
"RF","Training","GSM578531","Control",0,0.084,0.084
"RF","Training","GSM4749834","Treat",1,0.85,0.15
"RF","Training","GSM4749835","Treat",1,0.784,0.216
"RF","Training","GSM4749836","Treat",1,0.812,0.188
"RF","Training","GSM4749837","Treat",1,0.862,0.138
"RF","Training","GSM4749838","Treat",1,0.886,0.114
"RF","Training","GSM4749841","Control",0,0.24,0.24
"RF","Training","GSM4749842","Control",0,0.314,0.314
"RF","Training","GSM4749843","Control",0,0.282,0.282
"RF","Training","GSM4749844","Control",0,0.204,0.204
"RF","Training","GSM4749845","Control",0,0.254,0.254
"RF","Training","GSM261086","Treat",1,0.884,0.116
"RF","Training","GSM261088","Control",0,0.158,0.158
"RF","Training","GSM261092","Treat",1,0.962,0.038
"RF","Training","GSM261094","Treat",1,0.96,0.04
"RF","Training","GSM261096","Control",0,0.082,0.082
"RF","Training","GSM261097","Treat",1,0.888,0.112
"RF","Training","GSM261099","Control",0,0.118,0.118
"RF","Training","GSM261100","Treat",1,0.724,0.276
"RF","Training","GSM261102","Control",0,0.118,0.118
"RF","Training","GSM261103","Treat",1,0.892,0.108
"RF","Training","GSM261105","Treat",1,0.858,0.142
"RF","Training","GSM261109","Control",0,0.128,0.128
"RF","Training","GSM261114","Treat",1,0.952,0.048
"RF","Training","GSM261116","Control",0,0.15,0.15
"RF","Training","GSM261117","Control",0,0.058,0.058
"RF","Training","GSM261118","Treat",1,0.928,0.072
"RF","Training","GSM261120","Treat",1,0.88,0.12
"RF","Training","GSM261122","Control",0,0.078,0.078
"RF","Training","GSM261123","Treat",1,0.96,0.04
"RF","Training","GSM261125","Treat",1,0.718,0.282
"RF","Training","GSM261128","Treat",1,0.936,0.0639999999999999
"RF","Training","GSM261130","Treat",1,0.922,0.078
"RF","Training","GSM261132","Treat",1,0.928,0.072
"RF","Training","GSM261138","Control",0,0.054,0.054
"RF","Training","GSM261139","Treat",1,0.884,0.116
"RF","Training","GSM261141","Treat",1,0.964,0.036
"RF","Training","GSM261144","Treat",1,0.962,0.038
"RF","Training","GSM261146","Control",0,0.29,0.29
"RF","Training","GSM261147","Treat",1,0.946,0.054
"RF","Training","GSM261151","Control",0,0.194,0.194
"RF","Training","GSM261152","Treat",1,0.882,0.118
"RF","Training","GSM261154","Control",0,0.33,0.33
"RF","Training","GSM261155","Treat",1,0.852,0.148
"RF","Training","GSM261159","Control",0,0.032,0.032
"RF","Training","GSM261160","Treat",1,0.908,0.092
"RF","Training","GSM261162","Control",0,0.102,0.102
"RF","Training","GSM261166","Treat",1,0.87,0.13
"RF","Training","GSM261168","Control",0,0.072,0.072
"RF","Training","GSM261169","Treat",1,0.928,0.072
"RF","Training","GSM261171","Control",0,0.178,0.178
"RF","Training","GSM261172","Treat",1,0.806,0.194
"RF","Training","GSM261175","Treat",1,0.788,0.212
"RF","Training","GSM261178","Treat",1,0.942,0.0580000000000001
"RF","Training","GSM261180","Treat",1,0.912,0.088
"RF","Training","GSM261182","Treat",1,0.944,0.056
"RF","Training","GSM261184","Control",0,0.158,0.158
"RF","Training","GSM261186","Treat",1,0.712,0.288
"RF","Training","GSM261188","Control",0,0.144,0.144
"RF","Training","GSM261189","Treat",1,0.926,0.074
"RF","Training","GSM261191","Treat",1,0.936,0.0639999999999999
"RF","Training","GSM261197","Treat",1,0.918,0.082
"RF","Training","GSM261199","Control",0,0.088,0.088
"RF","Training","GSM261200","Treat",1,0.896,0.104
"RF","Training","GSM261202","Control",0,0.094,0.094
"RF","Training","GSM261203","Treat",1,0.92,0.08
"RF","Training","GSM261206","Control",0,0.116,0.116
"RF","Training","GSM261207","Treat",1,0.938,0.0620000000000001
"RF","Training","GSM261217","Control",0,0.042,0.042
"RF","Training","GSM261220","Control",0,0.164,0.164
"RF","Training","GSM261221","Treat",1,0.966,0.034
"RF","Training","GSM261224","Treat",1,0.964,0.036
"RF","Training","GSM261230","Treat",1,0.96,0.04
"RF","Training","GSM261232","Treat",1,0.944,0.056
"RF","Training","GSM261235","Treat",1,0.954,0.046
"RF","Training","GSM261237","Control",0,0.226,0.226
"RF","Training","GSM261240","Control",0,0.308,0.308
"RF","Training","GSM261241","Treat",1,0.952,0.048
"RF","Training","GSM261243","Control",0,0.06,0.06
"RF","Training","GSM261244","Treat",1,0.904,0.096
"RF","Training","GSM261249","Control",0,0.094,0.094
"RF","Training","GSM261250","Treat",1,0.904,0.096
"RF","Training","GSM261252","Treat",1,0.894,0.106
"RF","Training","GSM261254","Control",0,0.156,0.156
"RF","Training","GSM261258","Treat",1,0.932,0.0679999999999999
"RF","Training","GSM261261","Treat",1,0.858,0.142
"RF","Training","GSM261263","Treat",1,0.732,0.268
"RF","Training","GSM261265","Treat",1,0.88,0.12
"RF","Training","GSM261266","Control",0,0.344,0.344
"RF","Training","GSM261270","Treat",1,0.964,0.036
"RF","Training","GSM261272","Control",0,0.106,0.106
"RF","Training","GSM261273","Treat",1,0.96,0.04
"RF","Training","GSM261275","Treat",1,0.914,0.086
"RF","Training","GSM261278","Treat",1,0.724,0.276
"RF","Training","GSM261280","Control",0,0.12,0.12
"RF","Training","GSM261281","Treat",1,0.924,0.076
"RF","Training","GSM261283","Control",0,0.036,0.036
"RF","Training","GSM261286","Control",0,0.066,0.066
"RF","Training","GSM261289","Treat",1,0.962,0.038
"RF","Training","GSM261291","Treat",1,0.946,0.054
"RF","Training","GSM261293","Control",0,0.06,0.06
"RF","Training","GSM261294","Treat",1,0.834,0.166
"RF","Training","GSM261296","Control",0,0.056,0.056
"RF","Training","GSM261297","Treat",1,0.848,0.152
"RF","Training","GSM261303","Control",0,0.068,0.068
"RF","Training","GSM261304","Treat",1,0.9,0.1
"RF","Training","GSM261306","Control",0,0.06,0.06
"RF","Training","GSM261307","Treat",1,0.874,0.126
"RF","Training","GSM261309","Control",0,0.058,0.058
"RF","Training","GSM261310","Treat",1,0.872,0.128
"RF","Training","GSM261312","Treat",1,0.93,0.07
"RF","Training","GSM261314","Control",0,0.08,0.08
"RF","Training","GSM261315","Treat",1,0.966,0.034
"RF","Training","GSM261317","Control",0,0.038,0.038
"RF","Training","GSM261318","Treat",1,0.96,0.04
"RF","Training","GSM261320","Control",0,0.034,0.034
"RF","Training","GSM261323","Control",0,0.05,0.05
"RF","Training","GSM261326","Control",0,0.052,0.052
"RF","Training","GSM261329","Control",0,0.078,0.078
"RF","Training","GSM261330","Treat",1,0.968,0.032
"RF","Training","GSM261332","Control",0,0.172,0.172
"RF","Screening holdout","GSM578530","Treat",1,0.946,0.054
"RF","Screening holdout","GSM578532","Treat",1,0.57,0.43
"RF","Screening holdout","GSM578533","Control",0,0.126,0.126
"RF","Screening holdout","GSM578534","Treat",1,0.898,0.102
"RF","Screening holdout","GSM4749839","Treat",1,0.362,0.638
"RF","Screening holdout","GSM4749840","Control",0,0.632,0.632
"RF","Screening holdout","GSM261089","Treat",1,0.788,0.212
"RF","Screening holdout","GSM261091","Control",0,0.2,0.2
"RF","Screening holdout","GSM261107","Treat",1,0.884,0.116
"RF","Screening holdout","GSM261110","Treat",1,0.704,0.296
"RF","Screening holdout","GSM261113","Control",0,0.49,0.49
"RF","Screening holdout","GSM261127","Control",0,0.16,0.16
"RF","Screening holdout","GSM261134","Control",0,0.14,0.14
"RF","Screening holdout","GSM261135","Treat",1,0.848,0.152
"RF","Screening holdout","GSM261137","Control",0,0.864,0.864
"RF","Screening holdout","GSM261143","Control",0,0.32,0.32
"RF","Screening holdout","GSM261149","Treat",1,0.778,0.222
"RF","Screening holdout","GSM261157","Treat",1,0.816,0.184
"RF","Screening holdout","GSM261163","Treat",1,0.638,0.362
"RF","Screening holdout","GSM261165","Control",0,0.256,0.256
"RF","Screening holdout","GSM261174","Control",0,0.606,0.606
"RF","Screening holdout","GSM261177","Control",0,0.38,0.38
"RF","Screening holdout","GSM261193","Control",0,0.188,0.188
"RF","Screening holdout","GSM261194","Treat",1,0.454,0.546
"RF","Screening holdout","GSM261196","Control",0,0.314,0.314
"RF","Screening holdout","GSM261205","Control",0,0.138,0.138
"RF","Screening holdout","GSM261209","Treat",1,0.91,0.09
"RF","Screening holdout","GSM261211","Treat",1,0.846,0.154
"RF","Screening holdout","GSM261213","Treat",1,0.888,0.112
"RF","Screening holdout","GSM261215","Treat",1,0.846,0.154
"RF","Screening holdout","GSM261218","Treat",1,0.11,0.89
"RF","Screening holdout","GSM261223","Control",0,0.844,0.844
"RF","Screening holdout","GSM261226","Control",0,0.164,0.164
"RF","Screening holdout","GSM261227","Treat",1,0.93,0.07
"RF","Screening holdout","GSM261229","Control",0,0.876,0.876
"RF","Screening holdout","GSM261234","Control",0,0.756,0.756
"RF","Screening holdout","GSM261238","Treat",1,0.792,0.208
"RF","Screening holdout","GSM261246","Control",0,0.474,0.474
"RF","Screening holdout","GSM261247","Treat",1,0.366,0.634
"RF","Screening holdout","GSM261255","Treat",1,0.886,0.114
"RF","Screening holdout","GSM261257","Control",0,0.242,0.242
"RF","Screening holdout","GSM261268","Treat",1,0.904,0.096
"RF","Screening holdout","GSM261277","Control",0,0.142,0.142
"RF","Screening holdout","GSM261284","Treat",1,0.826,0.174
"RF","Screening holdout","GSM261287","Treat",1,0.788,0.212
"RF","Screening holdout","GSM261299","Treat",1,0.918,0.082
"RF","Screening holdout","GSM261301","Treat",1,0.776,0.224
"RF","Screening holdout","GSM261321","Treat",1,0.896,0.104
"RF","Screening holdout","GSM261324","Treat",1,0.456,0.544
"RF","Screening holdout","GSM261327","Treat",1,0.746,0.254
"SVM","Training","GSM578529","Control",0,0.0896119857453516,0.0896119857453516
"SVM","Training","GSM578531","Control",0,0.0824879043631126,0.0824879043631126
"SVM","Training","GSM4749834","Treat",1,0.81617668371084,0.18382331628916
"SVM","Training","GSM4749835","Treat",1,0.42278330844036,0.57721669155964
"SVM","Training","GSM4749836","Treat",1,0.424217197915241,0.575782802084759
"SVM","Training","GSM4749837","Treat",1,0.699569094903705,0.300430905096295
"SVM","Training","GSM4749838","Treat",1,0.738444510723941,0.261555489276059
"SVM","Training","GSM4749841","Control",0,0.781557667074147,0.781557667074147
"SVM","Training","GSM4749842","Control",0,0.864214296870097,0.864214296870097
"SVM","Training","GSM4749843","Control",0,0.761458652412761,0.761458652412761
"SVM","Training","GSM4749844","Control",0,0.388678806979154,0.388678806979154
"SVM","Training","GSM4749845","Control",0,0.743992299762749,0.743992299762749
"SVM","Training","GSM261086","Treat",1,0.795193216844876,0.204806783155124
"SVM","Training","GSM261088","Control",0,0.23700173947001,0.23700173947001
"SVM","Training","GSM261092","Treat",1,0.929900155412035,0.0700998445879654
"SVM","Training","GSM261094","Treat",1,0.930981726625284,0.0690182733747156
"SVM","Training","GSM261096","Control",0,0.077971473444208,0.077971473444208
"SVM","Training","GSM261097","Treat",1,0.871837510150622,0.128162489849378
"SVM","Training","GSM261099","Control",0,0.211210331442576,0.211210331442576
"SVM","Training","GSM261100","Treat",1,0.389398614528096,0.610601385471904
"SVM","Training","GSM261102","Control",0,0.0939764685988534,0.0939764685988534
"SVM","Training","GSM261103","Treat",1,0.890270579358382,0.109729420641618
"SVM","Training","GSM261105","Treat",1,0.761265677490026,0.238734322509974
"SVM","Training","GSM261109","Control",0,0.112955743477924,0.112955743477924
"SVM","Training","GSM261114","Treat",1,0.919399375656523,0.0806006243434775
"SVM","Training","GSM261116","Control",0,0.208843833213108,0.208843833213108
"SVM","Training","GSM261117","Control",0,0.082541169894809,0.082541169894809
"SVM","Training","GSM261118","Treat",1,0.890280366663904,0.109719633336096
"SVM","Training","GSM261120","Treat",1,0.826025180172479,0.173974819827521
"SVM","Training","GSM261122","Control",0,0.0825600631258048,0.0825600631258048
"SVM","Training","GSM261123","Treat",1,0.890283686609084,0.109716313390916
"SVM","Training","GSM261125","Treat",1,0.397225909573102,0.602774090426898
"SVM","Training","GSM261128","Treat",1,0.911020107437436,0.088979892562564
"SVM","Training","GSM261130","Treat",1,0.912404225777314,0.0875957742226856
"SVM","Training","GSM261132","Treat",1,0.921509108826686,0.0784908911733142
"SVM","Training","GSM261138","Control",0,0.0646259599322242,0.0646259599322242
"SVM","Training","GSM261139","Treat",1,0.736333660788233,0.263666339211767
"SVM","Training","GSM261141","Treat",1,0.946703147804898,0.0532968521951017
"SVM","Training","GSM261144","Treat",1,0.890276676189963,0.109723323810037
"SVM","Training","GSM261146","Control",0,0.804842383916986,0.804842383916986
"SVM","Training","GSM261147","Treat",1,0.917060101321691,0.0829398986783088
"SVM","Training","GSM261151","Control",0,0.443481740606851,0.443481740606851
"SVM","Training","GSM261152","Treat",1,0.893122699046669,0.106877300953331
"SVM","Training","GSM261154","Control",0,0.911058662040355,0.911058662040355
"SVM","Training","GSM261155","Treat",1,0.765097390698535,0.234902609301465
"SVM","Training","GSM261159","Control",0,0.0825255033137284,0.0825255033137284
"SVM","Training","GSM261160","Treat",1,0.908580481800686,0.0914195181993139
"SVM","Training","GSM261162","Control",0,0.260987322344148,0.260987322344148
"SVM","Training","GSM261166","Treat",1,0.864634254116253,0.135365745883747
"SVM","Training","GSM261168","Control",0,0.0459412397669792,0.0459412397669792
"SVM","Training","GSM261169","Treat",1,0.940202868387404,0.0597971316125964
"SVM","Training","GSM261171","Control",0,0.510704328114608,0.510704328114608
"SVM","Training","GSM261172","Treat",1,0.537615545299374,0.462384454700626
"SVM","Training","GSM261175","Treat",1,0.811179647932024,0.188820352067976
"SVM","Training","GSM261178","Treat",1,0.92238422080972,0.0776157791902804
"SVM","Training","GSM261180","Treat",1,0.890271738726324,0.109728261273676
"SVM","Training","GSM261182","Treat",1,0.926044200751857,0.0739557992481426
"SVM","Training","GSM261184","Control",0,0.294613549788071,0.294613549788071
"SVM","Training","GSM261186","Treat",1,0.265701184730393,0.734298815269607
"SVM","Training","GSM261188","Control",0,0.289138168935779,0.289138168935779
"SVM","Training","GSM261189","Treat",1,0.934549745303181,0.0654502546968194
"SVM","Training","GSM261191","Treat",1,0.891815144562064,0.108184855437936
"SVM","Training","GSM261197","Treat",1,0.856654742135366,0.143345257864634
"SVM","Training","GSM261199","Control",0,0.101861385808443,0.101861385808443
"SVM","Training","GSM261200","Treat",1,0.818058390725293,0.181941609274707
"SVM","Training","GSM261202","Control",0,0.0974616844287627,0.0974616844287627
"SVM","Training","GSM261203","Treat",1,0.904137198553312,0.0958628014466881
"SVM","Training","GSM261206","Control",0,0.162480179346258,0.162480179346258
"SVM","Training","GSM261207","Treat",1,0.959944071894289,0.0400559281057106
"SVM","Training","GSM261217","Control",0,0.0773826559562274,0.0773826559562274
"SVM","Training","GSM261220","Control",0,0.263180685222117,0.263180685222117
"SVM","Training","GSM261221","Treat",1,0.956943846125801,0.0430561538741993
"SVM","Training","GSM261224","Treat",1,0.946564789708043,0.0534352102919567
"SVM","Training","GSM261230","Treat",1,0.890262858571436,0.109737141428564
"SVM","Training","GSM261232","Treat",1,0.924920560247842,0.075079439752158
"SVM","Training","GSM261235","Treat",1,0.890308557212162,0.109691442787838
"SVM","Training","GSM261237","Control",0,0.397491577205438,0.397491577205438
"SVM","Training","GSM261240","Control",0,0.925358582990682,0.925358582990682
"SVM","Training","GSM261241","Treat",1,0.890293404276933,0.109706595723067
"SVM","Training","GSM261243","Control",0,0.10145328270549,0.10145328270549
"SVM","Training","GSM261244","Treat",1,0.890225162520488,0.109774837479512
"SVM","Training","GSM261249","Control",0,0.0825548599177807,0.0825548599177807
"SVM","Training","GSM261250","Treat",1,0.890260864876085,0.109739135123915
"SVM","Training","GSM261252","Treat",1,0.888099855509157,0.111900144490843
"SVM","Training","GSM261254","Control",0,0.463159360024505,0.463159360024505
"SVM","Training","GSM261258","Treat",1,0.949210053840662,0.0507899461593384
"SVM","Training","GSM261261","Treat",1,0.848280351582842,0.151719648417158
"SVM","Training","GSM261263","Treat",1,0.346893648631568,0.653106351368432
"SVM","Training","GSM261265","Treat",1,0.933802442335134,0.066197557664866
"SVM","Training","GSM261266","Control",0,0.948073074486111,0.948073074486111
"SVM","Training","GSM261270","Treat",1,0.89030475953942,0.10969524046058
"SVM","Training","GSM261272","Control",0,0.179356406471061,0.179356406471061
"SVM","Training","GSM261273","Treat",1,0.931434092853516,0.0685659071464837
"SVM","Training","GSM261275","Treat",1,0.890331822909094,0.109668177090906
"SVM","Training","GSM261278","Treat",1,0.744712339413521,0.255287660586479
"SVM","Training","GSM261280","Control",0,0.224591721546516,0.224591721546516
"SVM","Training","GSM261281","Treat",1,0.890182956255834,0.109817043744166
"SVM","Training","GSM261283","Control",0,0.0407239362007324,0.0407239362007324
"SVM","Training","GSM261286","Control",0,0.0714461228257341,0.0714461228257341
"SVM","Training","GSM261289","Treat",1,0.91941707722436,0.0805829227756397
"SVM","Training","GSM261291","Treat",1,0.890270260371949,0.109729739628051
"SVM","Training","GSM261293","Control",0,0.0754449908326442,0.0754449908326442
"SVM","Training","GSM261294","Treat",1,0.879537071468765,0.120462928531235
"SVM","Training","GSM261296","Control",0,0.0776995774628229,0.0776995774628229
"SVM","Training","GSM261297","Treat",1,0.582916423338789,0.417083576661211
"SVM","Training","GSM261303","Control",0,0.0826087938344565,0.0826087938344565
"SVM","Training","GSM261304","Treat",1,0.890245385402391,0.109754614597609
"SVM","Training","GSM261306","Control",0,0.0825774896148604,0.0825774896148604
"SVM","Training","GSM261307","Treat",1,0.754724989264808,0.245275010735192
"SVM","Training","GSM261309","Control",0,0.0797487253546889,0.0797487253546889
"SVM","Training","GSM261310","Treat",1,0.760157402230075,0.239842597769925
"SVM","Training","GSM261312","Treat",1,0.890168954908226,0.109831045091774
"SVM","Training","GSM261314","Control",0,0.0825842075350923,0.0825842075350923
"SVM","Training","GSM261315","Treat",1,0.940992155359619,0.0590078446403809
"SVM","Training","GSM261317","Control",0,0.0452490717482437,0.0452490717482437
"SVM","Training","GSM261318","Treat",1,0.936237390498195,0.0637626095018055
"SVM","Training","GSM261320","Control",0,0.0868686890659721,0.0868686890659721
"SVM","Training","GSM261323","Control",0,0.0536717545177825,0.0536717545177825
"SVM","Training","GSM261326","Control",0,0.0530839409412037,0.0530839409412037
"SVM","Training","GSM261329","Control",0,0.0825360674179025,0.0825360674179025
"SVM","Training","GSM261330","Treat",1,0.924939586046854,0.0750604139531463
"SVM","Training","GSM261332","Control",0,0.271782212602075,0.271782212602075
"SVM","Screening holdout","GSM578530","Treat",1,0.941864940611023,0.0581350593889772
"SVM","Screening holdout","GSM578532","Treat",1,0.524073820235575,0.475926179764425
"SVM","Screening holdout","GSM578533","Control",0,0.0750323728674914,0.0750323728674914
"SVM","Screening holdout","GSM578534","Treat",1,0.893270032891556,0.106729967108444
"SVM","Screening holdout","GSM4749839","Treat",1,0.245739666246269,0.754260333753731
"SVM","Screening holdout","GSM4749840","Control",0,0.727244384690544,0.727244384690544
"SVM","Screening holdout","GSM261089","Treat",1,0.936570198260898,0.0634298017391022
"SVM","Screening holdout","GSM261091","Control",0,0.135854719798876,0.135854719798876
"SVM","Screening holdout","GSM261107","Treat",1,0.926664125872175,0.0733358741278253
"SVM","Screening holdout","GSM261110","Treat",1,0.772183624909595,0.227816375090405
"SVM","Screening holdout","GSM261113","Control",0,0.355399924680849,0.355399924680849
"SVM","Screening holdout","GSM261127","Control",0,0.122964554819038,0.122964554819038
"SVM","Screening holdout","GSM261134","Control",0,0.0681389766377957,0.0681389766377957
"SVM","Screening holdout","GSM261135","Treat",1,0.943036554891067,0.0569634451089328
"SVM","Screening holdout","GSM261137","Control",0,0.868083350953874,0.868083350953874
"SVM","Screening holdout","GSM261143","Control",0,0.333559569312473,0.333559569312473
"SVM","Screening holdout","GSM261149","Treat",1,0.843996075896165,0.156003924103835
"SVM","Screening holdout","GSM261157","Treat",1,0.922920094268121,0.0770799057318785
"SVM","Screening holdout","GSM261163","Treat",1,0.767675368884307,0.232324631115693
"SVM","Screening holdout","GSM261165","Control",0,0.262245215327385,0.262245215327385
"SVM","Screening holdout","GSM261174","Control",0,0.541705929445201,0.541705929445201
"SVM","Screening holdout","GSM261177","Control",0,0.361519151962418,0.361519151962418
"SVM","Screening holdout","GSM261193","Control",0,0.0708915936010051,0.0708915936010051
"SVM","Screening holdout","GSM261194","Treat",1,0.335153580511782,0.664846419488218
"SVM","Screening holdout","GSM261196","Control",0,0.183803505492845,0.183803505492845
"SVM","Screening holdout","GSM261205","Control",0,0.083209254873996,0.083209254873996
"SVM","Screening holdout","GSM261209","Treat",1,0.931278945385492,0.0687210546145075
"SVM","Screening holdout","GSM261211","Treat",1,0.908270871928298,0.0917291280717019
"SVM","Screening holdout","GSM261213","Treat",1,0.946748604650588,0.053251395349412
"SVM","Screening holdout","GSM261215","Treat",1,0.913777859019343,0.0862221409806574
"SVM","Screening holdout","GSM261218","Treat",1,0.0913542334229556,0.908645766577044
"SVM","Screening holdout","GSM261223","Control",0,0.904195499401145,0.904195499401145
"SVM","Screening holdout","GSM261226","Control",0,0.090745949188477,0.090745949188477
"SVM","Screening holdout","GSM261227","Treat",1,0.912705053456512,0.0872949465434876
"SVM","Screening holdout","GSM261229","Control",0,0.906169329114953,0.906169329114953
"SVM","Screening holdout","GSM261234","Control",0,0.818947929599659,0.818947929599659
"SVM","Screening holdout","GSM261238","Treat",1,0.780342962976728,0.219657037023272
"SVM","Screening holdout","GSM261246","Control",0,0.377239188049393,0.377239188049393
"SVM","Screening holdout","GSM261247","Treat",1,0.241787217996021,0.758212782003979
"SVM","Screening holdout","GSM261255","Treat",1,0.946849982759904,0.0531500172400956
"SVM","Screening holdout","GSM261257","Control",0,0.0902939016900313,0.0902939016900313
"SVM","Screening holdout","GSM261268","Treat",1,0.938640800471233,0.0613591995287674
"SVM","Screening holdout","GSM261277","Control",0,0.0576356452385816,0.0576356452385816
"SVM","Screening holdout","GSM261284","Treat",1,0.939218305235725,0.0607816947642753
"SVM","Screening holdout","GSM261287","Treat",1,0.801496650784197,0.198503349215803
"SVM","Screening holdout","GSM261299","Treat",1,0.952743792024681,0.0472562079753188
"SVM","Screening holdout","GSM261301","Treat",1,0.907047261416853,0.0929527385831468
"SVM","Screening holdout","GSM261321","Treat",1,0.911593819850119,0.088406180149881
"SVM","Screening holdout","GSM261324","Treat",1,0.495578249740478,0.504421750259522
"SVM","Screening holdout","GSM261327","Treat",1,0.796751440596037,0.203248559403963
"GLM","Training","GSM578529","Control",0,2.22044604925031e-16,2.22044604925031e-16
"GLM","Training","GSM578531","Control",0,2.22044604925031e-16,2.22044604925031e-16
"GLM","Training","GSM4749834","Treat",1,1,2.22044604925031e-16
"GLM","Training","GSM4749835","Treat",1,1,2.22044604925031e-16
"GLM","Training","GSM4749836","Treat",1,0.999999999574189,4.25811275128751e-10
"GLM","Training","GSM4749837","Treat",1,1,2.22044604925031e-16
"GLM","Training","GSM4749838","Treat",1,1,2.22044604925031e-16
"GLM","Training","GSM4749841","Control",0,1.08173762947097e-09,1.08173762947097e-09
"GLM","Training","GSM4749842","Control",0,2.22044604925031e-16,2.22044604925031e-16
"GLM","Training","GSM4749843","Control",0,2.22044604925031e-16,2.22044604925031e-16
"GLM","Training","GSM4749844","Control",0,2.22044604925031e-16,2.22044604925031e-16
"GLM","Training","GSM4749845","Control",0,5.91673115499488e-09,5.91673115499488e-09
"GLM","Training","GSM261086","Treat",1,0.999999995002442,4.99755814509228e-09
"GLM","Training","GSM261088","Control",0,5.78467247976806e-09,5.78467247976806e-09
"GLM","Training","GSM261092","Treat",1,1,2.22044604925031e-16
"GLM","Training","GSM261094","Treat",1,0.99999999900227,9.97730231766525e-10
"GLM","Training","GSM261096","Control",0,2.22044604925031e-16,2.22044604925031e-16
"GLM","Training","GSM261097","Treat",1,0.999999992909991,7.09000946841343e-09
"GLM","Training","GSM261099","Control",0,3.07483907563963e-09,3.07483907563963e-09
"GLM","Training","GSM261100","Treat",1,0.99999999676929,3.23070969976413e-09
"GLM","Training","GSM261102","Control",0,2.28380857529407e-09,2.28380857529407e-09
"GLM","Training","GSM261103","Treat",1,0.999999996516906,3.48309425746152e-09
"GLM","Training","GSM261105","Treat",1,1,2.22044604925031e-16
"GLM","Training","GSM261109","Control",0,2.22044604925031e-16,2.22044604925031e-16
"GLM","Training","GSM261114","Treat",1,1,2.22044604925031e-16
"GLM","Training","GSM261116","Control",0,2.22044604925031e-16,2.22044604925031e-16
"GLM","Training","GSM261117","Control",0,3.69516884789690e-09,3.69516884789690e-09
"GLM","Training","GSM261118","Treat",1,0.999999999923788,7.6212480770721e-11
"GLM","Training","GSM261120","Treat",1,0.999999994541836,5.4581644759466e-09
"GLM","Training","GSM261122","Control",0,2.22044604925031e-16,2.22044604925031e-16
"GLM","Training","GSM261123","Treat",1,1,2.22044604925031e-16
"GLM","Training","GSM261125","Treat",1,0.999999999150146,8.4985418702388e-10
"GLM","Training","GSM261128","Treat",1,0.999999994680563,5.31943722403838e-09
"GLM","Training","GSM261130","Treat",1,1,2.22044604925031e-16
"GLM","Training","GSM261132","Treat",1,1,2.22044604925031e-16
"GLM","Training","GSM261138","Control",0,2.22044604925031e-16,2.22044604925031e-16
"GLM","Training","GSM261139","Treat",1,1,2.22044604925031e-16
"GLM","Training","GSM261141","Treat",1,1,2.22044604925031e-16
"GLM","Training","GSM261144","Treat",1,0.999999999557705,4.42295200464571e-10
"GLM","Training","GSM261146","Control",0,9.01643232359983e-10,9.01643232359983e-10
"GLM","Training","GSM261147","Treat",1,1,2.22044604925031e-16
"GLM","Training","GSM261151","Control",0,4.04977129974647e-09,4.04977129974647e-09
"GLM","Training","GSM261152","Treat",1,1,2.22044604925031e-16
"GLM","Training","GSM261154","Control",0,1.41671258060423e-09,1.41671258060423e-09
"GLM","Training","GSM261155","Treat",1,1,2.22044604925031e-16
"GLM","Training","GSM261159","Control",0,7.91930180147665e-10,7.91930180147665e-10
"GLM","Training","GSM261160","Treat",1,1,2.22044604925031e-16
"GLM","Training","GSM261162","Control",0,2.22044604925031e-16,2.22044604925031e-16
"GLM","Training","GSM261166","Treat",1,0.999999998839496,1.16050447029892e-09
"GLM","Training","GSM261168","Control",0,2.22044604925031e-16,2.22044604925031e-16
"GLM","Training","GSM261169","Treat",1,1,2.22044604925031e-16
"GLM","Training","GSM261171","Control",0,2.22044604925031e-16,2.22044604925031e-16
"GLM","Training","GSM261172","Treat",1,0.999999995585113,4.41488712255023e-09
"GLM","Training","GSM261175","Treat",1,0.999999997196674,2.80332645985482e-09
"GLM","Training","GSM261178","Treat",1,1,2.22044604925031e-16
"GLM","Training","GSM261180","Treat",1,1,2.22044604925031e-16
"GLM","Training","GSM261182","Treat",1,1,2.22044604925031e-16
"GLM","Training","GSM261184","Control",0,6.12865800053938e-10,6.12865800053938e-10
"GLM","Training","GSM261186","Treat",1,0.999999994464499,5.53550094650745e-09
"GLM","Training","GSM261188","Control",0,2.43832634133052e-10,2.43832634133052e-10
"GLM","Training","GSM261189","Treat",1,1,2.22044604925031e-16
"GLM","Training","GSM261191","Treat",1,1,2.22044604925031e-16
"GLM","Training","GSM261197","Treat",1,1,2.22044604925031e-16
"GLM","Training","GSM261199","Control",0,2.70354243870005e-09,2.70354243870005e-09
"GLM","Training","GSM261200","Treat",1,0.999999999571672,4.28327595614064e-10
"GLM","Training","GSM261202","Control",0,2.22044604925031e-16,2.22044604925031e-16
"GLM","Training","GSM261203","Treat",1,1,2.22044604925031e-16
"GLM","Training","GSM261206","Control",0,2.22044604925031e-16,2.22044604925031e-16
"GLM","Training","GSM261207","Treat",1,1,2.22044604925031e-16
"GLM","Training","GSM261217","Control",0,2.22044604925031e-16,2.22044604925031e-16
"GLM","Training","GSM261220","Control",0,2.22044604925031e-16,2.22044604925031e-16
"GLM","Training","GSM261221","Treat",1,1,2.22044604925031e-16
"GLM","Training","GSM261224","Treat",1,0.999999999973982,2.60182986266955e-11
"GLM","Training","GSM261230","Treat",1,1,2.22044604925031e-16
"GLM","Training","GSM261232","Treat",1,1,2.22044604925031e-16
"GLM","Training","GSM261235","Treat",1,0.999999995716464,4.28353630343992e-09
"GLM","Training","GSM261237","Control",0,2.22044604925031e-16,2.22044604925031e-16
"GLM","Training","GSM261240","Control",0,5.34850690195986e-09,5.34850690195986e-09
"GLM","Training","GSM261241","Treat",1,0.999999995113118,4.88688156607964e-09
"GLM","Training","GSM261243","Control",0,2.22044604925031e-16,2.22044604925031e-16
"GLM","Training","GSM261244","Treat",1,1,2.22044604925031e-16
"GLM","Training","GSM261249","Control",0,2.22044604925031e-16,2.22044604925031e-16
"GLM","Training","GSM261250","Treat",1,1,2.22044604925031e-16
"GLM","Training","GSM261252","Treat",1,1,2.22044604925031e-16
"GLM","Training","GSM261254","Control",0,2.22044604925031e-16,2.22044604925031e-16
"GLM","Training","GSM261258","Treat",1,1,2.22044604925031e-16
"GLM","Training","GSM261261","Treat",1,1,2.22044604925031e-16
"GLM","Training","GSM261263","Treat",1,0.999999994257194,5.74280556442375e-09
"GLM","Training","GSM261265","Treat",1,1,2.22044604925031e-16
"GLM","Training","GSM261266","Control",0,4.83531236385058e-09,4.83531236385058e-09
"GLM","Training","GSM261270","Treat",1,0.99999999573812,4.26187962698776e-09
"GLM","Training","GSM261272","Control",0,2.22044604925031e-16,2.22044604925031e-16
"GLM","Training","GSM261273","Treat",1,1,2.22044604925031e-16
"GLM","Training","GSM261275","Treat",1,0.99999999560041,4.39959002562773e-09
"GLM","Training","GSM261278","Treat",1,1,2.22044604925031e-16
"GLM","Training","GSM261280","Control",0,2.22044604925031e-16,2.22044604925031e-16
"GLM","Training","GSM261281","Treat",1,1,2.22044604925031e-16
"GLM","Training","GSM261283","Control",0,2.22044604925031e-16,2.22044604925031e-16
"GLM","Training","GSM261286","Control",0,2.22044604925031e-16,2.22044604925031e-16
"GLM","Training","GSM261289","Treat",1,1,2.22044604925031e-16
"GLM","Training","GSM261291","Treat",1,1,2.22044604925031e-16
"GLM","Training","GSM261293","Control",0,2.22044604925031e-16,2.22044604925031e-16
"GLM","Training","GSM261294","Treat",1,1,2.22044604925031e-16
"GLM","Training","GSM261296","Control",0,2.22044604925031e-16,2.22044604925031e-16
"GLM","Training","GSM261297","Treat",1,1,2.22044604925031e-16
"GLM","Training","GSM261303","Control",0,2.22044604925031e-16,2.22044604925031e-16
"GLM","Training","GSM261304","Treat",1,1,2.22044604925031e-16
"GLM","Training","GSM261306","Control",0,3.29895920195962e-10,3.29895920195962e-10
"GLM","Training","GSM261307","Treat",1,0.999999999816919,1.83081216853509e-10
"GLM","Training","GSM261309","Control",0,2.22044604925031e-16,2.22044604925031e-16
"GLM","Training","GSM261310","Treat",1,1,2.22044604925031e-16
"GLM","Training","GSM261312","Treat",1,1,2.22044604925031e-16
"GLM","Training","GSM261314","Control",0,2.22044604925031e-16,2.22044604925031e-16
"GLM","Training","GSM261315","Treat",1,1,2.22044604925031e-16
"GLM","Training","GSM261317","Control",0,2.22044604925031e-16,2.22044604925031e-16
"GLM","Training","GSM261318","Treat",1,0.999999999898479,1.01520569728564e-10
"GLM","Training","GSM261320","Control",0,3.54914112547008e-09,3.54914112547008e-09
"GLM","Training","GSM261323","Control",0,3.53024639131901e-10,3.53024639131901e-10
"GLM","Training","GSM261326","Control",0,2.22044604925031e-16,2.22044604925031e-16
"GLM","Training","GSM261329","Control",0,3.01296551885807e-09,3.01296551885807e-09
"GLM","Training","GSM261330","Treat",1,1,2.22044604925031e-16
"GLM","Training","GSM261332","Control",0,2.22044604925031e-16,2.22044604925031e-16
"GLM","Screening holdout","GSM578530","Treat",1,1,2.22044604925031e-16
"GLM","Screening holdout","GSM578532","Treat",1,1,2.22044604925031e-16
"GLM","Screening holdout","GSM578533","Control",0,2.22044604925031e-16,2.22044604925031e-16
"GLM","Screening holdout","GSM578534","Treat",1,1,2.22044604925031e-16
"GLM","Screening holdout","GSM4749839","Treat",1,1,2.22044604925031e-16
"GLM","Screening holdout","GSM4749840","Control",0,1,1
"GLM","Screening holdout","GSM261089","Treat",1,1,2.22044604925031e-16
"GLM","Screening holdout","GSM261091","Control",0,2.22044604925031e-16,2.22044604925031e-16
"GLM","Screening holdout","GSM261107","Treat",1,1,2.22044604925031e-16
"GLM","Screening holdout","GSM261110","Treat",1,1,2.22044604925031e-16
"GLM","Screening holdout","GSM261113","Control",0,1,1
"GLM","Screening holdout","GSM261127","Control",0,2.22044604925031e-16,2.22044604925031e-16
"GLM","Screening holdout","GSM261134","Control",0,2.22044604925031e-16,2.22044604925031e-16
"GLM","Screening holdout","GSM261135","Treat",1,1,2.22044604925031e-16
"GLM","Screening holdout","GSM261137","Control",0,1,1
"GLM","Screening holdout","GSM261143","Control",0,0.913594072008427,0.913594072008427
"GLM","Screening holdout","GSM261149","Treat",1,1,2.22044604925031e-16
"GLM","Screening holdout","GSM261157","Treat",1,1,2.22044604925031e-16
"GLM","Screening holdout","GSM261163","Treat",1,2.22044604925031e-16,1
"GLM","Screening holdout","GSM261165","Control",0,1,1
"GLM","Screening holdout","GSM261174","Control",0,2.22044604925031e-16,2.22044604925031e-16
"GLM","Screening holdout","GSM261177","Control",0,1,1
"GLM","Screening holdout","GSM261193","Control",0,2.22044604925031e-16,2.22044604925031e-16
"GLM","Screening holdout","GSM261194","Treat",1,2.22044604925031e-16,1
"GLM","Screening holdout","GSM261196","Control",0,2.22044604925031e-16,2.22044604925031e-16
"GLM","Screening holdout","GSM261205","Control",0,2.22044604925031e-16,2.22044604925031e-16
"GLM","Screening holdout","GSM261209","Treat",1,1,2.22044604925031e-16
"GLM","Screening holdout","GSM261211","Treat",1,1,2.22044604925031e-16
"GLM","Screening holdout","GSM261213","Treat",1,1,2.22044604925031e-16
"GLM","Screening holdout","GSM261215","Treat",1,1,2.22044604925031e-16
"GLM","Screening holdout","GSM261218","Treat",1,2.22044604925031e-16,1
"GLM","Screening holdout","GSM261223","Control",0,1,1
"GLM","Screening holdout","GSM261226","Control",0,2.22044604925031e-16,2.22044604925031e-16
"GLM","Screening holdout","GSM261227","Treat",1,1,2.22044604925031e-16
"GLM","Screening holdout","GSM261229","Control",0,1,1
"GLM","Screening holdout","GSM261234","Control",0,1,1
"GLM","Screening holdout","GSM261238","Treat",1,0.000739039007008786,0.999260960992991
"GLM","Screening holdout","GSM261246","Control",0,2.22044604925031e-16,2.22044604925031e-16
"GLM","Screening holdout","GSM261247","Treat",1,1,2.22044604925031e-16
"GLM","Screening holdout","GSM261255","Treat",1,1,2.22044604925031e-16
"GLM","Screening holdout","GSM261257","Control",0,2.22044604925031e-16,2.22044604925031e-16
"GLM","Screening holdout","GSM261268","Treat",1,1,2.22044604925031e-16
"GLM","Screening holdout","GSM261277","Control",0,2.22044604925031e-16,2.22044604925031e-16
"GLM","Screening holdout","GSM261284","Treat",1,1,2.22044604925031e-16
"GLM","Screening holdout","GSM261287","Treat",1,1,2.22044604925031e-16
"GLM","Screening holdout","GSM261299","Treat",1,1,2.22044604925031e-16
"GLM","Screening holdout","GSM261301","Treat",1,2.22044604925031e-16,1
"GLM","Screening holdout","GSM261321","Treat",1,1,2.22044604925031e-16
"GLM","Screening holdout","GSM261324","Treat",1,2.22044604925031e-16,1
"GLM","Screening holdout","GSM261327","Treat",1,1,2.22044604925031e-16
"GBM","Training","GSM578529","Control",0,0.04214436743781,0.04214436743781
"GBM","Training","GSM578531","Control",0,0.0858449614332941,0.0858449614332941
"GBM","Training","GSM4749834","Treat",1,0.836558262897093,0.163441737102907
"GBM","Training","GSM4749835","Treat",1,0.796572591536182,0.203427408463818
"GBM","Training","GSM4749836","Treat",1,0.750883827205461,0.249116172794539
"GBM","Training","GSM4749837","Treat",1,0.906806138445664,0.0931938615543355
"GBM","Training","GSM4749838","Treat",1,0.935860231298623,0.0641397687013772
"GBM","Training","GSM4749841","Control",0,0.30381679754273,0.30381679754273
"GBM","Training","GSM4749842","Control",0,0.568649867614718,0.568649867614718
"GBM","Training","GSM4749843","Control",0,0.149267289462141,0.149267289462141
"GBM","Training","GSM4749844","Control",0,0.0961936216658779,0.0961936216658779
"GBM","Training","GSM4749845","Control",0,0.202655405557715,0.202655405557715
"GBM","Training","GSM261086","Treat",1,0.877458198724015,0.122541801275985
"GBM","Training","GSM261088","Control",0,0.302967867100324,0.302967867100324
"GBM","Training","GSM261092","Treat",1,0.979562908437768,0.0204370915622316
"GBM","Training","GSM261094","Treat",1,0.932684244647635,0.0673157553523649
"GBM","Training","GSM261096","Control",0,0.0828083921532486,0.0828083921532486
"GBM","Training","GSM261097","Treat",1,0.922323208356545,0.0776767916434549
"GBM","Training","GSM261099","Control",0,0.095418333688524,0.095418333688524
"GBM","Training","GSM261100","Treat",1,0.574204445027089,0.425795554972911
"GBM","Training","GSM261102","Control",0,0.0968621880441132,0.0968621880441132
"GBM","Training","GSM261103","Treat",1,0.843904120319243,0.156095879680757
"GBM","Training","GSM261105","Treat",1,0.853956164746255,0.146043835253745
"GBM","Training","GSM261109","Control",0,0.0859400545641849,0.0859400545641849
"GBM","Training","GSM261114","Treat",1,0.969344471076743,0.0306555289232574
"GBM","Training","GSM261116","Control",0,0.110342703119244,0.110342703119244
"GBM","Training","GSM261117","Control",0,0.062969207760739,0.062969207760739
"GBM","Training","GSM261118","Treat",1,0.941442151270224,0.0585578487297759
"GBM","Training","GSM261120","Treat",1,0.924436341618004,0.0755636583819961
"GBM","Training","GSM261122","Control",0,0.0666585807969682,0.0666585807969682
"GBM","Training","GSM261123","Treat",1,0.982523850619995,0.017476149380005
"GBM","Training","GSM261125","Treat",1,0.768726575491391,0.231273424508609
"GBM","Training","GSM261128","Treat",1,0.816237118856106,0.183762881143894
"GBM","Training","GSM261130","Treat",1,0.882085690587521,0.117914309412479
"GBM","Training","GSM261132","Treat",1,0.966740473792332,0.0332595262076677
"GBM","Training","GSM261138","Control",0,0.0557941395132827,0.0557941395132827
"GBM","Training","GSM261139","Treat",1,0.974618537254639,0.0253814627453606
"GBM","Training","GSM261141","Treat",1,0.969757642088052,0.030242357911948
"GBM","Training","GSM261144","Treat",1,0.930161613238882,0.0698383867611178
"GBM","Training","GSM261146","Control",0,0.570983128132965,0.570983128132965
"GBM","Training","GSM261147","Treat",1,0.94887284592556,0.0511271540744404
"GBM","Training","GSM261151","Control",0,0.523787479184302,0.523787479184302
"GBM","Training","GSM261152","Treat",1,0.891388749146679,0.108611250853321
"GBM","Training","GSM261154","Control",0,0.581436390377083,0.581436390377083
"GBM","Training","GSM261155","Treat",1,0.937899266073452,0.0621007339265485
"GBM","Training","GSM261159","Control",0,0.0165757882095996,0.0165757882095996
"GBM","Training","GSM261160","Treat",1,0.966189619182876,0.0338103808171236
"GBM","Training","GSM261162","Control",0,0.0931778804681241,0.0931778804681241
"GBM","Training","GSM261166","Treat",1,0.927811992942975,0.0721880070570246
"GBM","Training","GSM261168","Control",0,0.0315253205641876,0.0315253205641876
"GBM","Training","GSM261169","Treat",1,0.962661518709539,0.0373384812904614
"GBM","Training","GSM261171","Control",0,0.25966994378585,0.25966994378585
"GBM","Training","GSM261172","Treat",1,0.862254776253629,0.137745223746371
"GBM","Training","GSM261175","Treat",1,0.750404611443378,0.249595388556622
"GBM","Training","GSM261178","Treat",1,0.967731678286393,0.0322683217136074
"GBM","Training","GSM261180","Treat",1,0.864092377939717,0.135907622060283
"GBM","Training","GSM261182","Treat",1,0.872437126908372,0.127562873091628
"GBM","Training","GSM261184","Control",0,0.134897210372323,0.134897210372323
"GBM","Training","GSM261186","Treat",1,0.59121878401617,0.40878121598383
"GBM","Training","GSM261188","Control",0,0.313743876863025,0.313743876863025
"GBM","Training","GSM261189","Treat",1,0.9047612966498,0.0952387033501998
"GBM","Training","GSM261191","Treat",1,0.917508851659481,0.0824911483405193
"GBM","Training","GSM261197","Treat",1,0.929826202314965,0.0701737976850353
"GBM","Training","GSM261199","Control",0,0.0638435031569445,0.0638435031569445
"GBM","Training","GSM261200","Treat",1,0.929384318868838,0.0706156811311619
"GBM","Training","GSM261202","Control",0,0.026604810285038,0.026604810285038
"GBM","Training","GSM261203","Treat",1,0.911278931170971,0.0887210688290287
"GBM","Training","GSM261206","Control",0,0.0733785825438853,0.0733785825438853
"GBM","Training","GSM261207","Treat",1,0.983207485649957,0.0167925143500434
"GBM","Training","GSM261217","Control",0,0.0544937538785935,0.0544937538785935
"GBM","Training","GSM261220","Control",0,0.167291432940122,0.167291432940122
"GBM","Training","GSM261221","Treat",1,0.973821122378399,0.0261788776216005
"GBM","Training","GSM261224","Treat",1,0.952443799104399,0.047556200895601
"GBM","Training","GSM261230","Treat",1,0.981055831977889,0.0189441680221109
"GBM","Training","GSM261232","Treat",1,0.920453391139943,0.0795466088600569
"GBM","Training","GSM261235","Treat",1,0.970102054003505,0.0298979459964954
"GBM","Training","GSM261237","Control",0,0.165526878377278,0.165526878377278
"GBM","Training","GSM261240","Control",0,0.672731523034845,0.672731523034845
"GBM","Training","GSM261241","Treat",1,0.97154097684367,0.0284590231563301
"GBM","Training","GSM261243","Control",0,0.0286218222394196,0.0286218222394196
"GBM","Training","GSM261244","Treat",1,0.874962685499927,0.125037314500073
"GBM","Training","GSM261249","Control",0,0.0170621525712363,0.0170621525712363
"GBM","Training","GSM261250","Treat",1,0.880236553114701,0.119763446885299
"GBM","Training","GSM261252","Treat",1,0.945061641530574,0.0549383584694264
"GBM","Training","GSM261254","Control",0,0.0687863096655607,0.0687863096655607
"GBM","Training","GSM261258","Treat",1,0.970916246651119,0.0290837533488809
"GBM","Training","GSM261261","Treat",1,0.860577247147026,0.139422752852974
"GBM","Training","GSM261263","Treat",1,0.709014711205066,0.290985288794934
"GBM","Training","GSM261265","Treat",1,0.880296530629706,0.119703469370294
"GBM","Training","GSM261266","Control",0,0.839304198454019,0.839304198454019
"GBM","Training","GSM261270","Treat",1,0.958372052447187,0.0416279475528134
"GBM","Training","GSM261272","Control",0,0.153763660913017,0.153763660913017
"GBM","Training","GSM261273","Treat",1,0.979496162384212,0.0205038376157882
"GBM","Training","GSM261275","Treat",1,0.850090314249436,0.149909685750564
"GBM","Training","GSM261278","Treat",1,0.716540230897832,0.283459769102168
"GBM","Training","GSM261280","Control",0,0.231830511607771,0.231830511607771
"GBM","Training","GSM261281","Treat",1,0.917603978151337,0.0823960218486631
"GBM","Training","GSM261283","Control",0,0.0145916331364629,0.0145916331364629
"GBM","Training","GSM261286","Control",0,0.0451858946275653,0.0451858946275653
"GBM","Training","GSM261289","Treat",1,0.982129171158015,0.0178708288419845
"GBM","Training","GSM261291","Treat",1,0.962500465364129,0.0374995346358706
"GBM","Training","GSM261293","Control",0,0.0169102168479457,0.0169102168479457
"GBM","Training","GSM261294","Treat",1,0.88997202748455,0.11002797251545
"GBM","Training","GSM261296","Control",0,0.0353706957115723,0.0353706957115723
"GBM","Training","GSM261297","Treat",1,0.796365778875987,0.203634221124013
"GBM","Training","GSM261303","Control",0,0.107825865090981,0.107825865090981
"GBM","Training","GSM261304","Treat",1,0.937834071649026,0.0621659283509741
"GBM","Training","GSM261306","Control",0,0.0591069756564105,0.0591069756564105
"GBM","Training","GSM261307","Treat",1,0.879443024085665,0.120556975914335
"GBM","Training","GSM261309","Control",0,0.0480694502646909,0.0480694502646909
"GBM","Training","GSM261310","Treat",1,0.771949755674428,0.228050244325572
"GBM","Training","GSM261312","Treat",1,0.954187486463915,0.045812513536085
"GBM","Training","GSM261314","Control",0,0.0409893726420446,0.0409893726420446
"GBM","Training","GSM261315","Treat",1,0.987480109436652,0.0125198905633477
"GBM","Training","GSM261317","Control",0,0.0218027678317028,0.0218027678317028
"GBM","Training","GSM261318","Treat",1,0.974582453359787,0.025417546640213
"GBM","Training","GSM261320","Control",0,0.0244320107246754,0.0244320107246754
"GBM","Training","GSM261323","Control",0,0.0427314329365756,0.0427314329365756
"GBM","Training","GSM261326","Control",0,0.0427483907855588,0.0427483907855588
"GBM","Training","GSM261329","Control",0,0.0862286193113513,0.0862286193113513
"GBM","Training","GSM261330","Treat",1,0.949143713264206,0.0508562867357939
"GBM","Training","GSM261332","Control",0,0.111292533198147,0.111292533198147
"GBM","Screening holdout","GSM578530","Treat",1,0.969177864294703,0.0308221357052973
"GBM","Screening holdout","GSM578532","Treat",1,0.731510409112473,0.268489590887527
"GBM","Screening holdout","GSM578533","Control",0,0.0438302785009965,0.0438302785009965
"GBM","Screening holdout","GSM578534","Treat",1,0.910699409340403,0.0893005906595974
"GBM","Screening holdout","GSM4749839","Treat",1,0.447615923857035,0.552384076142965
"GBM","Screening holdout","GSM4749840","Control",0,0.738667574020119,0.738667574020119
"GBM","Screening holdout","GSM261089","Treat",1,0.950804863660263,0.0491951363397366
"GBM","Screening holdout","GSM261091","Control",0,0.0716479458246041,0.0716479458246041
"GBM","Screening holdout","GSM261107","Treat",1,0.96555704389939,0.0344429561006101
"GBM","Screening holdout","GSM261110","Treat",1,0.906592855705027,0.0934071442949729
"GBM","Screening holdout","GSM261113","Control",0,0.392449710198732,0.392449710198732
"GBM","Screening holdout","GSM261127","Control",0,0.0412257294639855,0.0412257294639855
"GBM","Screening holdout","GSM261134","Control",0,0.0244965653551732,0.0244965653551732
"GBM","Screening holdout","GSM261135","Treat",1,0.790618907445724,0.209381092554276
"GBM","Screening holdout","GSM261137","Control",0,0.971836865837506,0.971836865837506
"GBM","Screening holdout","GSM261143","Control",0,0.257094626460037,0.257094626460037
"GBM","Screening holdout","GSM261149","Treat",1,0.912000966078415,0.087999033921585
"GBM","Screening holdout","GSM261157","Treat",1,0.910450215108529,0.0895497848914715
"GBM","Screening holdout","GSM261163","Treat",1,0.44248911429163,0.55751088570837
"GBM","Screening holdout","GSM261165","Control",0,0.447315679120469,0.447315679120469
"GBM","Screening holdout","GSM261174","Control",0,0.537380867335754,0.537380867335754
"GBM","Screening holdout","GSM261177","Control",0,0.507478990783578,0.507478990783578
"GBM","Screening holdout","GSM261193","Control",0,0.0672544887320254,0.0672544887320254
"GBM","Screening holdout","GSM261194","Treat",1,0.620684238205387,0.379315761794613
"GBM","Screening holdout","GSM261196","Control",0,0.075273950564631,0.075273950564631
"GBM","Screening holdout","GSM261205","Control",0,0.021785928364023,0.021785928364023
"GBM","Screening holdout","GSM261209","Treat",1,0.977976436845763,0.0220235631542366
"GBM","Screening holdout","GSM261211","Treat",1,0.887222984877178,0.112777015122822
"GBM","Screening holdout","GSM261213","Treat",1,0.960256241025173,0.0397437589748266
"GBM","Screening holdout","GSM261215","Treat",1,0.967826504208615,0.0321734957913854
"GBM","Screening holdout","GSM261218","Treat",1,0.0259529680732662,0.974047031926734
"GBM","Screening holdout","GSM261223","Control",0,0.941751936891764,0.941751936891764
"GBM","Screening holdout","GSM261226","Control",0,0.0201390944196431,0.0201390944196431
"GBM","Screening holdout","GSM261227","Treat",1,0.954631159056615,0.0453688409433846
"GBM","Screening holdout","GSM261229","Control",0,0.926814451842467,0.926814451842467
"GBM","Screening holdout","GSM261234","Control",0,0.95789788390674,0.95789788390674
"GBM","Screening holdout","GSM261238","Treat",1,0.960253990662269,0.0397460093377309
"GBM","Screening holdout","GSM261246","Control",0,0.155627652050599,0.155627652050599
"GBM","Screening holdout","GSM261247","Treat",1,0.152374800943273,0.847625199056727
"GBM","Screening holdout","GSM261255","Treat",1,0.958092076133337,0.0419079238666629
"GBM","Screening holdout","GSM261257","Control",0,0.0636215878851294,0.0636215878851294
"GBM","Screening holdout","GSM261268","Treat",1,0.968199122965279,0.0318008770347211
"GBM","Screening holdout","GSM261277","Control",0,0.0172719165759715,0.0172719165759715
"GBM","Screening holdout","GSM261284","Treat",1,0.93350236345009,0.0664976365499103
"GBM","Screening holdout","GSM261287","Treat",1,0.831515088813171,0.168484911186829
"GBM","Screening holdout","GSM261299","Treat",1,0.964651853484865,0.0353481465151351
"GBM","Screening holdout","GSM261301","Treat",1,0.874627157355438,0.125372842644562
"GBM","Screening holdout","GSM261321","Treat",1,0.960925730783202,0.0390742692167985
"GBM","Screening holdout","GSM261324","Treat",1,0.591111586117509,0.408888413882491
"GBM","Screening holdout","GSM261327","Treat",1,0.880839095669759,0.119160904330241
"KNN","Training","GSM578529","Control",0,0.142857142857143,0.142857142857143
"KNN","Training","GSM578531","Control",0,0,0
"KNN","Training","GSM4749834","Treat",1,0.714285714285714,0.285714285714286
"KNN","Training","GSM4749835","Treat",1,0.571428571428571,0.428571428571429
"KNN","Training","GSM4749836","Treat",1,0.714285714285714,0.285714285714286
"KNN","Training","GSM4749837","Treat",1,0.857142857142857,0.142857142857143
"KNN","Training","GSM4749838","Treat",1,1,0
"KNN","Training","GSM4749841","Control",0,0.714285714285714,0.714285714285714
"KNN","Training","GSM4749842","Control",0,0.714285714285714,0.714285714285714
"KNN","Training","GSM4749843","Control",0,0.714285714285714,0.714285714285714
"KNN","Training","GSM4749844","Control",0,0.285714285714286,0.285714285714286
"KNN","Training","GSM4749845","Control",0,0.428571428571429,0.428571428571429
"KNN","Training","GSM261086","Treat",1,0.714285714285714,0.285714285714286
"KNN","Training","GSM261088","Control",0,0.714285714285714,0.714285714285714
"KNN","Training","GSM261092","Treat",1,0.857142857142857,0.142857142857143
"KNN","Training","GSM261094","Treat",1,0.857142857142857,0.142857142857143
"KNN","Training","GSM261096","Control",0,0,0
"KNN","Training","GSM261097","Treat",1,1,0
"KNN","Training","GSM261099","Control",0,0.142857142857143,0.142857142857143
"KNN","Training","GSM261100","Treat",1,0.285714285714286,0.714285714285714
"KNN","Training","GSM261102","Control",0,0.142857142857143,0.142857142857143
"KNN","Training","GSM261103","Treat",1,0.857142857142857,0.142857142857143
"KNN","Training","GSM261105","Treat",1,0.857142857142857,0.142857142857143
"KNN","Training","GSM261109","Control",0,0,0
"KNN","Training","GSM261114","Treat",1,1,0
"KNN","Training","GSM261116","Control",0,0.285714285714286,0.285714285714286
"KNN","Training","GSM261117","Control",0,0.142857142857143,0.142857142857143
"KNN","Training","GSM261118","Treat",1,1,0
"KNN","Training","GSM261120","Treat",1,0.857142857142857,0.142857142857143
"KNN","Training","GSM261122","Control",0,0.142857142857143,0.142857142857143
"KNN","Training","GSM261123","Treat",1,1,0
"KNN","Training","GSM261125","Treat",1,0.428571428571429,0.571428571428571
"KNN","Training","GSM261128","Treat",1,0.857142857142857,0.142857142857143
"KNN","Training","GSM261130","Treat",1,0.857142857142857,0.142857142857143
"KNN","Training","GSM261132","Treat",1,0.857142857142857,0.142857142857143
"KNN","Training","GSM261138","Control",0,0,0
"KNN","Training","GSM261139","Treat",1,0.714285714285714,0.285714285714286
"KNN","Training","GSM261141","Treat",1,1,0
"KNN","Training","GSM261144","Treat",1,1,0
"KNN","Training","GSM261146","Control",0,0.714285714285714,0.714285714285714
"KNN","Training","GSM261147","Treat",1,1,0
"KNN","Training","GSM261151","Control",0,0.571428571428571,0.571428571428571
"KNN","Training","GSM261152","Treat",1,0.857142857142857,0.142857142857143
"KNN","Training","GSM261154","Control",0,0.857142857142857,0.857142857142857
"KNN","Training","GSM261155","Treat",1,1,0
"KNN","Training","GSM261159","Control",0,0,0
"KNN","Training","GSM261160","Treat",1,0.857142857142857,0.142857142857143
"KNN","Training","GSM261162","Control",0,0.285714285714286,0.285714285714286
"KNN","Training","GSM261166","Treat",1,0.857142857142857,0.142857142857143
"KNN","Training","GSM261168","Control",0,0,0
"KNN","Training","GSM261169","Treat",1,1,0
"KNN","Training","GSM261171","Control",0,0.714285714285714,0.714285714285714
"KNN","Training","GSM261172","Treat",1,0.714285714285714,0.285714285714286
"KNN","Training","GSM261175","Treat",1,0.714285714285714,0.285714285714286
"KNN","Training","GSM261178","Treat",1,0.857142857142857,0.142857142857143
"KNN","Training","GSM261180","Treat",1,0.857142857142857,0.142857142857143
"KNN","Training","GSM261182","Treat",1,1,0
"KNN","Training","GSM261184","Control",0,0.714285714285714,0.714285714285714
"KNN","Training","GSM261186","Treat",1,0.285714285714286,0.714285714285714
"KNN","Training","GSM261188","Control",0,0.428571428571429,0.428571428571429
"KNN","Training","GSM261189","Treat",1,0.857142857142857,0.142857142857143
"KNN","Training","GSM261191","Treat",1,0.857142857142857,0.142857142857143
"KNN","Training","GSM261197","Treat",1,0.714285714285714,0.285714285714286
"KNN","Training","GSM261199","Control",0,0.285714285714286,0.285714285714286
"KNN","Training","GSM261200","Treat",1,0.857142857142857,0.142857142857143
"KNN","Training","GSM261202","Control",0,0,0
"KNN","Training","GSM261203","Treat",1,0.857142857142857,0.142857142857143
"KNN","Training","GSM261206","Control",0,0,0
"KNN","Training","GSM261207","Treat",1,0.857142857142857,0.142857142857143
"KNN","Training","GSM261217","Control",0,0.142857142857143,0.142857142857143
"KNN","Training","GSM261220","Control",0,0.571428571428571,0.571428571428571
"KNN","Training","GSM261221","Treat",1,0.857142857142857,0.142857142857143
"KNN","Training","GSM261224","Treat",1,0.857142857142857,0.142857142857143
"KNN","Training","GSM261230","Treat",1,0.714285714285714,0.285714285714286
"KNN","Training","GSM261232","Treat",1,0.857142857142857,0.142857142857143
"KNN","Training","GSM261235","Treat",1,0.857142857142857,0.142857142857143
"KNN","Training","GSM261237","Control",0,0.142857142857143,0.142857142857143
"KNN","Training","GSM261240","Control",0,0.857142857142857,0.857142857142857
"KNN","Training","GSM261241","Treat",1,0.857142857142857,0.142857142857143
"KNN","Training","GSM261243","Control",0,0,0
"KNN","Training","GSM261244","Treat",1,0.857142857142857,0.142857142857143
"KNN","Training","GSM261249","Control",0,0.142857142857143,0.142857142857143
"KNN","Training","GSM261250","Treat",1,0.571428571428571,0.428571428571429
"KNN","Training","GSM261252","Treat",1,0.714285714285714,0.285714285714286
"KNN","Training","GSM261254","Control",0,0.285714285714286,0.285714285714286
"KNN","Training","GSM261258","Treat",1,0.857142857142857,0.142857142857143
"KNN","Training","GSM261261","Treat",1,0.857142857142857,0.142857142857143
"KNN","Training","GSM261263","Treat",1,0.428571428571429,0.571428571428571
"KNN","Training","GSM261265","Treat",1,0.857142857142857,0.142857142857143
"KNN","Training","GSM261266","Control",0,0.857142857142857,0.857142857142857
"KNN","Training","GSM261270","Treat",1,0.857142857142857,0.142857142857143
"KNN","Training","GSM261272","Control",0,0.142857142857143,0.142857142857143
"KNN","Training","GSM261273","Treat",1,1,0
"KNN","Training","GSM261275","Treat",1,0.857142857142857,0.142857142857143
"KNN","Training","GSM261278","Treat",1,0.285714285714286,0.714285714285714
"KNN","Training","GSM261280","Control",0,0.285714285714286,0.285714285714286
"KNN","Training","GSM261281","Treat",1,0.714285714285714,0.285714285714286
"KNN","Training","GSM261283","Control",0,0,0
"KNN","Training","GSM261286","Control",0,0,0
"KNN","Training","GSM261289","Treat",1,1,0
"KNN","Training","GSM261291","Treat",1,1,0
"KNN","Training","GSM261293","Control",0,0,0
"KNN","Training","GSM261294","Treat",1,0.714285714285714,0.285714285714286
"KNN","Training","GSM261296","Control",0,0,0
"KNN","Training","GSM261297","Treat",1,0.857142857142857,0.142857142857143
"KNN","Training","GSM261303","Control",0,0.142857142857143,0.142857142857143
"KNN","Training","GSM261304","Treat",1,0.857142857142857,0.142857142857143
"KNN","Training","GSM261306","Control",0,0,0
"KNN","Training","GSM261307","Treat",1,0.571428571428571,0.428571428571429
"KNN","Training","GSM261309","Control",0,0,0
"KNN","Training","GSM261310","Treat",1,0.625,0.375
"KNN","Training","GSM261312","Treat",1,1,0
"KNN","Training","GSM261314","Control",0,0,0
"KNN","Training","GSM261315","Treat",1,1,0
"KNN","Training","GSM261317","Control",0,0,0
"KNN","Training","GSM261318","Treat",1,0.857142857142857,0.142857142857143
"KNN","Training","GSM261320","Control",0,0,0
"KNN","Training","GSM261323","Control",0,0,0
"KNN","Training","GSM261326","Control",0,0,0
"KNN","Training","GSM261329","Control",0,0.142857142857143,0.142857142857143
"KNN","Training","GSM261330","Treat",1,1,0
"KNN","Training","GSM261332","Control",0,0.142857142857143,0.142857142857143
"KNN","Screening holdout","GSM578530","Treat",1,0.857142857142857,0.142857142857143
"KNN","Screening holdout","GSM578532","Treat",1,0.714285714285714,0.285714285714286
"KNN","Screening holdout","GSM578533","Control",0,0.142857142857143,0.142857142857143
"KNN","Screening holdout","GSM578534","Treat",1,0.857142857142857,0.142857142857143
"KNN","Screening holdout","GSM4749839","Treat",1,0.571428571428571,0.428571428571429
"KNN","Screening holdout","GSM4749840","Control",0,0.571428571428571,0.571428571428571
"KNN","Screening holdout","GSM261089","Treat",1,0.714285714285714,0.285714285714286
"KNN","Screening holdout","GSM261091","Control",0,0.142857142857143,0.142857142857143
"KNN","Screening holdout","GSM261107","Treat",1,1,0
"KNN","Screening holdout","GSM261110","Treat",1,0.857142857142857,0.142857142857143
"KNN","Screening holdout","GSM261113","Control",0,0.571428571428571,0.571428571428571
"KNN","Screening holdout","GSM261127","Control",0,0,0
"KNN","Screening holdout","GSM261134","Control",0,0,0
"KNN","Screening holdout","GSM261135","Treat",1,0.857142857142857,0.142857142857143
"KNN","Screening holdout","GSM261137","Control",0,1,1
"KNN","Screening holdout","GSM261143","Control",0,0.285714285714286,0.285714285714286
"KNN","Screening holdout","GSM261149","Treat",1,1,0
"KNN","Screening holdout","GSM261157","Treat",1,0.857142857142857,0.142857142857143
"KNN","Screening holdout","GSM261163","Treat",1,0.714285714285714,0.285714285714286
"KNN","Screening holdout","GSM261165","Control",0,0.428571428571429,0.428571428571429
"KNN","Screening holdout","GSM261174","Control",0,0.857142857142857,0.857142857142857
"KNN","Screening holdout","GSM261177","Control",0,0.714285714285714,0.714285714285714
"KNN","Screening holdout","GSM261193","Control",0,0,0
"KNN","Screening holdout","GSM261194","Treat",1,0.428571428571429,0.571428571428571
"KNN","Screening holdout","GSM261196","Control",0,0,0
"KNN","Screening holdout","GSM261205","Control",0,0,0
"KNN","Screening holdout","GSM261209","Treat",1,0.857142857142857,0.142857142857143
"KNN","Screening holdout","GSM261211","Treat",1,0.714285714285714,0.285714285714286
"KNN","Screening holdout","GSM261213","Treat",1,1,0
"KNN","Screening holdout","GSM261215","Treat",1,0.857142857142857,0.142857142857143
"KNN","Screening holdout","GSM261218","Treat",1,0,1
"KNN","Screening holdout","GSM261223","Control",0,0.857142857142857,0.857142857142857
"KNN","Screening holdout","GSM261226","Control",0,0,0
"KNN","Screening holdout","GSM261227","Treat",1,1,0
"KNN","Screening holdout","GSM261229","Control",0,0.857142857142857,0.857142857142857
"KNN","Screening holdout","GSM261234","Control",0,0.857142857142857,0.857142857142857
"KNN","Screening holdout","GSM261238","Treat",1,0.714285714285714,0.285714285714286
"KNN","Screening holdout","GSM261246","Control",0,0.285714285714286,0.285714285714286
"KNN","Screening holdout","GSM261247","Treat",1,0.428571428571429,0.571428571428571
"KNN","Screening holdout","GSM261255","Treat",1,1,0
"KNN","Screening holdout","GSM261257","Control",0,0,0
"KNN","Screening holdout","GSM261268","Treat",1,0.857142857142857,0.142857142857143
"KNN","Screening holdout","GSM261277","Control",0,0,0
"KNN","Screening holdout","GSM261284","Treat",1,1,0
"KNN","Screening holdout","GSM261287","Treat",1,1,0
"KNN","Screening holdout","GSM261299","Treat",1,1,0
"KNN","Screening holdout","GSM261301","Treat",1,0.857142857142857,0.142857142857143
"KNN","Screening holdout","GSM261321","Treat",1,0.857142857142857,0.142857142857143
"KNN","Screening holdout","GSM261324","Treat",1,0.714285714285714,0.285714285714286
"KNN","Screening holdout","GSM261327","Treat",1,1,0
"NNET","Training","GSM578529","Control",0,5.92906684832873e-06,5.92906684832873e-06
"NNET","Training","GSM578531","Control",0,5.6145373081195e-06,5.6145373081195e-06
"NNET","Training","GSM4749834","Treat",1,0.958974695781482,0.0410253042185177
"NNET","Training","GSM4749835","Treat",1,0.958308301446567,0.0416916985534326
"NNET","Training","GSM4749836","Treat",1,0.957481053451515,0.0425189465484851
"NNET","Training","GSM4749837","Treat",1,0.95897467176141,0.0410253282385903
"NNET","Training","GSM4749838","Treat",1,0.958971889745846,0.041028110254154
"NNET","Training","GSM4749841","Control",0,7.38942777683898e-05,7.38942777683898e-05
"NNET","Training","GSM4749842","Control",0,7.60049066923206e-05,7.60049066923206e-05
"NNET","Training","GSM4749843","Control",0,3.4357860246662e-05,3.4357860246662e-05
"NNET","Training","GSM4749844","Control",0,6.01656734839914e-06,6.01656734839914e-06
"NNET","Training","GSM4749845","Control",0,0.000332989810470134,0.000332989810470134
"NNET","Training","GSM261086","Treat",1,0.95893303250185,0.04106696749815
"NNET","Training","GSM261088","Control",0,0.000133168852307182,0.000133168852307182
"NNET","Training","GSM261092","Treat",1,0.958974698163294,0.0410253018367065
"NNET","Training","GSM261094","Treat",1,0.958974716694202,0.0410252833057981
"NNET","Training","GSM261096","Control",0,5.60989147124211e-06,5.60989147124211e-06
"NNET","Training","GSM261097","Treat",1,0.958951142591161,0.0410488574088393
"NNET","Training","GSM261099","Control",0,6.74732410440723e-05,6.74732410440723e-05
"NNET","Training","GSM261100","Treat",1,0.957369335829972,0.0426306641700278
"NNET","Training","GSM261102","Control",0,5.73278088133081e-06,5.73278088133081e-06
"NNET","Training","GSM261103","Treat",1,0.958963393638657,0.0410366063613428
"NNET","Training","GSM261105","Treat",1,0.958966199391517,0.0410338006084834
"NNET","Training","GSM261109","Control",0,5.60978006387399e-06,5.60978006387399e-06
"NNET","Training","GSM261114","Treat",1,0.958974703596704,0.0410252964032957
"NNET","Training","GSM261116","Control",0,1.29567131484929e-05,1.29567131484929e-05
"NNET","Training","GSM261117","Control",0,5.64891590134611e-06,5.64891590134611e-06
"NNET","Training","GSM261118","Treat",1,0.958469280086776,0.0415307199132243
"NNET","Training","GSM261120","Treat",1,0.957957280686485,0.0420427193135148
"NNET","Training","GSM261122","Control",0,5.61041133112008e-06,5.61041133112008e-06
"NNET","Training","GSM261123","Treat",1,0.958974700663853,0.0410252993361467
"NNET","Training","GSM261125","Treat",1,0.95877184763093,0.0412281523690696
"NNET","Training","GSM261128","Treat",1,0.95897468849316,0.04102531150684
"NNET","Training","GSM261130","Treat",1,0.958974667985285,0.0410253320147151
"NNET","Training","GSM261132","Treat",1,0.958974723232659,0.0410252767673415
"NNET","Training","GSM261138","Control",0,5.65975339326112e-06,5.65975339326112e-06
"NNET","Training","GSM261139","Treat",1,0.958974645129382,0.041025354870618
"NNET","Training","GSM261141","Treat",1,0.95897468097886,0.0410253190211403
"NNET","Training","GSM261144","Treat",1,0.958974568011581,0.0410254319884193
"NNET","Training","GSM261146","Control",0,1.36270853292055e-05,1.36270853292055e-05
"NNET","Training","GSM261147","Treat",1,0.958974700999333,0.0410252990006674
"NNET","Training","GSM261151","Control",0,0.000166079567584005,0.000166079567584005
"NNET","Training","GSM261152","Treat",1,0.958974719668867,0.0410252803311328
"NNET","Training","GSM261154","Control",0,0.958974687990124,0.958974687990124
"NNET","Training","GSM261155","Treat",1,0.958974599154567,0.0410254008454334
"NNET","Training","GSM261159","Control",0,5.61018876253929e-06,5.61018876253929e-06
"NNET","Training","GSM261160","Treat",1,0.958974652704965,0.0410253472950348
"NNET","Training","GSM261162","Control",0,8.2784803945207e-06,8.2784803945207e-06
"NNET","Training","GSM261166","Treat",1,0.958950484237223,0.0410495157627768
"NNET","Training","GSM261168","Control",0,5.61012334331822e-06,5.61012334331822e-06
"NNET","Training","GSM261169","Treat",1,0.958974680591477,0.0410253194085233
"NNET","Training","GSM261171","Control",0,0.000280427771405626,0.000280427771405626
"NNET","Training","GSM261172","Treat",1,0.958974633686132,0.0410253663138681
"NNET","Training","GSM261175","Treat",1,0.958632522211237,0.0413674777887635
"NNET","Training","GSM261178","Treat",1,0.958974725019504,0.0410252749804958
"NNET","Training","GSM261180","Treat",1,0.95897472913492,0.0410252708650798
"NNET","Training","GSM261182","Treat",1,0.958974719406266,0.0410252805937337
"NNET","Training","GSM261184","Control",0,4.76647388033797e-05,4.76647388033797e-05
"NNET","Training","GSM261186","Treat",1,0.95815784799141,0.0418421520085902
"NNET","Training","GSM261188","Control",0,0.00103977468691761,0.00103977468691761
"NNET","Training","GSM261189","Treat",1,0.95897472985512,0.0410252701448797
"NNET","Training","GSM261191","Treat",1,0.958974614195419,0.0410253858045813
"NNET","Training","GSM261197","Treat",1,0.958972240881388,0.041027759118612
"NNET","Training","GSM261199","Control",0,5.61501351137439e-06,5.61501351137439e-06
"NNET","Training","GSM261200","Treat",1,0.95847964144743,0.0415203585525701
"NNET","Training","GSM261202","Control",0,5.61013909417424e-06,5.61013909417424e-06
"NNET","Training","GSM261203","Treat",1,0.958974692389629,0.0410253076103708
"NNET","Training","GSM261206","Control",0,5.61004736489668e-06,5.61004736489668e-06
"NNET","Training","GSM261207","Treat",1,0.958974714401657,0.0410252855983432
"NNET","Training","GSM261217","Control",0,0.000187771475953259,0.000187771475953259
"NNET","Training","GSM261220","Control",0,0.000492020287340603,0.000492020287340603
"NNET","Training","GSM261221","Treat",1,0.958974685751176,0.0410253142488243
"NNET","Training","GSM261224","Treat",1,0.958974694323015,0.0410253056769854
"NNET","Training","GSM261230","Treat",1,0.958974632786754,0.0410253672132458
"NNET","Training","GSM261232","Treat",1,0.958974693049366,0.0410253069506339
"NNET","Training","GSM261235","Treat",1,0.958974708420881,0.0410252915791189
"NNET","Training","GSM261237","Control",0,5.61360485057661e-06,5.61360485057661e-06
"NNET","Training","GSM261240","Control",0,0.958974720659079,0.958974720659079
"NNET","Training","GSM261241","Treat",1,0.958974708839754,0.0410252911602457
"NNET","Training","GSM261243","Control",0,5.61015149286973e-06,5.61015149286973e-06
"NNET","Training","GSM261244","Treat",1,0.958974713581105,0.0410252864188947
"NNET","Training","GSM261249","Control",0,5.61020883900055e-06,5.61020883900055e-06
"NNET","Training","GSM261250","Treat",1,0.95874912338476,0.04125087661524
"NNET","Training","GSM261252","Treat",1,0.958090204829195,0.0419097951708045
"NNET","Training","GSM261254","Control",0,7.29699332190358e-06,7.29699332190358e-06
"NNET","Training","GSM261258","Treat",1,0.958974701036177,0.0410252989638228
"NNET","Training","GSM261261","Treat",1,0.958974707278649,0.0410252927213511
"NNET","Training","GSM261263","Treat",1,0.958636666614082,0.041363333385918
"NNET","Training","GSM261265","Treat",1,0.958974728418585,0.0410252715814147
"NNET","Training","GSM261266","Control",0,0.958974727026878,0.958974727026878
"NNET","Training","GSM261270","Treat",1,0.958974712947161,0.0410252870528394
"NNET","Training","GSM261272","Control",0,5.61064290265354e-06,5.61064290265354e-06
"NNET","Training","GSM261273","Treat",1,0.9589747213605,0.0410252786394998
"NNET","Training","GSM261275","Treat",1,0.958855810644825,0.0411441893551751
"NNET","Training","GSM261278","Treat",1,0.958971572467047,0.0410284275329528
"NNET","Training","GSM261280","Control",0,5.61046653615304e-06,5.61046653615304e-06
"NNET","Training","GSM261281","Treat",1,0.958972850608049,0.041027149391951
"NNET","Training","GSM261283","Control",0,5.61022732149731e-06,5.61022732149731e-06
"NNET","Training","GSM261286","Control",0,5.60983322542972e-06,5.60983322542972e-06
"NNET","Training","GSM261289","Treat",1,0.958974691273246,0.0410253087267545
"NNET","Training","GSM261291","Treat",1,0.958974720285404,0.0410252797145957
"NNET","Training","GSM261293","Control",0,5.61022593906675e-06,5.61022593906675e-06
"NNET","Training","GSM261294","Treat",1,0.958974711805618,0.041025288194382
"NNET","Training","GSM261296","Control",0,5.61018353206847e-06,5.61018353206847e-06
"NNET","Training","GSM261297","Treat",1,0.958973072909826,0.041026927090174
"NNET","Training","GSM261303","Control",0,5.86073687919084e-06,5.86073687919084e-06
"NNET","Training","GSM261304","Treat",1,0.958619931385385,0.041380068614615
"NNET","Training","GSM261306","Control",0,5.61020103100497e-06,5.61020103100497e-06
"NNET","Training","GSM261307","Treat",1,0.958661707226843,0.0413382927731569
"NNET","Training","GSM261309","Control",0,5.61557890177916e-06,5.61557890177916e-06
"NNET","Training","GSM261310","Treat",1,0.958294771166932,0.0417052288330678
"NNET","Training","GSM261312","Treat",1,0.958974479595278,0.0410255204047224
"NNET","Training","GSM261314","Control",0,5.60998811045776e-06,5.60998811045776e-06
"NNET","Training","GSM261315","Treat",1,0.958974711793218,0.0410252882067823
"NNET","Training","GSM261317","Control",0,5.61016995451221e-06,5.61016995451221e-06
"NNET","Training","GSM261318","Treat",1,0.958974706585748,0.0410252934142517
"NNET","Training","GSM261320","Control",0,8.5469958972339e-06,8.5469958972339e-06
"NNET","Training","GSM261323","Control",0,5.61000007868798e-06,5.61000007868798e-06
"NNET","Training","GSM261326","Control",0,5.611873404634e-06,5.611873404634e-06
"NNET","Training","GSM261329","Control",0,5.71539382939805e-06,5.71539382939805e-06
"NNET","Training","GSM261330","Treat",1,0.958974713105826,0.0410252868941738
"NNET","Training","GSM261332","Control",0,0.000589403316929729,0.000589403316929729
"NNET","Screening holdout","GSM578530","Treat",1,0.958974714857506,0.0410252851424943
"NNET","Screening holdout","GSM578532","Treat",1,0.958971385292748,0.0410286147072518
"NNET","Screening holdout","GSM578533","Control",0,5.61073338905357e-06,5.61073338905357e-06
"NNET","Screening holdout","GSM578534","Treat",1,0.958974717489365,0.0410252825106349
"NNET","Screening holdout","GSM4749839","Treat",1,0.956719466924836,0.0432805330751641
"NNET","Screening holdout","GSM4749840","Control",0,0.958966341511186,0.958966341511186
"NNET","Screening holdout","GSM261089","Treat",1,0.958974715301377,0.0410252846986231
"NNET","Screening holdout","GSM261091","Control",0,5.63729672918825e-06,5.63729672918825e-06
"NNET","Screening holdout","GSM261107","Treat",1,0.958974670073411,0.0410253299265895
"NNET","Screening holdout","GSM261110","Treat",1,0.958974261165668,0.0410257388343321
"NNET","Screening holdout","GSM261113","Control",0,5.67901930011224e-06,5.67901930011224e-06
"NNET","Screening holdout","GSM261127","Control",0,5.60981482471822e-06,5.60981482471822e-06
"NNET","Screening holdout","GSM261134","Control",0,5.6098456108751e-06,5.6098456108751e-06
"NNET","Screening holdout","GSM261135","Treat",1,0.958974700062662,0.0410252999373382
"NNET","Screening holdout","GSM261137","Control",0,0.958883830204493,0.958883830204493
"NNET","Screening holdout","GSM261143","Control",0,0.535154882705383,0.535154882705383
"NNET","Screening holdout","GSM261149","Treat",1,0.958974653219972,0.0410253467800278
"NNET","Screening holdout","GSM261157","Treat",1,0.958974695922401,0.0410253040775991
"NNET","Screening holdout","GSM261163","Treat",1,0.468464148195759,0.531535851804241
"NNET","Screening holdout","GSM261165","Control",0,0.958924836442122,0.958924836442122
"NNET","Screening holdout","GSM261174","Control",0,5.74498665956706e-06,5.74498665956706e-06
"NNET","Screening holdout","GSM261177","Control",0,0.956112626984293,0.956112626984293
"NNET","Screening holdout","GSM261193","Control",0,5.61086691074147e-06,5.61086691074147e-06
"NNET","Screening holdout","GSM261194","Treat",1,1.11199652423084e-05,0.999988880034758
"NNET","Screening holdout","GSM261196","Control",0,5.61025934568471e-06,5.61025934568471e-06
"NNET","Screening holdout","GSM261205","Control",0,5.61037876507315e-06,5.61037876507315e-06
"NNET","Screening holdout","GSM261209","Treat",1,0.958974646310937,0.0410253536890627
"NNET","Screening holdout","GSM261211","Treat",1,0.958974444205936,0.0410255557940642
"NNET","Screening holdout","GSM261213","Treat",1,0.958974704547082,0.0410252954529178
"NNET","Screening holdout","GSM261215","Treat",1,0.958974723046356,0.0410252769536439
"NNET","Screening holdout","GSM261218","Treat",1,5.61018582144e-06,0.999994389814179
"NNET","Screening holdout","GSM261223","Control",0,0.958974724973768,0.958974724973768
"NNET","Screening holdout","GSM261226","Control",0,5.60940181272682e-06,5.60940181272682e-06
"NNET","Screening holdout","GSM261227","Treat",1,0.958974712139298,0.0410252878607016
"NNET","Screening holdout","GSM261229","Control",0,0.958974710465728,0.958974710465728
"NNET","Screening holdout","GSM261234","Control",0,0.0807032595275918,0.0807032595275918
"NNET","Screening holdout","GSM261238","Treat",1,0.958974662324186,0.0410253376758135
"NNET","Screening holdout","GSM261246","Control",0,5.61038717874079e-06,5.61038717874079e-06
"NNET","Screening holdout","GSM261247","Treat",1,0.950519221417489,0.0494807785825113
"NNET","Screening holdout","GSM261255","Treat",1,0.958974727822833,0.0410252721771672
"NNET","Screening holdout","GSM261257","Control",0,5.61022066498739e-06,5.61022066498739e-06
"NNET","Screening holdout","GSM261268","Treat",1,0.958974716370744,0.0410252836292564
"NNET","Screening holdout","GSM261277","Control",0,5.61013681628189e-06,5.61013681628189e-06
"NNET","Screening holdout","GSM261284","Treat",1,0.958848683777469,0.041151316222531
"NNET","Screening holdout","GSM261287","Treat",1,0.958974708905374,0.0410252910946259
"NNET","Screening holdout","GSM261299","Treat",1,0.958974666026089,0.0410253339739109
"NNET","Screening holdout","GSM261301","Treat",1,0.958972519793009,0.0410274802069909
"NNET","Screening holdout","GSM261321","Treat",1,0.958974711852322,0.0410252881476776
"NNET","Screening holdout","GSM261324","Treat",1,0.852309020502482,0.147690979497518
"NNET","Screening holdout","GSM261327","Treat",1,0.958969523090798,0.0410304769092023
"LASSO","Training","GSM578529","Control",0,0.158560949327212,0.158560949327212
"LASSO","Training","GSM578531","Control",0,0.144959737727807,0.144959737727807
"LASSO","Training","GSM4749834","Treat",1,0.731647971484843,0.268352028515157
"LASSO","Training","GSM4749835","Treat",1,0.390776074624684,0.609223925375316
"LASSO","Training","GSM4749836","Treat",1,0.430179053217427,0.569820946782573
"LASSO","Training","GSM4749837","Treat",1,0.672101975500426,0.327898024499574
"LASSO","Training","GSM4749838","Treat",1,0.601603808819046,0.398396191180954
"LASSO","Training","GSM4749841","Control",0,0.664784726880278,0.664784726880278
"LASSO","Training","GSM4749842","Control",0,0.686559750044092,0.686559750044092
"LASSO","Training","GSM4749843","Control",0,0.556565353809812,0.556565353809812
"LASSO","Training","GSM4749844","Control",0,0.350560290158302,0.350560290158302
"LASSO","Training","GSM4749845","Control",0,0.645288441330331,0.645288441330331
"LASSO","Training","GSM261086","Treat",1,0.712175495940346,0.287824504059654
"LASSO","Training","GSM261088","Control",0,0.377778196129624,0.377778196129624
"LASSO","Training","GSM261092","Treat",1,0.915318493650438,0.0846815063495615
"LASSO","Training","GSM261094","Treat",1,0.896371076765308,0.103628923234692
"LASSO","Training","GSM261096","Control",0,0.0790020931796466,0.0790020931796466
"LASSO","Training","GSM261097","Treat",1,0.653690149888916,0.346309850111084
"LASSO","Training","GSM261099","Control",0,0.217372994539018,0.217372994539018
"LASSO","Training","GSM261100","Treat",1,0.414183791740114,0.585816208259886
"LASSO","Training","GSM261102","Control",0,0.210249023849331,0.210249023849331
"LASSO","Training","GSM261103","Treat",1,0.655012081502573,0.344987918497427
"LASSO","Training","GSM261105","Treat",1,0.662345231894411,0.337654768105589
"LASSO","Training","GSM261109","Control",0,0.122566912248716,0.122566912248716
"LASSO","Training","GSM261114","Treat",1,0.854567363808084,0.145432636191916
"LASSO","Training","GSM261116","Control",0,0.279154492791838,0.279154492791838
"LASSO","Training","GSM261117","Control",0,0.181641683559888,0.181641683559888
"LASSO","Training","GSM261118","Treat",1,0.825430252043054,0.174569747956946
"LASSO","Training","GSM261120","Treat",1,0.675536583293521,0.324463416706479
"LASSO","Training","GSM261122","Control",0,0.17010122264141,0.17010122264141
"LASSO","Training","GSM261123","Treat",1,0.925075268083088,0.0749247319169116
"LASSO","Training","GSM261125","Treat",1,0.454030476938243,0.545969523061757
"LASSO","Training","GSM261128","Treat",1,0.835395518222563,0.164604481777437
"LASSO","Training","GSM261130","Treat",1,0.821681205991844,0.178318794008156
"LASSO","Training","GSM261132","Treat",1,0.943633586092528,0.0563664139074719
"LASSO","Training","GSM261138","Control",0,0.121225296899512,0.121225296899512
"LASSO","Training","GSM261139","Treat",1,0.768366087711823,0.231633912288177
"LASSO","Training","GSM261141","Treat",1,0.958306375056749,0.0416936249432509
"LASSO","Training","GSM261144","Treat",1,0.901553299147879,0.0984467008521206
"LASSO","Training","GSM261146","Control",0,0.598465439991569,0.598465439991569
"LASSO","Training","GSM261147","Treat",1,0.955212457683179,0.0447875423168209
"LASSO","Training","GSM261151","Control",0,0.584411494607116,0.584411494607116
"LASSO","Training","GSM261152","Treat",1,0.952836043416675,0.0471639565833254
"LASSO","Training","GSM261154","Control",0,0.850770520126886,0.850770520126886
"LASSO","Training","GSM261155","Treat",1,0.645475441343278,0.354524558656722
"LASSO","Training","GSM261159","Control",0,0.0547637927252114,0.0547637927252114
"LASSO","Training","GSM261160","Treat",1,0.849032734917076,0.150967265082924
"LASSO","Training","GSM261162","Control",0,0.323129329529896,0.323129329529896
"LASSO","Training","GSM261166","Treat",1,0.687808841754929,0.312191158245071
"LASSO","Training","GSM261168","Control",0,0.0316852431459328,0.0316852431459328
"LASSO","Training","GSM261169","Treat",1,0.941596953555721,0.058403046444279
"LASSO","Training","GSM261171","Control",0,0.391278496140356,0.391278496140356
"LASSO","Training","GSM261172","Treat",1,0.572361088430665,0.427638911569335
"LASSO","Training","GSM261175","Treat",1,0.517855168219745,0.482144831780255
"LASSO","Training","GSM261178","Treat",1,0.934933289829437,0.0650667101705626
"LASSO","Training","GSM261180","Treat",1,0.885414260935031,0.114585739064969
"LASSO","Training","GSM261182","Treat",1,0.959821192175062,0.040178807824938
"LASSO","Training","GSM261184","Control",0,0.53796523138081,0.53796523138081
"LASSO","Training","GSM261186","Treat",1,0.436576126264803,0.563423873735197
"LASSO","Training","GSM261188","Control",0,0.48848858010198,0.48848858010198
"LASSO","Training","GSM261189","Treat",1,0.930246626482233,0.0697533735177673
"LASSO","Training","GSM261191","Treat",1,0.757581399746404,0.242418600253596
"LASSO","Training","GSM261197","Treat",1,0.77197420566635,0.22802579433365
"LASSO","Training","GSM261199","Control",0,0.177491865970319,0.177491865970319
"LASSO","Training","GSM261200","Treat",1,0.616556900769154,0.383443099230846
"LASSO","Training","GSM261202","Control",0,0.0964316253452905,0.0964316253452905
"LASSO","Training","GSM261203","Treat",1,0.862311661443884,0.137688338556116
"LASSO","Training","GSM261206","Control",0,0.157479956234184,0.157479956234184
"LASSO","Training","GSM261207","Treat",1,0.95757642274061,0.0424235772593902
"LASSO","Training","GSM261217","Control",0,0.188398361547705,0.188398361547705
"LASSO","Training","GSM261220","Control",0,0.493631895313896,0.493631895313896
"LASSO","Training","GSM261221","Treat",1,0.907222623824786,0.0927773761752136
"LASSO","Training","GSM261224","Treat",1,0.922468381802235,0.0775316181977649
"LASSO","Training","GSM261230","Treat",1,0.791122249676451,0.208877750323549
"LASSO","Training","GSM261232","Treat",1,0.892490354017461,0.107509645982539
"LASSO","Training","GSM261235","Treat",1,0.923491034342956,0.0765089656570438
"LASSO","Training","GSM261237","Control",0,0.320376498853104,0.320376498853104
"LASSO","Training","GSM261240","Control",0,0.903033397624158,0.903033397624158
"LASSO","Training","GSM261241","Treat",1,0.954057404884438,0.0459425951155615
"LASSO","Training","GSM261243","Control",0,0.0653753382351014,0.0653753382351014
"LASSO","Training","GSM261244","Treat",1,0.808023156324848,0.191976843675152
"LASSO","Training","GSM261249","Control",0,0.0840310292848143,0.0840310292848143
"LASSO","Training","GSM261250","Treat",1,0.759434997047439,0.240565002952561
"LASSO","Training","GSM261252","Treat",1,0.768820355705781,0.231179644294219
"LASSO","Training","GSM261254","Control",0,0.343572955287896,0.343572955287896
"LASSO","Training","GSM261258","Treat",1,0.934971987755563,0.0650280122444374
"LASSO","Training","GSM261261","Treat",1,0.784614751662947,0.215385248337053
"LASSO","Training","GSM261263","Treat",1,0.493292145745555,0.506707854254445
"LASSO","Training","GSM261265","Treat",1,0.914422993130341,0.0855770068696591
"LASSO","Training","GSM261266","Control",0,0.935359217693784,0.935359217693784
"LASSO","Training","GSM261270","Treat",1,0.835948998524154,0.164051001475846
"LASSO","Training","GSM261272","Control",0,0.2390293869274,0.2390293869274
"LASSO","Training","GSM261273","Treat",1,0.9648535576258,0.0351464423741996
"LASSO","Training","GSM261275","Treat",1,0.793493843812868,0.206506156187132
"LASSO","Training","GSM261278","Treat",1,0.600956814483341,0.399043185516659
"LASSO","Training","GSM261280","Control",0,0.449446299191486,0.449446299191486
"LASSO","Training","GSM261281","Treat",1,0.736035617420236,0.263964382579764
"LASSO","Training","GSM261283","Control",0,0.0697150691988853,0.0697150691988853
"LASSO","Training","GSM261286","Control",0,0.027593042616196,0.027593042616196
"LASSO","Training","GSM261289","Treat",1,0.93966403520549,0.0603359647945098
"LASSO","Training","GSM261291","Treat",1,0.964657180342432,0.0353428196575676
"LASSO","Training","GSM261293","Control",0,0.0914690138349628,0.0914690138349628
"LASSO","Training","GSM261294","Treat",1,0.825011411930076,0.174988588069924
"LASSO","Training","GSM261296","Control",0,0.132045517082919,0.132045517082919
"LASSO","Training","GSM261297","Treat",1,0.618874739471117,0.381125260528883
"LASSO","Training","GSM261303","Control",0,0.175493130364841,0.175493130364841
"LASSO","Training","GSM261304","Treat",1,0.713971603096688,0.286028396903312
"LASSO","Training","GSM261306","Control",0,0.19889206804267,0.19889206804267
"LASSO","Training","GSM261307","Treat",1,0.678920224912023,0.321079775087977
"LASSO","Training","GSM261309","Control",0,0.16205298527747,0.16205298527747
"LASSO","Training","GSM261310","Treat",1,0.736676910727366,0.263323089272634
"LASSO","Training","GSM261312","Treat",1,0.810188823370167,0.189811176629833
"LASSO","Training","GSM261314","Control",0,0.084026693305406,0.084026693305406
"LASSO","Training","GSM261315","Treat",1,0.91017481662658,0.0898251833734196
"LASSO","Training","GSM261317","Control",0,0.0843390487515594,0.0843390487515594
"LASSO","Training","GSM261318","Treat",1,0.927751953861541,0.072248046138459
"LASSO","Training","GSM261320","Control",0,0.120085273861646,0.120085273861646
"LASSO","Training","GSM261323","Control",0,0.0712077484073469,0.0712077484073469
"LASSO","Training","GSM261326","Control",0,0.112149370531382,0.112149370531382
"LASSO","Training","GSM261329","Control",0,0.291367460610147,0.291367460610147
"LASSO","Training","GSM261330","Treat",1,0.90113658119229,0.09886341880771
"LASSO","Training","GSM261332","Control",0,0.351603951388887,0.351603951388887
"LASSO","Screening holdout","GSM578530","Treat",1,0.949657838577368,0.050342161422632
"LASSO","Screening holdout","GSM578532","Treat",1,0.608753895308161,0.391246104691839
"LASSO","Screening holdout","GSM578533","Control",0,0.128329704783364,0.128329704783364
"LASSO","Screening holdout","GSM578534","Treat",1,0.952971919463288,0.0470280805367125
"LASSO","Screening holdout","GSM4749839","Treat",1,0.339542503930586,0.660457496069414
"LASSO","Screening holdout","GSM4749840","Control",0,0.558199556211661,0.558199556211661
"LASSO","Screening holdout","GSM261089","Treat",1,0.909834647689244,0.0901653523107558
"LASSO","Screening holdout","GSM261091","Control",0,0.11615418913286,0.11615418913286
"LASSO","Screening holdout","GSM261107","Treat",1,0.869580516452917,0.130419483547083
"LASSO","Screening holdout","GSM261110","Treat",1,0.825277021772044,0.174722978227956
"LASSO","Screening holdout","GSM261113","Control",0,0.496130216394795,0.496130216394795
"LASSO","Screening holdout","GSM261127","Control",0,0.0449799952601723,0.0449799952601723
"LASSO","Screening holdout","GSM261134","Control",0,0.0372087221246202,0.0372087221246202
"LASSO","Screening holdout","GSM261135","Treat",1,0.930941978906449,0.0690580210935507
"LASSO","Screening holdout","GSM261137","Control",0,0.819089301206191,0.819089301206191
"LASSO","Screening holdout","GSM261143","Control",0,0.304664056494326,0.304664056494326
"LASSO","Screening holdout","GSM261149","Treat",1,0.854484433238356,0.145515566761644
"LASSO","Screening holdout","GSM261157","Treat",1,0.845955270447464,0.154044729552536
"LASSO","Screening holdout","GSM261163","Treat",1,0.557193975646847,0.442806024353153
"LASSO","Screening holdout","GSM261165","Control",0,0.395077820585073,0.395077820585073
"LASSO","Screening holdout","GSM261174","Control",0,0.318732268731244,0.318732268731244
"LASSO","Screening holdout","GSM261177","Control",0,0.437213476176082,0.437213476176082
"LASSO","Screening holdout","GSM261193","Control",0,0.153554807429171,0.153554807429171
"LASSO","Screening holdout","GSM261194","Treat",1,0.437737432551281,0.562262567448719
"LASSO","Screening holdout","GSM261196","Control",0,0.182950844025888,0.182950844025888
"LASSO","Screening holdout","GSM261205","Control",0,0.0841695856616365,0.0841695856616365
"LASSO","Screening holdout","GSM261209","Treat",1,0.859094612917873,0.140905387082127
"LASSO","Screening holdout","GSM261211","Treat",1,0.788738271518475,0.211261728481525
"LASSO","Screening holdout","GSM261213","Treat",1,0.961315957265636,0.0386840427343644
"LASSO","Screening holdout","GSM261215","Treat",1,0.881375353516228,0.118624646483772
"LASSO","Screening holdout","GSM261218","Treat",1,0.0450691853323024,0.954930814667698
"LASSO","Screening holdout","GSM261223","Control",0,0.822264151886782,0.822264151886782
"LASSO","Screening holdout","GSM261226","Control",0,0.01209567193106,0.01209567193106
"LASSO","Screening holdout","GSM261227","Treat",1,0.870913498809843,0.129086501190157
"LASSO","Screening holdout","GSM261229","Control",0,0.875990422560509,0.875990422560509
"LASSO","Screening holdout","GSM261234","Control",0,0.714881884500109,0.714881884500109
"LASSO","Screening holdout","GSM261238","Treat",1,0.736802882436393,0.263197117563607
"LASSO","Screening holdout","GSM261246","Control",0,0.264775910224723,0.264775910224723
"LASSO","Screening holdout","GSM261247","Treat",1,0.376887252656548,0.623112747343451
"LASSO","Screening holdout","GSM261255","Treat",1,0.932130335127535,0.0678696648724646
"LASSO","Screening holdout","GSM261257","Control",0,0.0851996272221019,0.0851996272221019
"LASSO","Screening holdout","GSM261268","Treat",1,0.873287461847224,0.126712538152776
"LASSO","Screening holdout","GSM261277","Control",0,0.0558016365793576,0.0558016365793576
"LASSO","Screening holdout","GSM261284","Treat",1,0.801191530862909,0.198808469137091
"LASSO","Screening holdout","GSM261287","Treat",1,0.956060327956247,0.0439396720437528
"LASSO","Screening holdout","GSM261299","Treat",1,0.865999767691559,0.134000232308441
"LASSO","Screening holdout","GSM261301","Treat",1,0.834720003642756,0.165279996357244
"LASSO","Screening holdout","GSM261321","Treat",1,0.946775776667854,0.0532242233321462
"LASSO","Screening holdout","GSM261324","Treat",1,0.380715848621386,0.619284151378614
"LASSO","Screening holdout","GSM261327","Treat",1,0.714120435890721,0.285879564109279
"DT","Training","GSM578529","Control",0,0.0769230769230769,0.0769230769230769
"DT","Training","GSM578531","Control",0,0.0769230769230769,0.0769230769230769
"DT","Training","GSM4749834","Treat",1,0.807228915662651,0.192771084337349
"DT","Training","GSM4749835","Treat",1,0.807228915662651,0.192771084337349
"DT","Training","GSM4749836","Treat",1,0.807228915662651,0.192771084337349
"DT","Training","GSM4749837","Treat",1,0.807228915662651,0.192771084337349
"DT","Training","GSM4749838","Treat",1,0.807228915662651,0.192771084337349
"DT","Training","GSM4749841","Control",0,0.807228915662651,0.807228915662651
"DT","Training","GSM4749842","Control",0,0.807228915662651,0.807228915662651
"DT","Training","GSM4749843","Control",0,0.807228915662651,0.807228915662651
"DT","Training","GSM4749844","Control",0,0.0769230769230769,0.0769230769230769
"DT","Training","GSM4749845","Control",0,0.807228915662651,0.807228915662651
"DT","Training","GSM261086","Treat",1,0.807228915662651,0.192771084337349
"DT","Training","GSM261088","Control",0,0.0769230769230769,0.0769230769230769
"DT","Training","GSM261092","Treat",1,0.807228915662651,0.192771084337349
"DT","Training","GSM261094","Treat",1,0.807228915662651,0.192771084337349
"DT","Training","GSM261096","Control",0,0.0769230769230769,0.0769230769230769
"DT","Training","GSM261097","Treat",1,0.807228915662651,0.192771084337349
"DT","Training","GSM261099","Control",0,0.0769230769230769,0.0769230769230769
"DT","Training","GSM261100","Treat",1,0.0769230769230769,0.923076923076923
"DT","Training","GSM261102","Control",0,0.0769230769230769,0.0769230769230769
"DT","Training","GSM261103","Treat",1,0.807228915662651,0.192771084337349
"DT","Training","GSM261105","Treat",1,0.807228915662651,0.192771084337349
"DT","Training","GSM261109","Control",0,0.0769230769230769,0.0769230769230769
"DT","Training","GSM261114","Treat",1,0.807228915662651,0.192771084337349
"DT","Training","GSM261116","Control",0,0.0769230769230769,0.0769230769230769
"DT","Training","GSM261117","Control",0,0.0769230769230769,0.0769230769230769
"DT","Training","GSM261118","Treat",1,0.807228915662651,0.192771084337349
"DT","Training","GSM261120","Treat",1,0.807228915662651,0.192771084337349
"DT","Training","GSM261122","Control",0,0.0769230769230769,0.0769230769230769
"DT","Training","GSM261123","Treat",1,0.807228915662651,0.192771084337349
"DT","Training","GSM261125","Treat",1,0.0769230769230769,0.923076923076923
"DT","Training","GSM261128","Treat",1,0.807228915662651,0.192771084337349
"DT","Training","GSM261130","Treat",1,0.807228915662651,0.192771084337349
"DT","Training","GSM261132","Treat",1,0.807228915662651,0.192771084337349
"DT","Training","GSM261138","Control",0,0.0769230769230769,0.0769230769230769
"DT","Training","GSM261139","Treat",1,0.807228915662651,0.192771084337349
"DT","Training","GSM261141","Treat",1,0.807228915662651,0.192771084337349
"DT","Training","GSM261144","Treat",1,0.807228915662651,0.192771084337349
"DT","Training","GSM261146","Control",0,0.807228915662651,0.807228915662651
"DT","Training","GSM261147","Treat",1,0.807228915662651,0.192771084337349
"DT","Training","GSM261151","Control",0,0.807228915662651,0.807228915662651
"DT","Training","GSM261152","Treat",1,0.807228915662651,0.192771084337349
"DT","Training","GSM261154","Control",0,0.807228915662651,0.807228915662651
"DT","Training","GSM261155","Treat",1,0.807228915662651,0.192771084337349
"DT","Training","GSM261159","Control",0,0.0769230769230769,0.0769230769230769
"DT","Training","GSM261160","Treat",1,0.807228915662651,0.192771084337349
"DT","Training","GSM261162","Control",0,0.0769230769230769,0.0769230769230769
"DT","Training","GSM261166","Treat",1,0.807228915662651,0.192771084337349
"DT","Training","GSM261168","Control",0,0.0769230769230769,0.0769230769230769
"DT","Training","GSM261169","Treat",1,0.807228915662651,0.192771084337349
"DT","Training","GSM261171","Control",0,0.807228915662651,0.807228915662651
"DT","Training","GSM261172","Treat",1,0.807228915662651,0.192771084337349
"DT","Training","GSM261175","Treat",1,0.0769230769230769,0.923076923076923
"DT","Training","GSM261178","Treat",1,0.807228915662651,0.192771084337349
"DT","Training","GSM261180","Treat",1,0.807228915662651,0.192771084337349
"DT","Training","GSM261182","Treat",1,0.807228915662651,0.192771084337349
"DT","Training","GSM261184","Control",0,0.807228915662651,0.807228915662651
"DT","Training","GSM261186","Treat",1,0.807228915662651,0.192771084337349
"DT","Training","GSM261188","Control",0,0.807228915662651,0.807228915662651
"DT","Training","GSM261189","Treat",1,0.807228915662651,0.192771084337349
"DT","Training","GSM261191","Treat",1,0.807228915662651,0.192771084337349
"DT","Training","GSM261197","Treat",1,0.807228915662651,0.192771084337349
"DT","Training","GSM261199","Control",0,0.0769230769230769,0.0769230769230769
"DT","Training","GSM261200","Treat",1,0.807228915662651,0.192771084337349
"DT","Training","GSM261202","Control",0,0.0769230769230769,0.0769230769230769
"DT","Training","GSM261203","Treat",1,0.807228915662651,0.192771084337349
"DT","Training","GSM261206","Control",0,0.0769230769230769,0.0769230769230769
"DT","Training","GSM261207","Treat",1,0.807228915662651,0.192771084337349
"DT","Training","GSM261217","Control",0,0.0769230769230769,0.0769230769230769
"DT","Training","GSM261220","Control",0,0.807228915662651,0.807228915662651
"DT","Training","GSM261221","Treat",1,0.807228915662651,0.192771084337349
"DT","Training","GSM261224","Treat",1,0.807228915662651,0.192771084337349
"DT","Training","GSM261230","Treat",1,0.807228915662651,0.192771084337349
"DT","Training","GSM261232","Treat",1,0.807228915662651,0.192771084337349
"DT","Training","GSM261235","Treat",1,0.807228915662651,0.192771084337349
"DT","Training","GSM261237","Control",0,0.0769230769230769,0.0769230769230769
"DT","Training","GSM261240","Control",0,0.807228915662651,0.807228915662651
"DT","Training","GSM261241","Treat",1,0.807228915662651,0.192771084337349
"DT","Training","GSM261243","Control",0,0.0769230769230769,0.0769230769230769
"DT","Training","GSM261244","Treat",1,0.807228915662651,0.192771084337349
"DT","Training","GSM261249","Control",0,0.0769230769230769,0.0769230769230769
"DT","Training","GSM261250","Treat",1,0.807228915662651,0.192771084337349
"DT","Training","GSM261252","Treat",1,0.807228915662651,0.192771084337349
"DT","Training","GSM261254","Control",0,0.0769230769230769,0.0769230769230769
"DT","Training","GSM261258","Treat",1,0.807228915662651,0.192771084337349
"DT","Training","GSM261261","Treat",1,0.807228915662651,0.192771084337349
"DT","Training","GSM261263","Treat",1,0.807228915662651,0.192771084337349
"DT","Training","GSM261265","Treat",1,0.807228915662651,0.192771084337349
"DT","Training","GSM261266","Control",0,0.807228915662651,0.807228915662651
"DT","Training","GSM261270","Treat",1,0.807228915662651,0.192771084337349
"DT","Training","GSM261272","Control",0,0.807228915662651,0.807228915662651
"DT","Training","GSM261273","Treat",1,0.807228915662651,0.192771084337349
"DT","Training","GSM261275","Treat",1,0.807228915662651,0.192771084337349
"DT","Training","GSM261278","Treat",1,0.807228915662651,0.192771084337349
"DT","Training","GSM261280","Control",0,0.807228915662651,0.807228915662651
"DT","Training","GSM261281","Treat",1,0.807228915662651,0.192771084337349
"DT","Training","GSM261283","Control",0,0.0769230769230769,0.0769230769230769
"DT","Training","GSM261286","Control",0,0.0769230769230769,0.0769230769230769
"DT","Training","GSM261289","Treat",1,0.807228915662651,0.192771084337349
"DT","Training","GSM261291","Treat",1,0.807228915662651,0.192771084337349
"DT","Training","GSM261293","Control",0,0.0769230769230769,0.0769230769230769
"DT","Training","GSM261294","Treat",1,0.807228915662651,0.192771084337349
"DT","Training","GSM261296","Control",0,0.0769230769230769,0.0769230769230769
"DT","Training","GSM261297","Treat",1,0.807228915662651,0.192771084337349
"DT","Training","GSM261303","Control",0,0.807228915662651,0.807228915662651
"DT","Training","GSM261304","Treat",1,0.807228915662651,0.192771084337349
"DT","Training","GSM261306","Control",0,0.0769230769230769,0.0769230769230769
"DT","Training","GSM261307","Treat",1,0.807228915662651,0.192771084337349
"DT","Training","GSM261309","Control",0,0.0769230769230769,0.0769230769230769
"DT","Training","GSM261310","Treat",1,0.807228915662651,0.192771084337349
"DT","Training","GSM261312","Treat",1,0.807228915662651,0.192771084337349
"DT","Training","GSM261314","Control",0,0.0769230769230769,0.0769230769230769
"DT","Training","GSM261315","Treat",1,0.807228915662651,0.192771084337349
"DT","Training","GSM261317","Control",0,0.0769230769230769,0.0769230769230769
"DT","Training","GSM261318","Treat",1,0.807228915662651,0.192771084337349
"DT","Training","GSM261320","Control",0,0.0769230769230769,0.0769230769230769
"DT","Training","GSM261323","Control",0,0.0769230769230769,0.0769230769230769
"DT","Training","GSM261326","Control",0,0.0769230769230769,0.0769230769230769
"DT","Training","GSM261329","Control",0,0.0769230769230769,0.0769230769230769
"DT","Training","GSM261330","Treat",1,0.807228915662651,0.192771084337349
"DT","Training","GSM261332","Control",0,0.0769230769230769,0.0769230769230769
"DT","Screening holdout","GSM578530","Treat",1,0.807228915662651,0.192771084337349
"DT","Screening holdout","GSM578532","Treat",1,0.807228915662651,0.192771084337349
"DT","Screening holdout","GSM578533","Control",0,0.0769230769230769,0.0769230769230769
"DT","Screening holdout","GSM578534","Treat",1,0.807228915662651,0.192771084337349
"DT","Screening holdout","GSM4749839","Treat",1,0.807228915662651,0.192771084337349
"DT","Screening holdout","GSM4749840","Control",0,0.807228915662651,0.807228915662651
"DT","Screening holdout","GSM261089","Treat",1,0.807228915662651,0.192771084337349
"DT","Screening holdout","GSM261091","Control",0,0.0769230769230769,0.0769230769230769
"DT","Screening holdout","GSM261107","Treat",1,0.807228915662651,0.192771084337349
"DT","Screening holdout","GSM261110","Treat",1,0.807228915662651,0.192771084337349
"DT","Screening holdout","GSM261113","Control",0,0.807228915662651,0.807228915662651
"DT","Screening holdout","GSM261127","Control",0,0.0769230769230769,0.0769230769230769
"DT","Screening holdout","GSM261134","Control",0,0.0769230769230769,0.0769230769230769
"DT","Screening holdout","GSM261135","Treat",1,0.807228915662651,0.192771084337349
"DT","Screening holdout","GSM261137","Control",0,0.807228915662651,0.807228915662651
"DT","Screening holdout","GSM261143","Control",0,0.0769230769230769,0.0769230769230769
"DT","Screening holdout","GSM261149","Treat",1,0.807228915662651,0.192771084337349
"DT","Screening holdout","GSM261157","Treat",1,0.807228915662651,0.192771084337349
"DT","Screening holdout","GSM261163","Treat",1,0.807228915662651,0.192771084337349
"DT","Screening holdout","GSM261165","Control",0,0.807228915662651,0.807228915662651
"DT","Screening holdout","GSM261174","Control",0,0.807228915662651,0.807228915662651
"DT","Screening holdout","GSM261177","Control",0,0.0769230769230769,0.0769230769230769
"DT","Screening holdout","GSM261193","Control",0,0.0769230769230769,0.0769230769230769
"DT","Screening holdout","GSM261194","Treat",1,0.807228915662651,0.192771084337349
"DT","Screening holdout","GSM261196","Control",0,0.0769230769230769,0.0769230769230769
"DT","Screening holdout","GSM261205","Control",0,0.0769230769230769,0.0769230769230769
"DT","Screening holdout","GSM261209","Treat",1,0.807228915662651,0.192771084337349
"DT","Screening holdout","GSM261211","Treat",1,0.807228915662651,0.192771084337349
"DT","Screening holdout","GSM261213","Treat",1,0.807228915662651,0.192771084337349
"DT","Screening holdout","GSM261215","Treat",1,0.807228915662651,0.192771084337349
"DT","Screening holdout","GSM261218","Treat",1,0.0769230769230769,0.923076923076923
"DT","Screening holdout","GSM261223","Control",0,0.807228915662651,0.807228915662651
"DT","Screening holdout","GSM261226","Control",0,0.0769230769230769,0.0769230769230769
"DT","Screening holdout","GSM261227","Treat",1,0.807228915662651,0.192771084337349
"DT","Screening holdout","GSM261229","Control",0,0.807228915662651,0.807228915662651
"DT","Screening holdout","GSM261234","Control",0,0.807228915662651,0.807228915662651
"DT","Screening holdout","GSM261238","Treat",1,0.807228915662651,0.192771084337349
"DT","Screening holdout","GSM261246","Control",0,0.0769230769230769,0.0769230769230769
"DT","Screening holdout","GSM261247","Treat",1,0.0769230769230769,0.923076923076923
"DT","Screening holdout","GSM261255","Treat",1,0.807228915662651,0.192771084337349
"DT","Screening holdout","GSM261257","Control",0,0.0769230769230769,0.0769230769230769
"DT","Screening holdout","GSM261268","Treat",1,0.807228915662651,0.192771084337349
"DT","Screening holdout","GSM261277","Control",0,0.0769230769230769,0.0769230769230769
"DT","Screening holdout","GSM261284","Treat",1,0.807228915662651,0.192771084337349
"DT","Screening holdout","GSM261287","Treat",1,0.807228915662651,0.192771084337349
"DT","Screening holdout","GSM261299","Treat",1,0.807228915662651,0.192771084337349
"DT","Screening holdout","GSM261301","Treat",1,0.807228915662651,0.192771084337349
"DT","Screening holdout","GSM261321","Treat",1,0.807228915662651,0.192771084337349
"DT","Screening holdout","GSM261324","Treat",1,0.807228915662651,0.192771084337349
"DT","Screening holdout","GSM261327","Treat",1,0.807228915662651,0.192771084337349
